{"type":"FeatureCollection","features":[{"type":"Feature","geometry":{"type":"LineString","coordinates":[[-161.9296,70.3132],[-161.9295,70.3114],[-161.9306,70.3102],[-161.9317,70.3093],[-161.9326,70.3079],[-161.9338,70.3069],[-161.9354,70.3058],[-161.9373,70.3047],[-161.9389,70.304],[-161.94,70.3031],[-161.9412,70.3019],[-161.9392,70.3007],[-161.9347,70.3001],[-161.9292,70.2998],[-161.9247,70.3002],[-161.92,70.3014],[-161.9181,70.3028],[-161.9163,70.3042],[-161.9152,70.305],[-161.9135,70.3062],[-161.912,70.3074],[-161.9107,70.3084],[-161.909,70.3096],[-161.9039,70.3138],[-161.9011,70.3154],[-161.8965,70.3161],[-161.8901,70.3165],[-161.8872,70.3171],[-161.884,70.3177],[-161.881,70.319],[-161.8796,70.3204],[-161.8782,70.321],[-161.8746,70.3215],[-161.8642,70.3225],[-161.8607,70.3223],[-161.8579,70.321],[-161.8595,70.3199],[-161.8637,70.3181],[-161.8575,70.3161],[-161.8498,70.3159],[-161.8439,70.3169],[-161.8375,70.3193],[-161.8336,70.3204],[-161.8269,70.3215],[-161.8192,70.3223],[-161.8153,70.322],[-161.8076,70.3218],[-161.7972,70.321],[-161.7894,70.3201],[-161.7827,70.3193],[-161.7743,70.3185],[-161.7673,70.3178],[-161.7611,70.3168],[-161.7471,70.3157],[-161.7412,70.3148],[-161.7336,70.3137],[-161.7236,70.3124],[-161.7172,70.3111],[-161.7136,70.3104],[-161.6919,70.3095],[-161.679,70.3089],[-161.6715,70.3084],[-161.6657,70.3079],[-161.6589,70.3075],[-161.6442,70.3063],[-161.6283,70.3051],[-161.6144,70.3038],[-161.598,70.3026],[-161.5791,70.3014],[-161.573,70.3007],[-161.5654,70.2997],[-161.5595,70.2991],[-161.5539,70.2984],[-161.55,70.298],[-161.5467,70.2981],[-161.5421,70.2984],[-161.5332,70.2981],[-161.524,70.2975],[-161.5144,70.2968],[-161.5053,70.2958],[-161.5013,70.2958],[-161.4944,70.2954],[-161.4891,70.2951],[-161.4858,70.2951],[-161.48,70.295],[-161.4737,70.2946],[-161.4722,70.2947],[-161.4669,70.2945],[-161.4597,70.2944],[-161.4555,70.2941],[-161.453,70.2939],[-161.4507,70.2941],[-161.4427,70.2936],[-161.4387,70.2934],[-161.4367,70.2937],[-161.4356,70.2939],[-161.4328,70.2939],[-161.4272,70.2939],[-161.4209,70.2938],[-161.4187,70.294],[-161.4123,70.2939],[-161.4088,70.2939],[-161.4047,70.2939],[-161.3991,70.2938],[-161.3922,70.2936],[-161.3811,70.2926],[-161.3763,70.2921],[-161.3737,70.2925],[-161.3711,70.2929],[-161.3661,70.293],[-161.3615,70.2931],[-161.3576,70.2932],[-161.3537,70.2936],[-161.3491,70.2935],[-161.3484,70.2934],[-161.3452,70.2935],[-161.3393,70.2932],[-161.3373,70.293],[-161.3335,70.2931],[-161.331,70.2931],[-161.3274,70.2926],[-161.3224,70.2915],[-161.3155,70.2902],[-161.3097,70.2889],[-161.3055,70.2873],[-161.3037,70.2865],[-161.3045,70.2875],[-161.3055,70.2882],[-161.3075,70.2889],[-161.3096,70.2894],[-161.3129,70.2902],[-161.3154,70.2908],[-161.317,70.2915]]},"properties":{}},{"type":"Feature","geometry":{"type":"LineString","coordinates":[[-161.317,70.2915],[-161.3184,70.2924],[-161.3218,70.2938],[-161.3259,70.2952],[-161.3305,70.2953],[-161.3364,70.2958],[-161.3436,70.2959],[-161.3503,70.2958],[-161.3615,70.2963],[-161.3716,70.2964],[-161.3759,70.2963],[-161.3796,70.2962],[-161.3873,70.2957],[-161.3963,70.2954],[-161.3996,70.295],[-161.4075,70.2947],[-161.4139,70.2945],[-161.4236,70.2945],[-161.435,70.2945],[-161.4502,70.295],[-161.4613,70.2954],[-161.4752,70.2959],[-161.4987,70.2967],[-161.5115,70.2975],[-161.5255,70.2983],[-161.548,70.3],[-161.5657,70.3015],[-161.5847,70.3029],[-161.6049,70.3042],[-161.6213,70.3055],[-161.6359,70.3068],[-161.6601,70.3091],[-161.6771,70.3107],[-161.7006,70.3132],[-161.7146,70.3145],[-161.7329,70.3163],[-161.7524,70.318],[-161.7773,70.3205],[-161.7951,70.3222],[-161.8196,70.3237],[-161.8342,70.3246],[-161.8428,70.3255],[-161.8505,70.3262],[-161.8631,70.3276],[-161.877,70.3288],[-161.8803,70.3289],[-161.8835,70.3286],[-161.8851,70.3278],[-161.8872,70.327],[-161.891,70.3258],[-161.8983,70.3228],[-161.903,70.3215],[-161.9065,70.3202],[-161.9105,70.3192],[-161.9229,70.3162],[-161.9264,70.3147],[-161.9296,70.3132]]},"properties":{}},{"type":"Feature","geometry":{"type":"LineString","coordinates":[[-161.9929,70.1828],[-161.9866,70.1827],[-161.9795,70.1822],[-161.9731,70.1811],[-161.9679,70.1801],[-161.9639,70.179],[-161.9596,70.1778],[-161.9565,70.1769],[-161.9532,70.1757],[-161.9499,70.1744],[-161.9438,70.1716],[-161.9369,70.1691],[-161.9341,70.1671],[-161.9279,70.1635],[-161.9252,70.1631],[-161.9234,70.1628],[-161.9214,70.1626],[-161.9179,70.1622],[-161.9171,70.162],[-161.9159,70.1618],[-161.9148,70.1615],[-161.9113,70.1609],[-161.907,70.161],[-161.9041,70.1608],[-161.9027,70.1605],[-161.9006,70.1613],[-161.898,70.1614],[-161.8944,70.1613],[-161.8889,70.1653],[-161.8882,70.1659],[-161.8861,70.1662],[-161.8747,70.1661],[-161.8612,70.1643],[-161.8566,70.1631],[-161.8537,70.1622],[-161.8515,70.1618],[-161.8492,70.1614],[-161.8456,70.162],[-161.8425,70.1617],[-161.8414,70.1619],[-161.8398,70.164],[-161.8383,70.164],[-161.8356,70.1661],[-161.833,70.1669],[-161.8283,70.1677],[-161.8276,70.1686],[-161.8266,70.1696],[-161.8268,70.1709],[-161.828,70.1726],[-161.8265,70.1739],[-161.8227,70.1766],[-161.8216,70.1772],[-161.8206,70.1776],[-161.8197,70.178],[-161.8184,70.1787],[-161.8181,70.1788],[-161.817,70.1792],[-161.8162,70.1793],[-161.8155,70.1795],[-161.8174,70.1799],[-161.8198,70.1806],[-161.8211,70.182],[-161.8237,70.1838],[-161.8268,70.185],[-161.8295,70.1861],[-161.8349,70.1877],[-161.8424,70.1888],[-161.8449,70.1898],[-161.8479,70.1902],[-161.8511,70.1916],[-161.852,70.1927],[-161.8556,70.195],[-161.8573,70.1971],[-161.8609,70.2012],[-161.8638,70.2044],[-161.8625,70.2059],[-161.8619,70.2079],[-161.8592,70.2097],[-161.8554,70.2113],[-161.848,70.2126],[-161.8382,70.2125],[-161.834,70.2118],[-161.8292,70.2113],[-161.8243,70.2103],[-161.8204,70.2096],[-161.8161,70.2086],[-161.8133,70.2077],[-161.8097,70.2063],[-161.8056,70.2056],[-161.8002,70.2048],[-161.7975,70.204],[-161.7956,70.2042],[-161.7935,70.2059],[-161.7868,70.2069],[-161.7748,70.207],[-161.7762,70.209],[-161.7749,70.2106],[-161.7724,70.2117],[-161.7698,70.2126],[-161.7642,70.2129],[-161.7546,70.2117],[-161.7487,70.2113],[-161.7438,70.2105],[-161.7396,70.2096],[-161.7351,70.2098],[-161.7348,70.2101],[-161.7356,70.2104],[-161.735,70.2117],[-161.7324,70.2124],[-161.7287,70.2126],[-161.728,70.2131],[-161.729,70.2136],[-161.7351,70.2166],[-161.7393,70.2197],[-161.7401,70.2231],[-161.7409,70.2264],[-161.7422,70.228],[-161.7424,70.2273],[-161.744,70.2249],[-161.7472,70.2224],[-161.7516,70.2204],[-161.7532,70.22],[-161.7569,70.2186],[-161.7588,70.2179],[-161.761,70.2173],[-161.7707,70.2166],[-161.776,70.2166],[-161.7845,70.2174],[-161.7914,70.2186],[-161.797,70.2201],[-161.8019,70.2206],[-161.8073,70.2213],[-161.8115,70.2212],[-161.816,70.2217],[-161.821,70.2228],[-161.8239,70.2239],[-161.83,70.225],[-161.8343,70.2249],[-161.8384,70.2257],[-161.84,70.2262],[-161.8437,70.2271],[-161.8494,70.2286],[-161.8519,70.2301],[-161.8588,70.2302],[-161.8649,70.2309],[-161.8695,70.2324],[-161.8736,70.2336],[-161.8755,70.234],[-161.8777,70.2348],[-161.8809,70.2366],[-161.8832,70.2393],[-161.8827,70.2424],[-161.881,70.2436],[-161.877,70.2447]]},"properties":{}},{"type":"Feature","geometry":{"type":"LineString","coordinates":[[-161.6302,70.2431],[-161.628,70.2405],[-161.6268,70.2382],[-161.6263,70.2366],[-161.626,70.2333],[-161.6239,70.2303],[-161.6225,70.2279],[-161.6217,70.2261],[-161.6215,70.2245],[-161.6226,70.2232],[-161.621,70.2228],[-161.618,70.2229],[-161.6172,70.2225],[-161.6166,70.2221],[-161.6158,70.2214],[-161.6152,70.2207],[-161.6139,70.2203],[-161.6106,70.2197],[-161.6111,70.2193],[-161.6133,70.2195],[-161.6177,70.2201],[-161.6188,70.2206],[-161.6204,70.2213],[-161.622,70.2222],[-161.6244,70.2228],[-161.625,70.2224],[-161.6256,70.2214],[-161.6263,70.2207],[-161.6278,70.2202],[-161.6299,70.2201],[-161.6315,70.22],[-161.6321,70.2196],[-161.6336,70.2191],[-161.6358,70.2187],[-161.6381,70.2179],[-161.6428,70.2177],[-161.6472,70.2172],[-161.6518,70.2173],[-161.653,70.2174],[-161.6551,70.2175],[-161.657,70.2174],[-161.6591,70.2176],[-161.6617,70.2173],[-161.6653,70.2161],[-161.6687,70.2157],[-161.6698,70.2154],[-161.6716,70.2149],[-161.6749,70.2143],[-161.6783,70.2141],[-161.6798,70.2135],[-161.6843,70.2128],[-161.6876,70.2123],[-161.6915,70.212],[-161.6929,70.2118],[-161.6952,70.2117],[-161.6973,70.2117],[-161.7002,70.2117],[-161.7032,70.2118],[-161.7065,70.2114],[-161.7074,70.2109],[-161.7077,70.2083],[-161.7087,70.2076],[-161.7096,70.207],[-161.7108,70.2067],[-161.7129,70.2061],[-161.7134,70.2056],[-161.7144,70.2053],[-161.7161,70.2049],[-161.7186,70.2043],[-161.7231,70.2044],[-161.7244,70.2049],[-161.726,70.2051],[-161.7262,70.2044],[-161.7273,70.2022],[-161.7288,70.1996],[-161.7291,70.1969],[-161.7291,70.1966],[-161.729,70.1962],[-161.7285,70.1952],[-161.7278,70.194],[-161.729,70.1921],[-161.7315,70.1918],[-161.7364,70.1912],[-161.7377,70.1908],[-161.7395,70.1901],[-161.7419,70.1894],[-161.7434,70.1889],[-161.7461,70.1882],[-161.751,70.1882],[-161.7538,70.1882],[-161.7555,70.188],[-161.7574,70.1876],[-161.7598,70.1877],[-161.7638,70.1877],[-161.7686,70.1865],[-161.7711,70.1857],[-161.7748,70.1847],[-161.7773,70.1841],[-161.7815,70.1834],[-161.7884,70.1827],[-161.7942,70.1824],[-161.7965,70.1822],[-161.7969,70.1814],[-161.7966,70.181],[-161.7959,70.1802],[-161.7954,70.1796],[-161.795,70.1787],[-161.7955,70.1776],[-161.7969,70.1763],[-161.7984,70.1754],[-161.7991,70.1745],[-161.8012,70.1738],[-161.8033,70.1727],[-161.8055,70.172],[-161.8072,70.1712],[-161.8068,70.1706],[-161.8065,70.17],[-161.8066,70.1697],[-161.8073,70.1691],[-161.807,70.1686],[-161.8064,70.168],[-161.8056,70.1675],[-161.8043,70.1657],[-161.8049,70.1645],[-161.8073,70.1639],[-161.808,70.1629],[-161.8119,70.1605],[-161.8166,70.1594],[-161.8212,70.16],[-161.8263,70.1546],[-161.8293,70.1534],[-161.8314,70.1521],[-161.8441,70.1518],[-161.8473,70.1525],[-161.8495,70.1525],[-161.8526,70.1531],[-161.8544,70.1524],[-161.857,70.1521],[-161.8582,70.1521],[-161.8607,70.1519],[-161.863,70.1516],[-161.8673,70.1509],[-161.878,70.1516],[-161.8786,70.1506]]},"properties":{}},{"type":"Feature","geometry":{"type":"LineString","coordinates":[[-161.6628,70.2463],[-161.6663,70.2532],[-161.6684,70.2556],[-161.6704,70.2573],[-161.6739,70.2596],[-161.6772,70.2608],[-161.6805,70.2623],[-161.6848,70.2636],[-161.6874,70.2644],[-161.6907,70.2654],[-161.6938,70.2667],[-161.697,70.267],[-161.6994,70.2667],[-161.7029,70.267],[-161.7054,70.2673],[-161.7074,70.2667],[-161.7097,70.2661],[-161.713,70.2656],[-161.7163,70.2658],[-161.7193,70.2658],[-161.7252,70.2662],[-161.7314,70.2672],[-161.7328,70.2672],[-161.7352,70.2669],[-161.7393,70.2672],[-161.7412,70.2674],[-161.7456,70.2685],[-161.7475,70.2686],[-161.7491,70.2684],[-161.752,70.2691],[-161.755,70.2701],[-161.7571,70.2707],[-161.7592,70.2714],[-161.7618,70.2723],[-161.7632,70.2726],[-161.7657,70.2734],[-161.7676,70.2741],[-161.7715,70.2756],[-161.7754,70.2773],[-161.7775,70.2778],[-161.7786,70.2778],[-161.7793,70.2777],[-161.7806,70.2774],[-161.7835,70.2772],[-161.7846,70.277],[-161.7845,70.2769],[-161.7838,70.2765],[-161.7823,70.276],[-161.781,70.2755],[-161.7771,70.274],[-161.7763,70.2731],[-161.7754,70.2722],[-161.7748,70.2715],[-161.7758,70.2709],[-161.7761,70.2701],[-161.7752,70.2687],[-161.7741,70.2679],[-161.7726,70.2667],[-161.7714,70.2659],[-161.7712,70.265],[-161.7697,70.2637],[-161.7688,70.262],[-161.7696,70.2608],[-161.7702,70.2602],[-161.7726,70.2579],[-161.7762,70.2565],[-161.7794,70.2562],[-161.7848,70.2558],[-161.7897,70.2561],[-161.7935,70.2565],[-161.7959,70.2573],[-161.7978,70.2578],[-161.8006,70.2582],[-161.8022,70.2587],[-161.8053,70.2599],[-161.8078,70.2611],[-161.81,70.2616],[-161.8109,70.2622],[-161.8123,70.2628],[-161.8134,70.2633],[-161.8134,70.2637],[-161.8143,70.2642],[-161.8143,70.2647],[-161.8155,70.2649],[-161.8164,70.2652],[-161.8173,70.2654],[-161.8178,70.2653],[-161.8191,70.2647],[-161.8211,70.2643]]},"properties":{}},{"type":"Feature","geometry":{"type":"LineString","coordinates":[[-161.877,70.2447],[-161.8752,70.2453],[-161.8738,70.2458],[-161.8712,70.2468],[-161.8681,70.2473],[-161.8596,70.2475],[-161.8559,70.2464],[-161.8534,70.2459],[-161.8481,70.2438],[-161.8431,70.2429],[-161.838,70.2424],[-161.8341,70.2433],[-161.8312,70.2438],[-161.8182,70.2435],[-161.809,70.2421],[-161.8022,70.2426],[-161.7976,70.2425],[-161.7915,70.2418],[-161.7794,70.2402],[-161.7723,70.239],[-161.7698,70.2383],[-161.7668,70.2376],[-161.7629,70.2367],[-161.7514,70.2353],[-161.7492,70.2359],[-161.7431,70.236],[-161.7361,70.2346],[-161.7256,70.2347],[-161.7086,70.2375],[-161.6943,70.2387],[-161.6899,70.2393],[-161.6716,70.24],[-161.6682,70.2407],[-161.6666,70.2406],[-161.666,70.2411],[-161.6641,70.2414],[-161.6638,70.2422],[-161.6653,70.2421],[-161.6674,70.2437],[-161.6686,70.2442],[-161.6687,70.2449],[-161.6692,70.2463],[-161.6751,70.2474],[-161.6751,70.2476],[-161.6745,70.2479],[-161.6737,70.2482],[-161.6699,70.2481],[-161.6675,70.2471],[-161.6628,70.2463]]},"properties":{}},{"type":"Feature","geometry":{"type":"LineString","coordinates":[[-161.065,70.3083],[-161.0682,70.3077],[-161.0718,70.3075],[-161.0741,70.3077],[-161.0763,70.3082],[-161.0796,70.3087],[-161.0814,70.3058],[-161.0858,70.3028],[-161.0908,70.3011],[-161.0921,70.2999],[-161.0936,70.2988],[-161.0948,70.2975],[-161.0987,70.2947],[-161.0992,70.2942],[-161.1016,70.2929],[-161.1062,70.2918],[-161.11,70.291],[-161.1169,70.2906],[-161.1217,70.2902],[-161.126,70.2899],[-161.1322,70.2891],[-161.1352,70.2883],[-161.1364,70.2876],[-161.1382,70.287],[-161.1423,70.2862],[-161.1437,70.286],[-161.1452,70.2854],[-161.1521,70.2844],[-161.1572,70.2836],[-161.1611,70.2834],[-161.1641,70.2834],[-161.1653,70.2837],[-161.167,70.2834],[-161.1685,70.2833],[-161.1698,70.2827],[-161.1721,70.2815],[-161.1766,70.2791],[-161.1801,70.2784],[-161.1838,70.278],[-161.1858,70.2778],[-161.1869,70.2775],[-161.1897,70.2764],[-161.1922,70.2755],[-161.1948,70.2746],[-161.1995,70.2732],[-161.2041,70.2727],[-161.2082,70.2719],[-161.2107,70.2715],[-161.2128,70.2713],[-161.2166,70.2702],[-161.2207,70.2691],[-161.2222,70.2686],[-161.2258,70.2673],[-161.228,70.2665],[-161.2303,70.2656],[-161.2323,70.2647],[-161.2338,70.2641],[-161.236,70.2633],[-161.2381,70.2623],[-161.2409,70.2614],[-161.2455,70.2607],[-161.247,70.2604],[-161.2492,70.2599],[-161.2515,70.2593],[-161.2552,70.2596],[-161.2604,70.259],[-161.2633,70.2592],[-161.2666,70.2598],[-161.2734,70.2595],[-161.2746,70.2592],[-161.2771,70.2587],[-161.2891,70.256],[-161.2955,70.2542],[-161.2976,70.2536],[-161.3,70.2524],[-161.3028,70.2505],[-161.3063,70.2497],[-161.307,70.2488],[-161.3085,70.2485],[-161.3112,70.2484],[-161.3145,70.2481],[-161.3159,70.248],[-161.3172,70.2473],[-161.3201,70.2477],[-161.3231,70.2472],[-161.3263,70.2471],[-161.3294,70.2467],[-161.3315,70.2469],[-161.3378,70.2467],[-161.3392,70.2472],[-161.3442,70.2469],[-161.3537,70.2474],[-161.3582,70.248],[-161.3605,70.2483],[-161.3641,70.249],[-161.3668,70.2498],[-161.3691,70.2497],[-161.3709,70.2495],[-161.372,70.2489],[-161.3727,70.2485],[-161.3744,70.2481],[-161.3764,70.2477],[-161.3792,70.2471],[-161.3855,70.2467],[-161.3891,70.2464],[-161.39,70.2464],[-161.3929,70.2453],[-161.3951,70.2446],[-161.3963,70.2443],[-161.3972,70.2439],[-161.3983,70.2435],[-161.4001,70.2431],[-161.4006,70.2427],[-161.4023,70.2423],[-161.4034,70.2417],[-161.4052,70.2412],[-161.4064,70.2394],[-161.4094,70.2383],[-161.4101,70.2377],[-161.4111,70.2362],[-161.4114,70.2356],[-161.4114,70.2349],[-161.4112,70.234],[-161.4126,70.2334],[-161.4143,70.2329],[-161.4169,70.2326],[-161.4155,70.2342],[-161.4137,70.237],[-161.4119,70.2392],[-161.4106,70.2414],[-161.4112,70.2423],[-161.4204,70.2419],[-161.4247,70.2421],[-161.4308,70.2429],[-161.4318,70.2432],[-161.4334,70.2436],[-161.4379,70.2453],[-161.4393,70.2457],[-161.4405,70.246],[-161.4416,70.2465],[-161.443,70.2469],[-161.4428,70.2463],[-161.4421,70.2459],[-161.4383,70.2436],[-161.4403,70.2432],[-161.4409,70.2425],[-161.4422,70.2429],[-161.4469,70.243],[-161.4478,70.2438],[-161.4504,70.2438],[-161.4531,70.2436],[-161.4543,70.2433],[-161.4553,70.2428],[-161.4569,70.2423],[-161.4611,70.2415],[-161.4633,70.2412],[-161.4666,70.2408],[-161.473,70.2404],[-161.4814,70.2404],[-161.488,70.241],[-161.4905,70.2412],[-161.4946,70.2419],[-161.4986,70.2425],[-161.5009,70.2428],[-161.5031,70.2426],[-161.504,70.2425],[-161.5058,70.2422],[-161.5075,70.2416],[-161.5119,70.2409],[-161.5203,70.2404],[-161.5219,70.2403],[-161.5267,70.2399],[-161.5287,70.24],[-161.5319,70.2404],[-161.5349,70.241],[-161.537,70.241],[-161.5418,70.2411],[-161.5481,70.2417],[-161.5516,70.2423],[-161.5559,70.2426]]},"properties":{}},{"type":"Feature","geometry":{"type":"LineString","coordinates":[[-161.2939,70.2944],[-161.295,70.2928],[-161.2943,70.2915],[-161.2924,70.2913],[-161.2893,70.2915],[-161.2872,70.2922],[-161.2837,70.293],[-161.2783,70.2936],[-161.2757,70.2943],[-161.2735,70.2953],[-161.271,70.2959],[-161.2663,70.2968],[-161.2631,70.2976],[-161.2584,70.2984],[-161.2531,70.2992],[-161.2358,70.3024],[-161.226,70.3029],[-161.221,70.3029],[-161.2149,70.3031],[-161.2122,70.3035],[-161.2119,70.3046],[-161.2111,70.3055],[-161.21,70.306],[-161.2071,70.3068],[-161.1927,70.3096],[-161.1849,70.3107],[-161.1796,70.3117],[-161.1761,70.3124],[-161.1711,70.313],[-161.1687,70.3134],[-161.1661,70.3141],[-161.1626,70.3147],[-161.1592,70.3153],[-161.1568,70.3159],[-161.147,70.3173],[-161.1449,70.3175],[-161.1424,70.3178],[-161.1398,70.3183],[-161.1351,70.3187],[-161.1298,70.3194],[-161.1251,70.3199],[-161.1231,70.3202],[-161.1112,70.3219],[-161.0978,70.3236],[-161.0895,70.3249],[-161.0802,70.3258],[-161.074,70.3267],[-161.0702,70.327],[-161.0647,70.3272],[-161.0592,70.3272],[-161.0559,70.3272],[-161.0525,70.3272],[-161.0549,70.3276],[-161.0586,70.3278],[-161.0617,70.3281],[-161.0656,70.3285]]},"properties":{}},{"type":"Feature","geometry":{"type":"LineString","coordinates":[[-161.8211,70.2643],[-161.8245,70.2668],[-161.8234,70.2674],[-161.8206,70.2673],[-161.8212,70.2685],[-161.8218,70.2698],[-161.8234,70.2706],[-161.8243,70.2712],[-161.824,70.2732],[-161.8211,70.2753],[-161.8256,70.275],[-161.8271,70.2745],[-161.8277,70.2739],[-161.8264,70.2696],[-161.8347,70.2694],[-161.8362,70.2697],[-161.8371,70.2704],[-161.8395,70.2717],[-161.8417,70.2738],[-161.8412,70.2753],[-161.841,70.2762],[-161.8425,70.277],[-161.8426,70.2775],[-161.8465,70.2783],[-161.8458,70.2786],[-161.8434,70.2803],[-161.8448,70.2826],[-161.8486,70.2828],[-161.851,70.2821],[-161.8514,70.2807],[-161.8528,70.2797],[-161.8535,70.2794],[-161.8542,70.2792],[-161.8553,70.2779],[-161.8583,70.2782],[-161.8638,70.2797],[-161.8679,70.2823],[-161.8701,70.2856],[-161.8703,70.2885],[-161.8682,70.2897],[-161.8655,70.2898],[-161.8628,70.2891],[-161.8592,70.288],[-161.8578,70.2877],[-161.8568,70.2873],[-161.853,70.2871],[-161.8513,70.2848],[-161.8482,70.2839],[-161.8465,70.2839],[-161.8458,70.2839],[-161.8417,70.2822],[-161.8385,70.2809],[-161.837,70.2805],[-161.8354,70.28],[-161.8345,70.2795],[-161.8327,70.2779],[-161.8307,70.2764],[-161.828,70.2756],[-161.8249,70.2756],[-161.8224,70.2768],[-161.8229,70.2773],[-161.8219,70.2776],[-161.8207,70.2779],[-161.8215,70.2783],[-161.8223,70.2789],[-161.8235,70.2791],[-161.824,70.2796],[-161.8255,70.28],[-161.8236,70.2803],[-161.8203,70.28],[-161.8187,70.2797],[-161.8186,70.2792],[-161.815,70.277],[-161.8144,70.2759],[-161.8113,70.276],[-161.8104,70.2747],[-161.8081,70.2748],[-161.806,70.2754],[-161.8048,70.2756],[-161.8038,70.2761],[-161.8046,70.2769],[-161.8067,70.2769],[-161.8063,70.2781],[-161.8057,70.2784],[-161.805,70.279],[-161.8066,70.2799],[-161.8081,70.2804],[-161.8091,70.2814],[-161.8131,70.2836],[-161.8162,70.2838],[-161.8177,70.2848],[-161.8149,70.2857],[-161.8143,70.2864],[-161.8188,70.2862],[-161.8219,70.2868],[-161.8227,70.289],[-161.822,70.2897],[-161.8193,70.2901],[-161.8202,70.2912],[-161.8224,70.2915],[-161.8294,70.2916],[-161.8303,70.2904],[-161.8323,70.2895],[-161.8333,70.2893],[-161.8342,70.2889],[-161.835,70.2884],[-161.8365,70.288],[-161.841,70.2875],[-161.8433,70.2878],[-161.844,70.2878],[-161.8465,70.289],[-161.8473,70.2892],[-161.8481,70.2897],[-161.8495,70.2902],[-161.8505,70.291],[-161.8514,70.292],[-161.8562,70.2934],[-161.8584,70.2934],[-161.8613,70.2938],[-161.8625,70.2946],[-161.8618,70.2954],[-161.8623,70.2961],[-161.8618,70.297],[-161.8602,70.2969],[-161.8581,70.2965],[-161.8569,70.2959],[-161.8541,70.2948],[-161.8527,70.2947],[-161.8515,70.295],[-161.8516,70.2958],[-161.8507,70.2974],[-161.8529,70.2971],[-161.8542,70.2975],[-161.8553,70.2983],[-161.8561,70.2991],[-161.8563,70.3],[-161.8585,70.2998],[-161.8599,70.2999],[-161.8616,70.3],[-161.8654,70.3004],[-161.867,70.3012],[-161.8648,70.3016],[-161.8629,70.302],[-161.8597,70.3022],[-161.8551,70.3018],[-161.8515,70.3009],[-161.8496,70.3006],[-161.846,70.2995],[-161.8435,70.299],[-161.8419,70.2987],[-161.8402,70.2984],[-161.8373,70.2986],[-161.8349,70.2988],[-161.834,70.2996],[-161.8336,70.3002],[-161.8338,70.3012],[-161.8342,70.3024],[-161.8327,70.3029],[-161.8316,70.3034],[-161.8333,70.3051],[-161.8359,70.3058],[-161.8394,70.3064],[-161.8419,70.3053],[-161.8465,70.3056],[-161.8466,70.3061],[-161.8496,70.3063],[-161.8518,70.3066],[-161.8541,70.3059],[-161.8548,70.3056]]},"properties":{}},{"type":"Feature","geometry":{"type":"LineString","coordinates":[[-161.5559,70.2426],[-161.559,70.2433],[-161.5604,70.2437],[-161.5621,70.2441],[-161.564,70.2442],[-161.5634,70.2434],[-161.5569,70.2422],[-161.5549,70.2413],[-161.5544,70.2405],[-161.5552,70.2405],[-161.5561,70.2402],[-161.5577,70.2401],[-161.5577,70.2396],[-161.5607,70.2396],[-161.5635,70.2408],[-161.5651,70.2413],[-161.5651,70.2417],[-161.5653,70.2422],[-161.5666,70.2427],[-161.5661,70.243],[-161.5659,70.2433],[-161.5656,70.2442],[-161.567,70.2448],[-161.5679,70.2449],[-161.5709,70.2459],[-161.5735,70.2467],[-161.5754,70.2474],[-161.5768,70.2477],[-161.5782,70.2477],[-161.579,70.2477],[-161.5793,70.2472],[-161.5795,70.2468],[-161.5802,70.2463],[-161.5823,70.2457],[-161.5854,70.245],[-161.5919,70.2446],[-161.5968,70.2446],[-161.6043,70.2438],[-161.6128,70.2432],[-161.6146,70.2431],[-161.6177,70.2429],[-161.6238,70.2425],[-161.629,70.2428],[-161.6302,70.2431]]},"properties":{}},{"type":"Feature","geometry":{"type":"LineString","coordinates":[[-161.7667,70.2987],[-161.7676,70.2986],[-161.7691,70.2983],[-161.7695,70.2978],[-161.7686,70.2972],[-161.7689,70.2968],[-161.7703,70.2966],[-161.7715,70.2965],[-161.7722,70.2963],[-161.7718,70.2957],[-161.7714,70.2951],[-161.7691,70.2946],[-161.7679,70.2949],[-161.7677,70.2953],[-161.7678,70.2958],[-161.7678,70.2961],[-161.7672,70.2965],[-161.7661,70.297],[-161.7652,70.2974],[-161.7648,70.2979],[-161.765,70.2983],[-161.7651,70.2985],[-161.7654,70.2986],[-161.7667,70.2987]]},"properties":{}},{"type":"Feature","geometry":{"type":"LineString","coordinates":[[-161.7721,70.2995],[-161.7727,70.2993],[-161.773,70.299],[-161.7727,70.2986],[-161.7702,70.2985],[-161.7692,70.2987],[-161.7689,70.2989],[-161.7689,70.2992],[-161.7692,70.2994],[-161.7699,70.2995],[-161.7709,70.2995],[-161.7721,70.2995]]},"properties":{}},{"type":"Feature","geometry":{"type":"LineString","coordinates":[[-161.0656,70.3285],[-161.0715,70.3282],[-161.0754,70.3278],[-161.0837,70.3271],[-161.0856,70.3267],[-161.0895,70.326],[-161.0935,70.3254],[-161.1089,70.3232],[-161.1136,70.3225],[-161.1174,70.322],[-161.1214,70.3215],[-161.1248,70.3209],[-161.1305,70.3203],[-161.1376,70.3196],[-161.1505,70.3179],[-161.1577,70.3168],[-161.1701,70.3151],[-161.1842,70.3127],[-161.2054,70.3092],[-161.2232,70.3065],[-161.2298,70.3055],[-161.2468,70.3033],[-161.2561,70.302],[-161.2642,70.3009],[-161.2706,70.3],[-161.2798,70.2989],[-161.2864,70.2978],[-161.2897,70.297],[-161.2939,70.2944]]},"properties":{}},{"type":"Feature","geometry":{"type":"LineString","coordinates":[[-160.9814,70.3177],[-160.9868,70.3171],[-160.9961,70.3161],[-161.0014,70.3176],[-161.0038,70.3185],[-161.0062,70.3196],[-161.0064,70.3206],[-161.0074,70.3214],[-161.0129,70.3245],[-161.0154,70.3267],[-161.0155,70.3273],[-161.0142,70.3281],[-161.0135,70.3287],[-161.0137,70.3293],[-161.014,70.3297],[-161.0154,70.3294],[-161.0169,70.3288],[-161.0176,70.3284],[-161.0199,70.3275],[-161.0211,70.3268],[-161.0227,70.3259],[-161.0263,70.3245],[-161.0282,70.3234],[-161.0326,70.3219],[-161.0354,70.3204],[-161.0393,70.3177],[-161.0415,70.3163],[-161.0435,70.315],[-161.0451,70.3144],[-161.0466,70.3139],[-161.0495,70.3131],[-161.051,70.3126],[-161.0562,70.311],[-161.0576,70.3105],[-161.0598,70.3097],[-161.062,70.3086],[-161.0637,70.3085],[-161.065,70.3083]]},"properties":{}},{"type":"Feature","geometry":{"type":"LineString","coordinates":[[-160.1081,70.6116],[-160.1095,70.6117],[-160.1127,70.6116],[-160.1137,70.6115],[-160.1154,70.611],[-160.1192,70.6099],[-160.124,70.608],[-160.1263,70.6068],[-160.1292,70.6057],[-160.1335,70.6044],[-160.1377,70.6018],[-160.1402,70.6002],[-160.1437,70.596],[-160.1475,70.5932],[-160.153,70.5902],[-160.1582,70.5876],[-160.162,70.5849],[-160.1663,70.5826],[-160.1691,70.5813],[-160.1723,70.5799],[-160.1731,70.5794],[-160.1738,70.5791],[-160.1778,70.5772],[-160.1798,70.5765],[-160.1819,70.5756],[-160.1835,70.5747],[-160.185,70.5742],[-160.1866,70.5732],[-160.1888,70.5723],[-160.1927,70.5707],[-160.1959,70.5695],[-160.1999,70.5675],[-160.2015,70.5668],[-160.2038,70.5659],[-160.206,70.5651],[-160.2097,70.5633],[-160.2127,70.562],[-160.2142,70.5614],[-160.2165,70.5606],[-160.218,70.5601],[-160.2202,70.5593],[-160.2217,70.5588],[-160.2233,70.5583],[-160.2255,70.5575],[-160.227,70.557],[-160.2308,70.5557],[-160.233,70.5549],[-160.2353,70.5539],[-160.2383,70.5526],[-160.2405,70.5518],[-160.2431,70.5505],[-160.2465,70.5495],[-160.2488,70.5487],[-160.2503,70.5482],[-160.2532,70.5469],[-160.257,70.5451],[-160.2614,70.5432],[-160.2645,70.5424],[-160.2667,70.5409],[-160.2705,70.5401],[-160.272,70.5398],[-160.278,70.5375],[-160.2838,70.5351],[-160.2862,70.5339],[-160.2892,70.5331],[-160.2914,70.532],[-160.2937,70.5312],[-160.2952,70.5307],[-160.3005,70.5286],[-160.3041,70.5273],[-160.3056,70.5268],[-160.3101,70.525],[-160.3131,70.5237],[-160.3146,70.5232],[-160.3168,70.5224],[-160.3213,70.5206],[-160.3228,70.52],[-160.3262,70.5185],[-160.3295,70.5174],[-160.331,70.5169],[-160.3325,70.5166],[-160.3348,70.5153],[-160.3378,70.5148],[-160.3409,70.5138],[-160.3453,70.5127],[-160.3468,70.5125],[-160.3481,70.512],[-160.3513,70.5111],[-160.3528,70.5106],[-160.3551,70.5098],[-160.3568,70.5093],[-160.3588,70.5085],[-160.3627,70.5071],[-160.3663,70.5059],[-160.3707,70.5041],[-160.3722,70.5036],[-160.3752,70.5023],[-160.3767,70.5017],[-160.379,70.501],[-160.3805,70.5004],[-160.3827,70.4997],[-160.3853,70.4985],[-160.3879,70.4978],[-160.3887,70.4975],[-160.39,70.4969],[-160.3925,70.4959],[-160.3954,70.4952],[-160.3969,70.4947],[-160.4006,70.4934],[-160.4036,70.4926],[-160.4059,70.4918],[-160.4096,70.4905],[-160.4111,70.49],[-160.4141,70.4892],[-160.4178,70.4879],[-160.4216,70.4866],[-160.4231,70.4861],[-160.4253,70.4853],[-160.4268,70.4848],[-160.4292,70.4839],[-160.4328,70.4827],[-160.4345,70.4821],[-160.4365,70.4814],[-160.438,70.4808],[-160.4398,70.4802],[-160.4417,70.4795],[-160.4435,70.479],[-160.4454,70.4782],[-160.4482,70.4772],[-160.4514,70.4764],[-160.4534,70.4758],[-160.4559,70.4748],[-160.4575,70.4742],[-160.4596,70.4735],[-160.4609,70.4728],[-160.4641,70.4717],[-160.4656,70.4712],[-160.4674,70.4706],[-160.4701,70.4698],[-160.4717,70.4691],[-160.474,70.4681],[-160.4748,70.4678],[-160.477,70.4671],[-160.4788,70.4665],[-160.4804,70.4659]]},"properties":{}},{"type":"Feature","geometry":{"type":"LineString","coordinates":[[-160.5546,70.4361],[-160.5592,70.4338],[-160.5628,70.4329],[-160.5644,70.4324],[-160.5661,70.4315],[-160.5677,70.4299],[-160.5693,70.4291],[-160.5707,70.4288],[-160.5724,70.4285],[-160.5744,70.4277],[-160.5768,70.427],[-160.5789,70.4266],[-160.5816,70.4262],[-160.5827,70.4258],[-160.585,70.4251],[-160.5867,70.4245],[-160.588,70.4239],[-160.5906,70.4224],[-160.5964,70.4207],[-160.5977,70.4202],[-160.6013,70.4194],[-160.6026,70.4188],[-160.6048,70.4184],[-160.6088,70.4181],[-160.6131,70.4178],[-160.6163,70.4178],[-160.6179,70.4176],[-160.6212,70.4178],[-160.6219,70.4179],[-160.6241,70.418],[-160.6256,70.4185],[-160.6285,70.4186],[-160.6297,70.4182],[-160.6313,70.4177],[-160.6324,70.4173],[-160.634,70.4171],[-160.635,70.4168],[-160.6362,70.4165],[-160.6366,70.4159],[-160.6365,70.415],[-160.6375,70.4147],[-160.6394,70.4141],[-160.6408,70.4138],[-160.6423,70.4134],[-160.6435,70.4128],[-160.6439,70.4124],[-160.6439,70.4121],[-160.6442,70.4114],[-160.6456,70.411],[-160.6468,70.4102],[-160.6494,70.4101],[-160.6524,70.4094],[-160.6554,70.4092],[-160.6553,70.4087],[-160.6492,70.4087],[-160.6487,70.4081],[-160.6487,70.4076],[-160.6483,70.4074],[-160.6468,70.4066],[-160.6453,70.4065],[-160.646,70.4061],[-160.6495,70.4063],[-160.6503,70.4063],[-160.6512,70.4063],[-160.6521,70.4068],[-160.6553,70.4071],[-160.6567,70.4071],[-160.6583,70.4071],[-160.6591,70.4079],[-160.6621,70.4076],[-160.6657,70.4055],[-160.6674,70.4054],[-160.67,70.4052],[-160.6716,70.405],[-160.6727,70.4046],[-160.6757,70.404],[-160.6775,70.4038],[-160.6797,70.4036],[-160.6817,70.4034],[-160.6819,70.4024],[-160.6807,70.4021],[-160.6771,70.4021],[-160.6762,70.4026],[-160.6723,70.4021],[-160.6723,70.4016],[-160.6706,70.4006],[-160.6694,70.3991],[-160.6677,70.3984],[-160.6669,70.3978],[-160.6649,70.3974],[-160.6632,70.397],[-160.6611,70.3967],[-160.6617,70.3963],[-160.6697,70.3976],[-160.6712,70.398],[-160.6743,70.3985],[-160.6775,70.3994],[-160.6828,70.3995],[-160.6834,70.3987],[-160.6854,70.3977],[-160.6897,70.3953],[-160.6916,70.3935],[-160.6945,70.3926],[-160.6989,70.3917],[-160.7012,70.3905],[-160.7036,70.3885],[-160.7064,70.3862],[-160.7114,70.3835],[-160.7133,70.3821],[-160.7157,70.3816],[-160.7193,70.3812],[-160.7205,70.3801],[-160.723,70.3795],[-160.7246,70.3786],[-160.7288,70.3768],[-160.7304,70.3763],[-160.7333,70.3755],[-160.7355,70.3747],[-160.737,70.3742],[-160.7384,70.3738],[-160.7407,70.3734],[-160.7428,70.3729],[-160.7437,70.3726],[-160.7462,70.3716],[-160.7488,70.3707],[-160.7506,70.3707],[-160.7532,70.3701],[-160.7562,70.37],[-160.7594,70.3701],[-160.7614,70.3705],[-160.7635,70.3708],[-160.7656,70.3708],[-160.7678,70.3705],[-160.7702,70.3683],[-160.7729,70.3672],[-160.7748,70.3666],[-160.7774,70.366],[-160.7812,70.3652],[-160.7825,70.3648],[-160.7881,70.3632],[-160.7953,70.3624],[-160.8013,70.3584],[-160.8055,70.3576],[-160.808,70.3568],[-160.8099,70.3561],[-160.8179,70.3527],[-160.8194,70.3521],[-160.8224,70.3511],[-160.8238,70.3506],[-160.8289,70.3491],[-160.8312,70.3482],[-160.8367,70.3466],[-160.8418,70.3455],[-160.8454,70.3455],[-160.8475,70.3449],[-160.8484,70.3447],[-160.8507,70.3437],[-160.8535,70.3429],[-160.857,70.3418],[-160.8585,70.341],[-160.8601,70.3403],[-160.8616,70.3397],[-160.8635,70.3393],[-160.8668,70.3381],[-160.8692,70.3376],[-160.8717,70.3371],[-160.8758,70.3373],[-160.8774,70.3376],[-160.8789,70.3377],[-160.8802,70.3374],[-160.8814,70.3368],[-160.883,70.3353],[-160.8854,70.3346],[-160.89,70.3337],[-160.8954,70.3329],[-160.9012,70.3326],[-160.9028,70.3319],[-160.9049,70.3313],[-160.9082,70.3305],[-160.9111,70.3298],[-160.9193,70.3286],[-160.9226,70.3285],[-160.9243,70.3284],[-160.9257,70.328],[-160.9281,70.3275],[-160.9319,70.3269],[-160.9356,70.3262],[-160.9428,70.325],[-160.9452,70.3251],[-160.949,70.3246],[-160.9505,70.3242],[-160.9535,70.324],[-160.9572,70.3233],[-160.9612,70.3224],[-160.9659,70.3221],[-160.9705,70.3216],[-160.9725,70.3214],[-160.9749,70.3203],[-160.9766,70.3194],[-160.9781,70.319],[-160.9795,70.3185],[-160.9814,70.3177]]},"properties":{}},{"type":"Feature","geometry":{"type":"LineString","coordinates":[[-161.0434,70.3317],[-161.0432,70.3311],[-161.0373,70.3315],[-161.0318,70.3321],[-161.0249,70.3328],[-161.023,70.3335],[-161.0183,70.3347],[-161.0145,70.3352],[-161.0079,70.3364],[-161.003,70.3373],[-160.9947,70.3388],[-160.9912,70.3391],[-160.9892,70.3396],[-160.9854,70.3404],[-160.9839,70.3407],[-160.9818,70.3412],[-160.9802,70.3415],[-160.9751,70.3414],[-160.9742,70.3423],[-160.9702,70.3432],[-160.9675,70.3436],[-160.965,70.3438],[-160.9622,70.3441],[-160.9603,70.3449],[-160.9576,70.3456],[-160.955,70.3461],[-160.9527,70.3467],[-160.9504,70.3471],[-160.9487,70.3476],[-160.946,70.3478],[-160.9445,70.3485],[-160.9392,70.3493],[-160.9374,70.3499],[-160.9321,70.351],[-160.9301,70.3518],[-160.9273,70.3521],[-160.9243,70.3528],[-160.9221,70.3534],[-160.9184,70.3541],[-160.9162,70.3546],[-160.9123,70.3549],[-160.9056,70.3562],[-160.9042,70.3564],[-160.8987,70.3568],[-160.8952,70.3579],[-160.8914,70.3581],[-160.8896,70.3588],[-160.8859,70.3601],[-160.8803,70.3611],[-160.8744,70.362],[-160.8722,70.3621],[-160.8711,70.3625],[-160.8703,70.3631],[-160.8691,70.3637],[-160.867,70.3641],[-160.8652,70.3644],[-160.8635,70.3647],[-160.8614,70.365],[-160.8577,70.3657],[-160.8534,70.3666],[-160.8509,70.3673],[-160.8459,70.368],[-160.8428,70.3687],[-160.8398,70.3692],[-160.8346,70.3702],[-160.8303,70.3712],[-160.8261,70.372],[-160.8204,70.3729],[-160.8147,70.3736],[-160.8115,70.3745],[-160.8045,70.3749],[-160.8002,70.3756],[-160.8002,70.3759],[-160.8003,70.3764],[-160.802,70.3768]]},"properties":{}},{"type":"Feature","geometry":{"type":"LineString","coordinates":[[-160.802,70.3768],[-160.8072,70.3764],[-160.8187,70.3751],[-160.8251,70.3736],[-160.8341,70.3719],[-160.8389,70.3712],[-160.8454,70.3702],[-160.8531,70.369],[-160.8567,70.368],[-160.8594,70.3674],[-160.8711,70.3651],[-160.8801,70.3635],[-160.886,70.3623],[-160.8911,70.3614],[-160.8969,70.36],[-160.9006,70.3592],[-160.9051,70.3583],[-160.9257,70.3543],[-160.9465,70.3495],[-160.9583,70.3471],[-160.9642,70.3458],[-160.9713,70.3445],[-160.9848,70.3418],[-161.0,70.3392],[-161.0102,70.3373],[-161.0161,70.3363],[-161.0275,70.3342],[-161.0434,70.3317]]},"properties":{}},{"type":"Feature","geometry":{"type":"LineString","coordinates":[[-160.8002,70.3787],[-160.7994,70.3783],[-160.7991,70.3772],[-160.798,70.3769],[-160.7962,70.3774],[-160.7956,70.3782],[-160.7929,70.3788],[-160.7903,70.3793],[-160.7868,70.3802],[-160.7822,70.3811],[-160.78,70.3815],[-160.7775,70.3823],[-160.7741,70.3833],[-160.772,70.3838],[-160.7706,70.3843],[-160.7691,70.3849],[-160.7683,70.3851],[-160.7666,70.3857],[-160.7618,70.3872],[-160.7596,70.388],[-160.7542,70.3893],[-160.7525,70.3899],[-160.7505,70.3904],[-160.7431,70.3921],[-160.74,70.3928],[-160.7387,70.3934],[-160.7328,70.395],[-160.7293,70.3958],[-160.7214,70.398],[-160.7155,70.3996],[-160.7114,70.4001],[-160.7103,70.401],[-160.7021,70.4027],[-160.7005,70.4028],[-160.6999,70.4034],[-160.6955,70.4043],[-160.6938,70.4048],[-160.6909,70.4055],[-160.6871,70.4064],[-160.6824,70.4075],[-160.673,70.4092],[-160.6692,70.4103],[-160.6658,70.4111],[-160.6572,70.4135],[-160.652,70.4148],[-160.6476,70.4162],[-160.6423,70.4177],[-160.6411,70.418],[-160.6386,70.4186],[-160.6311,70.42],[-160.6266,70.421],[-160.625,70.4214],[-160.6229,70.422],[-160.6206,70.4225],[-160.6191,70.4228],[-160.6173,70.4231],[-160.6169,70.4239],[-160.6125,70.4251],[-160.6099,70.4259],[-160.6021,70.4282],[-160.5998,70.4285],[-160.5979,70.4293],[-160.596,70.4299],[-160.5927,70.4305],[-160.5879,70.4323],[-160.5781,70.4351],[-160.5737,70.4362],[-160.5722,70.4368],[-160.5691,70.4377],[-160.567,70.4383],[-160.5654,70.4388],[-160.564,70.439],[-160.5625,70.4397],[-160.56,70.4404],[-160.5546,70.4418],[-160.5491,70.4427],[-160.5468,70.4439],[-160.5391,70.4455],[-160.5367,70.4463],[-160.5328,70.4476],[-160.5281,70.4492],[-160.5266,70.4497],[-160.5232,70.4505],[-160.5199,70.4511],[-160.5177,70.4526],[-160.5154,70.4535],[-160.5125,70.4547],[-160.5095,70.4549],[-160.5065,70.4564],[-160.5031,70.457],[-160.5028,70.4575],[-160.4964,70.4591],[-160.4961,70.4596],[-160.4942,70.4599],[-160.4938,70.4604],[-160.4923,70.461],[-160.4901,70.462],[-160.4833,70.4633],[-160.4834,70.4638],[-160.4821,70.4638],[-160.4816,70.4632],[-160.4806,70.4629],[-160.4811,70.4623],[-160.4802,70.4621],[-160.4841,70.4587],[-160.486,70.4574],[-160.4882,70.4564],[-160.4904,70.4554],[-160.4911,70.4548],[-160.4926,70.4543],[-160.4949,70.454],[-160.4986,70.4534],[-160.5024,70.4527],[-160.5038,70.4506],[-160.5083,70.4496],[-160.5105,70.449],[-160.512,70.448],[-160.5135,70.4475],[-160.516,70.4459],[-160.5187,70.4449],[-160.5191,70.4438],[-160.5231,70.4431],[-160.5281,70.4421],[-160.5358,70.4398],[-160.5396,70.4401],[-160.5405,70.4411],[-160.5422,70.4413],[-160.5433,70.4415],[-160.5496,70.4405],[-160.5499,70.4395],[-160.5504,70.4391],[-160.5502,70.4387],[-160.5517,70.4376],[-160.5524,70.4372],[-160.5539,70.4367],[-160.5546,70.4361]]},"properties":{}},{"type":"Feature","geometry":{"type":"LineString","coordinates":[[-160.4804,70.4659],[-160.4824,70.4652],[-160.4845,70.4644],[-160.4866,70.4638],[-160.4939,70.4613],[-160.4954,70.4612],[-160.4969,70.4607],[-160.4991,70.4599],[-160.5006,70.4594],[-160.5058,70.4578],[-160.5114,70.4559],[-160.514,70.4547],[-160.5165,70.454],[-160.5192,70.4533],[-160.5216,70.4524],[-160.523,70.452],[-160.526,70.4512],[-160.5297,70.4499],[-160.5319,70.4486],[-160.5349,70.4481],[-160.5364,70.4478],[-160.5409,70.4465],[-160.5424,70.446],[-160.5483,70.4444],[-160.5513,70.4436],[-160.5528,70.4431],[-160.5558,70.4423],[-160.5588,70.4415],[-160.5603,70.441],[-160.5614,70.4405],[-160.5648,70.4397],[-160.5666,70.4392],[-160.5678,70.4389],[-160.5702,70.4381],[-160.5722,70.4375],[-160.5757,70.4369],[-160.5812,70.4352],[-160.5841,70.4344],[-160.5857,70.4338],[-160.5887,70.433],[-160.5902,70.4325],[-160.5935,70.4316],[-160.5976,70.4306],[-160.5991,70.4301],[-160.6027,70.4296],[-160.6073,70.428],[-160.6088,70.4275],[-160.6133,70.4262],[-160.618,70.425],[-160.6252,70.423],[-160.6286,70.4224],[-160.6305,70.4217],[-160.6378,70.42],[-160.6439,70.4185],[-160.6496,70.4171],[-160.6559,70.4156],[-160.6574,70.4153],[-160.6589,70.4148],[-160.6619,70.414],[-160.6633,70.4135],[-160.6656,70.4127],[-160.6671,70.4121],[-160.6686,70.4119],[-160.6737,70.4108],[-160.678,70.4094],[-160.6823,70.4086],[-160.688,70.4073],[-160.6913,70.4068],[-160.6962,70.4052],[-160.6977,70.405],[-160.6992,70.4044],[-160.7085,70.4026],[-160.7126,70.4012],[-160.717,70.4004],[-160.7208,70.3994],[-160.7243,70.3984],[-160.7268,70.3975],[-160.7335,70.3959],[-160.7379,70.3946],[-160.7432,70.3933],[-160.7491,70.3917],[-160.7532,70.3905],[-160.7603,70.3888],[-160.7625,70.388],[-160.7647,70.3874],[-160.7672,70.3866],[-160.7693,70.3858],[-160.7714,70.3853],[-160.7723,70.385],[-160.7729,70.3848],[-160.7768,70.3837],[-160.7788,70.3832],[-160.782,70.3824],[-160.7861,70.3817],[-160.7921,70.3807],[-160.7943,70.3801],[-160.797,70.3798],[-160.7986,70.3794],[-160.8002,70.3787]]},"properties":{}},{"type":"Feature","geometry":{"type":"LineString","coordinates":[[-158.7831,70.9054],[-158.7773,70.9041],[-158.7757,70.904],[-158.7743,70.9039],[-158.7724,70.9042],[-158.7732,70.9046],[-158.7759,70.9051],[-158.7806,70.9061],[-158.7773,70.9062],[-158.7765,70.9069],[-158.7725,70.9063],[-158.7675,70.9059],[-158.7707,70.9068],[-158.7726,70.9076],[-158.7788,70.9082],[-158.785,70.9083],[-158.793,70.9084],[-158.8145,70.9085],[-158.8246,70.908],[-158.8315,70.908],[-158.8387,70.9077],[-158.8456,70.9072],[-158.8614,70.9056],[-158.8712,70.9044],[-158.8776,70.9037],[-158.8891,70.902],[-158.9005,70.901],[-158.9153,70.8998],[-158.9302,70.8982],[-158.9728,70.8933],[-158.9786,70.8924],[-158.9845,70.8912],[-158.9982,70.8893],[-159.0097,70.8874],[-159.0226,70.8858],[-159.0321,70.8849],[-159.0432,70.8837],[-159.0573,70.8825],[-159.0892,70.8808],[-159.1054,70.88],[-159.1186,70.8793],[-159.1333,70.8782],[-159.1408,70.8776],[-159.1529,70.8769],[-159.1599,70.8764],[-159.1666,70.8757],[-159.1738,70.875],[-159.1819,70.8737],[-159.1834,70.8735],[-159.1951,70.872],[-159.2005,70.8712],[-159.2107,70.8696],[-159.2146,70.869],[-159.2165,70.8687],[-159.2211,70.8682],[-159.2262,70.8671],[-159.2338,70.8658],[-159.2395,70.865],[-159.2468,70.8637],[-159.2594,70.8618],[-159.2811,70.8586],[-159.2871,70.8577],[-159.291,70.8572],[-159.2996,70.8558],[-159.3078,70.8545],[-159.3111,70.8538],[-159.3172,70.8529],[-159.3297,70.8509],[-159.3451,70.8483],[-159.3629,70.8455],[-159.4072,70.8392],[-159.414,70.8381],[-159.4246,70.8364],[-159.4351,70.8346],[-159.4408,70.8336],[-159.4545,70.8315],[-159.4605,70.8305],[-159.4676,70.8291],[-159.4767,70.8278],[-159.488,70.826],[-159.5172,70.8213],[-159.5204,70.8208],[-159.5353,70.8188],[-159.5404,70.8179],[-159.5427,70.8174],[-159.5443,70.817],[-159.5557,70.8151],[-159.5612,70.8138],[-159.5659,70.8127],[-159.5767,70.8104],[-159.579,70.8099],[-159.5917,70.8074],[-159.6018,70.8058],[-159.6136,70.8036],[-159.6223,70.8018],[-159.626,70.8011],[-159.6337,70.7996],[-159.6379,70.7982],[-159.6446,70.7961],[-159.6469,70.7954],[-159.6531,70.7936],[-159.657,70.7919],[-159.6608,70.7905],[-159.6638,70.7892],[-159.67,70.7868],[-159.6746,70.7846],[-159.6806,70.7819],[-159.6935,70.7761],[-159.6982,70.7737],[-159.7028,70.7714],[-159.7043,70.7709],[-159.7081,70.7691],[-159.7127,70.7668],[-159.7142,70.7657],[-159.7165,70.7649],[-159.7203,70.7626],[-159.723,70.7612],[-159.7256,70.7603],[-159.7287,70.7585],[-159.7347,70.7559],[-159.7388,70.7542],[-159.7433,70.7521]]},"properties":{}},{"type":"Feature","geometry":{"type":"LineString","coordinates":[[-159.3856,70.7736],[-159.3851,70.7742],[-159.3852,70.7754],[-159.3852,70.7763],[-159.3851,70.7777],[-159.3848,70.779],[-159.384,70.7796],[-159.3836,70.7798],[-159.3818,70.7799],[-159.3813,70.78],[-159.3813,70.7803],[-159.3802,70.7803],[-159.3797,70.78],[-159.3793,70.7799],[-159.3788,70.7803],[-159.3777,70.7808],[-159.3769,70.7809],[-159.3757,70.7812],[-159.3729,70.7813],[-159.3698,70.7816],[-159.3671,70.7819],[-159.3647,70.7826],[-159.3634,70.7827],[-159.3611,70.7831],[-159.3595,70.7836],[-159.3578,70.7839],[-159.3545,70.7841],[-159.3544,70.7851],[-159.3529,70.7865],[-159.3521,70.7867],[-159.351,70.7868],[-159.35,70.7869],[-159.3491,70.7869],[-159.3468,70.7869],[-159.3458,70.7867],[-159.3443,70.7868],[-159.3435,70.7869],[-159.3428,70.787],[-159.3426,70.7877],[-159.3427,70.7902],[-159.3431,70.7923],[-159.3436,70.7945],[-159.3455,70.7964],[-159.346,70.7973],[-159.3473,70.7973],[-159.3487,70.7974],[-159.3498,70.7975],[-159.3509,70.7977],[-159.3515,70.798],[-159.3534,70.798],[-159.3546,70.7981],[-159.356,70.7982],[-159.3572,70.7981],[-159.3585,70.7981],[-159.3602,70.7981],[-159.3611,70.7982],[-159.3619,70.7983],[-159.3626,70.7986],[-159.3631,70.7989],[-159.3621,70.7987],[-159.3598,70.7987],[-159.3564,70.7989],[-159.3544,70.7992],[-159.3542,70.7995],[-159.352,70.7996],[-159.3504,70.7996],[-159.3496,70.7997],[-159.3493,70.7998],[-159.3491,70.8003],[-159.3486,70.8017],[-159.3465,70.8038],[-159.3458,70.8045],[-159.3446,70.8049],[-159.3433,70.8052],[-159.3414,70.8056],[-159.3401,70.8057],[-159.338,70.8055],[-159.3369,70.8053],[-159.3319,70.8048],[-159.3293,70.8044],[-159.3276,70.8045],[-159.3262,70.8047],[-159.3247,70.805],[-159.324,70.8051],[-159.3222,70.8053],[-159.3195,70.8052],[-159.3174,70.8058],[-159.3167,70.806],[-159.3156,70.8062],[-159.3141,70.8067],[-159.309,70.8082],[-159.304,70.8097],[-159.2999,70.8109],[-159.2978,70.8113],[-159.2946,70.8117],[-159.2906,70.8118],[-159.288,70.8116],[-159.2834,70.811],[-159.276,70.8094],[-159.2747,70.8085],[-159.2743,70.8081],[-159.2745,70.8078],[-159.2748,70.8074],[-159.2759,70.8071],[-159.2766,70.8069],[-159.277,70.8071],[-159.2768,70.8074],[-159.277,70.8077],[-159.2773,70.8076],[-159.2778,70.8074],[-159.2779,70.8071],[-159.2779,70.8067],[-159.2773,70.8065],[-159.2764,70.8065],[-159.2752,70.8068],[-159.2743,70.8074],[-159.2722,70.8087],[-159.2693,70.8099],[-159.2659,70.8112],[-159.2632,70.8119],[-159.2598,70.8125],[-159.2541,70.8135],[-159.25,70.8139],[-159.2463,70.8141],[-159.2436,70.8141],[-159.2411,70.8138],[-159.2386,70.8136],[-159.2358,70.8134],[-159.2343,70.8135],[-159.2315,70.8143],[-159.227,70.8148],[-159.2211,70.8152],[-159.2171,70.8152],[-159.2141,70.8155],[-159.2012,70.816],[-159.1953,70.8168],[-159.1884,70.8175],[-159.1819,70.8178],[-159.178,70.818],[-159.1759,70.8181],[-159.1707,70.8182],[-159.1668,70.8183],[-159.1596,70.8183],[-159.1534,70.8183],[-159.124,70.8176],[-159.1196,70.8177],[-159.1169,70.8176]]},"properties":{}},{"type":"Feature","geometry":{"type":"LineString","coordinates":[[-159.7433,70.7521],[-159.7473,70.7507],[-159.7502,70.7497],[-159.7554,70.7477],[-159.7574,70.7467],[-159.7601,70.7457],[-159.7625,70.7449],[-159.7661,70.7433],[-159.77,70.7416],[-159.7736,70.7403],[-159.7779,70.7386],[-159.7821,70.7373],[-159.7844,70.7366],[-159.7859,70.736],[-159.7882,70.7353],[-159.792,70.734],[-159.7966,70.7322],[-159.8065,70.7283],[-159.8088,70.7272],[-159.8111,70.7265],[-159.8133,70.7254],[-159.8179,70.7239],[-159.8194,70.7234],[-159.8246,70.7216],[-159.8269,70.7208],[-159.8284,70.7203],[-159.8307,70.7195],[-159.8346,70.7182],[-159.8387,70.7168],[-159.8461,70.7146],[-159.8477,70.7139],[-159.853,70.7123],[-159.8568,70.7107],[-159.8606,70.7099],[-159.862,70.7093],[-159.8647,70.7086],[-159.8693,70.7071],[-159.8742,70.7057],[-159.8769,70.7048],[-159.8795,70.7039],[-159.8827,70.7031],[-159.8843,70.7026],[-159.8866,70.7018],[-159.8888,70.7011],[-159.8919,70.7],[-159.8939,70.6992],[-159.8965,70.6983],[-159.8987,70.6974],[-159.901,70.6967],[-159.9022,70.6961],[-159.9034,70.6957],[-159.9053,70.6949],[-159.9063,70.6945],[-159.9163,70.6908],[-159.9212,70.6888],[-159.9273,70.6865],[-159.9367,70.6827],[-159.9435,70.6796],[-159.9609,70.6733],[-159.9705,70.6685],[-159.9759,70.6664],[-159.9793,70.6645],[-159.985,70.6623],[-159.988,70.6608],[-159.9912,70.6594],[-159.9981,70.6571],[-160.0007,70.6559],[-160.0035,70.6546],[-160.0036,70.6542],[-160.0183,70.6477],[-160.0213,70.6465],[-160.0243,70.6452],[-160.0266,70.6441],[-160.0348,70.64],[-160.0382,70.6383],[-160.0416,70.6368],[-160.0445,70.6354],[-160.0467,70.6344],[-160.0532,70.6312],[-160.0625,70.6275],[-160.0712,70.6247],[-160.0763,70.6232],[-160.0821,70.6217],[-160.0869,70.6205],[-160.0901,70.6195],[-160.093,70.6185],[-160.0978,70.6167],[-160.0992,70.6161],[-160.0998,70.6154],[-160.0999,70.6147],[-160.1002,70.6138],[-160.1005,70.6132],[-160.1011,70.6124],[-160.1021,70.6116]]},"properties":{}},{"type":"Feature","geometry":{"type":"LineString","coordinates":[[-159.7469,70.4902],[-159.7508,70.4904],[-159.7639,70.4906],[-159.7665,70.4906],[-159.7719,70.4905],[-159.7741,70.4905],[-159.7756,70.4906],[-159.781,70.4905],[-159.782,70.4902],[-159.7833,70.4899],[-159.7857,70.4893],[-159.7878,70.4886],[-159.7904,70.4875],[-159.7923,70.4868],[-159.7939,70.4862],[-159.795,70.4854],[-159.7971,70.4843],[-159.7988,70.4831],[-159.7995,70.4822],[-159.8003,70.481],[-159.8004,70.4783],[-159.7961,70.4666],[-159.7942,70.4603],[-159.7924,70.4564],[-159.7924,70.4548],[-159.7956,70.4531],[-159.8016,70.4508],[-159.8061,70.4495],[-159.8099,70.4479],[-159.8176,70.4407],[-159.8323,70.4369],[-159.8452,70.4354],[-159.8582,70.4348],[-159.862,70.435],[-159.865,70.4344],[-159.861,70.4311],[-159.8594,70.4303],[-159.8573,70.4288],[-159.8549,70.4265],[-159.8528,70.4241],[-159.8524,70.421],[-159.8549,70.4201],[-159.8568,70.4179],[-159.8604,70.4175],[-159.8624,70.4163],[-159.864,70.4149],[-159.8617,70.4114],[-159.8604,70.4085],[-159.8606,70.4079],[-159.8612,70.4067],[-159.8624,70.404],[-159.8644,70.4024],[-159.8667,70.4011],[-159.868,70.4],[-159.8694,70.399],[-159.8712,70.3981],[-159.8729,70.3973],[-159.8736,70.396],[-159.8731,70.3946],[-159.8737,70.3929],[-159.8759,70.3918],[-159.8769,70.3914],[-159.8768,70.3896],[-159.8776,70.386],[-159.8775,70.3823],[-159.8783,70.3807],[-159.8788,70.3793],[-159.8773,70.3786],[-159.8741,70.3772],[-159.8702,70.3756],[-159.8652,70.3737],[-159.8584,70.3701],[-159.8533,70.3679],[-159.8482,70.366],[-159.843,70.3621],[-159.8391,70.3601],[-159.8308,70.354],[-159.8248,70.3369],[-159.83,70.3325],[-159.8378,70.32],[-159.8383,70.3158],[-159.8376,70.3139],[-159.8347,70.309],[-159.8332,70.3083],[-159.8241,70.3084],[-159.8149,70.3072],[-159.8066,70.308],[-159.799,70.3079],[-159.799,70.3074],[-159.7968,70.3074],[-159.7967,70.3071],[-159.7967,70.3066],[-159.7982,70.3066],[-159.7982,70.3061],[-159.8065,70.3054],[-159.8125,70.3043],[-159.8165,70.3035],[-159.8181,70.3029],[-159.8202,70.301],[-159.8208,70.2983],[-159.8213,70.2955],[-159.8224,70.2924],[-159.8233,70.2892],[-159.8202,70.2858],[-159.8201,70.2834],[-159.8206,70.2825],[-159.8216,70.2816],[-159.8225,70.2811],[-159.824,70.2807],[-159.8251,70.2803],[-159.8252,70.2797],[-159.8249,70.279],[-159.8246,70.2782],[-159.8242,70.2772],[-159.8233,70.2756],[-159.822,70.2749],[-159.8223,70.2738],[-159.8234,70.2725],[-159.8249,70.2726],[-159.8264,70.2723],[-159.8252,70.2715],[-159.8274,70.2701],[-159.8293,70.2699],[-159.8312,70.2686],[-159.8322,70.2676],[-159.8321,70.2671],[-159.8334,70.2663],[-159.8329,70.2637],[-159.8343,70.2626],[-159.8357,70.2614],[-159.8372,70.2603],[-159.8381,70.2585],[-159.8386,70.2568],[-159.8391,70.2555],[-159.8389,70.2545],[-159.8381,70.2533],[-159.8369,70.2518],[-159.8351,70.2506],[-159.8326,70.249],[-159.8306,70.248],[-159.8277,70.2469],[-159.8223,70.2454],[-159.8181,70.2444],[-159.8162,70.2429],[-159.8146,70.2428],[-159.8123,70.2414],[-159.8108,70.2414],[-159.8108,70.2409],[-159.8093,70.2409],[-159.8093,70.2404],[-159.8077,70.2404],[-159.8073,70.2396],[-159.8,70.2365],[-159.7977,70.2361],[-159.7962,70.2353],[-159.7954,70.2343],[-159.7939,70.2336],[-159.7888,70.2315],[-159.7857,70.2307],[-159.7831,70.2297],[-159.7808,70.2273],[-159.7788,70.2244],[-159.7778,70.2239],[-159.7738,70.2228],[-159.773,70.2218],[-159.7728,70.22],[-159.7722,70.2191],[-159.7695,70.2178],[-159.7655,70.2166],[-159.7577,70.2156],[-159.7576,70.213],[-159.7599,70.2133],[-159.7596,70.2118],[-159.7584,70.2101],[-159.7579,70.2072],[-159.7582,70.2043],[-159.7603,70.1994],[-159.7623,70.1974],[-159.7662,70.197],[-159.771,70.1965],[-159.7728,70.1988],[-159.7764,70.205],[-159.7798,70.2077],[-159.7821,70.2105],[-159.7871,70.2142],[-159.7929,70.2176],[-159.7955,70.2194],[-159.7975,70.2207],[-159.7997,70.2226],[-159.7998,70.2236],[-159.8006,70.2244],[-159.8013,70.2248],[-159.8029,70.2255],[-159.8053,70.2261],[-159.8076,70.2255],[-159.8086,70.2249],[-159.8095,70.2244],[-159.8099,70.2237],[-159.8106,70.2235],[-159.8119,70.2237],[-159.8132,70.2242],[-159.8171,70.2261],[-159.8196,70.2279],[-159.8243,70.2303],[-159.8313,70.2428],[-159.843,70.2471],[-159.8578,70.2533],[-159.8607,70.2573],[-159.8609,70.2606],[-159.8588,70.2638],[-159.8607,70.2646],[-159.8676,70.265],[-159.8688,70.2657],[-159.8667,70.2663],[-159.8631,70.2669],[-159.8622,70.2694],[-159.8656,70.2714],[-159.8701,70.2725],[-159.873,70.2728],[-159.8778,70.27],[-159.8811,70.2684],[-159.8869,70.2678],[-159.8901,70.2685],[-159.8943,70.2723],[-159.8975,70.2759],[-159.8993,70.282],[-159.8983,70.2824],[-159.8817,70.2843],[-159.878,70.2853],[-159.8781,70.2882],[-159.8785,70.2897],[-159.8814,70.2915],[-159.8833,70.2924],[-159.8856,70.294],[-159.8871,70.2944],[-159.8888,70.2949],[-159.8933,70.2958],[-159.8959,70.2961],[-159.8976,70.2953],[-159.897,70.2944],[-159.9,70.2939],[-159.9015,70.2928],[-159.903,70.2919],[-159.9065,70.2914],[-159.9074,70.291],[-159.9095,70.2909],[-159.9104,70.2911],[-159.912,70.2918],[-159.9129,70.2921],[-159.909,70.2927],[-159.9065,70.2945],[-159.9078,70.2957],[-159.908,70.2966],[-159.907,70.2974],[-159.9019,70.2979],[-159.9,70.2981],[-159.8982,70.2987],[-159.899,70.3],[-159.9001,70.3008],[-159.9034,70.302],[-159.9049,70.3025],[-159.9065,70.3031],[-159.9126,70.3048],[-159.9141,70.3053],[-159.9157,70.3063],[-159.9178,70.3084],[-159.9185,70.3101],[-159.9204,70.3112],[-159.9213,70.3135],[-159.9203,70.3158],[-159.9201,70.3169],[-159.9204,70.3181],[-159.9203,70.32],[-159.9189,70.3213],[-159.9189,70.3224],[-159.9185,70.3233],[-159.9168,70.324],[-159.9164,70.3249],[-159.915,70.3257],[-159.912,70.3265],[-159.9035,70.3273],[-159.9013,70.3282],[-159.8994,70.3308],[-159.8982,70.3315],[-159.8979,70.3327],[-159.895,70.3333],[-159.8927,70.3345],[-159.8903,70.3354],[-159.8899,70.3359]]},"properties":{}},{"type":"Feature","geometry":{"type":"LineString","coordinates":[[-160.1021,70.6116],[-160.1047,70.6088],[-160.107,70.6077],[-160.1073,70.6068],[-160.1069,70.6061],[-160.1069,70.6056],[-160.1078,70.6049],[-160.1094,70.6037],[-160.1114,70.6027],[-160.1144,70.602],[-160.1159,70.6014],[-160.118,70.6],[-160.119,70.5984],[-160.118,70.5981],[-160.1119,70.5988],[-160.1104,70.5994],[-160.1134,70.5997],[-160.1143,70.5999],[-160.1143,70.6002],[-160.1081,70.6005],[-160.0982,70.6008],[-160.0992,70.6013],[-160.0997,70.6019],[-160.0994,70.6026],[-160.0976,70.6036],[-160.0966,70.6044],[-160.0953,70.6046],[-160.0941,70.605],[-160.0926,70.6057],[-160.0901,70.6066],[-160.0867,70.6068],[-160.0863,70.6065],[-160.0878,70.6053],[-160.09,70.6023],[-160.0907,70.6016],[-160.0913,70.6011],[-160.0919,70.6008],[-160.0923,70.6007],[-160.0931,70.6005],[-160.0939,70.6003],[-160.0937,70.6002],[-160.0927,70.6003],[-160.0919,70.6005],[-160.0912,70.6008],[-160.0908,70.601],[-160.0903,70.6017],[-160.0897,70.6022],[-160.0878,70.6046],[-160.0855,70.6068],[-160.0797,70.6106],[-160.0757,70.6126],[-160.0713,70.6143],[-160.0643,70.6168],[-160.0557,70.6196],[-160.0463,70.6228],[-160.0426,70.6242],[-160.0378,70.6259],[-160.0363,70.6265],[-160.0353,70.6268],[-160.0339,70.6271],[-160.0326,70.6275],[-160.0308,70.6282],[-160.0289,70.6287],[-160.0266,70.6295],[-160.0256,70.6299],[-160.0249,70.63],[-160.0246,70.63],[-160.0243,70.6301],[-160.0226,70.6306],[-160.0202,70.6312],[-160.0178,70.6316],[-160.0153,70.6318],[-160.0122,70.6319],[-160.009,70.6319],[-160.0057,70.6319],[-160.0001,70.6317],[-159.9969,70.6316],[-159.9932,70.6314],[-159.9933,70.6317],[-159.9938,70.6321],[-159.9925,70.6326],[-159.989,70.6345],[-159.9861,70.6351],[-159.9846,70.6357],[-159.9816,70.6361],[-159.9799,70.6359],[-159.9788,70.6359],[-159.9779,70.636],[-159.9706,70.6372],[-159.9685,70.6378],[-159.9671,70.6382],[-159.9653,70.6388],[-159.9645,70.6389],[-159.964,70.6388],[-159.9634,70.6389],[-159.9634,70.6395],[-159.9636,70.6395],[-159.9637,70.6397],[-159.9634,70.6398],[-159.9632,70.6401],[-159.9631,70.6401],[-159.9629,70.6401],[-159.9626,70.6401],[-159.9623,70.6401],[-159.9618,70.6402],[-159.9617,70.6403],[-159.9613,70.6403],[-159.9612,70.6402],[-159.9602,70.6406],[-159.9591,70.641],[-159.9577,70.6413],[-159.9563,70.6414],[-159.9556,70.6419],[-159.9559,70.6427],[-159.9553,70.6428],[-159.9549,70.6431],[-159.954,70.6432],[-159.954,70.6422],[-159.9542,70.6416],[-159.9554,70.6413],[-159.9576,70.6408],[-159.9586,70.6404],[-159.9596,70.6401],[-159.9606,70.64],[-159.9607,70.6398],[-159.9605,70.6398],[-159.9599,70.6397],[-159.9596,70.6394],[-159.96,70.6393],[-159.9602,70.6392],[-159.9606,70.6391],[-159.9607,70.639],[-159.9598,70.6389],[-159.96,70.6388],[-159.9599,70.6386],[-159.9607,70.6385],[-159.9609,70.6385],[-159.9611,70.6385],[-159.9623,70.6382],[-159.9635,70.638],[-159.9646,70.6376],[-159.9654,70.6373],[-159.9663,70.6371],[-159.968,70.6367],[-159.9712,70.6358],[-159.9716,70.6358],[-159.9722,70.6358],[-159.973,70.6357],[-159.9735,70.6356],[-159.9736,70.6354],[-159.9734,70.6354],[-159.9739,70.6351],[-159.9745,70.6349],[-159.9753,70.6345],[-159.9757,70.6342],[-159.9759,70.634],[-159.9762,70.6339],[-159.9771,70.6341],[-159.978,70.6341],[-159.9788,70.6343],[-159.9793,70.6342],[-159.9821,70.6336],[-159.9814,70.6322],[-159.985,70.6314],[-159.9857,70.631],[-159.9853,70.6306],[-159.9789,70.6302],[-159.9739,70.629],[-159.9672,70.628],[-159.9579,70.6264],[-159.947,70.6239],[-159.9358,70.6218],[-159.9315,70.6208],[-159.9265,70.6196],[-159.924,70.619],[-159.9212,70.6183],[-159.919,70.6177],[-159.9179,70.6176],[-159.915,70.6177],[-159.9086,70.6159],[-159.903,70.6138],[-159.8947,70.6097],[-159.8863,70.6047],[-159.8853,70.604],[-159.8849,70.6036],[-159.8728,70.5938],[-159.8713,70.5931],[-159.8699,70.5927],[-159.8684,70.5924],[-159.8685,70.5925],[-159.8696,70.5928],[-159.8706,70.593],[-159.871,70.5933],[-159.8709,70.5936],[-159.8695,70.5936],[-159.8683,70.5934],[-159.8661,70.5935],[-159.8655,70.5936],[-159.8652,70.5938],[-159.8652,70.594],[-159.8654,70.5942],[-159.8655,70.5944],[-159.8661,70.5944],[-159.868,70.5944],[-159.87,70.5945],[-159.8711,70.5942],[-159.8718,70.5942],[-159.8726,70.5942],[-159.8732,70.5946],[-159.8812,70.601],[-159.8814,70.6015],[-159.8806,70.6021],[-159.8808,70.6022],[-159.8816,70.6017],[-159.8823,70.6021],[-159.8823,70.6023],[-159.882,70.6025],[-159.881,70.6027],[-159.8804,70.6025],[-159.8799,70.6026],[-159.876,70.6029],[-159.8636,70.5986],[-159.8619,70.5978],[-159.8607,70.5967],[-159.86,70.5961],[-159.86,70.5957],[-159.8609,70.5955],[-159.8614,70.5952],[-159.8626,70.595],[-159.8625,70.5948],[-159.8617,70.5947],[-159.8607,70.5944],[-159.8597,70.594],[-159.8598,70.5933],[-159.8596,70.593],[-159.8581,70.5927],[-159.8568,70.5926],[-159.8555,70.5923],[-159.8536,70.5914],[-159.8527,70.5907],[-159.8496,70.5884],[-159.846,70.5862],[-159.8427,70.5847],[-159.8416,70.5839],[-159.8408,70.5833],[-159.8401,70.5828],[-159.838,70.5823],[-159.8276,70.5657],[-159.8243,70.5597],[-159.8202,70.5493],[-159.8211,70.5452],[-159.8209,70.5428],[-159.82,70.5392],[-159.8185,70.5378],[-159.8166,70.5364],[-159.8094,70.5328],[-159.8055,70.531],[-159.8032,70.53],[-159.8016,70.5295],[-159.8008,70.529],[-159.797,70.5276],[-159.7923,70.5252],[-159.7907,70.5247],[-159.7884,70.5236],[-159.7845,70.5223],[-159.7798,70.5202],[-159.7759,70.5183],[-159.7713,70.5181],[-159.7647,70.5156],[-159.7643,70.5148],[-159.7604,70.5127],[-159.7573,70.511],[-159.7565,70.5105],[-159.7496,70.5065],[-159.7479,70.5044],[-159.742,70.499],[-159.7356,70.4937],[-159.7368,70.4906]]},"properties":{}},{"type":"Feature","geometry":{"type":"LineString","coordinates":[[-159.8495,70.2875],[-159.8517,70.2872],[-159.8557,70.2869],[-159.8564,70.2863],[-159.858,70.2822],[-159.857,70.2776],[-159.8555,70.2722],[-159.8517,70.2699],[-159.8471,70.2682],[-159.8456,70.268],[-159.844,70.2685],[-159.8404,70.2714],[-159.8361,70.2751],[-159.8359,70.2769],[-159.8362,70.2841],[-159.8387,70.2856],[-159.843,70.2868],[-159.8495,70.2875]]},"properties":{}},{"type":"Feature","geometry":{"type":"LineString","coordinates":[[-159.8129,70.2353],[-159.8184,70.2341],[-159.8222,70.2331],[-159.8218,70.2315],[-159.8193,70.2298],[-159.8175,70.2284],[-159.8156,70.2271],[-159.814,70.2267],[-159.8115,70.2269],[-159.8083,70.228],[-159.8072,70.2287],[-159.8057,70.2294],[-159.8042,70.2301],[-159.8058,70.2319],[-159.8098,70.2348],[-159.8109,70.2353],[-159.8129,70.2353]]},"properties":{}},{"type":"Feature","geometry":{"type":"LineString","coordinates":[[-159.8899,70.3359],[-159.8911,70.3365],[-159.8939,70.337],[-159.8954,70.337],[-159.8986,70.3369],[-159.9025,70.3376],[-159.905,70.3383],[-159.9079,70.3396],[-159.9104,70.3414],[-159.9243,70.3509],[-159.9303,70.3561],[-159.9439,70.364],[-159.9524,70.3683],[-159.9544,70.3696],[-159.9548,70.3709],[-159.9558,70.3715],[-159.9584,70.3725],[-159.96,70.3731],[-159.9618,70.3733],[-159.9643,70.3733],[-159.9663,70.3731],[-159.9676,70.3729],[-159.9683,70.3723],[-159.9678,70.3714],[-159.9673,70.3704],[-159.9683,70.3684],[-159.9697,70.3673],[-159.9716,70.3669],[-159.9746,70.3663],[-159.9773,70.3653],[-159.9844,70.3638],[-159.9837,70.3621],[-159.9857,70.3601],[-159.9926,70.3597],[-159.9956,70.3601],[-159.9955,70.3595],[-159.9966,70.359],[-159.9984,70.3568],[-160.0005,70.3558],[-160.0036,70.3553],[-160.0055,70.3552],[-160.0065,70.355],[-160.0088,70.3548],[-160.0112,70.3548],[-160.0124,70.3547],[-160.0136,70.3545],[-160.0149,70.3543],[-160.0164,70.3545],[-160.0182,70.3537],[-160.0189,70.3525],[-160.0199,70.3517],[-160.022,70.3515],[-160.0238,70.3516],[-160.0252,70.3513],[-160.0268,70.3511],[-160.0294,70.3513],[-160.0331,70.3512],[-160.0343,70.3491],[-160.0393,70.3473],[-160.0477,70.3456],[-160.0506,70.3454],[-160.0522,70.3458],[-160.051,70.3447],[-160.0507,70.3436],[-160.0521,70.3412],[-160.0531,70.3404],[-160.0546,70.3403],[-160.0557,70.3382],[-160.0575,70.337],[-160.0585,70.3353],[-160.0591,70.3333],[-160.0595,70.3315],[-160.0605,70.3298],[-160.0635,70.3288],[-160.0658,70.3284],[-160.0684,70.3282],[-160.0702,70.3269],[-160.0718,70.3261],[-160.0737,70.3254],[-160.076,70.325],[-160.0833,70.3232],[-160.0901,70.3234],[-160.0924,70.3227],[-160.0945,70.3217],[-160.0991,70.3203],[-160.1112,70.3195],[-160.1116,70.3193],[-160.1118,70.3189],[-160.1118,70.3185],[-160.1116,70.3181],[-160.1121,70.3178],[-160.1137,70.3173],[-160.1156,70.3167],[-160.1167,70.316],[-160.1181,70.3157],[-160.1198,70.3153],[-160.1235,70.3147],[-160.1245,70.3143],[-160.1258,70.3138],[-160.1283,70.3136],[-160.1285,70.3134],[-160.1293,70.3127],[-160.1293,70.312],[-160.1312,70.312],[-160.1318,70.3117],[-160.1322,70.3114],[-160.1333,70.3114],[-160.1337,70.3116],[-160.1349,70.3111],[-160.1348,70.3109],[-160.1344,70.3107],[-160.1339,70.3104],[-160.133,70.3102],[-160.1319,70.3097],[-160.133,70.3097],[-160.134,70.3095],[-160.135,70.3095],[-160.136,70.3093],[-160.1367,70.3093],[-160.1373,70.3092],[-160.138,70.3092],[-160.1382,70.3093],[-160.1382,70.3095],[-160.1374,70.31],[-160.1378,70.3101],[-160.1394,70.3097],[-160.1439,70.3081],[-160.1506,70.306],[-160.1514,70.3056],[-160.1536,70.3052],[-160.1591,70.3059],[-160.153,70.3084],[-160.1506,70.3091],[-160.1465,70.3104],[-160.1425,70.3119],[-160.1411,70.3123],[-160.1382,70.3137],[-160.1347,70.3149],[-160.1284,70.3176],[-160.1279,70.318],[-160.1277,70.3184],[-160.1279,70.3188],[-160.1283,70.319],[-160.1296,70.3183],[-160.1322,70.3179],[-160.1339,70.3178],[-160.135,70.3179],[-160.1362,70.3183],[-160.1378,70.3184],[-160.1399,70.3183],[-160.1422,70.318],[-160.1444,70.3173],[-160.1454,70.3173],[-160.1463,70.3176],[-160.1465,70.3178],[-160.1459,70.3181],[-160.1451,70.3185],[-160.1446,70.3185],[-160.1444,70.3184],[-160.1439,70.3183],[-160.1436,70.3184],[-160.1436,70.3186],[-160.1438,70.3187],[-160.1442,70.3188],[-160.1448,70.3193],[-160.1448,70.32],[-160.1443,70.3205],[-160.143,70.3208],[-160.1415,70.3211],[-160.1401,70.321],[-160.1392,70.3214],[-160.1383,70.3217],[-160.1372,70.3219],[-160.136,70.322],[-160.1344,70.3219],[-160.1346,70.3255],[-160.1325,70.3281],[-160.1284,70.3299],[-160.1201,70.331],[-160.1202,70.3315],[-160.1183,70.3318],[-160.1134,70.3333],[-160.1131,70.3338],[-160.0961,70.3346],[-160.0862,70.3339],[-160.0854,70.3343],[-160.0892,70.3345],[-160.0892,70.335],[-160.1082,70.3351],[-160.1082,70.3357],[-160.1098,70.3356],[-160.112,70.3366],[-160.1137,70.3376],[-160.1144,70.3382],[-160.1155,70.3397],[-160.1152,70.3383],[-160.1153,70.338],[-160.1155,70.3378],[-160.1186,70.3375],[-160.1205,70.3374],[-160.1222,70.3373],[-160.1244,70.3372],[-160.127,70.3374],[-160.1357,70.3371],[-160.1372,70.3374],[-160.1401,70.3375],[-160.1455,70.3375],[-160.1479,70.338],[-160.1491,70.3385],[-160.1492,70.339],[-160.149,70.3394],[-160.1487,70.3397],[-160.1482,70.3401],[-160.149,70.3399],[-160.1492,70.3397],[-160.1495,70.3395],[-160.15,70.3394],[-160.1505,70.3395],[-160.1512,70.3395],[-160.1525,70.3396],[-160.1549,70.3397],[-160.1575,70.3396],[-160.1595,70.3395],[-160.1615,70.3394],[-160.1623,70.3395],[-160.1635,70.3395],[-160.1639,70.3395],[-160.1649,70.3396],[-160.1652,70.3398],[-160.1655,70.34],[-160.1661,70.3402],[-160.1669,70.3402],[-160.1676,70.3402],[-160.1682,70.3404],[-160.169,70.3405],[-160.1701,70.3407],[-160.1719,70.3408],[-160.1728,70.3408],[-160.1735,70.3408],[-160.1743,70.3408],[-160.1753,70.3408],[-160.1762,70.3407],[-160.1769,70.3406],[-160.1778,70.3403],[-160.1786,70.3401],[-160.1797,70.3399],[-160.1805,70.3398],[-160.1812,70.3398],[-160.1818,70.3398],[-160.1824,70.3397],[-160.1828,70.3396],[-160.1835,70.3397],[-160.1838,70.3397],[-160.1845,70.3399],[-160.1853,70.3399],[-160.1859,70.3402],[-160.1865,70.3402],[-160.1872,70.3402],[-160.1882,70.3403],[-160.1891,70.3404],[-160.1875,70.3408],[-160.1863,70.3409],[-160.1856,70.3409],[-160.1845,70.3405],[-160.1835,70.3404],[-160.1821,70.3403],[-160.1809,70.3403],[-160.1799,70.3404],[-160.1792,70.3405],[-160.1785,70.3409],[-160.1786,70.341],[-160.1788,70.3411],[-160.1791,70.3412],[-160.1796,70.3412],[-160.18,70.3412],[-160.1802,70.3413],[-160.1799,70.3414],[-160.1797,70.3414],[-160.1789,70.3414],[-160.1772,70.3418],[-160.1754,70.3421],[-160.1718,70.3424],[-160.1685,70.3425],[-160.1662,70.3423],[-160.164,70.3414],[-160.1628,70.3411],[-160.1607,70.3405],[-160.1555,70.341],[-160.1512,70.341],[-160.1477,70.3407],[-160.1453,70.3404],[-160.1449,70.3399],[-160.1444,70.3396],[-160.1396,70.3396],[-160.1369,70.3397],[-160.1344,70.3397],[-160.1308,70.3399],[-160.1298,70.34],[-160.1293,70.3399],[-160.1289,70.3398],[-160.1287,70.3396],[-160.1282,70.3393],[-160.1283,70.3395],[-160.1283,70.3396],[-160.1282,70.3398],[-160.1281,70.3399],[-160.128,70.34],[-160.1274,70.3402],[-160.1267,70.3404],[-160.1256,70.341],[-160.125,70.3412],[-160.1239,70.3413],[-160.1218,70.3412],[-160.1199,70.3413],[-160.1181,70.3414],[-160.1162,70.3412],[-160.1153,70.3407],[-160.1086,70.3411],[-160.1069,70.3424],[-160.1039,70.3435],[-160.1008,70.3441],[-160.0834,70.3452],[-160.0784,70.3457],[-160.077,70.3459],[-160.0759,70.3458],[-160.076,70.3459],[-160.0771,70.3463],[-160.0784,70.3471],[-160.0791,70.3479],[-160.0798,70.3492],[-160.0794,70.3504],[-160.0785,70.3515],[-160.0773,70.3562],[-160.0766,70.3565],[-160.0748,70.3568],[-160.0746,70.3573],[-160.0737,70.3579],[-160.07,70.3581],[-160.0679,70.3582],[-160.0676,70.3584],[-160.0677,70.3589],[-160.0675,70.3594],[-160.067,70.3601],[-160.0656,70.3605],[-160.0645,70.3609],[-160.0633,70.3617],[-160.0614,70.3623],[-160.0611,70.3628],[-160.0598,70.3632],[-160.0589,70.3641],[-160.0573,70.3646],[-160.0552,70.3659],[-160.054,70.3661],[-160.0529,70.3667],[-160.0516,70.3673],[-160.0492,70.3687],[-160.0482,70.3689],[-160.0473,70.3691],[-160.0436,70.3692],[-160.0397,70.3691],[-160.0359,70.369],[-160.0347,70.3689],[-160.0342,70.3688],[-160.0332,70.3689],[-160.0326,70.3691],[-160.0311,70.3697],[-160.031,70.3701],[-160.0311,70.3704],[-160.0325,70.3698],[-160.0337,70.3698],[-160.0357,70.37],[-160.0377,70.3705],[-160.0389,70.3709],[-160.0406,70.3719],[-160.041,70.3724],[-160.0401,70.3729],[-160.04,70.3731],[-160.0405,70.3732],[-160.0409,70.3734],[-160.0416,70.3738],[-160.0427,70.3739],[-160.0435,70.3744],[-160.0447,70.3745],[-160.0459,70.3748],[-160.047,70.3752],[-160.0479,70.3753],[-160.0486,70.3752],[-160.0496,70.375],[-160.051,70.3749],[-160.0522,70.3749],[-160.0535,70.375],[-160.0547,70.375],[-160.0549,70.3751],[-160.0577,70.3751],[-160.059,70.3752],[-160.0565,70.3753],[-160.0554,70.3754],[-160.054,70.3755],[-160.0528,70.3756],[-160.0519,70.3757],[-160.0515,70.3758],[-160.0509,70.376],[-160.0503,70.376],[-160.05,70.3759],[-160.0497,70.3758],[-160.0496,70.3757],[-160.0491,70.3756],[-160.0493,70.3759],[-160.0493,70.3761],[-160.049,70.3765],[-160.0479,70.3767],[-160.0469,70.377],[-160.0462,70.3773],[-160.045,70.3776],[-160.0442,70.3779],[-160.0439,70.3785],[-160.0425,70.3794],[-160.0409,70.3799],[-160.0399,70.3803],[-160.0375,70.381],[-160.0342,70.3815],[-160.0304,70.3821],[-160.0284,70.3825],[-160.0258,70.3827],[-160.0231,70.3827],[-160.0226,70.3832],[-160.0215,70.3842],[-160.0204,70.3847],[-160.0177,70.3853],[-160.0152,70.3855],[-160.0127,70.3855],[-160.0107,70.3851],[-160.0089,70.3851],[-160.0069,70.3851],[-160.0055,70.3854],[-160.0082,70.3862],[-160.0099,70.3868],[-160.011,70.3872],[-160.0124,70.3875],[-160.0143,70.3877],[-160.0154,70.388],[-160.0157,70.3885],[-160.0154,70.3891],[-160.0145,70.3894],[-160.0135,70.3894],[-160.012,70.3894],[-160.0108,70.3898],[-160.0099,70.3902],[-160.0083,70.3911],[-160.007,70.3914],[-160.0062,70.3914],[-160.0055,70.3914],[-160.0044,70.3911],[-160.0039,70.3908],[-160.0024,70.3893],[-160.0013,70.3884],[-160.0009,70.3883],[-160.0014,70.3887],[-160.0022,70.3896],[-160.0031,70.3906],[-160.0036,70.3914],[-160.0038,70.392],[-160.0038,70.3929],[-160.0034,70.3932],[-160.0018,70.3941],[-160.0034,70.3946],[-160.004,70.3949],[-160.0087,70.395],[-160.0098,70.3952],[-160.0104,70.3958],[-160.0121,70.3962],[-160.0129,70.3964],[-160.0115,70.3966],[-160.0105,70.3967],[-160.0091,70.3967],[-160.0088,70.3963],[-160.0078,70.3959],[-160.007,70.3959],[-160.0052,70.3959],[-160.004,70.3961],[-160.0011,70.3958],[-160.0003,70.3979],[-159.9968,70.4017],[-159.9931,70.4031],[-159.9918,70.4041],[-159.9884,70.4055],[-159.9827,70.4092],[-159.9809,70.4111],[-159.9816,70.4132],[-159.982,70.4149],[-159.9817,70.4165],[-159.9818,70.4198],[-159.9816,70.4241],[-159.9828,70.4256],[-159.9864,70.4298],[-159.9866,70.431],[-159.9879,70.4311],[-159.9889,70.4314],[-159.9894,70.4319],[-159.9899,70.4323],[-159.992,70.4324],[-159.9928,70.4325],[-159.9946,70.4326],[-159.9961,70.432],[-159.9984,70.4317],[-160.0016,70.4316],[-160.0044,70.4316],[-160.0044,70.4319],[-160.0008,70.4324],[-159.9999,70.4326],[-159.9957,70.4333],[-159.9946,70.4333],[-159.992,70.4332],[-159.9885,70.433],[-159.9853,70.4327],[-159.9831,70.4329],[-159.9828,70.434],[-159.9783,70.4363],[-159.9763,70.4404],[-159.9714,70.4429],[-159.9673,70.4436],[-159.9622,70.45],[-159.9589,70.4518],[-159.9505,70.4539],[-159.943,70.4548],[-159.9411,70.4557],[-159.9412,70.458],[-159.9378,70.4621],[-159.9335,70.4646],[-159.9274,70.4663],[-159.922,70.4666],[-159.916,70.4664],[-159.9118,70.4661],[-159.9079,70.465],[-159.9037,70.4664],[-159.9045,70.4756],[-159.9075,70.4799],[-159.9088,70.4818],[-159.9095,70.4833],[-159.9073,70.4837],[-159.9075,70.4844],[-159.9148,70.4838],[-159.9272,70.4835],[-159.9321,70.4832],[-159.939,70.4837],[-159.9474,70.4834],[-159.9492,70.4828],[-159.9499,70.4809],[-159.951,70.4802],[-159.9539,70.4796],[-159.9576,70.4793],[-159.9632,70.4783],[-159.9658,70.4777],[-159.9669,70.4769],[-159.9674,70.4749],[-159.9701,70.4722],[-159.9758,70.4706],[-159.9788,70.4696],[-159.9846,70.4683],[-159.9892,70.4677],[-159.9935,70.4675],[-159.9968,70.4671],[-160.0041,70.4667],[-160.0153,70.4659],[-160.0252,70.4666],[-160.0336,70.4662],[-160.0336,70.4657],[-160.0367,70.4658],[-160.0458,70.4646],[-160.0487,70.462],[-160.0585,70.4603],[-160.0639,70.4603],[-160.0685,70.4611],[-160.0693,70.4622],[-160.0785,70.4624],[-160.0785,70.4629],[-160.0831,70.4631],[-160.0853,70.4616],[-160.0914,70.4613],[-160.0914,70.4602],[-160.105,70.4582],[-160.1065,70.4585],[-160.1096,70.4583],[-160.1058,70.4595],[-160.0998,70.4602],[-160.0979,70.4612],[-160.0991,70.4627],[-160.1037,70.4627],[-160.1037,70.4622],[-160.1234,70.4602],[-160.1341,70.4604],[-160.1562,70.4596],[-160.1562,70.4598],[-160.1528,70.4601],[-160.1533,70.4617],[-160.1601,70.4613],[-160.1602,70.4618],[-160.1655,70.4619],[-160.1671,70.4625],[-160.1724,70.462],[-160.1724,70.4615],[-160.1739,70.4618],[-160.1738,70.4605],[-160.1784,70.4602],[-160.1784,70.4597],[-160.1868,70.4607],[-160.1869,70.4614],[-160.2106,70.4631],[-160.1977,70.4633],[-160.197,70.4639],[-160.1946,70.4624],[-160.1869,70.4626],[-160.1858,70.4622],[-160.1861,70.4617],[-160.1831,70.4613],[-160.1789,70.4615],[-160.1785,70.4625],[-160.177,70.4625],[-160.1763,70.464],[-160.1703,70.465],[-160.1526,70.4632],[-160.1527,70.4637],[-160.1504,70.4637],[-160.1504,70.4642],[-160.1489,70.4642],[-160.1474,70.4655],[-160.1459,70.4655],[-160.1482,70.467],[-160.1498,70.467],[-160.1495,70.4675],[-160.1467,70.4672],[-160.1424,70.4653],[-160.1428,70.4643],[-160.1412,70.4643],[-160.1389,70.4633],[-160.1385,70.464],[-160.1336,70.465],[-160.1176,70.4647],[-160.1172,70.4657],[-160.1146,70.4662],[-160.1146,70.4667],[-160.1047,70.466],[-160.1036,70.4671],[-160.1002,70.468],[-160.0956,70.4681],[-160.0948,70.4694],[-160.0879,70.4704],[-160.0847,70.4712],[-160.0755,70.4716],[-160.0567,70.4703],[-160.0529,70.4695],[-160.0491,70.4697],[-160.0503,70.4707],[-160.0427,70.472],[-160.0435,70.4728],[-160.0432,70.4738],[-160.047,70.4738],[-160.0485,70.4728],[-160.0584,70.4727],[-160.0584,70.4732],[-160.06,70.4732],[-160.062,70.4752],[-160.0614,70.4783],[-160.0565,70.4795],[-160.0519,70.4798],[-160.0488,70.4794],[-160.048,70.4784],[-160.0472,70.4784],[-160.0478,70.479],[-160.0474,70.4812],[-160.0497,70.4812],[-160.0489,70.4817],[-160.0536,70.4822],[-160.0536,70.4835],[-160.0483,70.4835],[-160.0483,70.484],[-160.0452,70.4838],[-160.044,70.4889],[-160.0478,70.4894],[-160.0486,70.4904],[-160.0517,70.4906],[-160.0526,70.4927],[-160.0648,70.493],[-160.0656,70.4934],[-160.0633,70.4935],[-160.0618,70.4943],[-160.0488,70.4935],[-160.0488,70.4929],[-160.0472,70.4929],[-160.0464,70.4917],[-160.041,70.4917],[-160.0374,70.4974],[-160.0322,70.5009],[-160.0278,70.5021],[-160.023,70.5029],[-160.016,70.5028],[-160.011,70.5021],[-160.0087,70.5033],[-160.0034,70.5036],[-159.9991,70.5051],[-159.9974,70.5056],[-159.9925,70.5064],[-159.9891,70.5081],[-159.9844,70.5089],[-159.9808,70.5094],[-159.9781,70.5095],[-159.9731,70.5096],[-159.9615,70.5079],[-159.9578,70.5082],[-159.9539,70.5079],[-159.9473,70.5063],[-159.9483,70.5053],[-159.9476,70.505],[-159.9424,70.5052],[-159.9404,70.5061],[-159.9385,70.5072],[-159.9339,70.5075],[-159.9332,70.5081],[-159.9288,70.5083],[-159.9265,70.5086],[-159.9253,70.5085],[-159.9202,70.5086],[-159.9179,70.5093],[-159.9157,70.5097],[-159.9143,70.5122],[-159.9132,70.5141],[-159.9078,70.5192],[-159.9025,70.5234],[-159.8982,70.5242],[-159.9002,70.5265],[-159.8999,70.527],[-159.9,70.5275],[-159.9015,70.5282],[-159.9015,70.529],[-159.9013,70.5323],[-159.9015,70.5344],[-159.903,70.5341],[-159.9066,70.5309],[-159.9104,70.5287],[-159.9154,70.5283],[-159.9219,70.5283],[-159.9257,70.5289],[-159.9268,70.5293],[-159.9278,70.5298],[-159.9288,70.5299],[-159.9307,70.5297],[-159.9317,70.5297],[-159.9336,70.5302],[-159.9343,70.531],[-159.9345,70.5314],[-159.9368,70.5321],[-159.9381,70.5321],[-159.9402,70.5331],[-159.9436,70.5335],[-159.9474,70.5341],[-159.947,70.5344],[-159.9467,70.5345],[-159.9426,70.5345],[-159.9405,70.534],[-159.9303,70.5336],[-159.9316,70.5348],[-159.9323,70.5361],[-159.9326,70.5371],[-159.9322,70.5376],[-159.9306,70.5382],[-159.9292,70.5388],[-159.9244,70.5398],[-159.9192,70.5404],[-159.9168,70.5409],[-159.9152,70.5411],[-159.9125,70.5411],[-159.907,70.5392],[-159.9055,70.5392],[-159.9064,70.5424],[-159.9074,70.5453],[-159.9088,70.549],[-159.9098,70.5556],[-159.9117,70.5631],[-159.9138,70.5709],[-159.9132,70.5757],[-159.91,70.5801],[-159.9059,70.5829],[-159.9166,70.5814],[-159.9327,70.5809],[-159.9388,70.5798],[-159.9472,70.5795],[-159.9537,70.5785],[-159.9579,70.578],[-159.9638,70.5774],[-159.973,70.5768],[-159.9809,70.5768],[-159.9924,70.578],[-160.0051,70.5804],[-160.0077,70.5799],[-160.013,70.5795],[-160.016,70.5796],[-160.0203,70.5803],[-160.0226,70.581],[-160.0237,70.5812],[-160.0249,70.5813],[-160.0266,70.581],[-160.0272,70.5807],[-160.0304,70.5751],[-160.0354,70.5733],[-160.0372,70.5727],[-160.0388,70.5724],[-160.0352,70.5721],[-160.0338,70.5716],[-160.0305,70.571],[-160.0298,70.5711],[-160.028,70.5704],[-160.0272,70.5699],[-160.0274,70.5685],[-160.0275,70.5673],[-160.0339,70.5678],[-160.0361,70.5678],[-160.042,70.5669],[-160.0441,70.5663],[-160.0463,70.5658],[-160.0471,70.5656],[-160.0487,70.5653],[-160.0508,70.5649],[-160.0517,70.5645],[-160.0513,70.5637],[-160.0524,70.5635],[-160.0547,70.5643],[-160.0539,70.5649],[-160.0511,70.566],[-160.0508,70.5667],[-160.0491,70.5672],[-160.0481,70.5677],[-160.0466,70.5699],[-160.0474,70.5699],[-160.0484,70.5694],[-160.0495,70.5689],[-160.0527,70.5677],[-160.0564,70.567],[-160.061,70.5659],[-160.0627,70.5656],[-160.0621,70.5652],[-160.0615,70.5646],[-160.0616,70.5644],[-160.0621,70.5643],[-160.0626,70.5637],[-160.0635,70.5631],[-160.0658,70.5628],[-160.0676,70.5623],[-160.0695,70.5619],[-160.0714,70.5615],[-160.0708,70.562],[-160.0697,70.5636],[-160.0705,70.5644],[-160.0707,70.5647],[-160.0743,70.5646],[-160.0755,70.5647],[-160.077,70.5648],[-160.0788,70.5649],[-160.0803,70.565],[-160.082,70.5652],[-160.0843,70.5651],[-160.0866,70.5652],[-160.0889,70.5654],[-160.0936,70.5662],[-160.0951,70.5663],[-160.0961,70.5663],[-160.097,70.5665],[-160.0985,70.5667],[-160.1009,70.5669],[-160.1042,70.5676],[-160.1064,70.5682],[-160.1084,70.5689],[-160.1087,70.5684],[-160.1092,70.568],[-160.1119,70.567],[-160.1153,70.566],[-160.1193,70.5649],[-160.1238,70.5641],[-160.129,70.5632],[-160.138,70.5623],[-160.1379,70.5627],[-160.136,70.563],[-160.1357,70.5635],[-160.1338,70.5637],[-160.1323,70.5647],[-160.127,70.5654],[-160.1238,70.5656],[-160.1231,70.566],[-160.1228,70.5672],[-160.1218,70.5689],[-160.1203,70.5703],[-160.1196,70.5708],[-160.1209,70.5712],[-160.1214,70.5718],[-160.1254,70.5741],[-160.1274,70.5758],[-160.1284,70.5767],[-160.1309,70.5773],[-160.1317,70.5777],[-160.1333,70.5792],[-160.134,70.5807],[-160.1347,70.5825],[-160.1358,70.5842],[-160.1364,70.5848],[-160.1369,70.5849],[-160.1378,70.5849],[-160.1387,70.5849],[-160.1402,70.5848],[-160.1408,70.5845],[-160.1418,70.5841],[-160.1424,70.5837],[-160.143,70.5829],[-160.1445,70.5826],[-160.1469,70.5819],[-160.1505,70.5812],[-160.1557,70.5803],[-160.1611,70.5796],[-160.1636,70.5791],[-160.1648,70.5783],[-160.1666,70.5775],[-160.1675,70.5772],[-160.1685,70.577],[-160.1695,70.5769],[-160.1702,70.5769],[-160.1719,70.5775],[-160.1717,70.5779],[-160.1706,70.5781],[-160.1695,70.5781],[-160.1683,70.5785],[-160.1673,70.5789],[-160.1662,70.579],[-160.1659,70.5793],[-160.1645,70.58],[-160.1635,70.5806],[-160.1626,70.5808],[-160.1603,70.5811],[-160.1577,70.582],[-160.1536,70.5834],[-160.153,70.5839],[-160.1535,70.5842],[-160.1535,70.5848],[-160.1528,70.5851],[-160.1528,70.5855],[-160.1527,70.5858],[-160.1525,70.5859],[-160.1519,70.586],[-160.1512,70.586],[-160.1502,70.5861],[-160.1485,70.5864],[-160.148,70.5868],[-160.1466,70.5873],[-160.1467,70.588],[-160.1467,70.5889],[-160.1463,70.5895],[-160.1456,70.5902],[-160.1444,70.5904],[-160.1424,70.5919],[-160.1408,70.5926],[-160.1399,70.5928],[-160.1385,70.5936],[-160.1312,70.596],[-160.1295,70.597],[-160.1288,70.598],[-160.1272,70.6008],[-160.1261,70.6021],[-160.1249,70.6027],[-160.1243,70.603],[-160.1237,70.6032],[-160.1222,70.6037],[-160.1163,70.605],[-160.1146,70.6055],[-160.113,70.6062],[-160.1123,70.6066],[-160.1123,70.6071],[-160.1122,70.6075],[-160.1124,70.6079],[-160.1122,70.6083],[-160.1115,70.6088],[-160.1081,70.6116]]},"properties":{}},{"type":"Feature","geometry":{"type":"LineString","coordinates":[[-160.0238,70.3721],[-160.0244,70.372],[-160.0246,70.3719],[-160.0248,70.3715],[-160.0253,70.3711],[-160.0259,70.3708],[-160.0274,70.3706],[-160.0292,70.3706],[-160.0295,70.3703],[-160.0299,70.3697],[-160.0301,70.369],[-160.0294,70.3678],[-160.0287,70.367],[-160.0272,70.3664],[-160.0253,70.3657],[-160.0226,70.3655],[-160.0202,70.3657],[-160.0202,70.3661],[-160.0204,70.3668],[-160.0199,70.3676],[-160.0186,70.3683],[-160.0163,70.3693],[-160.013,70.3698],[-160.0084,70.3702],[-160.0052,70.3702],[-160.003,70.3699],[-160.0014,70.3694],[-160.0025,70.3702],[-160.0038,70.371],[-160.0045,70.3711],[-160.0054,70.3713],[-160.0064,70.3713],[-160.0081,70.3709],[-160.0107,70.3706],[-160.0131,70.3706],[-160.0163,70.3709],[-160.0182,70.3711],[-160.0204,70.3714],[-160.0224,70.3716],[-160.0238,70.3721]]},"properties":{}},{"type":"Feature","geometry":{"type":"LineString","coordinates":[[-159.8576,70.2955],[-159.8576,70.294],[-159.8572,70.2927],[-159.8552,70.2916],[-159.8531,70.2914],[-159.8508,70.2917],[-159.8492,70.2922],[-159.8482,70.293],[-159.8483,70.2945],[-159.8501,70.296],[-159.8516,70.2969],[-159.854,70.2973],[-159.8563,70.297],[-159.8573,70.2964],[-159.8576,70.2955]]},"properties":{}},{"type":"Feature","geometry":{"type":"LineString","coordinates":[[-159.8361,70.3027],[-159.839,70.3026],[-159.8416,70.3011],[-159.8427,70.3006],[-159.8442,70.2998],[-159.8449,70.2995],[-159.8401,70.2937],[-159.8387,70.2931],[-159.8351,70.2911],[-159.833,70.2906],[-159.8302,70.2903],[-159.8279,70.2906],[-159.8258,70.294],[-159.8247,70.2962],[-159.8265,70.2992],[-159.8272,70.3002],[-159.8276,70.3006],[-159.8288,70.3014],[-159.8302,70.3018],[-159.8361,70.3027]]},"properties":{}},{"type":"Feature","geometry":{"type":"LineString","coordinates":[[-159.8337,70.3033],[-159.8329,70.303],[-159.8324,70.3027],[-159.8307,70.3025],[-159.8295,70.3024],[-159.8286,70.3026],[-159.8284,70.303],[-159.8285,70.3035],[-159.8284,70.3039],[-159.8286,70.3043],[-159.8299,70.3045],[-159.8309,70.3047],[-159.832,70.3047],[-159.8325,70.3049],[-159.8329,70.3051],[-159.8337,70.3051],[-159.8352,70.3049],[-159.836,70.3048],[-159.8362,70.3045],[-159.836,70.3043],[-159.8352,70.304],[-159.8348,70.3038],[-159.8348,70.3036],[-159.8356,70.3036],[-159.8366,70.3036],[-159.8371,70.3033],[-159.8368,70.3031],[-159.8357,70.3029],[-159.8344,70.3028],[-159.8339,70.3029],[-159.8345,70.3032],[-159.8337,70.3033]]},"properties":{}},{"type":"Feature","geometry":{"type":"LineString","coordinates":[[-159.9855,70.3774],[-159.9818,70.3785],[-159.9794,70.3806],[-159.9804,70.383],[-159.984,70.3855],[-159.9856,70.3864],[-159.994,70.3868],[-159.9982,70.3865],[-160.0012,70.3845],[-160.0024,70.3828],[-160.0029,70.3805],[-160.0055,70.3785],[-160.0056,70.3781],[-159.9962,70.3785],[-159.9898,70.3785],[-159.9869,70.378],[-159.9855,70.3774]]},"properties":{}},{"type":"Feature","geometry":{"type":"LineString","coordinates":[[-159.7911,70.22],[-159.7846,70.216],[-159.7801,70.2126],[-159.7771,70.2097],[-159.774,70.2071],[-159.7717,70.2049],[-159.7698,70.2034],[-159.7677,70.2021],[-159.7655,70.2014],[-159.7637,70.2013],[-159.7625,70.2014],[-159.7612,70.203],[-159.7598,70.2067],[-159.7603,70.2102],[-159.7627,70.2123],[-159.7636,70.2134],[-159.7672,70.2135],[-159.77,70.2141],[-159.7743,70.2144],[-159.7779,70.215],[-159.7824,70.2164],[-159.7848,70.2176],[-159.787,70.2186],[-159.7888,70.2194],[-159.7897,70.2201],[-159.7904,70.2206],[-159.7912,70.2208],[-159.7916,70.2205],[-159.7916,70.2202],[-159.7911,70.22]]},"properties":{}},{"type":"Feature","geometry":{"type":"LineString","coordinates":[[-159.7368,70.4906],[-159.7469,70.4902]]},"properties":{}},{"type":"Feature","geometry":{"type":"LineString","coordinates":[[-159.416,70.7386],[-159.4173,70.7385],[-159.4186,70.7386],[-159.4188,70.7394],[-159.4201,70.7405],[-159.4207,70.741],[-159.4213,70.7414],[-159.4215,70.7416],[-159.4212,70.7419],[-159.4197,70.7425],[-159.4184,70.7427],[-159.4168,70.7431],[-159.4157,70.7434],[-159.4153,70.7438],[-159.4158,70.7441],[-159.4159,70.7444],[-159.4151,70.7446],[-159.4147,70.7448],[-159.4143,70.7451],[-159.4132,70.7454],[-159.4119,70.7459],[-159.4113,70.7462],[-159.4115,70.7465],[-159.4115,70.7467],[-159.4107,70.747],[-159.4097,70.747],[-159.4091,70.7473],[-159.4087,70.7474],[-159.4076,70.7476],[-159.4068,70.7476],[-159.4063,70.7477],[-159.4059,70.7479],[-159.4059,70.7482],[-159.4052,70.7482],[-159.4043,70.7484],[-159.4041,70.7485],[-159.4035,70.7485],[-159.4032,70.7486],[-159.4019,70.7487],[-159.4015,70.749],[-159.3996,70.7491],[-159.3993,70.7491],[-159.3991,70.7494],[-159.3992,70.7496],[-159.3993,70.7498],[-159.3991,70.7499],[-159.3979,70.7499],[-159.3969,70.75],[-159.3963,70.7502],[-159.3957,70.7503],[-159.3954,70.7504],[-159.3947,70.7506],[-159.3942,70.751],[-159.3931,70.7511],[-159.3919,70.751],[-159.3909,70.7512],[-159.3908,70.7513],[-159.3897,70.7516],[-159.3892,70.7522],[-159.3891,70.7524],[-159.3884,70.7527],[-159.3876,70.753],[-159.3874,70.7534],[-159.3881,70.7542],[-159.3886,70.7548],[-159.3886,70.7553],[-159.3883,70.7561],[-159.3872,70.7564],[-159.3863,70.7567],[-159.3861,70.7569],[-159.3844,70.757],[-159.3824,70.757],[-159.3816,70.757],[-159.3813,70.757],[-159.3797,70.7567],[-159.3792,70.7566],[-159.3788,70.7567],[-159.3789,70.757],[-159.3771,70.7573],[-159.3765,70.7577],[-159.3753,70.758],[-159.374,70.7584],[-159.3741,70.7587],[-159.3745,70.7593],[-159.3748,70.7602],[-159.3746,70.7606],[-159.3738,70.7611],[-159.3728,70.7611],[-159.3718,70.7611],[-159.3707,70.7614],[-159.3705,70.7617],[-159.3701,70.762],[-159.369,70.7623],[-159.3682,70.7625],[-159.3656,70.7628],[-159.3641,70.7633],[-159.363,70.7633],[-159.3621,70.7632],[-159.3616,70.7631],[-159.3608,70.7631],[-159.3612,70.7635],[-159.3612,70.7639],[-159.361,70.7642],[-159.3606,70.7649],[-159.3595,70.7652],[-159.3585,70.7658],[-159.3581,70.7662],[-159.3572,70.7665],[-159.356,70.7675],[-159.3554,70.7678],[-159.3546,70.768],[-159.3533,70.7684],[-159.3522,70.7685],[-159.3517,70.7686],[-159.3514,70.769],[-159.3513,70.7691],[-159.3518,70.7693],[-159.3533,70.7692],[-159.3545,70.7692],[-159.3571,70.769],[-159.3586,70.7687],[-159.3595,70.7685],[-159.3603,70.7682],[-159.3612,70.7679],[-159.3629,70.7674],[-159.3646,70.7671],[-159.3668,70.767],[-159.3694,70.767],[-159.3707,70.7671],[-159.3713,70.7671],[-159.3723,70.7671],[-159.3747,70.7674],[-159.3773,70.768],[-159.3788,70.7684],[-159.3797,70.7687],[-159.3803,70.769],[-159.3813,70.7695],[-159.3818,70.7696],[-159.3818,70.7693],[-159.3815,70.7691],[-159.3816,70.7684],[-159.3823,70.7679],[-159.3829,70.7675],[-159.384,70.7672],[-159.3851,70.7668],[-159.3863,70.7664],[-159.3868,70.7661],[-159.3885,70.7655],[-159.3897,70.7652],[-159.3908,70.7651],[-159.3917,70.7649],[-159.3928,70.765],[-159.3936,70.7651],[-159.3943,70.765],[-159.3953,70.7649],[-159.396,70.7649],[-159.3975,70.7652],[-159.3983,70.7655],[-159.4006,70.766],[-159.4014,70.7662],[-159.4024,70.7662],[-159.4027,70.766],[-159.4035,70.7655],[-159.4052,70.7652],[-159.4064,70.7651],[-159.4072,70.7651],[-159.4077,70.7649],[-159.4092,70.7646],[-159.4106,70.7645],[-159.4116,70.7644],[-159.4123,70.7645],[-159.4128,70.7645],[-159.4134,70.7643],[-159.4134,70.7638],[-159.4151,70.7637],[-159.4163,70.764],[-159.4168,70.7643],[-159.4171,70.7647],[-159.417,70.7651],[-159.417,70.7654],[-159.4168,70.7656],[-159.4153,70.7658],[-159.4139,70.7658],[-159.4128,70.7658],[-159.4122,70.766],[-159.4115,70.7662],[-159.4103,70.7663],[-159.4094,70.7664],[-159.4089,70.7664],[-159.4076,70.7664],[-159.4071,70.7663],[-159.4068,70.7665],[-159.4071,70.7668],[-159.4076,70.7672],[-159.4083,70.7673],[-159.4099,70.7674],[-159.4111,70.7674],[-159.4122,70.7676],[-159.4129,70.7679],[-159.4137,70.7683],[-159.4139,70.7686],[-159.4151,70.7698],[-159.4152,70.7708],[-159.4157,70.7716],[-159.4165,70.7722],[-159.4179,70.7731],[-159.419,70.7739],[-159.4202,70.7745],[-159.4217,70.7754],[-159.4218,70.7755],[-159.4221,70.7754],[-159.4234,70.7747],[-159.424,70.7745],[-159.4245,70.7744],[-159.4249,70.7741],[-159.425,70.7739],[-159.4259,70.7736],[-159.4271,70.7735],[-159.4283,70.7732],[-159.4284,70.7729],[-159.4284,70.7727],[-159.428,70.7725],[-159.4278,70.7721],[-159.4282,70.7718],[-159.4288,70.7718],[-159.4298,70.7716],[-159.4305,70.7717],[-159.4311,70.7718],[-159.4314,70.7722],[-159.4307,70.7723],[-159.4311,70.7729],[-159.4314,70.7732],[-159.4315,70.7736],[-159.4306,70.774],[-159.4292,70.7745],[-159.4273,70.7747],[-159.4261,70.7751],[-159.4245,70.7756],[-159.4239,70.7758],[-159.4239,70.7764],[-159.4246,70.7767],[-159.4258,70.7768],[-159.4266,70.7769],[-159.428,70.7772],[-159.4281,70.7774],[-159.428,70.7779],[-159.4286,70.778],[-159.4296,70.7785],[-159.4305,70.7792],[-159.4307,70.7796],[-159.4315,70.7802],[-159.4328,70.7813],[-159.4341,70.782],[-159.436,70.7823],[-159.4368,70.7825],[-159.4374,70.7829],[-159.4386,70.7832],[-159.4397,70.7833],[-159.4409,70.7834],[-159.4423,70.7835],[-159.4427,70.7839],[-159.4436,70.7839],[-159.4452,70.784]]},"properties":{}},{"type":"Feature","geometry":{"type":"LineString","coordinates":[[-159.3207,70.7752],[-159.3227,70.7758],[-159.324,70.7761],[-159.3244,70.7761],[-159.3251,70.7759],[-159.3264,70.7758],[-159.3298,70.7757],[-159.3318,70.7757],[-159.3346,70.776],[-159.3356,70.7763],[-159.3367,70.7766],[-159.3392,70.7775],[-159.3425,70.7791],[-159.3441,70.7799],[-159.3447,70.7803],[-159.3462,70.7803],[-159.3471,70.7803],[-159.3475,70.7801],[-159.3475,70.7799],[-159.3472,70.7793],[-159.347,70.779],[-159.3465,70.7771],[-159.3458,70.7748],[-159.3452,70.7719],[-159.3454,70.7712],[-159.3456,70.7707],[-159.346,70.7703],[-159.3444,70.7697],[-159.3427,70.768],[-159.3408,70.7664],[-159.3403,70.7648],[-159.3405,70.764],[-159.3414,70.7636],[-159.3425,70.763],[-159.3432,70.7628],[-159.3445,70.7625],[-159.3471,70.762],[-159.3482,70.7619],[-159.3498,70.7619],[-159.3503,70.7616],[-159.3513,70.7613],[-159.3527,70.761],[-159.3537,70.7611],[-159.3542,70.761],[-159.3547,70.7607],[-159.3556,70.7606],[-159.3561,70.7605],[-159.3578,70.7604],[-159.3587,70.7601],[-159.3599,70.7599],[-159.3606,70.7599],[-159.3622,70.7601],[-159.3628,70.7601],[-159.3626,70.7599],[-159.3625,70.7596],[-159.3634,70.7592],[-159.364,70.759],[-159.3644,70.7589],[-159.3655,70.7589],[-159.3658,70.7588],[-159.3659,70.7585],[-159.3652,70.7576],[-159.3656,70.757],[-159.3662,70.7568],[-159.3668,70.7567],[-159.3668,70.7564],[-159.3669,70.7558],[-159.3679,70.7554],[-159.369,70.7551],[-159.3703,70.755],[-159.3717,70.7549],[-159.3728,70.7549],[-159.3736,70.7549],[-159.3742,70.7549],[-159.3751,70.7548],[-159.3759,70.7545],[-159.3769,70.7544],[-159.3783,70.7545],[-159.3792,70.7545],[-159.3795,70.7542],[-159.3798,70.7539],[-159.3806,70.7537],[-159.3821,70.7528],[-159.3809,70.7524],[-159.3808,70.7518],[-159.3808,70.7514],[-159.3813,70.7511],[-159.3819,70.7509],[-159.3829,70.7509],[-159.3835,70.7504],[-159.3841,70.7499],[-159.3851,70.7492],[-159.3859,70.7491],[-159.3858,70.7489],[-159.3852,70.7488],[-159.3844,70.7486],[-159.3838,70.7483],[-159.3842,70.7482],[-159.3848,70.7482],[-159.3863,70.7485],[-159.3872,70.7487],[-159.3881,70.7488],[-159.39,70.7488],[-159.391,70.7489],[-159.3917,70.749],[-159.3926,70.7489],[-159.3943,70.7487],[-159.3948,70.7485],[-159.3953,70.7483],[-159.3958,70.7482],[-159.396,70.748],[-159.3965,70.7475],[-159.3973,70.7475],[-159.3979,70.7473],[-159.3986,70.7472],[-159.3992,70.7472],[-159.4007,70.7473],[-159.4009,70.7471],[-159.4015,70.7469],[-159.4022,70.7467],[-159.4026,70.7466],[-159.4036,70.7464],[-159.404,70.7463],[-159.4047,70.7462],[-159.4056,70.746],[-159.406,70.746],[-159.4069,70.7461],[-159.4076,70.7464],[-159.4087,70.7461],[-159.4101,70.7457],[-159.4104,70.7453],[-159.4117,70.7449],[-159.4122,70.7447],[-159.4122,70.7444],[-159.4118,70.7442],[-159.4125,70.7439],[-159.4127,70.7437],[-159.4121,70.7435],[-159.4119,70.7434],[-159.4122,70.7429],[-159.4128,70.7428],[-159.4134,70.7425],[-159.4145,70.7424],[-159.4151,70.7422],[-159.416,70.742],[-159.4163,70.7419],[-159.4174,70.7415],[-159.4178,70.7411],[-159.4175,70.7406],[-159.4172,70.7403],[-159.4164,70.7398],[-159.4159,70.7396],[-159.4149,70.7394],[-159.4146,70.7389],[-159.416,70.7386]]},"properties":{}},{"type":"Feature","geometry":{"type":"LineString","coordinates":[[-159.4452,70.784],[-159.4463,70.7838],[-159.4465,70.7836],[-159.4472,70.7836],[-159.4492,70.7834],[-159.4503,70.7836],[-159.4505,70.7839],[-159.451,70.7842],[-159.4529,70.7842],[-159.4538,70.7842],[-159.4551,70.7842],[-159.4559,70.7842],[-159.4573,70.7839],[-159.4577,70.7837],[-159.4576,70.7835],[-159.4576,70.7829],[-159.4582,70.7827],[-159.459,70.7826],[-159.4603,70.7826],[-159.4609,70.7826],[-159.462,70.7826],[-159.463,70.7826],[-159.4649,70.7824],[-159.4662,70.7824],[-159.4677,70.7823],[-159.4703,70.7822],[-159.4709,70.7826],[-159.4711,70.783],[-159.4709,70.7832],[-159.4704,70.7832],[-159.4701,70.7834],[-159.4692,70.7834],[-159.4689,70.7835],[-159.4689,70.7837],[-159.4697,70.7838],[-159.471,70.7838],[-159.4719,70.7837],[-159.4729,70.7837],[-159.4731,70.7838],[-159.4731,70.7839],[-159.472,70.784],[-159.4724,70.7842],[-159.4731,70.7842],[-159.4745,70.7843],[-159.4751,70.7844],[-159.4757,70.7846],[-159.4766,70.7847],[-159.4773,70.7849],[-159.4779,70.7851],[-159.4768,70.7853],[-159.4751,70.785],[-159.4745,70.7848],[-159.4734,70.7849],[-159.4716,70.7848],[-159.4701,70.7848],[-159.4692,70.7848],[-159.4687,70.785],[-159.4684,70.7852],[-159.4682,70.7852],[-159.4668,70.7849],[-159.4663,70.7847],[-159.4661,70.7844],[-159.4658,70.7843],[-159.4645,70.7842],[-159.4638,70.7844],[-159.4626,70.7844],[-159.4619,70.7844],[-159.4618,70.7843],[-159.4616,70.7839],[-159.4604,70.7839],[-159.4591,70.7841],[-159.4581,70.7844],[-159.4576,70.7847],[-159.457,70.7849],[-159.4557,70.7849],[-159.4542,70.7851],[-159.4537,70.7852],[-159.4528,70.7851],[-159.4517,70.7849],[-159.4505,70.7847],[-159.4499,70.7846],[-159.4491,70.7846],[-159.4486,70.7848],[-159.4475,70.785],[-159.4477,70.7853],[-159.4477,70.7856],[-159.4473,70.7859],[-159.4466,70.7859],[-159.4461,70.786],[-159.4461,70.7862],[-159.445,70.7864],[-159.4442,70.7865],[-159.4436,70.7865],[-159.4431,70.7865],[-159.4433,70.7868],[-159.4434,70.7872],[-159.4434,70.7877],[-159.4432,70.788],[-159.4428,70.789],[-159.4429,70.7893],[-159.4427,70.7897],[-159.4422,70.7906],[-159.4418,70.7909],[-159.4421,70.7917],[-159.4421,70.792],[-159.4417,70.7923],[-159.4416,70.7925],[-159.4413,70.7931],[-159.4411,70.7933],[-159.4411,70.7934],[-159.4409,70.7935],[-159.4404,70.7937],[-159.4402,70.7933],[-159.4396,70.7932],[-159.4384,70.7929],[-159.4373,70.7924],[-159.4365,70.7921],[-159.4351,70.7918],[-159.4337,70.7912],[-159.4316,70.7902],[-159.4307,70.7899],[-159.4294,70.7891],[-159.4276,70.7882],[-159.4252,70.7863],[-159.4245,70.7854],[-159.424,70.7851],[-159.4237,70.7849],[-159.4219,70.7834],[-159.4209,70.7823],[-159.42,70.7817],[-159.4179,70.7809],[-159.4161,70.7802],[-159.4144,70.7795],[-159.4119,70.7782],[-159.4107,70.7771],[-159.41,70.7763],[-159.4091,70.7744],[-159.4079,70.7724],[-159.407,70.7712],[-159.4071,70.7706],[-159.4073,70.7703],[-159.4074,70.7701],[-159.4062,70.7701],[-159.4037,70.7701],[-159.4022,70.7701],[-159.3984,70.7698],[-159.3968,70.7695],[-159.3958,70.7692],[-159.3954,70.769],[-159.3945,70.769],[-159.3951,70.7693],[-159.3954,70.7694],[-159.3959,70.7699],[-159.3962,70.7702],[-159.3961,70.7704],[-159.3956,70.7706],[-159.3949,70.7708],[-159.3936,70.7709],[-159.3934,70.7717],[-159.3926,70.7718],[-159.3912,70.772],[-159.3895,70.772],[-159.3888,70.772],[-159.3882,70.772],[-159.3876,70.7722],[-159.3877,70.7725],[-159.3876,70.7728],[-159.3875,70.773],[-159.387,70.7731],[-159.3862,70.7732],[-159.3856,70.7736]]},"properties":{}},{"type":"Feature","geometry":{"type":"LineString","coordinates":[[-158.1556,70.8145],[-158.1564,70.8145],[-158.1566,70.8146],[-158.1625,70.8176],[-158.1656,70.8181],[-158.1673,70.8196],[-158.1832,70.819],[-158.1971,70.8179],[-158.22,70.8172],[-158.2476,70.817],[-158.2751,70.8171],[-158.2923,70.8175],[-158.3345,70.8195],[-158.3493,70.8203],[-158.3655,70.8215],[-158.3784,70.8228],[-158.3888,70.8236],[-158.4065,70.8255],[-158.4911,70.8351],[-158.4967,70.8358],[-158.5028,70.8361],[-158.5071,70.8365],[-158.5142,70.8369],[-158.5158,70.8366],[-158.5206,70.8369],[-158.5304,70.838],[-158.5361,70.8387],[-158.5425,70.8389],[-158.5534,70.8399],[-158.5645,70.8396],[-158.5579,70.8391],[-158.5514,70.8386],[-158.5404,70.8379],[-158.535,70.8376],[-158.5209,70.836],[-158.503,70.8348],[-158.4949,70.8341],[-158.4802,70.8328],[-158.4634,70.8308]]},"properties":{}},{"type":"Feature","geometry":{"type":"LineString","coordinates":[[-158.372,70.8048],[-158.3751,70.8034],[-158.3796,70.8019],[-158.3821,70.801],[-158.3853,70.8003],[-158.3892,70.7996],[-158.3977,70.7986],[-158.401,70.7982],[-158.4043,70.7981],[-158.4064,70.798],[-158.4092,70.7981],[-158.4115,70.7979],[-158.416,70.7974],[-158.4227,70.7971],[-158.4281,70.7968],[-158.4328,70.7965],[-158.4353,70.7968],[-158.4384,70.7967],[-158.4413,70.7968],[-158.4428,70.7974],[-158.4448,70.7979],[-158.4459,70.7985],[-158.4494,70.8006],[-158.4514,70.8037],[-158.4522,70.8053],[-158.4521,70.8057],[-158.4518,70.8059],[-158.4498,70.8064],[-158.4467,70.8069],[-158.4444,70.8073],[-158.4434,70.8075],[-158.443,70.8077],[-158.4428,70.808],[-158.4431,70.8081],[-158.4439,70.8077],[-158.4452,70.8074],[-158.4478,70.807],[-158.4516,70.8063],[-158.4544,70.8055],[-158.4563,70.8047],[-158.4577,70.8042],[-158.4607,70.8033],[-158.4636,70.8023],[-158.4662,70.8018],[-158.4723,70.8017],[-158.4745,70.8015],[-158.476,70.8014],[-158.4769,70.8014],[-158.4777,70.8014],[-158.4779,70.8014],[-158.4779,70.8013],[-158.4778,70.8012],[-158.4774,70.8012],[-158.4769,70.8013],[-158.4764,70.8012],[-158.4763,70.8004],[-158.4765,70.8001],[-158.4771,70.7996],[-158.4777,70.7991],[-158.4793,70.7991],[-158.481,70.7995],[-158.4812,70.8],[-158.48,70.8005],[-158.4787,70.801],[-158.4785,70.8012],[-158.4786,70.8012],[-158.4813,70.8004],[-158.4829,70.8],[-158.4847,70.7996],[-158.4863,70.7991],[-158.4894,70.7983],[-158.491,70.7978],[-158.4949,70.7968],[-158.4973,70.7961],[-158.5029,70.7948],[-158.508,70.7937],[-158.5128,70.793],[-158.5182,70.7924],[-158.5247,70.7923],[-158.5287,70.7922],[-158.535,70.7918],[-158.5392,70.7919],[-158.5415,70.792],[-158.545,70.7927],[-158.5472,70.7934],[-158.5501,70.7944],[-158.5509,70.7953],[-158.552,70.7959],[-158.5537,70.7963],[-158.5568,70.7962],[-158.5678,70.7954],[-158.5718,70.7945],[-158.5749,70.7937],[-158.5772,70.7932],[-158.5811,70.7922],[-158.585,70.7914],[-158.5874,70.7909],[-158.5897,70.7905],[-158.5932,70.79],[-158.5964,70.7894],[-158.6007,70.789],[-158.6107,70.7883],[-158.6199,70.7877],[-158.6333,70.7872],[-158.6409,70.7872],[-158.6481,70.7869],[-158.6545,70.7864],[-158.6622,70.7858],[-158.669,70.7856],[-158.6825,70.7857],[-158.7148,70.7869],[-158.7256,70.7874],[-158.7314,70.7872],[-158.7415,70.7873],[-158.7586,70.7881],[-158.7669,70.7885],[-158.7752,70.7891],[-158.7781,70.7888],[-158.7821,70.7888],[-158.7913,70.7889],[-158.8053,70.7893],[-158.8229,70.7901],[-158.8321,70.7904],[-158.8383,70.7906],[-158.8469,70.791],[-158.8602,70.7915],[-158.8738,70.7918],[-158.8854,70.7925],[-158.8927,70.7929],[-158.9048,70.7937],[-158.9236,70.7948],[-158.9393,70.796],[-158.9537,70.7974],[-158.9791,70.8012],[-158.9898,70.8028],[-159.0015,70.8053],[-159.0157,70.8079],[-159.0257,70.8098],[-159.0333,70.8109],[-159.0389,70.8119],[-159.0438,70.8126],[-159.0501,70.8138],[-159.0549,70.8146],[-159.0581,70.815],[-159.064,70.8161],[-159.0684,70.817],[-159.0694,70.8169],[-159.07,70.8167],[-159.0718,70.8167],[-159.0728,70.8167]]},"properties":{}},{"type":"Feature","geometry":{"type":"LineString","coordinates":[[-159.2583,70.7745],[-159.2599,70.7749],[-159.2602,70.7748],[-159.2592,70.7742],[-159.2592,70.7726],[-159.2599,70.7705],[-159.2619,70.767],[-159.2632,70.765],[-159.2661,70.7628],[-159.2674,70.7617],[-159.2683,70.7614],[-159.2691,70.7613],[-159.2694,70.7612],[-159.2697,70.7605],[-159.2707,70.76],[-159.2719,70.7595],[-159.2733,70.7593],[-159.2749,70.759],[-159.2763,70.7587],[-159.2773,70.7585],[-159.2746,70.7576],[-159.2728,70.7568],[-159.2711,70.7556],[-159.2702,70.755],[-159.2699,70.7544],[-159.2688,70.7527],[-159.2684,70.7508],[-159.2684,70.7483],[-159.2689,70.7457],[-159.2688,70.7439],[-159.2683,70.7418],[-159.268,70.7398],[-159.2682,70.7376],[-159.2691,70.7367],[-159.2701,70.7356],[-159.2673,70.7359],[-159.2645,70.7358],[-159.2627,70.7356],[-159.2584,70.7336],[-159.2568,70.7341],[-159.2549,70.7345],[-159.2503,70.7349],[-159.2495,70.7348],[-159.251,70.7344],[-159.2542,70.7338],[-159.2564,70.7335],[-159.2572,70.7331],[-159.2571,70.7326],[-159.2518,70.7272],[-159.2507,70.7261],[-159.2514,70.7249],[-159.2514,70.7243],[-159.2505,70.7236],[-159.2493,70.7227],[-159.249,70.7225],[-159.2475,70.722],[-159.2452,70.7213],[-159.2439,70.7209],[-159.2428,70.7202],[-159.2418,70.7196],[-159.2406,70.7181],[-159.2394,70.717],[-159.2375,70.7159],[-159.2357,70.7156],[-159.2321,70.7149],[-159.2306,70.7145],[-159.2299,70.7141],[-159.2293,70.7137],[-159.2277,70.7135],[-159.2264,70.7131],[-159.225,70.7125],[-159.2245,70.7121],[-159.2231,70.7114],[-159.2198,70.711],[-159.218,70.7106],[-159.2173,70.7101],[-159.2167,70.7099],[-159.2159,70.7097],[-159.2152,70.7092],[-159.214,70.7076],[-159.2148,70.7066],[-159.2165,70.7054],[-159.2149,70.7055],[-159.2141,70.7055],[-159.2133,70.7056],[-159.2122,70.7055],[-159.2098,70.7051],[-159.2068,70.7036],[-159.2052,70.7025],[-159.2038,70.7008],[-159.2035,70.6992],[-159.2028,70.6975],[-159.2024,70.6958],[-159.2035,70.6934],[-159.204,70.6924],[-159.2039,70.6915],[-159.2026,70.6908],[-159.2006,70.6904],[-159.1984,70.6898],[-159.1972,70.6886],[-159.1962,70.6883],[-159.1946,70.6878],[-159.1937,70.6873],[-159.1925,70.6869],[-159.1899,70.6865],[-159.1884,70.6862],[-159.1861,70.6856],[-159.1854,70.6851],[-159.1848,70.685],[-159.1829,70.6848],[-159.1814,70.6846],[-159.1802,70.6842],[-159.1791,70.684],[-159.1784,70.6837],[-159.1752,70.6825],[-159.1749,70.6822],[-159.1747,70.6817],[-159.1735,70.6813],[-159.1729,70.6811],[-159.1727,70.6807],[-159.1725,70.68],[-159.1724,70.6795],[-159.1719,70.6794],[-159.171,70.6793],[-159.1706,70.6786],[-159.1707,70.6778],[-159.1708,70.6771],[-159.1708,70.6767],[-159.1714,70.6763],[-159.1716,70.6761],[-159.1709,70.6755],[-159.1715,70.6743],[-159.1721,70.673],[-159.1721,70.6722],[-159.1725,70.6719],[-159.1727,70.6716],[-159.1727,70.6714],[-159.1729,70.6709],[-159.1731,70.6705],[-159.1731,70.6702],[-159.1734,70.67],[-159.1732,70.6698],[-159.1731,70.6695],[-159.1732,70.6689],[-159.1734,70.6686],[-159.1732,70.6681],[-159.1717,70.6668],[-159.1711,70.6662],[-159.171,70.6658],[-159.1706,70.6654],[-159.1704,70.6652],[-159.1687,70.6644],[-159.1676,70.6638],[-159.1662,70.6634],[-159.1651,70.6632],[-159.164,70.6627],[-159.1633,70.6624],[-159.1613,70.6619],[-159.1604,70.6617],[-159.1588,70.6613],[-159.1584,70.6607],[-159.1576,70.6603],[-159.1575,70.6603],[-159.1576,70.6599],[-159.1572,70.6595],[-159.156,70.6588],[-159.1542,70.6584],[-159.1518,70.658],[-159.149,70.6579],[-159.147,70.6576],[-159.1458,70.6576],[-159.1453,70.6576],[-159.1446,70.6576],[-159.1435,70.6577],[-159.1383,70.6583],[-159.1352,70.6589],[-159.1346,70.659],[-159.1329,70.6592],[-159.1314,70.6597],[-159.1298,70.6602],[-159.1283,70.6607],[-159.126,70.6615],[-159.1244,70.662],[-159.1204,70.663],[-159.1179,70.6634],[-159.1164,70.6635],[-159.1128,70.6634],[-159.1101,70.6632],[-159.108,70.663],[-159.1063,70.6629],[-159.1045,70.6627],[-159.1027,70.6624],[-159.1015,70.6622],[-159.099,70.662],[-159.0979,70.6618],[-159.0969,70.6615],[-159.0942,70.6607],[-159.0905,70.6597],[-159.0873,70.6591],[-159.0854,70.6582],[-159.0893,70.6585],[-159.0916,70.659],[-159.0948,70.6596],[-159.0971,70.6598],[-159.0982,70.6601],[-159.0987,70.6603],[-159.0994,70.6606],[-159.1002,70.661],[-159.101,70.6612],[-159.1029,70.6613],[-159.106,70.6617],[-159.1091,70.6618],[-159.1123,70.6622],[-159.1159,70.6622],[-159.1171,70.6621],[-159.119,70.6618],[-159.1206,70.6613],[-159.1221,70.6609],[-159.1243,70.6606],[-159.1253,70.6598],[-159.1277,70.6588],[-159.1295,70.6583],[-159.1311,70.658],[-159.1318,70.6578],[-159.133,70.6575],[-159.1343,70.657],[-159.135,70.6567],[-159.1376,70.6565],[-159.1402,70.6562],[-159.1419,70.6561],[-159.1434,70.6561],[-159.1446,70.6561],[-159.1462,70.6561],[-159.1499,70.6564],[-159.1519,70.6566],[-159.1537,70.6568],[-159.1553,70.6569],[-159.1568,70.657],[-159.1571,70.6571],[-159.1591,70.6577],[-159.1601,70.658],[-159.1605,70.6582],[-159.1607,70.6584],[-159.1611,70.6588],[-159.1624,70.6592],[-159.1633,70.6596],[-159.1639,70.6599],[-159.1646,70.6604],[-159.166,70.6608],[-159.1692,70.6615],[-159.1707,70.662],[-159.1721,70.6627],[-159.174,70.6635],[-159.1749,70.6641],[-159.176,70.6648],[-159.1772,70.6654],[-159.1781,70.6657],[-159.1785,70.6661],[-159.1795,70.6665],[-159.1795,70.6668],[-159.18,70.6673],[-159.1807,70.668],[-159.1809,70.6685],[-159.1811,70.6697],[-159.1816,70.6705],[-159.1814,70.6711],[-159.1803,70.6721],[-159.1798,70.6726],[-159.1797,70.6732],[-159.1797,70.6736],[-159.1805,70.6744],[-159.1814,70.675],[-159.1821,70.6754],[-159.1818,70.6758],[-159.1811,70.6759],[-159.1802,70.676],[-159.1802,70.6762],[-159.1807,70.6768],[-159.1808,70.6773],[-159.1803,70.6778],[-159.18,70.678],[-159.1798,70.6783],[-159.1798,70.6784],[-159.18,70.6786],[-159.1813,70.6787],[-159.1822,70.6786],[-159.1828,70.6786],[-159.1837,70.6785],[-159.1843,70.6786],[-159.1861,70.6791],[-159.186,70.6796],[-159.1855,70.6801],[-159.1839,70.6805],[-159.184,70.681],[-159.1862,70.6812],[-159.1872,70.6817],[-159.1881,70.6821],[-159.1903,70.6828],[-159.1922,70.683],[-159.1938,70.683],[-159.1946,70.6832],[-159.1955,70.6835],[-159.1968,70.6836],[-159.1983,70.684],[-159.1987,70.6843],[-159.1993,70.685],[-159.2006,70.6849],[-159.2012,70.685],[-159.2016,70.6851],[-159.2024,70.6852],[-159.2036,70.6852],[-159.2045,70.6854],[-159.2065,70.6857],[-159.2076,70.6859],[-159.2078,70.686],[-159.2082,70.6863],[-159.2096,70.6868],[-159.2106,70.6873],[-159.2121,70.6879],[-159.2127,70.6883],[-159.2136,70.6889],[-159.2138,70.6895],[-159.2143,70.6902],[-159.2144,70.6906],[-159.2146,70.691],[-159.215,70.6914],[-159.216,70.6921],[-159.218,70.6929],[-159.2196,70.6934],[-159.2201,70.6938],[-159.2204,70.6949],[-159.2204,70.6952],[-159.2195,70.6953],[-159.2192,70.6953],[-159.2191,70.6956],[-159.2202,70.6963],[-159.2213,70.6971],[-159.222,70.698],[-159.222,70.6988],[-159.222,70.7001],[-159.2215,70.7011],[-159.2215,70.7016],[-159.2214,70.7022],[-159.2216,70.703],[-159.2222,70.7038],[-159.2218,70.7045],[-159.2213,70.7052],[-159.2217,70.7054],[-159.2237,70.7053],[-159.2263,70.7056],[-159.2274,70.7057],[-159.228,70.7058],[-159.2308,70.7062],[-159.2321,70.7062],[-159.2333,70.7064],[-159.2358,70.7068],[-159.2369,70.7071],[-159.2387,70.7072],[-159.2407,70.7074],[-159.2413,70.7075],[-159.2425,70.7078],[-159.2436,70.7084],[-159.2453,70.7085],[-159.2459,70.7085],[-159.2465,70.7086],[-159.2473,70.7086],[-159.2484,70.7088],[-159.2491,70.7088],[-159.2517,70.7089],[-159.2531,70.7091],[-159.2546,70.7094],[-159.2586,70.7109],[-159.2598,70.7116],[-159.2608,70.7121],[-159.2626,70.7141],[-159.2637,70.7164],[-159.265,70.7179],[-159.2664,70.7188],[-159.2669,70.7198],[-159.2671,70.7206],[-159.2666,70.7218],[-159.2637,70.7232],[-159.2639,70.7239],[-159.266,70.7246],[-159.2681,70.7265],[-159.2682,70.7272],[-159.2694,70.728],[-159.27,70.7288],[-159.2712,70.7314],[-159.2727,70.7323],[-159.2732,70.7341],[-159.2781,70.7343],[-159.2814,70.7345],[-159.283,70.735],[-159.2843,70.7355],[-159.2863,70.736],[-159.2946,70.7367],[-159.2969,70.7368],[-159.2975,70.7365],[-159.2999,70.7355],[-159.305,70.7347],[-159.307,70.7344],[-159.3091,70.7339],[-159.3098,70.7333],[-159.3109,70.7329],[-159.3113,70.7324],[-159.3127,70.7318],[-159.3132,70.731],[-159.3127,70.7304],[-159.3136,70.7305],[-159.3161,70.7303],[-159.3187,70.7301],[-159.3203,70.73],[-159.3202,70.7296],[-159.3197,70.7292],[-159.3192,70.729],[-159.3182,70.7285],[-159.3183,70.7278],[-159.3197,70.7274],[-159.3198,70.728],[-159.3203,70.7284],[-159.3211,70.7288],[-159.3223,70.729],[-159.323,70.7293],[-159.3228,70.7297],[-159.3218,70.7302],[-159.3205,70.7307],[-159.3185,70.7308],[-159.3164,70.7313],[-159.3141,70.733],[-159.3139,70.7334],[-159.3138,70.7335],[-159.3131,70.7339],[-159.3128,70.7341],[-159.3131,70.7343],[-159.313,70.7345],[-159.3128,70.7348],[-159.314,70.7354],[-159.3152,70.7362],[-159.3164,70.7373],[-159.3172,70.7384],[-159.3173,70.7389],[-159.3178,70.7393],[-159.3185,70.7394],[-159.3192,70.7394],[-159.3203,70.7393],[-159.3217,70.739],[-159.3223,70.7392],[-159.3234,70.7391],[-159.3251,70.739],[-159.3277,70.7391],[-159.3285,70.7388],[-159.3306,70.7388],[-159.3325,70.7385],[-159.334,70.7384],[-159.334,70.7379],[-159.336,70.7377],[-159.3384,70.7375],[-159.3409,70.7379],[-159.3416,70.7369],[-159.3432,70.737],[-159.3466,70.7366],[-159.351,70.7358],[-159.3487,70.7371],[-159.3484,70.738],[-159.3476,70.7382],[-159.347,70.7385],[-159.3444,70.7389],[-159.3436,70.7395],[-159.3416,70.7399],[-159.3401,70.7402],[-159.3374,70.7399],[-159.3351,70.7399],[-159.3294,70.7408],[-159.3284,70.7415],[-159.3261,70.7417],[-159.3248,70.7413],[-159.3209,70.7415],[-159.3177,70.7414],[-159.3145,70.7412],[-159.3104,70.7409],[-159.308,70.7409],[-159.306,70.7407],[-159.3048,70.7407],[-159.303,70.7409],[-159.3031,70.7414],[-159.3044,70.7422],[-159.3058,70.743],[-159.308,70.7445],[-159.3094,70.7458],[-159.3105,70.7481],[-159.3102,70.75],[-159.3086,70.7515],[-159.3064,70.7524],[-159.3027,70.7536],[-159.3016,70.7545],[-159.3006,70.7562],[-159.3005,70.7581],[-159.3028,70.7613],[-159.3045,70.7631],[-159.3084,70.7661],[-159.3147,70.7707],[-159.3186,70.7738],[-159.3207,70.7752]]},"properties":{}},{"type":"Feature","geometry":{"type":"LineString","coordinates":[[-159.0616,70.7691],[-159.0662,70.7671],[-159.0674,70.7667],[-159.0693,70.7661],[-159.0728,70.7652],[-159.0766,70.7648],[-159.0793,70.7649],[-159.0824,70.7652],[-159.084,70.7649],[-159.0878,70.7637],[-159.0894,70.7635],[-159.091,70.763],[-159.0938,70.7622],[-159.0996,70.7612],[-159.1037,70.7606],[-159.1067,70.7601],[-159.1095,70.7598],[-159.1165,70.759],[-159.126,70.7586],[-159.1356,70.7586],[-159.1437,70.7587],[-159.1507,70.7591],[-159.1588,70.7605],[-159.1656,70.7616],[-159.1684,70.7621],[-159.1723,70.7612],[-159.1752,70.7605],[-159.1793,70.7601],[-159.187,70.76],[-159.187,70.7596],[-159.185,70.7589],[-159.1856,70.7572],[-159.1839,70.7567],[-159.1819,70.7564],[-159.18,70.7553],[-159.1785,70.7553],[-159.1777,70.7545],[-159.18,70.7544],[-159.1822,70.7547],[-159.1854,70.7545],[-159.1846,70.7527],[-159.1808,70.7524],[-159.18,70.7514],[-159.1746,70.7512],[-159.1746,70.7507],[-159.1817,70.7508],[-159.1846,70.7516],[-159.1854,70.7512],[-159.1862,70.7512],[-159.188,70.7518],[-159.1885,70.7524],[-159.1903,70.7533],[-159.1908,70.7543],[-159.1893,70.7547],[-159.1889,70.7553],[-159.1893,70.7558],[-159.1893,70.7563],[-159.1921,70.7571],[-159.1937,70.7582],[-159.195,70.7587],[-159.1945,70.7593],[-159.1934,70.7596],[-159.1981,70.7598],[-159.2022,70.7603],[-159.2072,70.7616],[-159.2119,70.7629],[-159.2142,70.7637],[-159.2212,70.7652],[-159.2251,70.7662],[-159.229,70.767],[-159.2321,70.7677],[-159.2344,70.7685],[-159.236,70.769],[-159.2375,70.7695],[-159.2422,70.7708],[-159.2453,70.7715],[-159.248,70.772],[-159.2515,70.7728],[-159.2549,70.7735],[-159.257,70.7742],[-159.2583,70.7745]]},"properties":{}},{"type":"Feature","geometry":{"type":"LineString","coordinates":[[-159.1169,70.8176],[-159.1221,70.82],[-159.1239,70.8207],[-159.1254,70.8213],[-159.1272,70.8219],[-159.1298,70.8232],[-159.1338,70.8256],[-159.138,70.8283],[-159.141,70.83],[-159.1426,70.8304],[-159.1437,70.8307],[-159.1457,70.8312],[-159.1461,70.8313],[-159.1469,70.8317],[-159.1469,70.8321],[-159.1462,70.833],[-159.1478,70.8341],[-159.1537,70.8339],[-159.1597,70.8339],[-159.1621,70.8342],[-159.1639,70.8349],[-159.168,70.8346],[-159.1711,70.8348],[-159.1726,70.8349],[-159.1738,70.835],[-159.1776,70.835],[-159.1776,70.8355],[-159.1724,70.8357],[-159.1705,70.836],[-159.1685,70.836],[-159.1673,70.836],[-159.1652,70.836],[-159.1669,70.8374],[-159.1668,70.838],[-159.1652,70.8383],[-159.1621,70.8391],[-159.1589,70.8394],[-159.1566,70.8393],[-159.1552,70.8399],[-159.157,70.8416],[-159.1572,70.8426],[-159.1598,70.8456],[-159.1628,70.8489],[-159.1629,70.849],[-159.1662,70.8516],[-159.1692,70.8542],[-159.1726,70.8561],[-159.1736,70.8572],[-159.1747,70.8575],[-159.1764,70.8565],[-159.1785,70.8561],[-159.1833,70.8544],[-159.1841,70.8534],[-159.1864,70.8526],[-159.191,70.8518],[-159.1929,70.8493],[-159.1964,70.848],[-159.2058,70.8471],[-159.2112,70.8474],[-159.2143,70.8467],[-159.2183,70.8458],[-159.2238,70.8452],[-159.2291,70.8455],[-159.2314,70.845],[-159.2369,70.8454],[-159.2377,70.8462],[-159.2408,70.8462],[-159.2423,70.8446],[-159.2439,70.8446],[-159.2462,70.8418],[-159.2493,70.8421],[-159.2469,70.8393]]},"properties":{}},{"type":"Feature","geometry":{"type":"LineString","coordinates":[[-159.2469,70.8393],[-159.2485,70.8393],[-159.2504,70.8408],[-159.2524,70.8426],[-159.2547,70.8426],[-159.2547,70.8428],[-159.2485,70.8427],[-159.2466,70.8446],[-159.2443,70.8451],[-159.2439,70.8459],[-159.2454,70.8459],[-159.2486,70.8449],[-159.2542,70.8441],[-159.2592,70.8439],[-159.2647,70.844],[-159.2719,70.8439],[-159.2742,70.8445],[-159.2828,70.8437],[-159.2887,70.8437],[-159.2937,70.8438],[-159.2951,70.8442],[-159.2983,70.8449],[-159.3007,70.8444],[-159.3054,70.8442],[-159.3104,70.8444],[-159.3139,70.8448],[-159.3147,70.846],[-159.3178,70.8463],[-159.3178,70.8455],[-159.3209,70.8453],[-159.3217,70.8445],[-159.3318,70.8441],[-159.3333,70.8445],[-159.3334,70.845],[-159.3388,70.8455],[-159.3403,70.8437],[-159.3442,70.8431],[-159.3582,70.8427],[-159.3582,70.8429],[-159.3551,70.8432],[-159.3536,70.8441],[-159.3396,70.8466],[-159.3303,70.8477],[-159.3202,70.8498],[-159.3163,70.8498],[-159.3132,70.8513],[-159.3111,70.8519],[-159.3086,70.8525],[-159.3024,70.8536],[-159.2969,70.8539],[-159.2927,70.8551],[-159.2885,70.8555],[-159.2861,70.8555],[-159.2837,70.8558],[-159.2822,70.856],[-159.2807,70.8564],[-159.2791,70.8566],[-159.2771,70.857],[-159.2745,70.8574],[-159.2726,70.8578],[-159.2681,70.8582],[-159.2643,70.8587],[-159.262,70.8591],[-159.2594,70.8594],[-159.2534,70.86],[-159.2511,70.8608],[-159.2435,70.8616],[-159.2382,70.8616],[-159.2345,70.8621],[-159.2312,70.8629],[-159.2241,70.8633],[-159.221,70.8635],[-159.2184,70.8638],[-159.2167,70.8643],[-159.2142,70.8652],[-159.2095,70.8656],[-159.206,70.8658],[-159.2028,70.8656],[-159.1997,70.8658],[-159.1942,70.8663],[-159.1913,70.8667],[-159.1873,70.8671],[-159.1834,70.8676],[-159.1802,70.8679],[-159.1786,70.868],[-159.1758,70.8684],[-159.174,70.8685],[-159.1711,70.8689],[-159.1694,70.869],[-159.1634,70.8694],[-159.1616,70.87],[-159.1585,70.87],[-159.153,70.8704],[-159.1474,70.8703],[-159.1453,70.8706],[-159.1441,70.8709],[-159.1439,70.8713],[-159.1445,70.8718],[-159.1435,70.872],[-159.1376,70.8723],[-159.1335,70.8725],[-159.1314,70.8729],[-159.1288,70.8739],[-159.125,70.8748],[-159.1218,70.8751],[-159.1202,70.8757],[-159.1189,70.8768],[-159.1183,70.8779],[-159.1165,70.8778],[-159.1104,70.8768],[-159.1054,70.8751],[-159.1026,70.8755],[-159.0983,70.8767],[-159.0938,70.8776],[-159.0911,70.8782],[-159.0884,70.8789],[-159.084,70.8796],[-159.0789,70.8804],[-159.0771,70.8806],[-159.0757,70.8807],[-159.072,70.8807],[-159.065,70.8799],[-159.0603,70.88],[-159.0589,70.8799],[-159.056,70.8798],[-159.054,70.88],[-159.0523,70.8802]]},"properties":{}},{"type":"Feature","geometry":{"type":"LineString","coordinates":[[-159.0523,70.8802],[-159.0472,70.881],[-159.0439,70.8816],[-159.033,70.883],[-159.0273,70.8831],[-159.0243,70.883],[-159.0216,70.8829],[-159.0182,70.8825],[-159.0127,70.882],[-159.0115,70.8812],[-159.0104,70.8808],[-159.0085,70.8805],[-159.0073,70.8808],[-159.0061,70.8818],[-159.005,70.8829],[-158.9988,70.8837],[-158.9951,70.8844],[-158.9933,70.8849],[-158.9887,70.8856],[-158.9836,70.8861],[-158.9793,70.8865],[-158.9756,70.8869],[-158.9722,70.8876],[-158.9703,70.888],[-158.9683,70.8885],[-158.9652,70.8896],[-158.9619,70.8905],[-158.9571,70.8912],[-158.9509,70.8924],[-158.9464,70.8927],[-158.9366,70.8938],[-158.9273,70.8944],[-158.9183,70.8943],[-158.9126,70.8946],[-158.9094,70.8949],[-158.9056,70.8948],[-158.9031,70.895],[-158.9014,70.8952],[-158.8989,70.8956],[-158.8955,70.8963],[-158.8934,70.8966],[-158.8918,70.8969],[-158.8902,70.8975],[-158.8871,70.8982],[-158.8856,70.8984],[-158.8825,70.8992],[-158.8798,70.8998],[-158.8758,70.9002],[-158.8711,70.9005],[-158.865,70.9014],[-158.8623,70.9017],[-158.8598,70.9022],[-158.8553,70.9029],[-158.852,70.9035],[-158.8491,70.9039],[-158.8466,70.9045],[-158.8366,70.9058],[-158.8321,70.9063],[-158.8272,70.9065],[-158.8207,70.9066],[-158.8134,70.9068],[-158.806,70.907],[-158.7981,70.9066],[-158.7946,70.9065],[-158.7893,70.9063],[-158.7863,70.9058],[-158.7831,70.9054]]},"properties":{}},{"type":"Feature","geometry":{"type":"LineString","coordinates":[[-159.0728,70.8167],[-159.0718,70.8164],[-159.0689,70.8152],[-159.0687,70.8138],[-159.0677,70.8102],[-159.0664,70.8066],[-159.0657,70.8037],[-159.0651,70.8028],[-159.0636,70.8016],[-159.0601,70.8001],[-159.0554,70.7993],[-159.0548,70.7991],[-159.0539,70.7987],[-159.0526,70.7983],[-159.0507,70.7972],[-159.05,70.7969],[-159.0491,70.7971],[-159.0485,70.7978],[-159.0476,70.7984],[-159.0453,70.7993],[-159.0425,70.8],[-159.0397,70.8002],[-159.0352,70.8002],[-159.0236,70.7985],[-159.0145,70.7973],[-159.0003,70.7951],[-158.9871,70.7933],[-158.979,70.7928],[-158.9749,70.7929],[-158.9719,70.7925],[-158.9678,70.7917],[-158.9623,70.7903],[-158.9592,70.7896],[-158.956,70.7888],[-158.9537,70.788],[-158.9495,70.7852],[-158.9486,70.7824],[-158.9497,70.7802],[-158.9505,70.7778],[-158.9515,70.7763],[-158.9524,70.7747],[-158.9535,70.7738],[-158.9506,70.7738],[-158.9488,70.7728],[-158.9468,70.7719],[-158.9433,70.7716],[-158.9403,70.7715],[-158.9383,70.7717],[-158.9372,70.7719],[-158.9357,70.7716],[-158.9337,70.7714],[-158.9312,70.772],[-158.9285,70.7727],[-158.9268,70.7728],[-158.9254,70.773],[-158.9242,70.773],[-158.9229,70.7728],[-158.9218,70.7726],[-158.9209,70.7723],[-158.9208,70.7718],[-158.9208,70.7713],[-158.9203,70.7709],[-158.9195,70.7706],[-158.9186,70.7697],[-158.9186,70.7691],[-158.9184,70.7687],[-158.9182,70.7679],[-158.9207,70.7682],[-158.9216,70.7685],[-158.9225,70.7691],[-158.9224,70.7697],[-158.9231,70.7701],[-158.9239,70.7707],[-158.9241,70.7711],[-158.9241,70.7715],[-158.9244,70.7719],[-158.925,70.772],[-158.9258,70.7715],[-158.9277,70.7708],[-158.9356,70.77],[-158.9375,70.7691],[-158.9392,70.7687],[-158.9414,70.7684],[-158.9406,70.7676],[-158.9399,70.767],[-158.9401,70.7662],[-158.9414,70.7661],[-158.9423,70.7662],[-158.9449,70.7664],[-158.946,70.7665],[-158.9476,70.7666],[-158.9484,70.7638],[-158.9491,70.7638],[-158.9511,70.7657],[-158.948,70.7678],[-158.9495,70.7691],[-158.9507,70.7696],[-158.9512,70.7703],[-158.953,70.7707],[-158.955,70.7714],[-158.9556,70.7731],[-158.9576,70.7737],[-158.9647,70.7692],[-158.9694,70.768],[-158.9733,70.7672],[-158.9838,70.7655],[-158.9886,70.7651],[-158.9941,70.7644],[-158.9986,70.7643],[-159.001,70.7641],[-159.0072,70.7639],[-159.0107,70.7639],[-159.0127,70.7642],[-159.0232,70.7642],[-159.0278,70.7643],[-159.0321,70.7653],[-159.0359,70.7662],[-159.0397,70.7678],[-159.0443,70.7707],[-159.0462,70.773],[-159.0466,70.7741],[-159.0458,70.7749],[-159.0453,70.7753],[-159.0484,70.7745],[-159.0491,70.7735],[-159.0527,70.7732],[-159.0557,70.7714],[-159.0587,70.7702],[-159.0616,70.7691]]},"properties":{}},{"type":"Feature","geometry":{"type":"LineString","coordinates":[[-159.016,70.8798],[-159.0163,70.8798],[-159.0167,70.8799],[-159.0169,70.8798],[-159.0166,70.8796],[-159.0163,70.8795],[-159.0162,70.8794],[-159.0163,70.8793],[-159.0162,70.8791],[-159.0163,70.879],[-159.0166,70.8789],[-159.0169,70.8788],[-159.0174,70.8788],[-159.018,70.8788],[-159.0186,70.8788],[-159.019,70.879],[-159.0191,70.8792],[-159.0193,70.8793],[-159.0193,70.8795],[-159.0197,70.8795],[-159.02,70.8795],[-159.0201,70.8793],[-159.0203,70.8792],[-159.0204,70.879],[-159.0208,70.8789],[-159.0211,70.8788],[-159.0214,70.8787],[-159.0209,70.8784],[-159.0204,70.8783],[-159.0195,70.8783],[-159.0185,70.8783],[-159.0164,70.8787],[-159.0151,70.8791],[-159.014,70.8794],[-159.0128,70.8797],[-159.0122,70.8799],[-159.0119,70.88],[-159.0114,70.8799],[-159.011,70.8799],[-159.0104,70.8799],[-159.0099,70.8801],[-159.0093,70.8802],[-159.0086,70.8803],[-159.0081,70.8804],[-159.0076,70.8804],[-159.0071,70.8805],[-159.0066,70.8806],[-159.0053,70.8809],[-159.0042,70.8812],[-159.0035,70.8814],[-159.0028,70.8816],[-159.0025,70.8818],[-159.0021,70.8818],[-159.0011,70.8821],[-158.999,70.8825],[-158.998,70.8827],[-158.9969,70.8829],[-158.9961,70.883],[-158.9956,70.8831],[-158.9953,70.8832],[-158.9949,70.8832],[-158.9959,70.8832],[-158.9966,70.8831],[-158.998,70.8829],[-158.999,70.8826],[-159.0013,70.8821],[-159.0022,70.8821],[-159.0027,70.8819],[-159.003,70.8818],[-159.0039,70.8817],[-159.0046,70.8817],[-159.0049,70.8817],[-159.0049,70.8815],[-159.0047,70.8814],[-159.0043,70.8813],[-159.0043,70.8813],[-159.0045,70.8813],[-159.0053,70.8811],[-159.0059,70.881],[-159.0067,70.8808],[-159.0077,70.8806],[-159.0085,70.8805],[-159.0096,70.8804],[-159.0102,70.8804],[-159.011,70.8804],[-159.0118,70.8803],[-159.0121,70.8803],[-159.0126,70.8801],[-159.0134,70.8801],[-159.0137,70.8799],[-159.0138,70.8798],[-159.0139,70.8796],[-159.0144,70.8795],[-159.0149,70.8794],[-159.015,70.8794],[-159.0152,70.8795],[-159.0152,70.8797],[-159.015,70.8798],[-159.0147,70.8799],[-159.0148,70.8802],[-159.0148,70.8803],[-159.0151,70.8804],[-159.0151,70.8803],[-159.0151,70.8802],[-159.0152,70.88],[-159.0155,70.8799],[-159.016,70.8798]]},"properties":{}},{"type":"Feature","geometry":{"type":"LineString","coordinates":[[-158.6822,70.8624],[-158.678,70.8663],[-158.6834,70.8711],[-158.6887,70.8756],[-158.6945,70.8804],[-158.7064,70.887],[-158.7192,70.8936],[-158.7269,70.8977],[-158.7316,70.9002],[-158.7341,70.9023],[-158.7356,70.9032],[-158.7365,70.904],[-158.737,70.9042],[-158.7379,70.9042],[-158.7382,70.9041],[-158.7375,70.9037],[-158.7385,70.9031],[-158.742,70.9023],[-158.7433,70.9019],[-158.7428,70.9019],[-158.7411,70.9022],[-158.7396,70.9024],[-158.7383,70.9023],[-158.7368,70.9023],[-158.7357,70.902],[-158.7338,70.9009],[-158.7305,70.8973],[-158.7184,70.892],[-158.7113,70.8888],[-158.7013,70.8832],[-158.6926,70.8771],[-158.6919,70.8747],[-158.6883,70.8722],[-158.6846,70.8699],[-158.6808,70.8663],[-158.6813,70.8652],[-158.6849,70.8635],[-158.6866,70.8627],[-158.6864,70.8617],[-158.6845,70.8615],[-158.683,70.8619],[-158.6822,70.8624]]},"properties":{}},{"type":"Feature","geometry":{"type":"LineString","coordinates":[[-157.6575,70.9059],[-157.6608,70.905],[-157.6639,70.9042],[-157.6667,70.9033],[-157.6703,70.9021],[-157.675,70.9009],[-157.679,70.8996],[-157.6806,70.8991],[-157.6822,70.8986],[-157.6902,70.8964],[-157.6934,70.8954],[-157.6949,70.8949],[-157.6981,70.8939],[-157.6997,70.8934],[-157.7029,70.8926],[-157.7057,70.8919],[-157.7084,70.8911],[-157.7116,70.8904],[-157.7132,70.8899],[-157.7164,70.8889],[-157.7198,70.8878],[-157.7243,70.8867],[-157.7259,70.8862],[-157.7283,70.8857],[-157.7323,70.8847],[-157.7338,70.8844],[-157.7394,70.8829],[-157.7426,70.8821],[-157.7481,70.8807],[-157.7537,70.8794],[-157.756,70.8789],[-157.7584,70.8784],[-157.7616,70.8777],[-157.7676,70.876],[-157.7734,70.875],[-157.7778,70.8739],[-157.7876,70.872],[-157.7899,70.8715],[-157.7963,70.8703],[-157.7979,70.8698],[-157.8021,70.8688],[-157.8074,70.8675],[-157.8114,70.8666],[-157.82,70.865],[-157.8241,70.8642],[-157.8287,70.8633],[-157.8326,70.8625],[-157.8373,70.8616],[-157.8389,70.8612],[-157.8436,70.8603],[-157.8451,70.86],[-157.8531,70.8589],[-157.8555,70.8584],[-157.8578,70.8579],[-157.8594,70.8575],[-157.8643,70.8565],[-157.8721,70.8548],[-157.88,70.8533],[-157.8913,70.8514],[-157.8972,70.8506],[-157.916,70.8475],[-157.9231,70.8465],[-157.9336,70.8446],[-157.9411,70.8435],[-157.9469,70.8426],[-157.9524,70.8419],[-157.9611,70.8406],[-157.9811,70.838],[-157.9897,70.8368],[-157.9927,70.8364],[-157.996,70.8362],[-158.0015,70.8352],[-158.0135,70.8333],[-158.0234,70.832],[-158.0307,70.8311],[-158.038,70.8303],[-158.044,70.8296],[-158.0619,70.8277],[-158.0751,70.8263],[-158.0924,70.8247],[-158.1034,70.8237],[-158.1133,70.8228],[-158.1258,70.8216],[-158.1357,70.8212],[-158.1416,70.8207],[-158.1486,70.8204],[-158.1537,70.8201],[-158.16,70.8199],[-158.1639,70.8197],[-158.1654,70.8195],[-158.1632,70.8191],[-158.1617,70.8182],[-158.1606,70.8181],[-158.1594,70.8174],[-158.1578,70.8167],[-158.1552,70.8153],[-158.1556,70.8145]]},"properties":{}},{"type":"Feature","geometry":{"type":"LineString","coordinates":[[-158.4634,70.8308],[-158.4588,70.8306],[-158.4575,70.8302],[-158.4495,70.8296],[-158.4468,70.8289],[-158.4397,70.8283],[-158.4358,70.8276],[-158.4341,70.8269],[-158.4323,70.8271],[-158.4296,70.8268],[-158.4269,70.8261],[-158.4251,70.8259],[-158.4233,70.8261],[-158.4216,70.8263],[-158.4156,70.8259],[-158.4098,70.8248],[-158.4074,70.8244],[-158.4043,70.8239],[-158.3973,70.8228],[-158.3963,70.8223],[-158.3917,70.8208],[-158.3909,70.8208],[-158.3939,70.8223],[-158.3944,70.8227],[-158.3945,70.8231],[-158.3924,70.8232],[-158.3892,70.823],[-158.3861,70.8228],[-158.3796,70.8224],[-158.3736,70.8217],[-158.3715,70.8215],[-158.3687,70.8212],[-158.3668,70.8207],[-158.3628,70.8202],[-158.36,70.8199],[-158.3575,70.8197],[-158.3568,70.8195],[-158.3542,70.8192],[-158.3527,70.8189],[-158.3519,70.8187],[-158.3512,70.8185],[-158.3505,70.8177],[-158.3498,70.8172],[-158.349,70.8168],[-158.3485,70.8166]]},"properties":{}},{"type":"Feature","geometry":{"type":"LineString","coordinates":[[-158.3485,70.8166],[-158.3484,70.8169],[-158.349,70.8173],[-158.3495,70.8177],[-158.3498,70.8181],[-158.3508,70.819],[-158.3515,70.819],[-158.3528,70.8194],[-158.3533,70.8196],[-158.3536,70.8199],[-158.3528,70.8199],[-158.3472,70.8195],[-158.3436,70.8194],[-158.3422,70.8193],[-158.3401,70.8191],[-158.332,70.8188],[-158.3178,70.8179],[-158.3101,70.8175],[-158.3006,70.8171],[-158.2962,70.8168],[-158.2945,70.8166],[-158.2941,70.8161],[-158.2943,70.8156],[-158.2958,70.8154],[-158.2974,70.8154],[-158.2963,70.8149],[-158.2979,70.8138],[-158.2994,70.8138],[-158.2999,70.8132],[-158.3008,70.8127],[-158.3033,70.8117],[-158.3049,70.8108],[-158.3067,70.8102],[-158.3113,70.8102],[-158.3177,70.8105],[-158.3199,70.8106],[-158.3221,70.8107],[-158.3237,70.8107],[-158.3263,70.8108],[-158.3268,70.8111],[-158.3279,70.8113],[-158.3329,70.8111],[-158.336,70.8115],[-158.3399,70.8121],[-158.3435,70.8122],[-158.3455,70.8129],[-158.3466,70.8134],[-158.3491,70.8135],[-158.3523,70.8129],[-158.3522,70.8132],[-158.3516,70.8135],[-158.3511,70.8137],[-158.3493,70.814],[-158.3491,70.8143],[-158.3515,70.8139],[-158.3515,70.8141],[-158.3508,70.8145],[-158.35,70.8149],[-158.349,70.8153],[-158.3478,70.8157],[-158.3479,70.816],[-158.3483,70.8163]]},"properties":{}},{"type":"Feature","geometry":{"type":"LineString","coordinates":[[-158.3483,70.8163],[-158.3494,70.8159],[-158.3507,70.8152],[-158.3542,70.8131],[-158.3558,70.8122],[-158.3577,70.8117],[-158.3601,70.8116],[-158.3626,70.8112],[-158.3638,70.8108],[-158.3659,70.8085],[-158.3684,70.8071],[-158.372,70.8048]]},"properties":{}},{"type":"Feature","geometry":{"type":"LineString","coordinates":[[-155.9669,70.8509],[-155.9662,70.8513],[-155.9658,70.8514],[-155.9648,70.8516],[-155.964,70.8517],[-155.9629,70.8519],[-155.962,70.8521],[-155.9602,70.8523],[-155.9584,70.8524],[-155.9571,70.8526],[-155.9562,70.8526],[-155.9558,70.8527],[-155.9551,70.8528],[-155.9528,70.8528],[-155.9505,70.8527],[-155.9492,70.8526],[-155.9481,70.8526],[-155.9478,70.8526],[-155.9466,70.8527],[-155.9451,70.8527],[-155.9437,70.8527],[-155.9434,70.8525],[-155.9429,70.8524],[-155.9424,70.8524],[-155.9416,70.8525],[-155.9404,70.8525],[-155.939,70.8524],[-155.9384,70.8523],[-155.938,70.8522],[-155.9366,70.8518],[-155.936,70.8517],[-155.9358,70.8515],[-155.9358,70.8513],[-155.9355,70.8511],[-155.9346,70.851],[-155.9342,70.851],[-155.9336,70.8508],[-155.9334,70.8506],[-155.9333,70.8503],[-155.9332,70.85],[-155.933,70.8499],[-155.9331,70.8497],[-155.9332,70.8495],[-155.9331,70.8493],[-155.9323,70.849],[-155.9321,70.8488],[-155.9313,70.8487],[-155.9303,70.8485],[-155.9295,70.8484],[-155.9281,70.8484],[-155.9279,70.8485],[-155.9274,70.8486],[-155.9273,70.8489],[-155.9276,70.849],[-155.9275,70.8492],[-155.928,70.8494],[-155.9285,70.8494],[-155.9287,70.8495],[-155.9287,70.8497],[-155.9291,70.8498],[-155.929,70.8499],[-155.9294,70.8501],[-155.9299,70.8504],[-155.9304,70.8506],[-155.9308,70.8507],[-155.9308,70.851],[-155.9309,70.8511],[-155.9308,70.8513],[-155.931,70.8514],[-155.9309,70.8517],[-155.9307,70.8519],[-155.9312,70.8523],[-155.9317,70.8525],[-155.9327,70.8526],[-155.9325,70.8529],[-155.9316,70.8529],[-155.9309,70.8529],[-155.9302,70.8531],[-155.9295,70.8532],[-155.929,70.8532],[-155.9288,70.8532],[-155.928,70.8531],[-155.9278,70.8529],[-155.9276,70.8527],[-155.9275,70.8524],[-155.9274,70.8522],[-155.9272,70.8521],[-155.9269,70.852],[-155.9268,70.852],[-155.9263,70.8523],[-155.9259,70.8523],[-155.9258,70.8526],[-155.9264,70.8528],[-155.9266,70.8529],[-155.9266,70.8531],[-155.9261,70.8535],[-155.9256,70.8537],[-155.9255,70.8538],[-155.926,70.8541],[-155.9259,70.8543],[-155.9259,70.8544],[-155.9259,70.8546],[-155.926,70.8547],[-155.9262,70.8548],[-155.9263,70.855],[-155.9263,70.8552],[-155.9264,70.8554],[-155.9261,70.8556],[-155.9257,70.8557],[-155.9252,70.8558],[-155.9249,70.8563],[-155.9249,70.8566],[-155.925,70.8568],[-155.9254,70.857],[-155.925,70.8571],[-155.9248,70.8572],[-155.9247,70.8573],[-155.9251,70.8575],[-155.9254,70.8576],[-155.9258,70.8579],[-155.9261,70.858],[-155.9273,70.8582],[-155.928,70.8582],[-155.9287,70.8583],[-155.9291,70.8583],[-155.9296,70.8582],[-155.9302,70.8581],[-155.9306,70.8581],[-155.931,70.8581],[-155.9312,70.858],[-155.9317,70.8577],[-155.9321,70.8575],[-155.9326,70.8574],[-155.9333,70.8575],[-155.9339,70.8576],[-155.9346,70.8576],[-155.9352,70.8577],[-155.9359,70.8577],[-155.9369,70.8578],[-155.9376,70.8578],[-155.9382,70.8578],[-155.9386,70.8577],[-155.9394,70.8577],[-155.9405,70.8578],[-155.9408,70.858],[-155.9412,70.8582],[-155.9416,70.8585],[-155.9423,70.8588],[-155.9429,70.859],[-155.9437,70.8593],[-155.9445,70.8596],[-155.9452,70.8598],[-155.9457,70.86],[-155.9461,70.8602],[-155.9463,70.8603],[-155.9467,70.8605],[-155.9469,70.8607],[-155.9467,70.8609],[-155.9472,70.8614],[-155.9481,70.8618],[-155.9491,70.8621],[-155.9496,70.8626],[-155.9505,70.8632],[-155.9517,70.8635],[-155.9521,70.8634],[-155.9527,70.8632],[-155.9533,70.8631],[-155.955,70.8631],[-155.9557,70.8631],[-155.9567,70.8633],[-155.9579,70.8635],[-155.9588,70.864],[-155.9594,70.8641],[-155.9603,70.8645],[-155.9624,70.8651],[-155.9644,70.8654],[-155.9654,70.8656],[-155.9666,70.8657],[-155.9814,70.8708],[-155.9817,70.8709],[-155.9816,70.871],[-155.9814,70.8711],[-155.9814,70.8713],[-155.9817,70.8713],[-155.9824,70.8712],[-155.9835,70.8712],[-155.9846,70.8712],[-155.9851,70.8712],[-155.9864,70.8713],[-155.9875,70.8713],[-155.9888,70.8714],[-155.9895,70.8714],[-155.9904,70.8715],[-155.9911,70.8715],[-155.9917,70.8715],[-155.9933,70.8717],[-155.994,70.8716],[-155.9949,70.8718],[-155.9955,70.8719],[-155.9966,70.8722],[-155.997,70.8722],[-155.9975,70.8723],[-155.9985,70.8724],[-155.9991,70.8725],[-155.9997,70.8727],[-156.0,70.8728],[-156.0,70.8731],[-155.9999,70.8732],[-155.9997,70.8734],[-155.9994,70.8736],[-155.9989,70.874],[-155.9989,70.8742],[-155.9988,70.8744],[-155.9985,70.8746],[-155.9984,70.8748],[-155.9978,70.8749],[-155.9969,70.875],[-155.9961,70.8751],[-155.9954,70.8751],[-155.9948,70.8751],[-155.9938,70.8751],[-155.9934,70.8754],[-155.9947,70.8756],[-155.9954,70.8758],[-155.9964,70.8762],[-155.9973,70.8766],[-155.9978,70.8769],[-155.9989,70.8772],[-156.0006,70.8776],[-156.0015,70.878],[-156.0022,70.8782],[-156.0033,70.8784],[-156.0039,70.8785],[-156.0044,70.8787],[-156.0038,70.8792],[-156.0018,70.8789],[-156.0003,70.8786],[-155.9991,70.8783],[-155.9988,70.8781],[-155.9982,70.8778],[-155.9956,70.8771],[-155.9949,70.8769],[-155.9939,70.8767],[-155.9926,70.8763],[-155.9912,70.8761],[-155.9905,70.876],[-155.9898,70.8759],[-155.989,70.8759],[-155.9883,70.8755],[-155.988,70.8754],[-155.9883,70.8753],[-155.9885,70.8752],[-155.9881,70.875],[-155.9872,70.8748],[-155.9867,70.8746],[-155.9862,70.8745],[-155.9854,70.8743],[-155.9849,70.8741],[-155.984,70.874],[-155.9826,70.8739],[-155.9818,70.8737],[-155.9811,70.8736],[-155.9802,70.8736],[-155.9796,70.8735],[-155.9789,70.8736],[-155.9783,70.874],[-155.9784,70.8741],[-155.9783,70.8743],[-155.9782,70.8745],[-155.9786,70.8747],[-155.9789,70.8748],[-155.9788,70.8752],[-155.9788,70.8753],[-155.9791,70.8757],[-155.9793,70.876],[-155.9795,70.8762],[-155.98,70.8764],[-155.9801,70.8764],[-155.9808,70.8764],[-155.9812,70.8765],[-155.9819,70.8768],[-155.9828,70.8769],[-155.9838,70.8773],[-155.9836,70.8775],[-155.983,70.878],[-155.9828,70.8782],[-155.9827,70.8785],[-155.9824,70.8787],[-155.9822,70.8789],[-155.9817,70.879],[-155.9816,70.8792],[-155.9815,70.8795],[-155.9812,70.8797],[-155.9809,70.8798],[-155.9804,70.88],[-155.9794,70.8803],[-155.9784,70.8806],[-155.978,70.8807],[-155.9773,70.8808],[-155.9764,70.8809],[-155.9755,70.8812],[-155.9753,70.8815],[-155.9753,70.8816],[-155.975,70.8818],[-155.9744,70.8822],[-155.9726,70.8829],[-155.9711,70.8835],[-155.9696,70.8841],[-155.9684,70.8846],[-155.968,70.8848],[-155.9675,70.885],[-155.9671,70.8854],[-155.9666,70.8857],[-155.9664,70.886],[-155.9661,70.8863],[-155.9659,70.8865],[-155.9656,70.8867],[-155.9655,70.8871],[-155.9654,70.8873],[-155.9652,70.8875],[-155.9652,70.8877],[-155.9653,70.8879],[-155.9653,70.8883],[-155.9654,70.8885],[-155.9654,70.8886],[-155.9653,70.8888],[-155.9654,70.889],[-155.9654,70.8892],[-155.9659,70.8894],[-155.9659,70.8896],[-155.9658,70.8897],[-155.9656,70.8899],[-155.9653,70.89],[-155.965,70.8902],[-155.9641,70.8904],[-155.9637,70.8904],[-155.963,70.8905],[-155.9622,70.8906],[-155.9611,70.8907],[-155.9606,70.8907],[-155.9597,70.8908],[-155.959,70.8908],[-155.9585,70.8909],[-155.9581,70.8909],[-155.9576,70.8908],[-155.9575,70.8911],[-155.9575,70.8912],[-155.9575,70.8914],[-155.9575,70.8915],[-155.9572,70.8917],[-155.9566,70.8918],[-155.9561,70.8918],[-155.9559,70.892],[-155.9554,70.8922],[-155.9552,70.8923],[-155.9551,70.8925],[-155.9549,70.8927],[-155.9551,70.8928],[-155.9549,70.8931],[-155.955,70.8932],[-155.9554,70.8933],[-155.9559,70.8934],[-155.9563,70.8936],[-155.9566,70.8937],[-155.9565,70.894],[-155.9565,70.8942],[-155.9564,70.8943],[-155.9565,70.8944],[-155.9568,70.8943],[-155.9572,70.8942],[-155.9586,70.894],[-155.9598,70.8939],[-155.9607,70.8939],[-155.9619,70.8939],[-155.963,70.894],[-155.964,70.894],[-155.9649,70.894],[-155.9662,70.8941],[-155.9668,70.8942],[-155.9677,70.8943],[-155.9688,70.8944],[-155.9693,70.8945],[-155.9693,70.8947],[-155.9693,70.8948],[-155.9692,70.8951],[-155.9699,70.8951],[-155.9704,70.895],[-155.9711,70.8948],[-155.9717,70.8948],[-155.9726,70.8948],[-155.9738,70.8948],[-155.9749,70.8947],[-155.9765,70.8947],[-155.9778,70.8948],[-155.9787,70.8947],[-155.9798,70.8946],[-155.9809,70.8944],[-155.9823,70.8943],[-155.9832,70.8942],[-155.9838,70.8941],[-155.9843,70.894],[-155.9848,70.894],[-155.9854,70.894],[-155.9862,70.894],[-155.9869,70.8941],[-155.9871,70.8941],[-155.9874,70.8941],[-155.9878,70.8941],[-155.9882,70.894],[-155.9882,70.8941],[-155.9883,70.8942],[-155.9888,70.8942],[-155.9894,70.8941],[-155.9903,70.8942],[-155.991,70.8944],[-155.9917,70.8944],[-155.9923,70.8943],[-155.9931,70.8942],[-155.994,70.8943],[-155.9948,70.8944],[-155.9958,70.8945],[-155.9973,70.8948],[-155.9984,70.8949],[-155.9987,70.8949],[-155.9991,70.8949],[-156.0001,70.8949],[-156.0009,70.8949],[-156.0014,70.8951],[-156.0029,70.8955],[-156.0036,70.8957],[-156.0042,70.8958],[-156.0054,70.896],[-156.0065,70.8963],[-156.0071,70.8966],[-156.0073,70.8967],[-156.0081,70.8967],[-156.0092,70.8967],[-156.0101,70.8966],[-156.0111,70.8964],[-156.0113,70.8963],[-156.0119,70.8961],[-156.0125,70.896],[-156.0127,70.8958],[-156.0127,70.8956],[-156.0131,70.8954],[-156.0136,70.8953],[-156.0138,70.8951],[-156.0144,70.895],[-156.0149,70.8947],[-156.0158,70.8945],[-156.0163,70.8943],[-156.0175,70.894],[-156.0185,70.8938],[-156.019,70.8937],[-156.0199,70.8937],[-156.0203,70.8936],[-156.0217,70.8934],[-156.0219,70.8934],[-156.0223,70.8935],[-156.0226,70.8938],[-156.0236,70.894],[-156.0241,70.8942],[-156.0246,70.8944],[-156.0251,70.8944],[-156.0257,70.8945],[-156.0261,70.8945],[-156.0264,70.8947],[-156.0267,70.895],[-156.0272,70.8951],[-156.0275,70.8952],[-156.0276,70.8953],[-156.028,70.8957],[-156.028,70.8958],[-156.0283,70.8959],[-156.0285,70.8961],[-156.0286,70.8962],[-156.0288,70.8963],[-156.0286,70.8965],[-156.0284,70.8966],[-156.0286,70.8968],[-156.0286,70.897],[-156.0284,70.8971],[-156.0282,70.8973],[-156.028,70.8975],[-156.0277,70.8978],[-156.0275,70.8979],[-156.027,70.898],[-156.0269,70.8981],[-156.0265,70.8983],[-156.0264,70.8983],[-156.0261,70.8984],[-156.0256,70.8985],[-156.025,70.8985],[-156.0243,70.8986],[-156.0243,70.8988],[-156.0244,70.8989],[-156.0244,70.8991],[-156.0242,70.8992],[-156.0246,70.8993],[-156.025,70.8993],[-156.0246,70.8995],[-156.024,70.8995],[-156.0236,70.8996],[-156.0231,70.8997],[-156.0229,70.8998],[-156.0227,70.8999],[-156.0223,70.9],[-156.0219,70.9001],[-156.0212,70.9001],[-156.0206,70.9002],[-156.0197,70.9002],[-156.0188,70.9002],[-156.0181,70.9002],[-156.0172,70.9005],[-156.017,70.9007],[-156.0172,70.9008],[-156.0185,70.9007],[-156.0195,70.9006],[-156.0202,70.9006],[-156.0209,70.9007],[-156.0215,70.9007],[-156.0223,70.9007],[-156.0227,70.9007],[-156.0233,70.9009],[-156.0235,70.901],[-156.0235,70.9013],[-156.0241,70.9015],[-156.0244,70.9015],[-156.0247,70.9015],[-156.0251,70.9012],[-156.0252,70.901],[-156.0257,70.9007],[-156.0258,70.9006],[-156.026,70.9004],[-156.0265,70.9002],[-156.0273,70.8999],[-156.0284,70.8995],[-156.0289,70.8992],[-156.0291,70.8989],[-156.0291,70.8986],[-156.0296,70.898],[-156.0297,70.8978],[-156.0299,70.8976],[-156.03,70.8974],[-156.0305,70.8972],[-156.0309,70.8969],[-156.0311,70.8967],[-156.0315,70.8965],[-156.0319,70.8962],[-156.0324,70.896],[-156.0328,70.8958],[-156.0329,70.8955],[-156.0334,70.8953],[-156.0344,70.8951],[-156.0347,70.8951],[-156.035,70.895],[-156.0354,70.8949],[-156.0366,70.8947],[-156.0375,70.8946],[-156.0382,70.8946],[-156.0387,70.8942],[-156.039,70.8941],[-156.0394,70.8939],[-156.0398,70.8938],[-156.0405,70.8937],[-156.041,70.8936],[-156.0416,70.8935],[-156.0423,70.8934],[-156.043,70.8934],[-156.0435,70.8934],[-156.0438,70.8934],[-156.044,70.8934],[-156.0443,70.8933],[-156.0446,70.8932],[-156.0453,70.8931],[-156.0463,70.893],[-156.0469,70.8929],[-156.0477,70.8928],[-156.0485,70.8929],[-156.0489,70.8929],[-156.0494,70.8928],[-156.0498,70.8927],[-156.0505,70.8926],[-156.0512,70.8925],[-156.0522,70.8923],[-156.0528,70.8922],[-156.0536,70.8921],[-156.0542,70.8922],[-156.0549,70.8921],[-156.0555,70.8922],[-156.0563,70.8922],[-156.0568,70.8921],[-156.0585,70.8921],[-156.0587,70.8921],[-156.0593,70.8922],[-156.0599,70.8922],[-156.0607,70.8922],[-156.0616,70.8922],[-156.0626,70.8922],[-156.0635,70.8924],[-156.0643,70.8926],[-156.0653,70.8926],[-156.0664,70.8926],[-156.0675,70.892],[-156.0681,70.8918],[-156.0683,70.8915],[-156.0681,70.8914],[-156.0677,70.8911],[-156.0666,70.8908],[-156.066,70.8906],[-156.0649,70.8904],[-156.0643,70.8904],[-156.0637,70.8904],[-156.063,70.8904],[-156.0624,70.8904],[-156.0614,70.8903],[-156.0609,70.8902],[-156.0604,70.8901],[-156.06,70.89],[-156.0592,70.8899],[-156.0588,70.8897],[-156.0584,70.8891],[-156.0588,70.8887],[-156.0588,70.8885],[-156.0588,70.8883],[-156.0586,70.8881],[-156.0591,70.8879],[-156.0595,70.8876],[-156.0596,70.8871],[-156.0597,70.8868],[-156.06,70.8866],[-156.0603,70.8865],[-156.0606,70.8862],[-156.0606,70.886],[-156.0607,70.8856],[-156.0609,70.8854],[-156.0614,70.8852],[-156.062,70.8851],[-156.0624,70.8849],[-156.0628,70.8847],[-156.0633,70.8845],[-156.0638,70.8843],[-156.0645,70.8841],[-156.0654,70.884],[-156.0663,70.8838],[-156.0677,70.8836],[-156.0682,70.8835],[-156.0686,70.8835],[-156.0694,70.8834],[-156.0699,70.8833],[-156.0703,70.8833],[-156.071,70.8834],[-156.0713,70.8835],[-156.0718,70.8835],[-156.0721,70.8837],[-156.0719,70.884],[-156.0718,70.8842],[-156.0715,70.8843],[-156.0715,70.8845],[-156.0716,70.8846],[-156.0715,70.8848],[-156.0719,70.885],[-156.0728,70.8851],[-156.0732,70.8851],[-156.0735,70.8852],[-156.0738,70.8854],[-156.0738,70.8858],[-156.0738,70.886],[-156.074,70.8863],[-156.0743,70.8864],[-156.0746,70.8867],[-156.0748,70.8869],[-156.0751,70.8872],[-156.0751,70.8873],[-156.0753,70.8874],[-156.0757,70.8876],[-156.076,70.8878],[-156.0761,70.8879],[-156.0763,70.8881],[-156.0766,70.8882],[-156.0768,70.8883],[-156.0769,70.8884],[-156.0772,70.8887],[-156.0771,70.8889],[-156.0773,70.8891],[-156.0775,70.8892],[-156.0777,70.8894],[-156.0777,70.8895],[-156.0777,70.8897],[-156.0778,70.89],[-156.078,70.8903],[-156.0779,70.8905],[-156.0779,70.8907],[-156.0778,70.8908],[-156.0776,70.891],[-156.0778,70.8911],[-156.0778,70.8913],[-156.0776,70.8914],[-156.0775,70.8916],[-156.0771,70.8917],[-156.0768,70.8918],[-156.0765,70.8918],[-156.0759,70.8918],[-156.0755,70.8918],[-156.0752,70.8919],[-156.0748,70.8919],[-156.0745,70.892],[-156.0741,70.8921],[-156.0738,70.8921],[-156.0735,70.8921],[-156.073,70.8922],[-156.0727,70.8922],[-156.0723,70.8923],[-156.0719,70.8922],[-156.0715,70.8923],[-156.0707,70.8923],[-156.07,70.8924],[-156.0694,70.8923],[-156.0689,70.8923],[-156.0688,70.8925],[-156.0689,70.8926],[-156.0691,70.8927],[-156.0692,70.8928],[-156.0691,70.893],[-156.0685,70.8932],[-156.0684,70.8934],[-156.0681,70.8935],[-156.0677,70.8937],[-156.0677,70.8938],[-156.0673,70.8939],[-156.0669,70.894],[-156.0666,70.894],[-156.0664,70.8941],[-156.0661,70.8943],[-156.0657,70.8945],[-156.0652,70.8946],[-156.0651,70.8947],[-156.0648,70.8948],[-156.0645,70.8949],[-156.0648,70.895],[-156.0646,70.8951],[-156.0641,70.8952],[-156.0638,70.8954],[-156.0639,70.8955],[-156.0641,70.8956],[-156.0641,70.8957],[-156.0644,70.8959],[-156.0644,70.8962],[-156.0643,70.8962],[-156.0641,70.8964],[-156.0644,70.8966],[-156.0643,70.8968],[-156.064,70.8968],[-156.0637,70.897],[-156.0635,70.8972],[-156.0638,70.8974],[-156.0637,70.8975],[-156.0631,70.8975],[-156.0627,70.8975],[-156.0623,70.8975],[-156.0617,70.8976],[-156.0613,70.8976],[-156.0609,70.8977],[-156.0601,70.8977],[-156.0598,70.8977],[-156.0594,70.8978],[-156.0591,70.8978],[-156.0586,70.8979],[-156.0586,70.898],[-156.0593,70.8981],[-156.0596,70.8981],[-156.06,70.8982],[-156.0605,70.8982],[-156.062,70.8982],[-156.0625,70.8983],[-156.0631,70.8983],[-156.0636,70.8982],[-156.0639,70.8981],[-156.0644,70.8979],[-156.0652,70.8979],[-156.0656,70.8978],[-156.0663,70.8977],[-156.0672,70.8974],[-156.0676,70.8973],[-156.068,70.8971],[-156.0682,70.8969],[-156.0684,70.8967],[-156.0689,70.8964],[-156.0697,70.8961],[-156.0701,70.8958],[-156.0702,70.8956],[-156.07,70.8953],[-156.0706,70.8951],[-156.0714,70.895],[-156.0722,70.8951],[-156.0724,70.8951],[-156.0729,70.8952],[-156.0732,70.8953],[-156.073,70.8955],[-156.073,70.8958],[-156.0728,70.896],[-156.0725,70.8962],[-156.0725,70.8963],[-156.0726,70.8964],[-156.0726,70.8966],[-156.0724,70.8968],[-156.0723,70.897],[-156.0721,70.8973],[-156.072,70.8974],[-156.0719,70.8976],[-156.0717,70.8977],[-156.0715,70.8979],[-156.0716,70.898],[-156.0721,70.8981],[-156.0725,70.8982],[-156.0722,70.8985],[-156.0726,70.8986],[-156.0729,70.8986],[-156.0739,70.8986],[-156.074,70.8986],[-156.0743,70.8987],[-156.0744,70.8989],[-156.0748,70.899],[-156.0754,70.8993],[-156.0754,70.8993],[-156.0754,70.8995],[-156.0751,70.8996],[-156.075,70.8998],[-156.076,70.8999],[-156.0763,70.8999],[-156.0766,70.9],[-156.0769,70.9001],[-156.0774,70.9002],[-156.0779,70.9002],[-156.0783,70.9001],[-156.0789,70.9],[-156.0796,70.8999],[-156.0802,70.8997],[-156.0807,70.8995],[-156.0809,70.8994],[-156.0815,70.8993],[-156.0822,70.8992],[-156.0828,70.8991],[-156.0833,70.899],[-156.0839,70.899],[-156.0847,70.8991],[-156.0855,70.8992],[-156.0867,70.899],[-156.0871,70.8988],[-156.0876,70.8987],[-156.0881,70.8987],[-156.0885,70.8987],[-156.0891,70.8987],[-156.0899,70.8986],[-156.0906,70.8986],[-156.091,70.8984],[-156.0915,70.8983],[-156.0924,70.8982],[-156.0933,70.8982],[-156.0939,70.8983],[-156.0942,70.8984],[-156.0943,70.8985],[-156.0943,70.8987],[-156.094,70.8988],[-156.0938,70.899],[-156.0937,70.8992],[-156.0933,70.8993],[-156.0929,70.8994],[-156.0925,70.8996],[-156.0919,70.8998],[-156.0913,70.8999],[-156.0908,70.9001],[-156.0903,70.9002],[-156.09,70.9003],[-156.0901,70.9006],[-156.09,70.9009],[-156.0901,70.9011],[-156.0901,70.9013],[-156.09,70.9016],[-156.09,70.9017],[-156.0905,70.9018],[-156.0918,70.9018],[-156.0929,70.9018],[-156.0937,70.9018],[-156.0942,70.9019],[-156.0948,70.9019],[-156.0958,70.9019],[-156.0971,70.9021],[-156.0976,70.9022],[-156.0981,70.9023],[-156.0982,70.9023],[-156.0979,70.9024],[-156.0977,70.9025],[-156.0979,70.9025],[-156.0988,70.9026],[-156.0991,70.9026],[-156.1,70.9025],[-156.1009,70.9025],[-156.1021,70.9025],[-156.103,70.9025],[-156.1035,70.9027],[-156.1035,70.9029],[-156.1034,70.903],[-156.1028,70.9031],[-156.1023,70.9031],[-156.1018,70.9031],[-156.1012,70.9031],[-156.101,70.9033],[-156.1012,70.9034],[-156.1016,70.9034],[-156.1016,70.9035],[-156.1018,70.9036],[-156.102,70.9037],[-156.1023,70.9038],[-156.1028,70.9039],[-156.1034,70.904],[-156.1038,70.9042],[-156.104,70.9043],[-156.1043,70.9045],[-156.1048,70.9046],[-156.105,70.9047],[-156.1052,70.9049],[-156.105,70.9051],[-156.105,70.9053],[-156.1051,70.9055],[-156.1052,70.9056],[-156.1049,70.9057],[-156.105,70.9058],[-156.1053,70.9059],[-156.105,70.9061],[-156.1048,70.9062],[-156.1049,70.9064],[-156.1048,70.9065],[-156.1045,70.9066],[-156.1043,70.9068],[-156.104,70.9068],[-156.1032,70.907],[-156.1029,70.907],[-156.1026,70.9071],[-156.1021,70.9071],[-156.1015,70.9071],[-156.1009,70.9071],[-156.1003,70.9072],[-156.0994,70.9072],[-156.0989,70.9072],[-156.0982,70.9071],[-156.0978,70.9071],[-156.0966,70.907],[-156.0962,70.9069],[-156.0954,70.9069],[-156.0944,70.9068],[-156.0936,70.9067],[-156.0932,70.9064],[-156.0929,70.9063],[-156.0927,70.906],[-156.0926,70.9059],[-156.0925,70.9057],[-156.0918,70.9055],[-156.0918,70.9052],[-156.0918,70.9049],[-156.0915,70.9047],[-156.0909,70.9047],[-156.0897,70.9047],[-156.0889,70.9047],[-156.0882,70.9047],[-156.0869,70.9049],[-156.0862,70.9049],[-156.0849,70.9049],[-156.084,70.9049],[-156.0835,70.905],[-156.0829,70.905],[-156.0821,70.905],[-156.0812,70.9051],[-156.0803,70.9051],[-156.0795,70.9051],[-156.0786,70.905],[-156.0782,70.9049],[-156.0777,70.905],[-156.0771,70.905],[-156.0766,70.905],[-156.076,70.905],[-156.0755,70.9051],[-156.0749,70.9052],[-156.0745,70.9054],[-156.074,70.9056],[-156.074,70.9057],[-156.074,70.9059],[-156.0733,70.9061],[-156.0724,70.9063],[-156.0714,70.9064],[-156.0698,70.9065],[-156.0691,70.9066],[-156.0679,70.9067],[-156.0676,70.9066],[-156.0676,70.9064],[-156.0676,70.9062],[-156.0683,70.9059],[-156.0686,70.9057],[-156.069,70.9055],[-156.0697,70.9052],[-156.0706,70.9049],[-156.0712,70.9046],[-156.072,70.9042],[-156.0732,70.9037],[-156.0737,70.9034],[-156.0735,70.9033],[-156.0719,70.9032],[-156.0713,70.9033],[-156.0708,70.9034],[-156.0699,70.9034],[-156.0691,70.9035],[-156.0682,70.9036],[-156.0674,70.9037],[-156.0665,70.9039],[-156.0659,70.9039],[-156.065,70.904],[-156.0642,70.9041],[-156.0633,70.9042],[-156.0623,70.9042],[-156.0616,70.9042],[-156.061,70.9042],[-156.0604,70.9043],[-156.06,70.9044],[-156.0593,70.9045],[-156.0585,70.9046],[-156.0577,70.9046],[-156.0571,70.9045],[-156.0566,70.9045],[-156.056,70.9044],[-156.0558,70.9042],[-156.055,70.9042],[-156.0545,70.9043],[-156.0539,70.9043],[-156.0532,70.9042],[-156.052,70.904],[-156.0519,70.9039],[-156.0519,70.9036],[-156.0516,70.9035],[-156.0507,70.9032],[-156.0502,70.9029],[-156.0497,70.9027],[-156.0493,70.9027],[-156.0483,70.9025],[-156.0477,70.9024],[-156.0476,70.9022],[-156.0476,70.9021],[-156.0472,70.9019],[-156.0468,70.9017],[-156.0464,70.9017],[-156.0462,70.9017],[-156.0454,70.9016],[-156.0442,70.9014],[-156.0444,70.9011],[-156.0444,70.9009],[-156.0441,70.9008],[-156.0438,70.9008],[-156.043,70.9008],[-156.0425,70.9008],[-156.0426,70.901],[-156.0429,70.9011],[-156.0435,70.9013],[-156.0436,70.9015],[-156.0434,70.9016],[-156.0429,70.9015],[-156.0425,70.9014],[-156.0422,70.9013],[-156.0418,70.9012],[-156.0418,70.9014],[-156.0411,70.9016],[-156.0405,70.9019],[-156.038,70.9023],[-156.0364,70.9025],[-156.0347,70.9025],[-156.0339,70.9025],[-156.0325,70.9024],[-156.0311,70.9025],[-156.0313,70.9028],[-156.0323,70.9029],[-156.0339,70.9035],[-156.0338,70.9037],[-156.0332,70.9041],[-156.0314,70.9042],[-156.0309,70.9043],[-156.0299,70.9045],[-156.0287,70.9044],[-156.0269,70.9046],[-156.0263,70.9046],[-156.0251,70.9045],[-156.0237,70.9043],[-156.0218,70.9041],[-156.0196,70.9041],[-156.0177,70.9039],[-156.0163,70.9039],[-156.0147,70.9037],[-156.0128,70.9036],[-156.011,70.9034],[-156.0094,70.9033],[-156.0079,70.9033],[-156.007,70.9035],[-156.0073,70.904],[-156.0088,70.9043],[-156.0096,70.9045],[-156.0106,70.9046],[-156.0122,70.9049],[-156.0135,70.9052],[-156.0155,70.9056],[-156.0186,70.9062],[-156.0202,70.9066],[-156.0222,70.9071],[-156.0241,70.9075],[-156.0253,70.9082],[-156.028,70.9085],[-156.0307,70.9089],[-156.032,70.909],[-156.033,70.9089],[-156.0348,70.9088],[-156.0361,70.9086],[-156.0375,70.9085],[-156.039,70.9086],[-156.0419,70.909],[-156.0439,70.9094],[-156.0472,70.9099],[-156.0485,70.91],[-156.0495,70.9101],[-156.0522,70.9102],[-156.0532,70.91],[-156.0535,70.9095],[-156.0548,70.9094],[-156.0561,70.9093],[-156.0571,70.9093],[-156.0589,70.9092],[-156.0606,70.9092],[-156.0653,70.909],[-156.066,70.9089],[-156.0674,70.9087],[-156.0728,70.9088],[-156.074,70.9089],[-156.0765,70.9091],[-156.0791,70.9094],[-156.0819,70.9095],[-156.0842,70.9096],[-156.086,70.9099],[-156.0875,70.9103],[-156.0879,70.911],[-156.0883,70.9114],[-156.0883,70.9119],[-156.0881,70.9122],[-156.09,70.9125],[-156.0914,70.9126],[-156.0936,70.9129],[-156.0967,70.9127],[-156.1003,70.9125],[-156.1027,70.9125],[-156.1074,70.9125],[-156.1086,70.9125],[-156.1124,70.9125],[-156.1154,70.9122],[-156.1198,70.9119],[-156.1225,70.9114],[-156.1242,70.911],[-156.1261,70.9102],[-156.1282,70.9097],[-156.1322,70.9085],[-156.1367,70.9131],[-156.1407,70.917],[-156.1359,70.9175],[-156.1359,70.918],[-156.1176,70.9201],[-156.112,70.9204],[-156.1111,70.9204],[-156.1098,70.9205],[-156.1088,70.9205],[-156.1077,70.9206],[-156.1059,70.9206],[-156.1048,70.9207],[-156.1037,70.9207],[-156.1015,70.9208],[-156.0996,70.9208],[-156.0986,70.9207],[-156.0974,70.9208],[-156.0963,70.921],[-156.0947,70.921],[-156.0933,70.9211],[-156.0913,70.9211],[-156.0898,70.9211],[-156.0867,70.9206],[-156.0853,70.9204],[-156.0843,70.9203],[-156.0824,70.9201],[-156.0805,70.9201],[-156.0785,70.9202],[-156.0773,70.9206],[-156.076,70.9211],[-156.0733,70.9214],[-156.0708,70.9213],[-156.0685,70.9212],[-156.0659,70.9208],[-156.0633,70.9209],[-156.0623,70.9209],[-156.0608,70.921],[-156.0591,70.9211],[-156.0579,70.9215],[-156.057,70.9219],[-156.0561,70.9222],[-156.0568,70.9224],[-156.0578,70.9224],[-156.0577,70.9229],[-156.0548,70.9229],[-156.0538,70.9228],[-156.0519,70.9227],[-156.0503,70.9226],[-156.0488,70.9226],[-156.0474,70.9226],[-156.046,70.9225],[-156.0448,70.9224],[-156.0432,70.9223],[-156.0419,70.9223],[-156.0401,70.9222],[-156.0381,70.9221],[-156.0369,70.9223],[-156.0362,70.9224],[-156.0352,70.9224],[-156.0344,70.9225],[-156.0332,70.9226],[-156.0321,70.9225],[-156.0312,70.9228],[-156.0298,70.9228],[-156.0268,70.9228],[-156.0249,70.9228],[-156.0232,70.9225],[-156.022,70.9223],[-156.0209,70.9222],[-156.0194,70.922],[-156.0173,70.9216],[-156.016,70.9215],[-156.0148,70.9212],[-156.0132,70.9208],[-156.012,70.9208],[-156.0111,70.9203],[-156.0103,70.92],[-156.0094,70.9196],[-156.0088,70.9195],[-156.0074,70.9192],[-156.0065,70.9187],[-156.0056,70.9182],[-156.0047,70.918],[-156.0038,70.9178],[-156.0026,70.9181],[-156.0021,70.9184],[-156.0008,70.9187],[-155.9994,70.9188],[-155.9945,70.9189],[-155.9925,70.9186],[-155.9897,70.9185],[-155.9882,70.9179],[-155.9876,70.9177],[-155.9867,70.9172],[-155.9861,70.9161],[-155.9863,70.9153],[-155.9865,70.9148],[-155.9867,70.9137],[-155.9865,70.913],[-155.9848,70.9127],[-155.9836,70.9126],[-155.9824,70.9122],[-155.9814,70.9123],[-155.9804,70.9125],[-155.9803,70.9134],[-155.9796,70.9142],[-155.9797,70.9149],[-155.9806,70.9161],[-155.9811,70.9165],[-155.9815,70.917],[-155.9823,70.9177],[-155.9823,70.918],[-155.9817,70.9185],[-155.9808,70.9187],[-155.981,70.9191],[-155.9814,70.9192],[-155.982,70.9191],[-155.9827,70.9188],[-155.9841,70.9186],[-155.9857,70.9187],[-155.9867,70.9193],[-155.9864,70.9198],[-155.986,70.9201],[-155.9849,70.9204],[-155.9837,70.9215],[-155.9827,70.9217],[-155.9815,70.922],[-155.982,70.923],[-155.9831,70.9244],[-155.9835,70.9255],[-155.9851,70.9281],[-155.9853,70.9295],[-155.9858,70.9308],[-155.9864,70.9318],[-155.9874,70.9327],[-155.9885,70.9333],[-155.9894,70.9338],[-155.99,70.9342],[-155.9904,70.9346],[-155.9911,70.9355],[-155.9912,70.936],[-155.9917,70.9368],[-155.9921,70.9378],[-155.9921,70.9383],[-155.9924,70.9388],[-155.9929,70.9391],[-155.9938,70.9397],[-155.9944,70.9402],[-155.9943,70.9409],[-155.9946,70.9414],[-155.9956,70.9419],[-155.9966,70.9429],[-155.9968,70.9435],[-155.9971,70.944],[-155.9973,70.9447],[-155.9976,70.9449],[-155.998,70.9454],[-155.9979,70.9458],[-155.9986,70.9463],[-155.9995,70.9473],[-155.9995,70.948],[-156.0,70.9486],[-156.0002,70.9491],[-156.0016,70.9495],[-156.0022,70.9496],[-156.0047,70.9497],[-156.0055,70.9499],[-156.0067,70.9501],[-156.0084,70.9503],[-156.0098,70.9504],[-156.0117,70.9504],[-156.0135,70.9506],[-156.0152,70.9506],[-156.0169,70.9507],[-156.0196,70.9508],[-156.0205,70.951],[-156.0221,70.9512],[-156.0233,70.9514],[-156.0238,70.9514],[-156.0248,70.9512],[-156.0253,70.9509],[-156.0259,70.9506],[-156.0264,70.9502],[-156.0272,70.9496],[-156.0277,70.9489],[-156.0283,70.9483],[-156.0298,70.9478],[-156.0311,70.9476],[-156.0323,70.9476],[-156.0339,70.9476],[-156.0355,70.9476],[-156.0372,70.9475],[-156.0387,70.9474],[-156.0412,70.9474],[-156.0428,70.9475],[-156.0446,70.9475],[-156.0461,70.9475],[-156.047,70.9475],[-156.0481,70.9475],[-156.0491,70.9475],[-156.0509,70.9477],[-156.0526,70.9478],[-156.0547,70.9481],[-156.0564,70.9484],[-156.0586,70.948],[-156.0598,70.9479],[-156.0609,70.9478],[-156.0619,70.9478],[-156.063,70.9479],[-156.0643,70.9484],[-156.0661,70.9491],[-156.068,70.9501],[-156.0702,70.9513],[-156.0711,70.9519],[-156.0722,70.9525],[-156.0732,70.9534],[-156.0738,70.9541],[-156.0745,70.9542],[-156.0753,70.9546],[-156.0759,70.9554],[-156.0761,70.9562],[-156.0751,70.957],[-156.0744,70.9577],[-156.0746,70.9582],[-156.0759,70.9586],[-156.074,70.959],[-156.0728,70.9586],[-156.0715,70.9583],[-156.0694,70.9586],[-156.0685,70.9588],[-156.0672,70.9587],[-156.0663,70.9588],[-156.0651,70.9599],[-156.0644,70.9602],[-156.0635,70.9603],[-156.0624,70.9604],[-156.0615,70.9605],[-156.0608,70.9605],[-156.0594,70.9605],[-156.058,70.9605],[-156.0558,70.9605],[-156.0545,70.9604],[-156.0521,70.9604],[-156.05,70.9602],[-156.0494,70.9601],[-156.0474,70.96],[-156.0452,70.9597],[-156.0444,70.9595],[-156.0432,70.9592],[-156.0408,70.9585],[-156.0399,70.9588],[-156.0391,70.9588],[-156.0383,70.9589],[-156.0357,70.9589],[-156.0343,70.9589],[-156.0328,70.959],[-156.0314,70.9591],[-156.0296,70.9591],[-156.0273,70.9588],[-156.0251,70.9585],[-156.0244,70.9584],[-156.0225,70.9581],[-156.0209,70.9573],[-156.0205,70.9569],[-156.0204,70.9564],[-156.02,70.9559],[-156.0196,70.9554],[-156.0181,70.9554],[-156.0175,70.9557],[-156.0164,70.9561],[-156.0154,70.9568],[-156.0148,70.9574],[-156.0142,70.9582],[-156.0132,70.959],[-156.0126,70.9597],[-156.0113,70.9606],[-156.0099,70.9613],[-156.0083,70.9618],[-156.0068,70.9621],[-156.0051,70.9623],[-156.0028,70.9627],[-156.0008,70.9632],[-155.9991,70.9635],[-155.9979,70.9638],[-155.9959,70.9644],[-155.9947,70.9647],[-155.9934,70.9651],[-155.9918,70.9654],[-155.9887,70.9654],[-155.9841,70.9647],[-155.9824,70.9646],[-155.9812,70.9643],[-155.9801,70.964],[-155.9786,70.9638],[-155.9769,70.9636],[-155.9763,70.9637],[-155.9749,70.9637],[-155.974,70.9638],[-155.9729,70.964],[-155.9713,70.9641],[-155.9702,70.9642],[-155.969,70.9646],[-155.967,70.965],[-155.9646,70.9653],[-155.963,70.9655],[-155.9603,70.9658],[-155.9591,70.9659],[-155.9581,70.966],[-155.955,70.9664],[-155.9524,70.9666],[-155.9498,70.9666],[-155.9468,70.9667],[-155.9451,70.9667],[-155.9441,70.9667],[-155.9428,70.9666],[-155.9415,70.9664],[-155.9395,70.9664],[-155.9378,70.9663],[-155.9363,70.9663],[-155.9349,70.9662],[-155.9336,70.9662],[-155.932,70.9662],[-155.9308,70.9659],[-155.9279,70.9659],[-155.9257,70.966],[-155.9245,70.966],[-155.9232,70.9661],[-155.9216,70.9662],[-155.9203,70.9664],[-155.9172,70.9668],[-155.9133,70.9669],[-155.9102,70.9672],[-155.9091,70.9673],[-155.9075,70.9673],[-155.9064,70.9674],[-155.9049,70.9674],[-155.9036,70.9674],[-155.9024,70.9673],[-155.9004,70.9675],[-155.8981,70.9677],[-155.8958,70.968],[-155.891,70.9685],[-155.8872,70.9686],[-155.8845,70.9686],[-155.8831,70.9686],[-155.8805,70.9685],[-155.878,70.9685],[-155.8748,70.969],[-155.87,70.9697],[-155.8663,70.9702],[-155.8625,70.9705],[-155.8582,70.9706],[-155.8534,70.9704],[-155.8468,70.9698],[-155.8421,70.9691],[-155.8395,70.9685],[-155.838,70.9681],[-155.836,70.9676],[-155.8339,70.967],[-155.8325,70.9665],[-155.8313,70.9661],[-155.8301,70.9655],[-155.8285,70.9648],[-155.8272,70.9638],[-155.8254,70.9623],[-155.8248,70.9611],[-155.824,70.9606],[-155.8228,70.9608],[-155.822,70.9609],[-155.821,70.961],[-155.8194,70.9613],[-155.8183,70.9617],[-155.8177,70.9619],[-155.8167,70.9623],[-155.8143,70.9635],[-155.8125,70.9645],[-155.8103,70.9656],[-155.8091,70.9661],[-155.8074,70.9668],[-155.8055,70.968],[-155.8019,70.9711],[-155.7992,70.9743],[-155.7959,70.9774],[-155.7913,70.9818],[-155.79,70.9827],[-155.7898,70.983],[-155.7885,70.9833],[-155.786,70.9835],[-155.78,70.9846],[-155.7764,70.9854],[-155.7735,70.9858],[-155.7704,70.986],[-155.7648,70.9863],[-155.7614,70.9862],[-155.7564,70.9861],[-155.7496,70.9857],[-155.744,70.9853],[-155.7408,70.9849],[-155.7362,70.9841],[-155.7336,70.9836],[-155.7305,70.9832],[-155.7283,70.9833]]},"properties":{}},{"type":"Feature","geometry":{"type":"LineString","coordinates":[[-157.3008,71.0254],[-157.3069,71.0228],[-157.3108,71.0212],[-157.3144,71.0194],[-157.3173,71.0181],[-157.3205,71.0168],[-157.3228,71.0159],[-157.3242,71.0154],[-157.3292,71.0134],[-157.3323,71.0122],[-157.3361,71.0107],[-157.3385,71.0097],[-157.3408,71.0088],[-157.3433,71.0077],[-157.3465,71.0064],[-157.3493,71.0052],[-157.3553,71.0027],[-157.3574,71.0019],[-157.3586,71.0014],[-157.3617,71.0001],[-157.3651,70.9987],[-157.3677,70.9977],[-157.37,70.9967],[-157.3724,70.9956],[-157.3747,70.9946],[-157.377,70.9937],[-157.3794,70.9928],[-157.3833,70.9912],[-157.3876,70.9895],[-157.39,70.9885],[-157.3927,70.9873],[-157.396,70.9861],[-157.399,70.9849],[-157.4013,70.9841],[-157.4034,70.9833],[-157.4081,70.9815],[-157.4118,70.9803],[-157.4151,70.9793],[-157.4199,70.9773],[-157.4224,70.9763],[-157.4232,70.9753],[-157.4273,70.9738],[-157.4313,70.9723],[-157.4337,70.9718],[-157.4353,70.9708],[-157.4386,70.9696],[-157.4442,70.9676],[-157.4458,70.9671],[-157.4507,70.9651],[-157.4539,70.9641],[-157.4579,70.9628],[-157.4615,70.9616],[-157.4635,70.9608],[-157.4651,70.9603],[-157.4672,70.9598],[-157.4692,70.9592],[-157.4732,70.9578],[-157.4756,70.9571],[-157.4772,70.9563],[-157.4807,70.9553],[-157.4836,70.9543],[-157.4852,70.9536],[-157.4884,70.9526],[-157.4911,70.9519],[-157.4943,70.9508],[-157.4989,70.9494],[-157.5004,70.9489],[-157.5037,70.9479],[-157.5053,70.9474],[-157.5077,70.9466],[-157.5113,70.9458],[-157.5144,70.9451],[-157.5164,70.9448],[-157.5188,70.9443],[-157.5214,70.9436],[-157.5291,70.9422],[-157.5319,70.9411],[-157.5371,70.9397],[-157.5395,70.939],[-157.5423,70.938],[-157.5467,70.937],[-157.5483,70.9365],[-157.5531,70.9352],[-157.5555,70.9347],[-157.5571,70.9342],[-157.5587,70.9337],[-157.5595,70.933],[-157.5611,70.9325],[-157.5627,70.932],[-157.5659,70.931],[-157.5691,70.93],[-157.5723,70.929],[-157.5747,70.9282],[-157.5787,70.9273],[-157.5808,70.9266],[-157.5835,70.9258],[-157.5856,70.9251],[-157.5891,70.924],[-157.5923,70.923],[-157.5942,70.9225],[-157.5984,70.9214],[-157.6011,70.9205],[-157.6026,70.9203],[-157.6058,70.9193],[-157.6074,70.9188],[-157.6146,70.917],[-157.6209,70.9158],[-157.6233,70.9153],[-157.6249,70.9151],[-157.6281,70.9143],[-157.6312,70.9136],[-157.6328,70.9131],[-157.6344,70.9126],[-157.636,70.9121],[-157.6406,70.9105],[-157.644,70.9096],[-157.6464,70.9088],[-157.6476,70.9086],[-157.6468,70.9078],[-157.6435,70.9068],[-157.6458,70.907],[-157.6481,70.9078],[-157.6487,70.9083],[-157.6535,70.9071],[-157.6575,70.9059]]},"properties":{}},{"type":"Feature","geometry":{"type":"LineString","coordinates":[[-157.2828,71.033],[-157.2848,71.032],[-157.2859,71.0314],[-157.2884,71.0304],[-157.2904,71.0296],[-157.2937,71.0282],[-157.2967,71.0273],[-157.3008,71.0254]]},"properties":{}},{"type":"Feature","geometry":{"type":"LineString","coordinates":[[-157.1333,71.1172],[-157.1396,71.113],[-157.1466,71.109],[-157.1558,71.103],[-157.1573,71.102],[-157.1592,71.1012],[-157.1659,71.0967],[-157.1719,71.0935],[-157.177,71.0903],[-157.1817,71.0876],[-157.1861,71.0845],[-157.1904,71.0822],[-157.1938,71.0804],[-157.1969,71.0785],[-157.1988,71.0769],[-157.2026,71.075],[-157.2153,71.0678],[-157.2184,71.0662],[-157.2311,71.0586],[-157.2338,71.057]]},"properties":{}},{"type":"Feature","geometry":{"type":"LineString","coordinates":[[-157.2338,71.057],[-157.2382,71.0546],[-157.2418,71.0525],[-157.2455,71.0508],[-157.2522,71.0477],[-157.2565,71.0458],[-157.2602,71.0438],[-157.2645,71.0418],[-157.2692,71.0395],[-157.2716,71.0384],[-157.2732,71.0377],[-157.2776,71.0354],[-157.2828,71.033]]},"properties":{}},{"type":"Feature","geometry":{"type":"LineString","coordinates":[[-157.0682,71.1528],[-157.0759,71.1486],[-157.0854,71.1437],[-157.0906,71.1412],[-157.0949,71.1391],[-157.0992,71.1368],[-157.1039,71.1342],[-157.1082,71.1322],[-157.1131,71.1294],[-157.1153,71.1283],[-157.1185,71.1264],[-157.1236,71.1232],[-157.1315,71.1182],[-157.1333,71.1172]]},"properties":{}},{"type":"Feature","geometry":{"type":"LineString","coordinates":[[-156.685,71.3268],[-156.6863,71.3264],[-156.689,71.3258],[-156.6936,71.3243],[-156.6958,71.3236],[-156.6973,71.3232],[-156.6983,71.323],[-156.7014,71.3221],[-156.7089,71.3198],[-156.7156,71.3179],[-156.7234,71.3153],[-156.7293,71.3133],[-156.7331,71.3118],[-156.7375,71.3105],[-156.7455,71.3083],[-156.7519,71.3066],[-156.7526,71.3063],[-156.7616,71.3035],[-156.7642,71.3027],[-156.7692,71.301],[-156.7716,71.3001],[-156.7727,71.2997],[-156.774,71.2993],[-156.7757,71.2987],[-156.7807,71.2969],[-156.7832,71.296],[-156.7857,71.295],[-156.789,71.2938],[-156.7919,71.2928],[-156.7935,71.2922],[-156.795,71.2916],[-156.7961,71.2912],[-156.7973,71.2907],[-156.7986,71.2901],[-156.8017,71.2891],[-156.8051,71.2878],[-156.808,71.2867],[-156.8103,71.286],[-156.8116,71.2856],[-156.814,71.2848],[-156.8153,71.2841],[-156.8178,71.2832],[-156.8193,71.2822],[-156.8206,71.2814],[-156.8223,71.2805],[-156.8238,71.2794],[-156.8241,71.2793],[-156.8245,71.2792],[-156.8247,71.2792],[-156.825,71.2791],[-156.825,71.279],[-156.8249,71.2789],[-156.8264,71.2781],[-156.828,71.2774],[-156.8296,71.2765],[-156.8319,71.2754],[-156.8338,71.2743],[-156.8375,71.2726],[-156.8417,71.2702],[-156.8434,71.2694],[-156.8454,71.2684],[-156.8472,71.2675],[-156.8492,71.2667],[-156.8513,71.2654],[-156.855,71.2634],[-156.8568,71.2626],[-156.8595,71.2613],[-156.8611,71.2603],[-156.8637,71.2591],[-156.8647,71.2586],[-156.8668,71.2575],[-156.8688,71.2565],[-156.871,71.2554],[-156.8725,71.2549],[-156.8735,71.2544],[-156.8752,71.2536],[-156.8776,71.2524],[-156.8787,71.2519],[-156.8803,71.2508],[-156.8833,71.2495],[-156.884,71.2491],[-156.8845,71.2489],[-156.8856,71.2485],[-156.8874,71.2478],[-156.8895,71.2467],[-156.8917,71.2457],[-156.8934,71.2449],[-156.8949,71.2441],[-156.8974,71.2425],[-156.9019,71.2405],[-156.9039,71.2395],[-156.9051,71.2388],[-156.9066,71.2383],[-156.908,71.2377],[-156.9087,71.2374],[-156.9096,71.237],[-156.9105,71.2366],[-156.9118,71.236],[-156.9168,71.2337],[-156.9201,71.2321],[-156.9208,71.2317],[-156.9226,71.2308],[-156.9258,71.2291],[-156.9268,71.2289],[-156.9278,71.2284],[-156.9298,71.2272],[-156.931,71.2266],[-156.9323,71.2259],[-156.934,71.2251],[-156.9393,71.2224],[-156.9421,71.2211],[-156.9455,71.2195],[-156.9465,71.2189],[-156.9477,71.2185],[-156.951,71.2169],[-156.9536,71.2156],[-156.9549,71.2149],[-156.9579,71.2137],[-156.9604,71.2122],[-156.9651,71.2096],[-156.9687,71.2082],[-156.9707,71.2071],[-156.9725,71.2063],[-156.9747,71.2052],[-156.9776,71.2036],[-156.98,71.2024],[-156.9826,71.201],[-156.9841,71.2002],[-156.9866,71.1992],[-156.9891,71.1983],[-156.9901,71.1977],[-156.9918,71.1965],[-156.9942,71.1954],[-156.997,71.1939],[-156.9987,71.1927],[-157.0017,71.1911],[-157.0056,71.1886],[-157.01,71.1859],[-157.0165,71.1828],[-157.0219,71.1794],[-157.0329,71.1725],[-157.035,71.171],[-157.0372,71.1694],[-157.0414,71.167],[-157.0439,71.166],[-157.0455,71.165],[-157.0506,71.1617],[-157.0607,71.1562],[-157.0659,71.1537],[-157.0682,71.1528]]},"properties":{}},{"type":"Feature","geometry":{"type":"LineString","coordinates":[[-155.7283,70.9833],[-155.727,70.9836],[-155.7265,70.9838],[-155.7259,70.9843],[-155.7252,70.985],[-155.7239,70.9868],[-155.7227,70.9882],[-155.7206,70.9894],[-155.7196,70.9897],[-155.7179,70.9907],[-155.7164,70.9919],[-155.7141,70.9932],[-155.7132,70.994],[-155.713,70.995],[-155.714,70.9964],[-155.7142,70.9979],[-155.7144,71.0001],[-155.7146,71.0015],[-155.7145,71.0028],[-155.7143,71.0048],[-155.7137,71.0064],[-155.7131,71.0084],[-155.7125,71.0103],[-155.7112,71.0119],[-155.7101,71.0135],[-155.7092,71.0144],[-155.7084,71.0145],[-155.7076,71.015],[-155.7058,71.0167],[-155.704,71.0181],[-155.7023,71.0191],[-155.7013,71.0194],[-155.7005,71.0195],[-155.6992,71.0199],[-155.6978,71.0205],[-155.6968,71.0209],[-155.6957,71.0211],[-155.6943,71.0219],[-155.6927,71.0222],[-155.6905,71.0225],[-155.6891,71.0228],[-155.6881,71.0228],[-155.6864,71.0228],[-155.6841,71.023],[-155.6829,71.023],[-155.6798,71.0228],[-155.6774,71.0228],[-155.6762,71.0226],[-155.6732,71.0225],[-155.6705,71.0223],[-155.6681,71.0222],[-155.6656,71.0219],[-155.6624,71.022],[-155.6602,71.0221],[-155.6591,71.0225],[-155.6594,71.0232],[-155.6598,71.0235],[-155.6608,71.0238],[-155.662,71.0238],[-155.6634,71.0237],[-155.665,71.0239],[-155.6662,71.0244],[-155.6665,71.0255],[-155.6665,71.0263],[-155.6663,71.027],[-155.6653,71.0276],[-155.6646,71.028],[-155.6638,71.0283],[-155.6617,71.0284],[-155.6598,71.0285],[-155.6571,71.0291],[-155.6557,71.0294],[-155.6543,71.03],[-155.6529,71.0305],[-155.6506,71.0314],[-155.6497,71.0317],[-155.6489,71.0322],[-155.6486,71.0329],[-155.647,71.0339],[-155.647,71.0341],[-155.6461,71.0348],[-155.6457,71.0354],[-155.6447,71.0361],[-155.6418,71.0371],[-155.641,71.0376],[-155.6394,71.0385],[-155.6383,71.0394],[-155.6371,71.0407],[-155.6352,71.0415],[-155.6339,71.0419],[-155.6331,71.0421],[-155.6299,71.0424],[-155.6279,71.0428],[-155.6274,71.0433],[-155.6256,71.0442],[-155.6232,71.0446],[-155.6194,71.0448],[-155.6182,71.0448],[-155.6158,71.0447],[-155.6128,71.0443],[-155.6101,71.0435],[-155.6067,71.0431],[-155.6047,71.0423],[-155.6014,71.0416],[-155.5992,71.0415],[-155.5973,71.0416],[-155.5966,71.0422],[-155.5955,71.0432],[-155.5944,71.0441],[-155.5934,71.0462],[-155.5925,71.0471],[-155.5919,71.0488],[-155.5916,71.0499],[-155.5904,71.051],[-155.5892,71.0518],[-155.5882,71.0524],[-155.5864,71.0531],[-155.5837,71.0547],[-155.5822,71.0552],[-155.5816,71.0557],[-155.5804,71.0561],[-155.5781,71.0563],[-155.5758,71.0565],[-155.5743,71.0568],[-155.5732,71.0573],[-155.5718,71.0574],[-155.57,71.0573],[-155.5681,71.0572],[-155.5661,71.0579],[-155.5653,71.0583],[-155.5633,71.0589],[-155.5616,71.0592],[-155.5598,71.0596],[-155.5571,71.0599],[-155.5541,71.0602],[-155.5519,71.0604],[-155.5474,71.0606],[-155.5455,71.0609],[-155.5447,71.0616],[-155.5435,71.063],[-155.5431,71.0637],[-155.542,71.0646],[-155.5404,71.0651],[-155.5387,71.0654],[-155.5369,71.066],[-155.5352,71.0672],[-155.5349,71.0683],[-155.5349,71.0691],[-155.5349,71.0698],[-155.5343,71.0705],[-155.5314,71.0712],[-155.5304,71.0716],[-155.5288,71.0719],[-155.5273,71.0723],[-155.5256,71.0727],[-155.5234,71.0731],[-155.5225,71.0734],[-155.521,71.0741],[-155.5193,71.0746],[-155.5185,71.0752],[-155.5184,71.0762],[-155.5174,71.0773],[-155.5167,71.0781],[-155.5166,71.0788],[-155.5157,71.0794],[-155.5151,71.0802],[-155.513,71.0822],[-155.5125,71.084],[-155.5116,71.0851],[-155.5116,71.0866],[-155.5128,71.0897],[-155.5131,71.0907],[-155.5137,71.0916],[-155.5143,71.0928],[-155.515,71.0941],[-155.5149,71.0945],[-155.5153,71.0955],[-155.5156,71.0963],[-155.5173,71.0972],[-155.5189,71.0987],[-155.5207,71.0998],[-155.5208,71.1002],[-155.5209,71.1009],[-155.5213,71.1015],[-155.5224,71.1021],[-155.5237,71.103],[-155.5253,71.1033],[-155.5258,71.1042],[-155.5276,71.1055],[-155.5281,71.1061],[-155.529,71.1068],[-155.5297,71.1077],[-155.5319,71.1095],[-155.5323,71.1099],[-155.5334,71.1108],[-155.5343,71.1117],[-155.5352,71.1123],[-155.5389,71.1142],[-155.5395,71.1147],[-155.54,71.1151],[-155.541,71.1157],[-155.5418,71.1162],[-155.5426,71.1167],[-155.5436,71.1176],[-155.5456,71.1185],[-155.547,71.1194],[-155.5479,71.12],[-155.5495,71.1208],[-155.5499,71.1214],[-155.5519,71.1223],[-155.553,71.1229],[-155.5551,71.1236],[-155.5562,71.1243],[-155.5566,71.1248],[-155.557,71.1253],[-155.5583,71.1262],[-155.5603,71.1268],[-155.5614,71.1274],[-155.5635,71.1294],[-155.5643,71.1303],[-155.5651,71.1309],[-155.5655,71.1317],[-155.567,71.1328],[-155.5685,71.1334],[-155.5701,71.1347],[-155.5717,71.1359],[-155.5726,71.1372],[-155.5734,71.1389],[-155.5745,71.1419],[-155.575,71.143],[-155.575,71.1435],[-155.5741,71.1449],[-155.5741,71.146],[-155.5744,71.147],[-155.5745,71.1483],[-155.5736,71.1494],[-155.5732,71.1499],[-155.5714,71.1509],[-155.572,71.1522],[-155.5724,71.1536],[-155.5719,71.1556],[-155.5719,71.157],[-155.5713,71.1578],[-155.5705,71.1586],[-155.5697,71.1607],[-155.5692,71.1615],[-155.5682,71.1624],[-155.571,71.1629],[-155.5725,71.1633],[-155.5743,71.1638],[-155.5757,71.1643],[-155.577,71.1649],[-155.5818,71.1664],[-155.5842,71.1668],[-155.5865,71.1667],[-155.6011,71.1681],[-155.605,71.1687],[-155.6059,71.169],[-155.6082,71.1697],[-155.6097,71.1704],[-155.6122,71.1714],[-155.6139,71.1715],[-155.6154,71.1718],[-155.619,71.172],[-155.6225,71.1729],[-155.6249,71.1736],[-155.6276,71.1745],[-155.6291,71.1755],[-155.6307,71.1762],[-155.632,71.1766],[-155.6335,71.177],[-155.6362,71.1771],[-155.6389,71.1775],[-155.6414,71.1779],[-155.6452,71.1791],[-155.6473,71.1797],[-155.6502,71.1804],[-155.6531,71.1808],[-155.6551,71.1808],[-155.6575,71.1809],[-155.6604,71.1812],[-155.6682,71.1817],[-155.6719,71.1813],[-155.6741,71.181],[-155.6794,71.1801],[-155.6848,71.179],[-155.6964,71.1786],[-155.701,71.1784],[-155.705,71.1782],[-155.7076,71.1783],[-155.7099,71.1786],[-155.7126,71.1791],[-155.7172,71.1804],[-155.7207,71.1811],[-155.7228,71.1819],[-155.7255,71.1829],[-155.7269,71.1843],[-155.729,71.1857],[-155.7301,71.1866],[-155.733,71.1885],[-155.735,71.1897],[-155.7359,71.1905],[-155.7382,71.1913],[-155.7411,71.1921],[-155.7431,71.1922],[-155.7458,71.1918],[-155.7484,71.1916],[-155.7508,71.1915],[-155.7529,71.1906],[-155.7541,71.1901],[-155.7603,71.1893],[-155.7645,71.189],[-155.7736,71.1894],[-155.78,71.1905],[-155.7836,71.1912],[-155.7865,71.1918],[-155.7865,71.1914],[-155.7854,71.1911],[-155.785,71.1905],[-155.7857,71.19],[-155.7884,71.1899],[-155.7908,71.1901],[-155.7924,71.1911],[-155.7924,71.1918],[-155.7924,71.1926],[-155.792,71.1931],[-155.793,71.1933],[-155.7939,71.1939],[-155.7953,71.194],[-155.7988,71.194],[-155.8009,71.1937],[-155.8043,71.1932],[-155.8076,71.1927],[-155.812,71.1917],[-155.8181,71.1906],[-155.8228,71.19],[-155.8273,71.1891],[-155.8302,71.1885],[-155.8318,71.1883],[-155.8339,71.1877],[-155.8356,71.1871],[-155.8384,71.1868],[-155.8427,71.1866],[-155.8439,71.1865],[-155.8482,71.186],[-155.8517,71.1855],[-155.8533,71.1854],[-155.8554,71.1852],[-155.8579,71.1849],[-155.862,71.1847],[-155.8654,71.1845],[-155.8693,71.1844],[-155.8705,71.1842],[-155.8717,71.1843],[-155.8735,71.184],[-155.8748,71.1837],[-155.8762,71.1834],[-155.8766,71.1828],[-155.8755,71.1809],[-155.8754,71.1792],[-155.8765,71.1777],[-155.877,71.177],[-155.8785,71.177],[-155.8799,71.1771],[-155.8819,71.177],[-155.888,71.1767],[-155.8917,71.177],[-155.8929,71.177],[-155.8962,71.1772],[-155.8998,71.1787],[-155.9022,71.1795],[-155.9033,71.1799],[-155.9062,71.1811],[-155.9077,71.1822],[-155.91,71.1847],[-155.9105,71.1867],[-155.9115,71.1919],[-155.9104,71.1937],[-155.9114,71.1944],[-155.9116,71.195],[-155.9117,71.1956],[-155.9123,71.196],[-155.913,71.1967],[-155.9136,71.1975],[-155.9151,71.1992],[-155.9164,71.2006],[-155.9182,71.2019],[-155.9203,71.2036],[-155.9202,71.2044],[-155.9202,71.2047],[-155.9209,71.205],[-155.9216,71.2054],[-155.9219,71.2062],[-155.9222,71.2069],[-155.9232,71.2076],[-155.9241,71.2082],[-155.9252,71.2087],[-155.9268,71.2091],[-155.9287,71.2094],[-155.9296,71.2095],[-155.9302,71.2096],[-155.9321,71.2098],[-155.9334,71.2098],[-155.9353,71.2099],[-155.9364,71.2099],[-155.9374,71.2099],[-155.9388,71.2101],[-155.9406,71.2099],[-155.9421,71.2095],[-155.9433,71.2094],[-155.9447,71.2094],[-155.9461,71.2095],[-155.9474,71.2095],[-155.9481,71.2094],[-155.9476,71.209],[-155.947,71.2088],[-155.9449,71.2083],[-155.9443,71.2079],[-155.9436,71.2073],[-155.9429,71.2066],[-155.9423,71.2052],[-155.942,71.2041],[-155.9421,71.2031],[-155.9427,71.201],[-155.9434,71.1994],[-155.945,71.1977],[-155.9455,71.1966],[-155.9464,71.1951],[-155.9469,71.1938],[-155.9483,71.1913],[-155.9493,71.1899],[-155.9509,71.188],[-155.9521,71.1869],[-155.953,71.1862],[-155.9546,71.1856],[-155.9566,71.1848],[-155.9599,71.184],[-155.9617,71.1837],[-155.9637,71.1834],[-155.9655,71.183],[-155.9671,71.1828],[-155.9688,71.1825],[-155.9701,71.1825],[-155.971,71.1824],[-155.9723,71.1823],[-155.9732,71.1823],[-155.9745,71.1822],[-155.9762,71.1821],[-155.9771,71.1821],[-155.9777,71.1822],[-155.9793,71.1822],[-155.9803,71.1823],[-155.9813,71.1824],[-155.9825,71.1825],[-155.9834,71.1824],[-155.9842,71.1822],[-155.9858,71.1819],[-155.987,71.1819],[-155.9878,71.1814],[-155.9882,71.1809],[-155.9886,71.1807],[-155.9893,71.1801],[-155.9899,71.1793],[-155.9909,71.1787],[-155.9914,71.1784],[-155.9917,71.1781],[-155.9923,71.1774],[-155.9939,71.1764],[-155.9947,71.176],[-155.9963,71.1757],[-155.997,71.1754],[-155.999,71.1753],[-155.9994,71.1753],[-156.0011,71.1752],[-156.0037,71.1753],[-156.0053,71.1754],[-156.0065,71.1747],[-156.0089,71.1738],[-156.0105,71.1733],[-156.0121,71.1729],[-156.013,71.1727],[-156.014,71.1725],[-156.0158,71.1723],[-156.017,71.172],[-156.0178,71.1718],[-156.0191,71.1717],[-156.02,71.1715],[-156.021,71.1713],[-156.0217,71.1713],[-156.023,71.1712],[-156.0239,71.171],[-156.0251,71.1708],[-156.0262,71.1706],[-156.027,71.1706],[-156.0291,71.1704],[-156.0305,71.1703],[-156.0322,71.1704],[-156.0336,71.1704],[-156.0345,71.1703],[-156.0358,71.1704],[-156.0372,71.1705],[-156.0401,71.1709],[-156.0445,71.1716],[-156.0457,71.1718],[-156.047,71.172],[-156.0486,71.1719],[-156.0496,71.1716],[-156.0498,71.1713],[-156.0497,71.1705],[-156.0498,71.1698],[-156.0513,71.1693],[-156.0528,71.169],[-156.0544,71.1689],[-156.0555,71.1688],[-156.0566,71.1687],[-156.0592,71.1685],[-156.0608,71.1684],[-156.0621,71.1683],[-156.0634,71.1682],[-156.0651,71.1683],[-156.0656,71.1682],[-156.0675,71.168],[-156.0685,71.168],[-156.0706,71.1682],[-156.072,71.1683],[-156.0738,71.1687],[-156.0754,71.1689],[-156.0768,71.1689],[-156.0778,71.1687],[-156.079,71.1686],[-156.0802,71.1685],[-156.0813,71.1686],[-156.0823,71.1688],[-156.0847,71.1691],[-156.0862,71.1696],[-156.0873,71.17],[-156.0879,71.1705],[-156.0886,71.1706],[-156.0893,71.1704],[-156.0898,71.1701],[-156.0899,71.1698],[-156.0895,71.1692],[-156.0888,71.1687],[-156.0887,71.1681],[-156.089,71.1678],[-156.089,71.1674],[-156.0893,71.1668],[-156.0898,71.1664],[-156.0904,71.1661],[-156.0901,71.1656],[-156.089,71.1651],[-156.0874,71.1642],[-156.0892,71.1639],[-156.0896,71.1641],[-156.09,71.1645],[-156.0905,71.1649],[-156.0914,71.1653],[-156.0919,71.1654],[-156.0928,71.1654],[-156.094,71.1654],[-156.0956,71.1653],[-156.0964,71.1654],[-156.098,71.1651],[-156.0985,71.1649],[-156.099,71.1646],[-156.0995,71.1642],[-156.1008,71.1637],[-156.1016,71.1636],[-156.1033,71.1636],[-156.1043,71.1639],[-156.105,71.1641],[-156.1054,71.164],[-156.1056,71.1637],[-156.1066,71.1636],[-156.1072,71.1633],[-156.108,71.1632],[-156.1085,71.163],[-156.1103,71.1623],[-156.1112,71.1619],[-156.1125,71.1617],[-156.1143,71.1618],[-156.1149,71.1613],[-156.1159,71.161],[-156.1172,71.1606],[-156.1182,71.1604],[-156.1195,71.1603],[-156.1208,71.1604],[-156.1215,71.1606],[-156.1222,71.1608],[-156.1224,71.161],[-156.1212,71.1623],[-156.1227,71.1622],[-156.1234,71.162],[-156.1242,71.1617],[-156.1253,71.1612],[-156.1262,71.1607],[-156.1266,71.1604],[-156.1266,71.16],[-156.1264,71.1596],[-156.1267,71.1592],[-156.1271,71.1588],[-156.1272,71.1584],[-156.127,71.1579],[-156.1275,71.1574],[-156.1285,71.1571],[-156.1291,71.1566],[-156.1297,71.1563],[-156.1297,71.1558],[-156.1294,71.1556],[-156.1292,71.1552],[-156.1298,71.1548],[-156.1304,71.1543],[-156.1303,71.154],[-156.1298,71.1536],[-156.1301,71.1534],[-156.1301,71.1529],[-156.1297,71.1526],[-156.1297,71.1524],[-156.1304,71.1526],[-156.1317,71.1531],[-156.1323,71.1535],[-156.1328,71.1538],[-156.1337,71.154],[-156.1342,71.154],[-156.1353,71.1537],[-156.1367,71.1534],[-156.1369,71.1531],[-156.1381,71.153],[-156.1391,71.1531],[-156.1403,71.153],[-156.141,71.1534],[-156.1417,71.1536],[-156.1438,71.1538],[-156.144,71.154],[-156.1443,71.1544],[-156.1445,71.1552],[-156.1454,71.1555],[-156.1483,71.1546],[-156.1507,71.154],[-156.1527,71.1541],[-156.1537,71.1547],[-156.1523,71.1549],[-156.1518,71.1553],[-156.1478,71.1557],[-156.1477,71.156],[-156.1475,71.1564],[-156.1468,71.1565],[-156.1457,71.1568],[-156.1441,71.1567],[-156.1436,71.1566],[-156.1429,71.1562],[-156.1424,71.1559],[-156.1418,71.1554],[-156.1407,71.1551],[-156.139,71.1552],[-156.1366,71.1556],[-156.1346,71.156],[-156.1342,71.1564],[-156.1339,71.157],[-156.1331,71.1574],[-156.1315,71.1581],[-156.1309,71.1588],[-156.1313,71.1592],[-156.1313,71.1595],[-156.1309,71.1599],[-156.131,71.1602],[-156.1312,71.1605],[-156.1308,71.1609],[-156.1292,71.1616],[-156.128,71.1619],[-156.1271,71.1623],[-156.1254,71.163],[-156.1248,71.1633],[-156.124,71.1634],[-156.122,71.1634],[-156.1209,71.1634],[-156.1196,71.1634],[-156.1179,71.1633],[-156.1162,71.1636],[-156.1158,71.164],[-156.116,71.1647],[-156.1159,71.1648],[-156.1154,71.165],[-156.1148,71.1651],[-156.1144,71.1652],[-156.1139,71.1654],[-156.1133,71.1654],[-156.1127,71.1654],[-156.1121,71.1656],[-156.1111,71.1657],[-156.1104,71.1658],[-156.1095,71.166],[-156.1088,71.1663],[-156.1086,71.1665],[-156.1082,71.1667],[-156.1075,71.1669],[-156.1069,71.167],[-156.1063,71.1671],[-156.1059,71.1672],[-156.1055,71.1673],[-156.1048,71.1673],[-156.1045,71.1673],[-156.1042,71.1674],[-156.1037,71.1673],[-156.103,71.1674],[-156.1022,71.1674],[-156.1015,71.1673],[-156.1011,71.1672],[-156.1003,71.1672],[-156.0994,71.1673],[-156.0976,71.1674],[-156.097,71.1675],[-156.0961,71.1675],[-156.0965,71.1678],[-156.0968,71.168],[-156.0969,71.1681],[-156.097,71.1684],[-156.0971,71.1687],[-156.0973,71.1691],[-156.0974,71.1693],[-156.0976,71.1695],[-156.0977,71.1698],[-156.0979,71.1701],[-156.0979,71.1703],[-156.0978,71.1705],[-156.0978,71.1706],[-156.098,71.1708],[-156.0982,71.1712],[-156.0983,71.1716],[-156.0984,71.1722],[-156.0983,71.1728],[-156.0982,71.1734],[-156.0979,71.1739],[-156.0976,71.1742],[-156.0974,71.1743],[-156.097,71.1745],[-156.0967,71.1746],[-156.0961,71.1747],[-156.0954,71.1748],[-156.0944,71.1749],[-156.0939,71.175],[-156.0934,71.1752],[-156.0927,71.1753],[-156.0922,71.1755],[-156.0921,71.1759],[-156.092,71.1761],[-156.0919,71.1765],[-156.0915,71.177],[-156.0909,71.1777],[-156.0901,71.1783],[-156.0897,71.1786],[-156.0895,71.1788],[-156.0889,71.1788],[-156.0881,71.1789],[-156.0874,71.1789],[-156.0861,71.1791],[-156.0852,71.1792],[-156.0843,71.1794],[-156.0834,71.1794],[-156.0825,71.1794],[-156.0817,71.1795],[-156.0801,71.1794],[-156.0795,71.1794],[-156.0783,71.1794],[-156.0774,71.1793],[-156.0764,71.1792],[-156.0749,71.179],[-156.0736,71.1789],[-156.0723,71.1787],[-156.0714,71.1786],[-156.0708,71.1784],[-156.0703,71.1784],[-156.0702,71.1786],[-156.07,71.1787],[-156.0699,71.179],[-156.0697,71.1795],[-156.0695,71.1798],[-156.0688,71.1801],[-156.0685,71.1801],[-156.0679,71.1803],[-156.0678,71.1807],[-156.0676,71.1808],[-156.0672,71.1809],[-156.0664,71.1813],[-156.066,71.1814],[-156.0654,71.1816],[-156.065,71.1817],[-156.0642,71.1819],[-156.0637,71.1821],[-156.0633,71.1822],[-156.0628,71.1823],[-156.0621,71.1823],[-156.0615,71.1824],[-156.0607,71.1826],[-156.0601,71.1827],[-156.0592,71.1829],[-156.0589,71.1829],[-156.0584,71.1829],[-156.0579,71.1829],[-156.0572,71.1829],[-156.0565,71.183],[-156.0561,71.1831],[-156.0546,71.1832],[-156.0536,71.1832],[-156.0531,71.1832],[-156.0525,71.1832],[-156.0516,71.1833],[-156.0511,71.1833],[-156.0506,71.1835],[-156.0499,71.1838],[-156.0495,71.1839],[-156.0489,71.1842],[-156.0486,71.1844],[-156.0487,71.1846],[-156.0488,71.1851],[-156.0488,71.1853],[-156.0488,71.1856],[-156.0488,71.1863],[-156.0488,71.187],[-156.0487,71.1877],[-156.0487,71.1883],[-156.0489,71.1892],[-156.049,71.1898],[-156.0489,71.1904],[-156.049,71.1909],[-156.049,71.1913],[-156.0489,71.1914],[-156.0487,71.1916],[-156.0481,71.1919],[-156.048,71.192],[-156.0477,71.1922],[-156.0472,71.1926],[-156.0468,71.193],[-156.0468,71.1933],[-156.0464,71.1935],[-156.0461,71.1936],[-156.0458,71.1937],[-156.0454,71.1939],[-156.045,71.1941],[-156.0448,71.1943],[-156.0446,71.1944],[-156.0443,71.1946],[-156.0439,71.1947],[-156.0435,71.1949],[-156.0432,71.1952],[-156.043,71.1953],[-156.0426,71.1955],[-156.0423,71.1956],[-156.0418,71.1958],[-156.0414,71.196],[-156.0399,71.1965],[-156.0394,71.1967],[-156.0387,71.1969],[-156.0382,71.1971],[-156.0374,71.1975],[-156.0369,71.1979],[-156.0367,71.1981],[-156.0364,71.1982],[-156.0354,71.1984],[-156.0351,71.1988],[-156.0349,71.1991],[-156.0343,71.1994],[-156.0336,71.1998],[-156.0329,71.2003],[-156.0319,71.2007],[-156.031,71.2009],[-156.0308,71.2011],[-156.0306,71.2013],[-156.0306,71.2015],[-156.0308,71.2018],[-156.0312,71.202],[-156.0313,71.2021],[-156.0319,71.2022],[-156.0325,71.2025],[-156.0331,71.2025],[-156.0339,71.2027],[-156.0349,71.2028],[-156.0354,71.2029],[-156.0361,71.2032],[-156.037,71.2035],[-156.0378,71.2038],[-156.0384,71.2039],[-156.039,71.2042],[-156.0393,71.2045],[-156.0398,71.2046],[-156.0405,71.205],[-156.0406,71.2051],[-156.0411,71.2054],[-156.0414,71.2056],[-156.0419,71.206],[-156.0421,71.2062],[-156.0424,71.2063],[-156.0428,71.2065],[-156.0432,71.2067],[-156.0441,71.2072],[-156.0445,71.2075],[-156.0447,71.2076],[-156.045,71.2077],[-156.0453,71.2078],[-156.0455,71.208],[-156.0458,71.2082],[-156.046,71.2086],[-156.0463,71.2087],[-156.047,71.2092],[-156.048,71.2101],[-156.0486,71.2107],[-156.0487,71.2111],[-156.0492,71.2117],[-156.0499,71.2122],[-156.0505,71.2128],[-156.0505,71.213],[-156.0509,71.2131],[-156.0513,71.2132],[-156.0517,71.2134],[-156.0523,71.2136],[-156.0527,71.2138],[-156.0531,71.2138],[-156.0537,71.2138],[-156.0551,71.2138],[-156.0562,71.2137],[-156.0567,71.2138],[-156.0575,71.2139],[-156.0585,71.2142],[-156.0589,71.2142],[-156.0597,71.2144],[-156.0606,71.2147],[-156.0613,71.2149],[-156.0616,71.215],[-156.0621,71.2151],[-156.0628,71.2153],[-156.0636,71.2154],[-156.0645,71.2156],[-156.0653,71.2159],[-156.0658,71.216],[-156.0663,71.2162],[-156.0665,71.2164],[-156.0669,71.2165],[-156.0672,71.2167],[-156.0674,71.2168],[-156.0679,71.2168],[-156.0685,71.2169],[-156.0694,71.2173],[-156.0702,71.2178],[-156.0704,71.2179],[-156.071,71.2182],[-156.0724,71.2187],[-156.0728,71.2188],[-156.0735,71.219],[-156.0738,71.2192],[-156.0746,71.2196],[-156.0752,71.2199],[-156.0759,71.2202],[-156.0761,71.2205],[-156.0762,71.2207],[-156.0766,71.221],[-156.077,71.2213],[-156.0779,71.2215],[-156.0784,71.2216],[-156.0791,71.2217],[-156.0796,71.2217],[-156.0802,71.2217],[-156.0809,71.2217],[-156.0813,71.2217],[-156.0821,71.2216],[-156.0837,71.2217],[-156.0861,71.2218],[-156.0871,71.2218],[-156.0885,71.2218],[-156.0898,71.222],[-156.0915,71.2222],[-156.0922,71.2225],[-156.093,71.2229],[-156.0934,71.2232],[-156.0938,71.2235],[-156.0952,71.2237],[-156.0955,71.2236],[-156.0963,71.2236],[-156.0973,71.2236],[-156.0975,71.2235],[-156.0982,71.2234],[-156.099,71.2235],[-156.0993,71.2235],[-156.0999,71.2234],[-156.1003,71.2231],[-156.1004,71.2229],[-156.1004,71.2227],[-156.1004,71.2225],[-156.1003,71.2222],[-156.1005,71.2221],[-156.1011,71.222],[-156.1015,71.2218],[-156.1029,71.2218],[-156.1037,71.2219],[-156.1055,71.2219],[-156.1066,71.2217],[-156.1082,71.2218],[-156.1091,71.222],[-156.1096,71.2222],[-156.11,71.2224],[-156.1104,71.2223],[-156.1112,71.2221],[-156.1118,71.222],[-156.1122,71.222],[-156.1126,71.222],[-156.1131,71.2219],[-156.1137,71.2218],[-156.1145,71.2218],[-156.1151,71.2215],[-156.1155,71.2214],[-156.1156,71.2212],[-156.1163,71.2208],[-156.1168,71.2207],[-156.1171,71.2206],[-156.1176,71.2203],[-156.1184,71.2202],[-156.1185,71.2202],[-156.1186,71.2199],[-156.1191,71.2198],[-156.1196,71.2198],[-156.1202,71.22],[-156.1207,71.2201],[-156.1218,71.2199],[-156.1221,71.2198],[-156.1228,71.2195],[-156.1231,71.2194],[-156.1233,71.2193],[-156.1233,71.219],[-156.1231,71.2189],[-156.1228,71.2187],[-156.1234,71.2186],[-156.1235,71.2183],[-156.1242,71.2182],[-156.1245,71.2182],[-156.1249,71.2182],[-156.1253,71.2181],[-156.1248,71.2178],[-156.1247,71.2176],[-156.1246,71.2174],[-156.1246,71.2171],[-156.1255,71.2168],[-156.126,71.2168],[-156.1267,71.2168],[-156.1274,71.2168],[-156.1284,71.2169],[-156.129,71.2168],[-156.1293,71.2167],[-156.1305,71.2167],[-156.1308,71.2167],[-156.1316,71.2167],[-156.1323,71.2167],[-156.1328,71.2166],[-156.133,71.2165],[-156.1332,71.2163],[-156.1331,71.2161],[-156.1327,71.2159],[-156.1321,71.2156],[-156.1315,71.2155],[-156.131,71.2152],[-156.1306,71.215],[-156.1305,71.2148],[-156.1309,71.2146],[-156.131,71.2145],[-156.1308,71.2142],[-156.1305,71.214],[-156.1302,71.2139],[-156.1296,71.2137],[-156.1291,71.2135],[-156.1288,71.2133],[-156.1297,71.2134],[-156.1304,71.2135],[-156.1312,71.2136],[-156.132,71.2137],[-156.1326,71.2141],[-156.1329,71.2145],[-156.1328,71.2148],[-156.1334,71.215],[-156.134,71.2153],[-156.1345,71.2155],[-156.135,71.2154],[-156.1358,71.2151],[-156.136,71.2149],[-156.1362,71.2147],[-156.1368,71.2146],[-156.1374,71.2145],[-156.1386,71.2145],[-156.1395,71.2145],[-156.1401,71.2144],[-156.1406,71.2143],[-156.1415,71.2143],[-156.1424,71.2143],[-156.1428,71.2143],[-156.1437,71.2143],[-156.1443,71.2142],[-156.1447,71.2141],[-156.1452,71.214],[-156.1458,71.214],[-156.1466,71.2139],[-156.1472,71.2139],[-156.1477,71.2138],[-156.1482,71.2137],[-156.1487,71.2135],[-156.1492,71.2135],[-156.1495,71.2134],[-156.1497,71.2133],[-156.1499,71.2132],[-156.1503,71.213],[-156.1504,71.2128],[-156.1501,71.2126],[-156.1502,71.2124],[-156.1509,71.2124],[-156.1515,71.2125],[-156.1516,71.2128],[-156.1515,71.213],[-156.1511,71.2132],[-156.1509,71.2133],[-156.1507,71.2135],[-156.1509,71.2137],[-156.1505,71.2138],[-156.1491,71.2139],[-156.1485,71.2139],[-156.1482,71.2141],[-156.1477,71.2142],[-156.1469,71.2142],[-156.1461,71.2142],[-156.1455,71.2143],[-156.1452,71.2144],[-156.1448,71.2145],[-156.1444,71.2146],[-156.1438,71.2146],[-156.1434,71.2147],[-156.1424,71.2147],[-156.1413,71.2147],[-156.1409,71.2148],[-156.1404,71.2148],[-156.139,71.2148],[-156.138,71.2149],[-156.1371,71.215],[-156.1368,71.2152],[-156.1365,71.2154],[-156.136,71.2156],[-156.1355,71.216],[-156.1354,71.2161],[-156.1351,71.2164],[-156.1347,71.2166],[-156.1349,71.2169],[-156.135,71.2171],[-156.1349,71.2173],[-156.1349,71.2175],[-156.1347,71.2178],[-156.1341,71.2179],[-156.1337,71.2179],[-156.133,71.2179],[-156.1314,71.2179],[-156.1309,71.2179],[-156.1302,71.218],[-156.1297,71.218],[-156.1287,71.218],[-156.1283,71.218],[-156.1285,71.2183],[-156.1286,71.2184],[-156.128,71.2187],[-156.1276,71.2187],[-156.1267,71.2189],[-156.1258,71.2191],[-156.1251,71.2195],[-156.1244,71.22],[-156.1242,71.2201],[-156.1242,71.2203],[-156.124,71.2206],[-156.123,71.2208],[-156.1219,71.2209],[-156.121,71.2211],[-156.1203,71.2215],[-156.1199,71.2219],[-156.1199,71.222],[-156.1201,71.2224],[-156.12,71.2226],[-156.1195,71.2227],[-156.1179,71.2229],[-156.1172,71.2229],[-156.1165,71.2229],[-156.1161,71.223],[-156.1157,71.2233],[-156.1153,71.2234],[-156.1149,71.2238],[-156.1149,71.224],[-156.1148,71.2243],[-156.1146,71.2245],[-156.1138,71.2246],[-156.1133,71.2245],[-156.1123,71.2245],[-156.1117,71.2246],[-156.1112,71.2247],[-156.1106,71.2247],[-156.11,71.2246],[-156.1091,71.2242],[-156.1085,71.2239],[-156.1078,71.2239],[-156.1066,71.2238],[-156.1052,71.2235],[-156.1043,71.2237],[-156.1041,71.2239],[-156.1038,71.2241],[-156.1033,71.2244],[-156.1023,71.2247],[-156.1015,71.2248],[-156.1009,71.2249],[-156.0995,71.225],[-156.0987,71.225],[-156.098,71.225],[-156.0973,71.2249],[-156.0968,71.225],[-156.0967,71.2251],[-156.0965,71.2253],[-156.0961,71.2256],[-156.096,71.2257],[-156.096,71.226],[-156.0956,71.2263],[-156.0952,71.2265],[-156.0948,71.2267],[-156.0945,71.227],[-156.094,71.2276],[-156.094,71.2283],[-156.0945,71.2295],[-156.0946,71.2302],[-156.0946,71.2308],[-156.0947,71.2315],[-156.0947,71.2324],[-156.0944,71.2332],[-156.0944,71.2334],[-156.0943,71.2336],[-156.0941,71.2337],[-156.0939,71.234],[-156.0935,71.2341],[-156.0926,71.2342],[-156.0922,71.2343],[-156.0916,71.2344],[-156.091,71.2344],[-156.0901,71.2344],[-156.0879,71.2343],[-156.0869,71.2342],[-156.0865,71.2341],[-156.0862,71.2339],[-156.0854,71.2339],[-156.0848,71.234],[-156.0843,71.2342],[-156.0835,71.2342],[-156.0831,71.2343],[-156.0822,71.2344],[-156.0818,71.2345],[-156.0817,71.2346],[-156.0817,71.2348],[-156.0815,71.2351],[-156.0813,71.2354],[-156.0812,71.2355],[-156.081,71.2356],[-156.0807,71.2357],[-156.0804,71.2358],[-156.0802,71.2359],[-156.08,71.2361],[-156.0798,71.2363],[-156.0796,71.2364],[-156.0794,71.2366],[-156.0794,71.2368],[-156.0796,71.237],[-156.0797,71.2372],[-156.0799,71.2375],[-156.0801,71.2378],[-156.0802,71.238],[-156.0804,71.2382],[-156.0807,71.2383],[-156.0809,71.2384],[-156.0809,71.2386],[-156.0812,71.2387],[-156.0815,71.2387],[-156.0823,71.2387],[-156.0827,71.2388],[-156.0832,71.2388],[-156.0839,71.2389],[-156.0843,71.2389],[-156.0849,71.2389],[-156.0851,71.2389],[-156.0854,71.239],[-156.086,71.239],[-156.0867,71.2392],[-156.087,71.2392],[-156.0873,71.2393],[-156.0877,71.2394],[-156.0881,71.2394],[-156.0884,71.2394],[-156.0887,71.2395],[-156.0891,71.2395],[-156.0897,71.2395],[-156.0901,71.2395],[-156.0905,71.2396],[-156.0908,71.2397],[-156.0913,71.2397],[-156.0915,71.2399],[-156.0919,71.24],[-156.0922,71.2401],[-156.0924,71.2402],[-156.0926,71.2404],[-156.0936,71.2405],[-156.0946,71.2405],[-156.0958,71.2403],[-156.0969,71.2404],[-156.0983,71.2406],[-156.0994,71.2408],[-156.1003,71.241],[-156.1025,71.2412],[-156.1038,71.2413],[-156.1057,71.2415],[-156.1075,71.2415],[-156.1091,71.2417],[-156.1097,71.2419],[-156.1109,71.2421],[-156.1121,71.2421],[-156.1134,71.2422],[-156.1153,71.2428],[-156.1165,71.243],[-156.117,71.2431],[-156.118,71.2431],[-156.1185,71.2429],[-156.1195,71.2428],[-156.1212,71.243],[-156.1223,71.243],[-156.1231,71.243],[-156.1243,71.243],[-156.1251,71.2429],[-156.1262,71.2427],[-156.1277,71.2424],[-156.1289,71.2424],[-156.1304,71.2425],[-156.1319,71.2425],[-156.1337,71.2427],[-156.1354,71.2431],[-156.1372,71.2436],[-156.1381,71.2438],[-156.1393,71.2438],[-156.1404,71.244],[-156.1406,71.2442],[-156.1411,71.2442],[-156.1416,71.244],[-156.1425,71.2439],[-156.1451,71.2445],[-156.1459,71.2445],[-156.1469,71.2447],[-156.1478,71.2454],[-156.1487,71.2455],[-156.1492,71.2457],[-156.1499,71.2458],[-156.1509,71.2457],[-156.152,71.2458],[-156.1536,71.2459],[-156.1548,71.2461],[-156.1564,71.2465],[-156.1577,71.2467],[-156.1585,71.2472],[-156.159,71.2475],[-156.1594,71.248],[-156.1599,71.2485],[-156.1625,71.2487],[-156.1645,71.2488],[-156.1655,71.249],[-156.167,71.2492],[-156.168,71.2497],[-156.1691,71.2501],[-156.1693,71.2502],[-156.1699,71.2504],[-156.1707,71.2506],[-156.172,71.251],[-156.1726,71.2515],[-156.1742,71.2525],[-156.1757,71.253],[-156.1765,71.2534],[-156.1779,71.2536],[-156.1787,71.2537],[-156.1799,71.2539],[-156.1812,71.254],[-156.1828,71.2542],[-156.1846,71.2542],[-156.1867,71.2542],[-156.188,71.2543],[-156.1896,71.2544],[-156.1908,71.2545],[-156.1924,71.2546],[-156.1944,71.2547],[-156.1963,71.255],[-156.1989,71.2555],[-156.1998,71.2557],[-156.201,71.2558],[-156.2025,71.2561],[-156.204,71.2566],[-156.2056,71.2566],[-156.207,71.2567],[-156.2084,71.2566],[-156.2098,71.2567],[-156.2108,71.257],[-156.2117,71.2573],[-156.2131,71.2573],[-156.2149,71.2575],[-156.2159,71.2578],[-156.2164,71.2579],[-156.2174,71.2582],[-156.218,71.2584],[-156.219,71.2584],[-156.22,71.2584],[-156.2213,71.2584],[-156.2229,71.2585],[-156.2243,71.2586],[-156.2254,71.2585],[-156.2264,71.2586],[-156.2274,71.2587],[-156.2303,71.2589],[-156.231,71.2588],[-156.2324,71.2588],[-156.2338,71.2589],[-156.2355,71.2589],[-156.2376,71.259],[-156.2405,71.2594],[-156.2419,71.2596],[-156.2443,71.26],[-156.2462,71.2601],[-156.2467,71.2602],[-156.2477,71.2603],[-156.2489,71.2605],[-156.2504,71.2608],[-156.2525,71.2611],[-156.2542,71.2614],[-156.2547,71.2614],[-156.2555,71.2616],[-156.2563,71.2616],[-156.2576,71.2618],[-156.2589,71.2618],[-156.2608,71.2619],[-156.262,71.2622],[-156.2638,71.2623],[-156.2646,71.2623],[-156.2656,71.2623],[-156.2675,71.2623],[-156.2682,71.2623],[-156.2701,71.2623],[-156.2723,71.2624],[-156.2733,71.2625],[-156.2746,71.2626],[-156.2759,71.2627],[-156.278,71.2629],[-156.2805,71.2631],[-156.2821,71.2632],[-156.2836,71.2632],[-156.2857,71.2633],[-156.288,71.2635],[-156.2902,71.2638],[-156.2914,71.2638],[-156.2923,71.2637],[-156.293,71.2637],[-156.294,71.2636],[-156.2942,71.2633],[-156.2948,71.2619],[-156.2958,71.2612],[-156.2967,71.2609],[-156.299,71.2603],[-156.3015,71.26],[-156.3043,71.2597],[-156.3059,71.2598],[-156.3064,71.2599],[-156.3069,71.26],[-156.3089,71.2605],[-156.3099,71.2606],[-156.3113,71.2606],[-156.3147,71.2602],[-156.3175,71.2597],[-156.3189,71.2596],[-156.3199,71.2596],[-156.3204,71.2597],[-156.3216,71.2597],[-156.323,71.2595],[-156.3236,71.2594],[-156.3258,71.2593],[-156.3268,71.2592],[-156.3301,71.2592],[-156.3322,71.2591],[-156.3333,71.2591],[-156.3347,71.2591],[-156.3362,71.2591],[-156.3384,71.2592],[-156.3399,71.2592],[-156.341,71.2593],[-156.3419,71.2593],[-156.3431,71.2595],[-156.345,71.2596],[-156.3462,71.2596],[-156.3475,71.2597],[-156.3488,71.2597],[-156.3498,71.2599],[-156.3506,71.26],[-156.3515,71.26],[-156.3522,71.2601],[-156.3531,71.2603],[-156.3546,71.2605],[-156.3557,71.2606],[-156.3569,71.2608],[-156.358,71.2608],[-156.3601,71.2609],[-156.3631,71.2611],[-156.3655,71.2614],[-156.3679,71.2614],[-156.3691,71.2615],[-156.3714,71.2619],[-156.3722,71.2621],[-156.3733,71.2623],[-156.3749,71.2625],[-156.3754,71.2626],[-156.3776,71.2632],[-156.3783,71.2634],[-156.3793,71.2637],[-156.3806,71.2638],[-156.3835,71.2644],[-156.386,71.265],[-156.389,71.2659],[-156.3912,71.2663],[-156.3922,71.2664],[-156.3944,71.2666],[-156.3963,71.2668],[-156.398,71.2671],[-156.399,71.2673],[-156.4,71.2669],[-156.4015,71.2663],[-156.4043,71.2655],[-156.4063,71.265],[-156.407,71.2647],[-156.4077,71.2644],[-156.4085,71.2637],[-156.4092,71.2632],[-156.4097,71.2629],[-156.4104,71.2626],[-156.4109,71.2616],[-156.4112,71.2613],[-156.4121,71.2611],[-156.4109,71.2606],[-156.4109,71.26],[-156.4115,71.2595],[-156.4121,71.2592],[-156.4129,71.2591],[-156.4138,71.259],[-156.415,71.2589],[-156.4169,71.2587],[-156.419,71.2587],[-156.4206,71.2587],[-156.4219,71.2587],[-156.4237,71.2587],[-156.4253,71.2588],[-156.4271,71.2589],[-156.428,71.2589],[-156.4288,71.259],[-156.4305,71.2591],[-156.432,71.2593],[-156.4329,71.2598],[-156.4336,71.2603],[-156.4342,71.2602],[-156.4351,71.26],[-156.4356,71.2597],[-156.4358,71.2597],[-156.4365,71.2596],[-156.4374,71.2595],[-156.4382,71.2594],[-156.4389,71.2592],[-156.4398,71.2591],[-156.4404,71.2589],[-156.441,71.2589],[-156.4419,71.2589],[-156.4433,71.259],[-156.4449,71.259],[-156.4455,71.2595],[-156.4462,71.2598],[-156.447,71.2598],[-156.448,71.2601],[-156.4483,71.2602],[-156.4493,71.2603],[-156.4498,71.2603],[-156.4516,71.2607],[-156.4505,71.2612],[-156.4485,71.2612],[-156.4477,71.2611],[-156.447,71.261],[-156.446,71.2607],[-156.4456,71.2605],[-156.4443,71.2605],[-156.4433,71.2604],[-156.4429,71.2605],[-156.4426,71.2607],[-156.4424,71.2609],[-156.4418,71.2611],[-156.4411,71.2612],[-156.4404,71.2612],[-156.4392,71.2612],[-156.4382,71.2611],[-156.4373,71.2612],[-156.4366,71.2616],[-156.4362,71.2618],[-156.4358,71.2619],[-156.4357,71.2623],[-156.4357,71.263],[-156.4348,71.264],[-156.4348,71.2645],[-156.4347,71.2648],[-156.4343,71.2654],[-156.434,71.266],[-156.4333,71.2664],[-156.4325,71.2667],[-156.4317,71.2668],[-156.4305,71.267],[-156.4292,71.2671],[-156.4282,71.2672],[-156.4258,71.2673],[-156.4236,71.2674],[-156.4217,71.2673],[-156.4195,71.2673],[-156.4184,71.2672],[-156.418,71.2671],[-156.4173,71.267],[-156.4163,71.2667],[-156.4148,71.2664],[-156.4135,71.2669],[-156.4137,71.2672],[-156.4139,71.2673],[-156.4137,71.2676],[-156.4131,71.2679],[-156.4124,71.2682],[-156.4115,71.2684],[-156.4112,71.269],[-156.4112,71.2692],[-156.4116,71.2697],[-156.4125,71.2701],[-156.4132,71.2705],[-156.4135,71.2708],[-156.413,71.2711],[-156.4132,71.2716],[-156.414,71.272],[-156.4141,71.2724],[-156.4143,71.2726],[-156.4151,71.2728],[-156.4157,71.2731],[-156.4159,71.2735],[-156.4162,71.2737],[-156.4168,71.2742],[-156.4177,71.2745],[-156.4182,71.2746],[-156.419,71.2749],[-156.4207,71.2754],[-156.4211,71.2758],[-156.4216,71.2761],[-156.4221,71.2763],[-156.4225,71.2766],[-156.4225,71.2767],[-156.423,71.277],[-156.4241,71.2774],[-156.4249,71.2781],[-156.4269,71.2795],[-156.4285,71.2808],[-156.4305,71.2823],[-156.4308,71.2831],[-156.4312,71.2835],[-156.4316,71.284],[-156.4314,71.2844],[-156.4325,71.2849],[-156.4328,71.2854],[-156.4331,71.2855],[-156.4344,71.2859],[-156.436,71.2862],[-156.4368,71.2863],[-156.4375,71.2864],[-156.4379,71.2867],[-156.4383,71.2871],[-156.4405,71.2879],[-156.4414,71.2885],[-156.4419,71.2892],[-156.4427,71.2896],[-156.4446,71.2893],[-156.4461,71.2885],[-156.4466,71.2882],[-156.4491,71.2877],[-156.4503,71.2873],[-156.4522,71.2869],[-156.4529,71.2868],[-156.4538,71.2865],[-156.4574,71.2861],[-156.4586,71.2859],[-156.4598,71.2857],[-156.4606,71.2857],[-156.4614,71.2857],[-156.4623,71.2858],[-156.4634,71.2858],[-156.4645,71.2859],[-156.4665,71.2861],[-156.4688,71.2861],[-156.4721,71.2863],[-156.4748,71.2867],[-156.4762,71.2868],[-156.4772,71.2869],[-156.4787,71.287],[-156.4811,71.2871],[-156.4825,71.2873],[-156.4855,71.2877],[-156.4864,71.2878],[-156.488,71.288],[-156.4899,71.2882],[-156.4917,71.2883],[-156.4936,71.2886],[-156.4959,71.2889],[-156.4982,71.2893],[-156.5025,71.2898],[-156.5063,71.2904],[-156.5093,71.291],[-156.5104,71.2913],[-156.5127,71.2919],[-156.5155,71.2925],[-156.5177,71.2929],[-156.5189,71.2931],[-156.5199,71.2935],[-156.5229,71.2926],[-156.5275,71.292],[-156.5289,71.2912],[-156.5307,71.2904],[-156.5328,71.2899],[-156.5343,71.2898],[-156.5351,71.2899],[-156.5366,71.2902],[-156.538,71.2902],[-156.5386,71.2904],[-156.5394,71.2904],[-156.54,71.2905],[-156.5405,71.2906],[-156.5405,71.2905],[-156.5406,71.2903],[-156.5408,71.29],[-156.5415,71.2893],[-156.5421,71.2891],[-156.542,71.2887],[-156.5431,71.2881],[-156.5427,71.2876],[-156.5425,71.2875],[-156.5427,71.2874],[-156.5432,71.2873],[-156.5438,71.2875],[-156.5441,71.2878],[-156.5441,71.288],[-156.543,71.2887],[-156.5441,71.289],[-156.5448,71.2889],[-156.5459,71.2888],[-156.548,71.2888],[-156.5508,71.2887],[-156.5516,71.2882],[-156.5552,71.288],[-156.5578,71.2878],[-156.5598,71.2875],[-156.5604,71.2865],[-156.5606,71.2856],[-156.5638,71.2839],[-156.5658,71.2835],[-156.5655,71.2825],[-156.5634,71.2821],[-156.5613,71.2816],[-156.562,71.2809],[-156.5627,71.281],[-156.5634,71.2811],[-156.564,71.2812],[-156.5648,71.2813],[-156.567,71.2812],[-156.5686,71.2813],[-156.5701,71.2814],[-156.5701,71.2819],[-156.569,71.2824],[-156.5695,71.2829],[-156.5694,71.2832],[-156.5681,71.2839],[-156.5666,71.2846],[-156.5652,71.2851],[-156.5636,71.2857],[-156.5633,71.2863],[-156.5641,71.2872],[-156.5625,71.2877],[-156.5612,71.2883],[-156.561,71.2892],[-156.5613,71.2895],[-156.5632,71.2898],[-156.5633,71.29],[-156.5644,71.29],[-156.5648,71.2902],[-156.5641,71.2903],[-156.5632,71.2902],[-156.5631,71.2902],[-156.5628,71.29],[-156.5626,71.2901],[-156.5622,71.2903],[-156.5615,71.2904],[-156.5604,71.2904],[-156.5596,71.2903],[-156.5588,71.2899],[-156.5576,71.2901],[-156.5568,71.2902],[-156.5565,71.2904],[-156.5534,71.2902],[-156.5522,71.29],[-156.5513,71.2901],[-156.5493,71.2901],[-156.5499,71.2906],[-156.5503,71.2914],[-156.5495,71.2919],[-156.5484,71.2921],[-156.5441,71.293],[-156.5427,71.2933],[-156.5417,71.2936],[-156.541,71.2938],[-156.5374,71.2942],[-156.5361,71.2953],[-156.5337,71.2958],[-156.5337,71.2968],[-156.5353,71.2983],[-156.5374,71.3011]]},"properties":{}},{"type":"Feature","geometry":{"type":"LineString","coordinates":[[-155.9447,71.2854],[-155.9487,71.2874],[-155.951,71.2884],[-155.9522,71.2888],[-155.954,71.2898],[-155.9568,71.2912],[-155.9628,71.2937],[-155.9727,71.2976],[-155.9776,71.2994],[-155.9822,71.301],[-155.9865,71.3024],[-155.9906,71.304],[-155.9982,71.3065],[-156.0043,71.3084],[-156.012,71.3104],[-156.0175,71.3118],[-156.0255,71.3141],[-156.028,71.3148],[-156.041,71.3177],[-156.0517,71.3198],[-156.0619,71.3218],[-156.0722,71.3239],[-156.0814,71.3258],[-156.0959,71.3284],[-156.1062,71.3302],[-156.1356,71.334],[-156.1603,71.3371],[-156.1792,71.3401],[-156.1907,71.3415],[-156.1973,71.3417],[-156.2105,71.3433],[-156.2206,71.3447],[-156.2283,71.3452],[-156.2393,71.3452],[-156.243,71.3448],[-156.2441,71.3444],[-156.24,71.344],[-156.2346,71.3438],[-156.2321,71.3431],[-156.2292,71.3428],[-156.2227,71.3422],[-156.2154,71.342],[-156.2051,71.3415],[-156.1923,71.3398],[-156.1865,71.3396],[-156.1789,71.3382],[-156.1731,71.338],[-156.1673,71.3373],[-156.1618,71.3366],[-156.1568,71.336],[-156.1395,71.3334],[-156.1212,71.3305],[-156.1156,71.3302],[-156.106,71.3287],[-156.0985,71.3274],[-156.0738,71.3231],[-156.0697,71.3229],[-156.0656,71.3221],[-156.0626,71.3214],[-156.0579,71.32],[-156.0523,71.3192],[-156.0477,71.3177],[-156.0449,71.3175],[-156.041,71.3166],[-156.0376,71.3157],[-156.0323,71.3139],[-156.0279,71.3136],[-156.0233,71.3128],[-156.0172,71.3112],[-156.0104,71.3092],[-156.0065,71.3083],[-156.0041,71.3077],[-156.0008,71.3067],[-155.998,71.3058],[-155.9937,71.3045],[-155.9906,71.3032],[-155.9881,71.3024],[-155.9853,71.3015],[-155.9836,71.3008],[-155.9807,71.2995],[-155.9786,71.2988],[-155.9761,71.2981],[-155.974,71.2971],[-155.9667,71.2941],[-155.9581,71.2908],[-155.9506,71.2875],[-155.9458,71.2853],[-155.9373,71.2803],[-155.9344,71.2784],[-155.9322,71.2769],[-155.9309,71.2758],[-155.933,71.2748],[-155.9327,71.2741],[-155.93,71.2733],[-155.9275,71.2731],[-155.9255,71.2709],[-155.9232,71.2676],[-155.9215,71.2647],[-155.9224,71.2625],[-155.9217,71.2619],[-155.9214,71.2613],[-155.9229,71.2612],[-155.9255,71.2594],[-155.9289,71.2571],[-155.9268,71.2562],[-155.9272,71.2575],[-155.9244,71.2578],[-155.9211,71.2595],[-155.9215,71.2582],[-155.9234,71.2564],[-155.9257,71.2557],[-155.929,71.2556],[-155.9295,71.2547],[-155.9275,71.2548],[-155.9239,71.2556],[-155.9212,71.2576],[-155.9217,71.2563],[-155.9232,71.2554],[-155.9272,71.2541],[-155.9245,71.2546],[-155.9221,71.2556],[-155.9212,71.2562],[-155.9197,71.2583],[-155.9197,71.2564],[-155.9205,71.2554],[-155.9218,71.2537],[-155.9196,71.2556],[-155.919,71.2565],[-155.9189,71.2579],[-155.9187,71.2591],[-155.9192,71.2602],[-155.919,71.2616],[-155.9207,71.2649],[-155.9224,71.2691],[-155.9243,71.2712],[-155.9278,71.2746],[-155.9316,71.2775],[-155.9359,71.2803],[-155.9447,71.2854]]},"properties":{}},{"type":"Feature","geometry":{"type":"LineString","coordinates":[[-156.5573,71.31],[-156.5574,71.3101],[-156.5577,71.3102],[-156.5581,71.3104],[-156.5587,71.3107],[-156.5591,71.3111],[-156.5594,71.3119],[-156.5606,71.3134],[-156.5615,71.3144],[-156.5619,71.3149],[-156.5624,71.316],[-156.5629,71.3171],[-156.5635,71.3188],[-156.564,71.3206],[-156.5645,71.3229],[-156.565,71.3245],[-156.5655,71.3263],[-156.5662,71.3283],[-156.5664,71.33],[-156.5668,71.3304],[-156.567,71.3308],[-156.5671,71.3309],[-156.5676,71.3312],[-156.5682,71.3317],[-156.5688,71.332],[-156.569,71.3324],[-156.5692,71.3329],[-156.5693,71.3331],[-156.5694,71.3333],[-156.5697,71.3334],[-156.5704,71.3336],[-156.571,71.3335],[-156.5728,71.3335],[-156.5739,71.3335],[-156.5749,71.3336],[-156.5759,71.3337],[-156.5762,71.3337],[-156.5779,71.3338],[-156.5793,71.3339],[-156.5797,71.334],[-156.5804,71.3342],[-156.581,71.3343],[-156.5816,71.3343],[-156.5822,71.3344],[-156.5833,71.3342],[-156.5839,71.3343],[-156.5853,71.3345],[-156.586,71.3346],[-156.5871,71.3349],[-156.5872,71.335],[-156.5881,71.3351],[-156.5894,71.3354],[-156.59,71.3355],[-156.5904,71.3356],[-156.5912,71.3359],[-156.5914,71.3362],[-156.5913,71.3364],[-156.5912,71.3365],[-156.5915,71.3367],[-156.592,71.3368],[-156.5925,71.3367],[-156.5928,71.3366],[-156.5932,71.3365],[-156.5937,71.3363],[-156.5946,71.3363],[-156.5948,71.3364],[-156.5952,71.3364],[-156.5956,71.3364],[-156.5962,71.3364],[-156.5971,71.3364],[-156.5976,71.3365],[-156.5981,71.3365],[-156.5985,71.3365],[-156.5993,71.3366],[-156.5987,71.3369],[-156.5984,71.3371],[-156.5981,71.3374],[-156.5969,71.3389],[-156.5964,71.339],[-156.5959,71.3394],[-156.595,71.3414],[-156.594,71.3434],[-156.5927,71.345],[-156.592,71.3459],[-156.5911,71.3467],[-156.5909,71.347],[-156.5905,71.3472],[-156.5896,71.3474],[-156.588,71.3479],[-156.5868,71.3481],[-156.5858,71.3484],[-156.5851,71.3485],[-156.5838,71.3487],[-156.5815,71.349],[-156.5792,71.3491],[-156.5774,71.3491],[-156.5769,71.3492],[-156.576,71.3495],[-156.5742,71.35],[-156.5719,71.3503],[-156.5704,71.3504],[-156.5689,71.3503],[-156.5676,71.3505],[-156.5664,71.3507],[-156.5658,71.3509],[-156.5651,71.3511],[-156.5639,71.3514],[-156.563,71.3516],[-156.5615,71.3518],[-156.5587,71.3524],[-156.5568,71.3529],[-156.5553,71.3532],[-156.5531,71.3535],[-156.5507,71.354],[-156.5498,71.3541],[-156.549,71.3544],[-156.5475,71.3546],[-156.5467,71.3547],[-156.5461,71.3548],[-156.5453,71.3547],[-156.5445,71.3546],[-156.5431,71.355],[-156.5417,71.3554],[-156.54,71.3558],[-156.5386,71.356],[-156.5368,71.3561],[-156.5359,71.3561],[-156.5354,71.3561],[-156.5349,71.3561],[-156.5343,71.3559],[-156.5332,71.3555],[-156.5326,71.3556],[-156.5322,71.3557],[-156.5317,71.3557],[-156.5311,71.3556],[-156.5305,71.3555],[-156.5301,71.3555],[-156.5297,71.3554],[-156.529,71.3554],[-156.5284,71.3554],[-156.5279,71.3554],[-156.5274,71.3555],[-156.5268,71.3555],[-156.5265,71.3555],[-156.5261,71.3556],[-156.5253,71.3556],[-156.5245,71.3557],[-156.5235,71.3559],[-156.5228,71.356],[-156.5222,71.3561],[-156.5218,71.3562],[-156.5209,71.3564],[-156.5199,71.3567],[-156.5189,71.3569],[-156.5179,71.3572],[-156.517,71.3574],[-156.5157,71.3579],[-156.5126,71.3591],[-156.5097,71.3604],[-156.505,71.3625],[-156.4996,71.3652],[-156.496,71.3673],[-156.493,71.3689],[-156.489,71.371],[-156.483,71.3739],[-156.479,71.3757],[-156.4771,71.3765],[-156.4752,71.3773],[-156.4717,71.3786],[-156.4682,71.3798],[-156.4653,71.3807],[-156.4632,71.3813],[-156.4599,71.3822],[-156.4577,71.3826],[-156.4552,71.383],[-156.4541,71.3831],[-156.4534,71.3832],[-156.4533,71.3832],[-156.4525,71.3831],[-156.4474,71.3821],[-156.4422,71.3809],[-156.4375,71.3793],[-156.4349,71.3784],[-156.4323,71.3777],[-156.428,71.3764],[-156.4249,71.3748],[-156.4189,71.3728],[-156.4158,71.372],[-156.4133,71.3712],[-156.411,71.3705],[-156.4081,71.3695],[-156.4057,71.3688],[-156.4027,71.3682],[-156.4013,71.3676],[-156.3994,71.3671],[-156.3959,71.3661],[-156.3936,71.3656],[-156.3894,71.3646],[-156.3884,71.3643],[-156.3875,71.3639],[-156.3858,71.3634],[-156.3836,71.3633],[-156.3822,71.3633],[-156.381,71.3631],[-156.3789,71.3626],[-156.3744,71.3618],[-156.3721,71.3614],[-156.3699,71.3609],[-156.3686,71.3605],[-156.3675,71.3599],[-156.3673,71.3596],[-156.3672,71.3594],[-156.3673,71.3593],[-156.3675,71.3591],[-156.3685,71.3589],[-156.3694,71.3589],[-156.3696,71.3587],[-156.369,71.3587],[-156.3682,71.3588],[-156.3671,71.3589],[-156.3665,71.359],[-156.3661,71.3591],[-156.3654,71.3593],[-156.3645,71.3595],[-156.3634,71.3597],[-156.3629,71.3598],[-156.3623,71.3599],[-156.362,71.3599],[-156.3614,71.3599],[-156.3611,71.3598],[-156.3609,71.3597],[-156.3606,71.3596],[-156.3603,71.3595],[-156.3597,71.3593],[-156.3582,71.359],[-156.3577,71.3591],[-156.3571,71.3592],[-156.3569,71.3594],[-156.357,71.3598],[-156.3575,71.3601],[-156.3579,71.3603],[-156.3583,71.3604],[-156.3587,71.3606],[-156.3597,71.3609],[-156.3606,71.361],[-156.3617,71.3611],[-156.363,71.3611],[-156.3645,71.3613],[-156.366,71.3614],[-156.3667,71.3616],[-156.3674,71.3617],[-156.3682,71.362],[-156.3693,71.3622],[-156.3712,71.3625],[-156.3761,71.3632],[-156.3786,71.3636],[-156.3819,71.3642],[-156.386,71.3647],[-156.3909,71.3657],[-156.3973,71.3674],[-156.4019,71.3688],[-156.4063,71.3701],[-156.4116,71.3715],[-156.4133,71.372],[-156.4154,71.3727],[-156.4162,71.373],[-156.418,71.3735],[-156.4194,71.374],[-156.424,71.3755],[-156.4247,71.3758],[-156.4263,71.3765],[-156.429,71.3775],[-156.4306,71.3782],[-156.433,71.3789],[-156.4337,71.3792],[-156.4345,71.3795],[-156.4351,71.3798],[-156.4374,71.3804],[-156.4382,71.3808],[-156.439,71.3812],[-156.4395,71.3814],[-156.44,71.3815],[-156.4407,71.3817],[-156.4414,71.3818],[-156.4424,71.3819],[-156.4434,71.3821],[-156.4442,71.3822],[-156.4453,71.3825],[-156.4463,71.3827],[-156.4476,71.3829],[-156.4487,71.3831],[-156.4515,71.3836],[-156.453,71.3839],[-156.4535,71.384],[-156.454,71.3842],[-156.4544,71.3845],[-156.4551,71.3847],[-156.4567,71.385],[-156.4578,71.3852],[-156.4602,71.3856],[-156.4613,71.3858],[-156.4621,71.3859],[-156.4633,71.386],[-156.4643,71.386],[-156.4655,71.3863],[-156.4668,71.3865],[-156.4678,71.3867],[-156.4688,71.3867],[-156.4694,71.3868],[-156.4704,71.3868],[-156.4713,71.3867],[-156.4723,71.3867],[-156.4729,71.3867],[-156.4733,71.3867],[-156.4742,71.3866]]},"properties":{}},{"type":"Feature","geometry":{"type":"LineString","coordinates":[[-156.5374,71.3011],[-156.5404,71.3034],[-156.5445,71.3061],[-156.549,71.3088],[-156.55,71.3095],[-156.5511,71.31],[-156.5516,71.3103],[-156.553,71.3105],[-156.555,71.3104],[-156.5562,71.31]]},"properties":{}},{"type":"Feature","geometry":{"type":"LineString","coordinates":[[-156.5562,71.31],[-156.5573,71.31]]},"properties":{}},{"type":"Feature","geometry":{"type":"LineString","coordinates":[[-156.4742,71.3866],[-156.4753,71.3865],[-156.4768,71.3863],[-156.4772,71.3862],[-156.4802,71.3853],[-156.4823,71.3843],[-156.4832,71.3838],[-156.4835,71.3834],[-156.4845,71.3821],[-156.4853,71.3809],[-156.4855,71.3805],[-156.4857,71.38],[-156.4856,71.3791],[-156.4857,71.3788],[-156.4861,71.3772],[-156.4866,71.3767],[-156.4883,71.375],[-156.4917,71.3728],[-156.4958,71.3705],[-156.5059,71.3664],[-156.5103,71.3649],[-156.5171,71.3625],[-156.5217,71.3613],[-156.5268,71.3601],[-156.5281,71.3597],[-156.53,71.3593],[-156.5326,71.3588],[-156.5337,71.3585],[-156.5348,71.3583],[-156.5368,71.3578],[-156.5385,71.3574],[-156.5397,71.3571],[-156.5437,71.3559],[-156.5526,71.3542],[-156.5593,71.3529],[-156.5661,71.3519],[-156.5706,71.3512],[-156.5821,71.3498],[-156.592,71.3484],[-156.6046,71.3467],[-156.6071,71.3463],[-156.6148,71.3449],[-156.6177,71.3444],[-156.6211,71.3437],[-156.6238,71.3432],[-156.6278,71.3424],[-156.6352,71.3407],[-156.6382,71.34],[-156.6411,71.3391],[-156.6465,71.3377],[-156.6492,71.337],[-156.6567,71.335],[-156.6595,71.3343],[-156.6641,71.3329],[-156.6662,71.3324],[-156.6695,71.3315],[-156.673,71.3303],[-156.6771,71.3291],[-156.6813,71.3279],[-156.6839,71.3271],[-156.685,71.3268]]},"properties":{}},{"type":"Feature","geometry":{"type":"LineString","coordinates":[[-156.3458,71.359],[-156.351,71.3559],[-156.3472,71.3566],[-156.3464,71.3567],[-156.3431,71.3561],[-156.3406,71.3561],[-156.3355,71.3566],[-156.3316,71.3574],[-156.3319,71.358],[-156.3338,71.3588],[-156.3338,71.3591],[-156.3333,71.3594],[-156.3323,71.3595],[-156.3307,71.3594],[-156.33,71.359],[-156.3296,71.3589],[-156.3291,71.3587],[-156.3277,71.3588],[-156.3264,71.359],[-156.3246,71.3592],[-156.3209,71.359],[-156.3205,71.3589],[-156.32,71.3587],[-156.3195,71.3586],[-156.3182,71.3587],[-156.3173,71.3586],[-156.3166,71.3585],[-156.3156,71.3583],[-156.313,71.3582],[-156.3119,71.3582],[-156.311,71.3581],[-156.3099,71.3581],[-156.3092,71.358],[-156.3088,71.3577],[-156.303,71.3574],[-156.3013,71.3572],[-156.2998,71.3569],[-156.2987,71.3567],[-156.2971,71.3563],[-156.2948,71.3555],[-156.2939,71.3551],[-156.2931,71.3547],[-156.2925,71.3545],[-156.2919,71.3543],[-156.2886,71.3531],[-156.2878,71.3527],[-156.287,71.3523],[-156.2868,71.3522],[-156.2865,71.3521],[-156.2862,71.352],[-156.2861,71.352],[-156.2857,71.3518],[-156.2851,71.3518],[-156.2846,71.3516],[-156.2841,71.3515],[-156.283,71.3513],[-156.2822,71.3512],[-156.2815,71.3511],[-156.2811,71.3509],[-156.2808,71.3508],[-156.2803,71.3505],[-156.2799,71.3502],[-156.2797,71.35],[-156.2795,71.3498],[-156.2794,71.3498],[-156.2792,71.3498],[-156.2789,71.3498],[-156.2787,71.3498],[-156.2784,71.3498],[-156.2782,71.3497],[-156.278,71.3497],[-156.278,71.3496],[-156.2779,71.3494],[-156.2776,71.3492],[-156.2775,71.3491],[-156.2773,71.349],[-156.277,71.3489],[-156.2768,71.3488],[-156.2763,71.3486],[-156.2756,71.348],[-156.2754,71.3479],[-156.2752,71.3479],[-156.2751,71.3479],[-156.2751,71.348],[-156.2751,71.3481],[-156.2751,71.3482],[-156.2748,71.3483],[-156.2747,71.3483],[-156.2742,71.3483],[-156.274,71.3482],[-156.2739,71.3481],[-156.2737,71.348],[-156.2736,71.3481],[-156.2735,71.348],[-156.2735,71.3479],[-156.2734,71.348],[-156.2733,71.3481],[-156.2734,71.3483],[-156.2737,71.3484],[-156.2741,71.3486],[-156.2748,71.3488],[-156.2757,71.3491],[-156.2762,71.3494],[-156.2766,71.3497],[-156.2772,71.3499],[-156.2778,71.3502],[-156.2786,71.3505],[-156.2793,71.3509],[-156.2797,71.3511],[-156.2801,71.3513],[-156.2809,71.3516],[-156.2818,71.3521],[-156.2823,71.3522],[-156.2828,71.3523],[-156.2833,71.3525],[-156.2837,71.3528],[-156.2846,71.353],[-156.2854,71.3533],[-156.2864,71.3535],[-156.2874,71.3538],[-156.2884,71.3541],[-156.2904,71.3547],[-156.2906,71.3548],[-156.2927,71.3553],[-156.2934,71.3556],[-156.2942,71.3558],[-156.2952,71.3561],[-156.2965,71.3565],[-156.3004,71.3574],[-156.3014,71.3576],[-156.3024,71.3578],[-156.3046,71.3581],[-156.3061,71.3584],[-156.3078,71.3586],[-156.309,71.3588],[-156.3103,71.3589],[-156.3146,71.3593],[-156.3168,71.3595],[-156.319,71.3597],[-156.3224,71.36],[-156.3239,71.3601],[-156.3259,71.3601],[-156.3311,71.3602],[-156.3387,71.3601],[-156.3421,71.3598],[-156.3458,71.359]]},"properties":{}},{"type":"Feature","geometry":{"type":"LineString","coordinates":[[-156.2751,71.3476],[-156.2748,71.3476],[-156.2743,71.3476],[-156.2742,71.3476],[-156.2741,71.3476],[-156.274,71.3476],[-156.2739,71.3476],[-156.2736,71.3474],[-156.2732,71.3469],[-156.2724,71.346],[-156.2719,71.3453],[-156.2716,71.3451],[-156.2716,71.345],[-156.2717,71.345],[-156.2718,71.3449],[-156.272,71.3446],[-156.2722,71.3446],[-156.2726,71.3446],[-156.2728,71.3445],[-156.2722,71.3443],[-156.2714,71.3442],[-156.2703,71.3441],[-156.2699,71.3441],[-156.2699,71.3441],[-156.2695,71.3441],[-156.2691,71.3442],[-156.2688,71.3443],[-156.2687,71.3445],[-156.2688,71.3446],[-156.269,71.345],[-156.2693,71.3457],[-156.2701,71.3463],[-156.2706,71.3466],[-156.2721,71.3473],[-156.2724,71.3474],[-156.2728,71.3475],[-156.2739,71.3478],[-156.274,71.3479],[-156.274,71.3479],[-156.2741,71.3479],[-156.2744,71.3479],[-156.2746,71.3479],[-156.2747,71.3479],[-156.275,71.3478],[-156.2752,71.3477],[-156.2751,71.3476]]},"properties":{}},{"type":"Feature","geometry":{"type":"LineString","coordinates":[[-155.1626,71.1013],[-155.1633,71.101],[-155.1638,71.1007],[-155.1642,71.1006],[-155.1649,71.1002],[-155.1659,71.0997],[-155.1675,71.0991],[-155.1692,71.0988],[-155.17,71.0985],[-155.1715,71.0983],[-155.1743,71.098],[-155.1757,71.0978],[-155.1763,71.0973],[-155.177,71.097],[-155.1774,71.0969],[-155.1782,71.0967],[-155.179,71.0964],[-155.18,71.0963],[-155.181,71.0959],[-155.1819,71.0955],[-155.1832,71.095],[-155.1844,71.0945],[-155.1855,71.094],[-155.1871,71.0936],[-155.189,71.0931],[-155.1905,71.0929],[-155.1913,71.0927],[-155.1928,71.0925],[-155.194,71.0923],[-155.1952,71.0921],[-155.1973,71.0917],[-155.1987,71.0914],[-155.2,71.0912],[-155.2018,71.091],[-155.2023,71.091],[-155.2033,71.0908],[-155.2044,71.0906],[-155.2056,71.0903],[-155.2076,71.0904],[-155.2084,71.0904],[-155.2103,71.0903],[-155.2118,71.09],[-155.2131,71.0899],[-155.2139,71.0898],[-155.2146,71.0897],[-155.2156,71.0897],[-155.2171,71.0898],[-155.218,71.0896],[-155.2185,71.0895],[-155.2196,71.0892],[-155.221,71.0888],[-155.2229,71.0884],[-155.2236,71.0881],[-155.2239,71.0879],[-155.2244,71.0878],[-155.225,71.0875],[-155.2257,71.0873],[-155.2265,71.0871],[-155.2275,71.0867],[-155.2287,71.0864],[-155.2296,71.0862],[-155.2303,71.086],[-155.2315,71.0856],[-155.2327,71.0852],[-155.2332,71.085],[-155.2339,71.0847],[-155.2355,71.0843],[-155.2366,71.084],[-155.2382,71.0836],[-155.2405,71.0828],[-155.2425,71.0822],[-155.2433,71.0818],[-155.2439,71.0816],[-155.2449,71.0811],[-155.2463,71.0803],[-155.247,71.0799],[-155.2478,71.0794],[-155.2487,71.0789],[-155.2495,71.0784],[-155.2518,71.0774],[-155.2527,71.077],[-155.2532,71.0769],[-155.2539,71.0766],[-155.2546,71.0763],[-155.2555,71.0758],[-155.2558,71.0756],[-155.2559,71.0753],[-155.2564,71.0749],[-155.257,71.0746],[-155.2574,71.0741],[-155.2576,71.0736],[-155.258,71.073],[-155.258,71.0729],[-155.2582,71.0727],[-155.2586,71.0724],[-155.259,71.0721],[-155.2595,71.0718],[-155.2599,71.0711],[-155.2602,71.0707],[-155.2606,71.0704],[-155.261,71.0701],[-155.2611,71.0698],[-155.2612,71.0692],[-155.2612,71.069],[-155.2612,71.0685],[-155.2613,71.0682],[-155.2617,71.0677],[-155.2623,71.0671],[-155.2627,71.0668],[-155.263,71.0665],[-155.2636,71.0661],[-155.2639,71.0656],[-155.2642,71.0649],[-155.2639,71.0644],[-155.2636,71.0641],[-155.2623,71.0638],[-155.2617,71.0637],[-155.2605,71.0633],[-155.259,71.0631],[-155.2586,71.063],[-155.258,71.0628],[-155.2562,71.0626],[-155.2555,71.0622],[-155.2546,71.062],[-155.2522,71.0615],[-155.2514,71.0613],[-155.2511,71.0611],[-155.2505,71.0608],[-155.2498,71.0605],[-155.2492,71.0605],[-155.2485,71.0606],[-155.2474,71.0604],[-155.2465,71.0601],[-155.2458,71.0598],[-155.2447,71.0596],[-155.2436,71.0591],[-155.2422,71.0587],[-155.2411,71.0582],[-155.2398,71.058],[-155.2386,71.0578],[-155.2376,71.0577],[-155.2366,71.0573],[-155.2359,71.0569],[-155.2346,71.0564],[-155.2337,71.0559],[-155.2324,71.0554],[-155.2319,71.0552],[-155.2308,71.0549],[-155.2298,71.0547],[-155.2289,71.0545],[-155.2285,71.0543],[-155.2278,71.054],[-155.2268,71.0537],[-155.2256,71.0533],[-155.225,71.0527],[-155.2237,71.0517],[-155.2233,71.0514],[-155.2228,71.0508],[-155.2224,71.0504],[-155.2216,71.0499],[-155.2198,71.0493],[-155.2189,71.0487],[-155.218,71.0478],[-155.2171,71.0471],[-155.2159,71.0463],[-155.2144,71.0449],[-155.2123,71.0434],[-155.2107,71.0421],[-155.2095,71.0412],[-155.209,71.0409],[-155.2087,71.0407],[-155.2079,71.0406],[-155.2068,71.0403],[-155.2057,71.04],[-155.2042,71.0396],[-155.2027,71.0393],[-155.2018,71.039],[-155.2007,71.0387],[-155.1997,71.0384],[-155.1989,71.0379],[-155.1971,71.0375],[-155.1952,71.0372],[-155.1939,71.037],[-155.1922,71.0368],[-155.1905,71.0362],[-155.1892,71.0356],[-155.1867,71.0347],[-155.186,71.0346],[-155.1849,71.0341],[-155.1822,71.033],[-155.1802,71.032],[-155.1786,71.0312],[-155.1775,71.0308],[-155.1764,71.0308],[-155.1755,71.0298],[-155.1739,71.0283],[-155.1724,71.0268],[-155.1717,71.026],[-155.1699,71.0243],[-155.1681,71.0225],[-155.1668,71.021],[-155.1651,71.0198],[-155.1636,71.0185],[-155.1619,71.0164],[-155.1596,71.0141],[-155.1589,71.013],[-155.1581,71.0117],[-155.1575,71.0108],[-155.1573,71.0101],[-155.1571,71.0093],[-155.1567,71.0084],[-155.1567,71.0079],[-155.1567,71.0072],[-155.1568,71.0059],[-155.1568,71.0052],[-155.1569,71.0047],[-155.157,71.0041],[-155.157,71.0039],[-155.157,71.0034],[-155.157,71.0027],[-155.1572,71.002],[-155.1574,71.0016],[-155.1575,71.001],[-155.1575,71.0002],[-155.1576,70.9997],[-155.1576,70.9992],[-155.1577,70.9985],[-155.1582,70.9975],[-155.1586,70.9966],[-155.1591,70.9954],[-155.1593,70.9949],[-155.1598,70.9939],[-155.1604,70.9928],[-155.1606,70.9923],[-155.161,70.9915],[-155.1616,70.9906],[-155.1621,70.9901],[-155.1627,70.9895],[-155.1637,70.989],[-155.164,70.9886],[-155.1639,70.9882],[-155.1637,70.9877],[-155.1641,70.987],[-155.1654,70.9857],[-155.1664,70.9849],[-155.1683,70.9834],[-155.1693,70.9827],[-155.171,70.9817],[-155.1731,70.9806],[-155.1753,70.9799],[-155.1773,70.9792],[-155.1804,70.9783],[-155.1835,70.9777],[-155.1862,70.9773],[-155.1889,70.977],[-155.1922,70.9768],[-155.195,70.9766],[-155.1992,70.9768],[-155.2022,70.9771],[-155.2038,70.9775],[-155.2054,70.9779],[-155.2082,70.9787],[-155.2109,70.9798],[-155.2131,70.9808],[-155.2145,70.9815],[-155.2157,70.9822],[-155.2169,70.983],[-155.2185,70.9838],[-155.2195,70.9846],[-155.2213,70.9856],[-155.2223,70.9863],[-155.2233,70.9871],[-155.2255,70.9882],[-155.2266,70.989],[-155.2274,70.9896],[-155.2278,70.9899],[-155.2282,70.9903],[-155.2286,70.9906],[-155.229,70.9911],[-155.2292,70.9914],[-155.2298,70.9917],[-155.2301,70.9921],[-155.2306,70.9923],[-155.2315,70.9926],[-155.2321,70.9932],[-155.2323,70.9935],[-155.2324,70.9938],[-155.2327,70.9941],[-155.2333,70.9946],[-155.2341,70.995],[-155.2344,70.9953],[-155.2348,70.9955],[-155.2352,70.9958],[-155.2359,70.9961],[-155.2362,70.9964],[-155.2366,70.9968],[-155.2378,70.9977],[-155.238,70.9979],[-155.2386,70.9982],[-155.2389,70.9985],[-155.2389,70.9988],[-155.2391,70.999],[-155.2397,70.9992],[-155.2398,70.9994],[-155.2404,70.9997],[-155.2404,71.0],[-155.2412,71.0003],[-155.2413,71.0006],[-155.2418,71.0011],[-155.2423,71.0014],[-155.2428,71.0017],[-155.2431,71.0021],[-155.2433,71.0023],[-155.2438,71.0027],[-155.2444,71.0032],[-155.2453,71.0039],[-155.2454,71.0041],[-155.246,71.0044],[-155.2467,71.0048],[-155.248,71.0058],[-155.2482,71.0063],[-155.2489,71.0065],[-155.2499,71.0074],[-155.2505,71.008],[-155.2515,71.0091],[-155.2524,71.0099],[-155.2526,71.0107],[-155.2529,71.0109],[-155.2532,71.0116],[-155.2536,71.012],[-155.254,71.0124],[-155.2546,71.0129],[-155.2549,71.0136],[-155.2548,71.0139],[-155.2547,71.0141],[-155.2548,71.0144],[-155.2552,71.0147],[-155.2562,71.015],[-155.2569,71.0153],[-155.2585,71.0151],[-155.2594,71.0149],[-155.2599,71.0148],[-155.2607,71.0146],[-155.262,71.0146],[-155.2639,71.0142],[-155.2647,71.0139],[-155.2652,71.0137],[-155.266,71.0133],[-155.2661,71.0128],[-155.2677,71.0124],[-155.2687,71.0121],[-155.2698,71.012],[-155.2713,71.012],[-155.2733,71.0121],[-155.2751,71.012],[-155.2754,71.0119],[-155.2762,71.0118],[-155.2777,71.0116],[-155.2794,71.0113],[-155.28,71.0113],[-155.2809,71.0113],[-155.2816,71.0111],[-155.2828,71.0109],[-155.2839,71.0108],[-155.2849,71.0106],[-155.2856,71.0105],[-155.2873,71.0102],[-155.2896,71.01],[-155.2908,71.0096],[-155.2914,71.0094],[-155.2921,71.0093],[-155.293,71.009],[-155.2939,71.0088],[-155.2953,71.0084],[-155.297,71.008],[-155.2976,71.0078],[-155.2981,71.0076],[-155.2988,71.0074],[-155.2995,71.0072],[-155.3005,71.007],[-155.3011,71.0068],[-155.302,71.0067],[-155.3026,71.0064],[-155.3043,71.0061],[-155.3058,71.0059],[-155.3063,71.0059],[-155.3076,71.0057],[-155.3084,71.0054],[-155.3094,71.0052],[-155.3106,71.005],[-155.3117,71.0049],[-155.313,71.0049],[-155.3153,71.0042],[-155.317,71.004],[-155.3177,71.0038],[-155.3183,71.0036],[-155.3188,71.0034],[-155.32,71.0031],[-155.3212,71.0029],[-155.3225,71.0027],[-155.3238,71.0023],[-155.326,71.0019],[-155.3279,71.0016],[-155.3287,71.0014],[-155.3293,71.0013],[-155.3297,71.0011],[-155.3305,71.0009],[-155.3315,71.0008],[-155.3329,71.0007],[-155.3337,71.0007],[-155.3357,71.0005],[-155.3369,71.0005],[-155.3376,71.0003],[-155.3384,71.0001],[-155.3394,70.9999],[-155.3415,70.9997],[-155.3432,70.9994],[-155.3442,70.9991],[-155.3451,70.999],[-155.3458,70.9989],[-155.3475,70.9987],[-155.3494,70.9984],[-155.3506,70.9983],[-155.3523,70.9981],[-155.3539,70.9979],[-155.3551,70.9979],[-155.3573,70.9977],[-155.359,70.9971],[-155.3599,70.997],[-155.3616,70.9968],[-155.3633,70.9962],[-155.3649,70.9955],[-155.3658,70.9951],[-155.3666,70.9946],[-155.367,70.9943],[-155.3673,70.9938],[-155.3682,70.9926],[-155.3694,70.9919],[-155.3705,70.9914],[-155.3718,70.9897],[-155.3723,70.9885],[-155.3729,70.987],[-155.3729,70.986],[-155.3732,70.9846],[-155.3737,70.9832],[-155.3746,70.982],[-155.3763,70.9805],[-155.3785,70.9793],[-155.3803,70.9784],[-155.3828,70.9775],[-155.3884,70.9757],[-155.3901,70.9753],[-155.3926,70.9748],[-155.3941,70.9745],[-155.3954,70.9741],[-155.3966,70.9736],[-155.3985,70.9729],[-155.3996,70.9724],[-155.4011,70.9717],[-155.4023,70.9699],[-155.4041,70.9674],[-155.4057,70.9668],[-155.4067,70.9667],[-155.4099,70.9663],[-155.4112,70.966],[-155.4126,70.9656],[-155.4144,70.9647],[-155.4164,70.9637],[-155.4175,70.9633],[-155.4193,70.9626],[-155.4221,70.9612],[-155.4262,70.9593],[-155.4321,70.9564],[-155.4338,70.9558],[-155.4365,70.9547],[-155.4385,70.9537],[-155.4408,70.9527],[-155.4423,70.9522],[-155.4457,70.951],[-155.4478,70.9502],[-155.4501,70.9494],[-155.4521,70.9487],[-155.4545,70.948],[-155.4573,70.9473],[-155.4586,70.9468],[-155.4598,70.9465],[-155.4616,70.9462],[-155.4629,70.9457],[-155.4642,70.9454],[-155.4672,70.9449],[-155.4703,70.9445],[-155.475,70.944],[-155.481,70.9439],[-155.4825,70.9439],[-155.4867,70.9441],[-155.4934,70.9442],[-155.4994,70.9441],[-155.5023,70.9441],[-155.5071,70.9437],[-155.5104,70.9431],[-155.5114,70.9425],[-155.5121,70.9408],[-155.5121,70.9405],[-155.5121,70.9389],[-155.5117,70.9362],[-155.5096,70.9328],[-155.5033,70.9258],[-155.4969,70.9184],[-155.4918,70.9124],[-155.486,70.9027],[-155.4847,70.8974],[-155.4838,70.8917],[-155.4841,70.8892],[-155.484,70.8827],[-155.4823,70.8818],[-155.4819,70.8816],[-155.4826,70.8781],[-155.4831,70.8772],[-155.4838,70.8762],[-155.4841,70.8753],[-155.4852,70.8739],[-155.4861,70.8724],[-155.4868,70.8711],[-155.487,70.8705],[-155.487,70.8704],[-155.4862,70.87],[-155.4852,70.8698],[-155.4837,70.8695],[-155.4834,70.8693],[-155.4837,70.8691],[-155.4835,70.8687],[-155.4834,70.8685],[-155.4831,70.8683],[-155.4822,70.8679],[-155.4817,70.8676],[-155.4816,70.8673],[-155.4817,70.867],[-155.4817,70.867],[-155.4816,70.8668],[-155.4814,70.8665],[-155.4813,70.8661],[-155.4813,70.866],[-155.481,70.8658],[-155.481,70.8656],[-155.481,70.8653],[-155.4809,70.8649],[-155.4809,70.8647],[-155.4808,70.8645],[-155.4806,70.8642],[-155.4807,70.8637],[-155.4808,70.8634],[-155.4808,70.863],[-155.4806,70.8626],[-155.4805,70.8623],[-155.4809,70.8621],[-155.4813,70.8618],[-155.4816,70.8615],[-155.4817,70.8612],[-155.482,70.8611],[-155.4823,70.8607],[-155.4829,70.8604],[-155.4837,70.8602],[-155.4846,70.86],[-155.4853,70.8597],[-155.4852,70.8595],[-155.4853,70.8593],[-155.4854,70.8591],[-155.4858,70.8588],[-155.4862,70.8586],[-155.4869,70.8583],[-155.4874,70.8581],[-155.4875,70.8578],[-155.4874,70.8575],[-155.488,70.8571],[-155.4885,70.857],[-155.4892,70.8566],[-155.4894,70.8562]]},"properties":{}},{"type":"Feature","geometry":{"type":"LineString","coordinates":[[-155.7609,70.8301],[-155.7672,70.8298],[-155.7741,70.8298],[-155.7796,70.83],[-155.7861,70.8305],[-155.7892,70.831],[-155.7988,70.8324],[-155.8057,70.8333],[-155.8094,70.8335],[-155.8112,70.8333],[-155.8133,70.8329],[-155.8145,70.8325],[-155.8166,70.8321],[-155.8184,70.8318],[-155.8193,70.8313],[-155.8204,70.8309],[-155.8221,70.8306],[-155.8258,70.8297],[-155.8294,70.8291],[-155.8336,70.8287],[-155.8365,70.8285],[-155.8405,70.8285],[-155.8418,70.8286],[-155.8427,70.8288],[-155.8449,70.8289],[-155.8468,70.8288],[-155.8485,70.8286],[-155.8502,70.8285],[-155.8518,70.8285],[-155.8532,70.8285],[-155.854,70.8284],[-155.8561,70.8283],[-155.8577,70.8285],[-155.8582,70.8288],[-155.8591,70.8287],[-155.8603,70.8286],[-155.8643,70.8288],[-155.8661,70.8289],[-155.8676,70.8291],[-155.8691,70.8294],[-155.8707,70.8293],[-155.8713,70.8293],[-155.8737,70.8292],[-155.8747,70.8292],[-155.8754,70.8292],[-155.8763,70.8292],[-155.8768,70.8291],[-155.8775,70.8288],[-155.8779,70.8281],[-155.8781,70.8276],[-155.8781,70.8274],[-155.8786,70.8267],[-155.8787,70.8264],[-155.8797,70.8257],[-155.88,70.8253],[-155.8808,70.8249],[-155.8826,70.8239],[-155.8835,70.8237],[-155.8843,70.8233],[-155.8852,70.8229],[-155.8859,70.8226],[-155.8866,70.8222],[-155.887,70.8219],[-155.8876,70.8214],[-155.8891,70.82],[-155.8894,70.8196],[-155.8898,70.8194],[-155.8908,70.8188],[-155.8912,70.8185],[-155.892,70.8177],[-155.8921,70.8172],[-155.8928,70.817],[-155.893,70.8166],[-155.8931,70.8164],[-155.8935,70.8157],[-155.894,70.8154],[-155.8944,70.8152],[-155.8955,70.8148],[-155.8965,70.8144],[-155.8976,70.8138],[-155.8985,70.8136],[-155.8989,70.8133],[-155.8994,70.8133],[-155.9001,70.8131],[-155.9008,70.8127],[-155.9014,70.8125],[-155.902,70.8125],[-155.9027,70.8124],[-155.9037,70.8124],[-155.9045,70.8124],[-155.906,70.8121],[-155.9068,70.8121],[-155.9073,70.8121],[-155.9086,70.8122],[-155.9094,70.8124],[-155.9107,70.8124],[-155.9117,70.8123],[-155.913,70.8122],[-155.9139,70.8121],[-155.9151,70.8119],[-155.9157,70.8114],[-155.9157,70.8111],[-155.9164,70.8108],[-155.9168,70.8106],[-155.9175,70.8104],[-155.918,70.8102],[-155.9183,70.8099],[-155.9186,70.8096],[-155.9192,70.8092],[-155.9198,70.809],[-155.9207,70.8084],[-155.9213,70.8079],[-155.9216,70.8079],[-155.9225,70.8077],[-155.9233,70.8075],[-155.9244,70.8071],[-155.925,70.807],[-155.9256,70.807],[-155.927,70.8068],[-155.9269,70.8063],[-155.9262,70.806],[-155.9258,70.8057],[-155.9256,70.8055],[-155.925,70.8052],[-155.9233,70.8049],[-155.9225,70.8045],[-155.9219,70.8043],[-155.9212,70.8039],[-155.921,70.8035],[-155.9206,70.8033],[-155.9195,70.8029],[-155.919,70.8026],[-155.9189,70.8023],[-155.9182,70.8021],[-155.9178,70.8018],[-155.9176,70.8014],[-155.9175,70.8011],[-155.9175,70.8006],[-155.9175,70.7999],[-155.9175,70.7995],[-155.9174,70.7992],[-155.917,70.7989],[-155.9167,70.7985],[-155.9165,70.7979],[-155.9161,70.7975],[-155.9157,70.7972],[-155.9154,70.7969],[-155.9144,70.796],[-155.9141,70.7953],[-155.9141,70.7949],[-155.9143,70.7939],[-155.9146,70.7933],[-155.915,70.7929],[-155.9155,70.7927],[-155.916,70.7925],[-155.9165,70.7922],[-155.9165,70.792],[-155.9159,70.7917],[-155.9153,70.7916],[-155.9148,70.7915],[-155.9138,70.7911],[-155.9134,70.7909],[-155.9136,70.7904],[-155.9135,70.7901],[-155.9131,70.7898],[-155.9127,70.7893],[-155.912,70.7886],[-155.9119,70.7883],[-155.9119,70.788],[-155.9114,70.7877],[-155.911,70.7874],[-155.9108,70.7871],[-155.9108,70.7869],[-155.9103,70.7867],[-155.9096,70.7864],[-155.9088,70.786],[-155.9083,70.7856],[-155.9077,70.7853],[-155.9071,70.7851],[-155.906,70.7847],[-155.9054,70.7846],[-155.9049,70.7844],[-155.904,70.7841],[-155.9034,70.7837],[-155.9028,70.7834],[-155.9023,70.7832],[-155.9016,70.7828],[-155.9014,70.7826],[-155.9007,70.7822],[-155.8993,70.7818],[-155.8977,70.7816],[-155.8971,70.7812],[-155.8951,70.7802],[-155.8945,70.7798],[-155.8943,70.7796],[-155.8939,70.7795],[-155.8938,70.7795],[-155.8935,70.7795],[-155.8928,70.7792],[-155.8919,70.7788],[-155.8904,70.7782],[-155.8884,70.7776],[-155.8878,70.7772],[-155.8877,70.7769],[-155.8876,70.7767],[-155.887,70.7762],[-155.8856,70.7758],[-155.8852,70.7755],[-155.8845,70.7752],[-155.8839,70.7747],[-155.8823,70.7745],[-155.8816,70.7746],[-155.8808,70.7746],[-155.8798,70.7747],[-155.8791,70.7749],[-155.8789,70.7749],[-155.8782,70.7749],[-155.8775,70.775],[-155.8745,70.7751],[-155.8748,70.7747],[-155.8757,70.7745],[-155.8764,70.7742],[-155.8774,70.7741],[-155.8782,70.774],[-155.8785,70.7739],[-155.8788,70.7738],[-155.8791,70.7737],[-155.8793,70.7737],[-155.8798,70.7734],[-155.8802,70.7732],[-155.8799,70.7729],[-155.8805,70.7727],[-155.8814,70.7722],[-155.8821,70.772],[-155.8831,70.7715],[-155.8836,70.7712],[-155.8839,70.7711],[-155.8848,70.771],[-155.8849,70.771],[-155.886,70.7704],[-155.8872,70.7701],[-155.8872,70.7697],[-155.8872,70.7695],[-155.8876,70.7693],[-155.8876,70.7691],[-155.8878,70.7688],[-155.888,70.7687],[-155.8879,70.7683],[-155.8876,70.7681],[-155.8868,70.7676],[-155.887,70.7674],[-155.8873,70.7673],[-155.8876,70.7672],[-155.8874,70.7669],[-155.8875,70.7666],[-155.8877,70.7664],[-155.8871,70.7661],[-155.8866,70.766],[-155.8865,70.7657],[-155.8863,70.7653],[-155.8863,70.765],[-155.8867,70.7647],[-155.8869,70.7645],[-155.8866,70.7641],[-155.8869,70.7639],[-155.887,70.7637],[-155.8862,70.7634],[-155.8857,70.7631],[-155.8852,70.7631],[-155.8845,70.7626],[-155.8846,70.7624],[-155.8856,70.7623],[-155.8863,70.7622],[-155.8862,70.7619],[-155.886,70.7616],[-155.8848,70.7612],[-155.8848,70.7608],[-155.8848,70.7606],[-155.8852,70.7602],[-155.8858,70.7601],[-155.8868,70.7602],[-155.8874,70.7602],[-155.8876,70.7602],[-155.8876,70.7599],[-155.887,70.7594],[-155.8859,70.7589],[-155.8851,70.7587],[-155.8849,70.7585],[-155.8863,70.7583],[-155.8859,70.7581],[-155.8849,70.758],[-155.8846,70.7576],[-155.8847,70.7572],[-155.8847,70.7567],[-155.8844,70.756],[-155.8851,70.7556],[-155.8856,70.7554],[-155.8869,70.7553],[-155.8884,70.7554],[-155.8898,70.7555],[-155.8911,70.7559],[-155.892,70.756],[-155.8935,70.7558],[-155.8939,70.7557],[-155.8944,70.7556],[-155.8941,70.7559],[-155.895,70.7562],[-155.895,70.7566],[-155.8985,70.7571],[-155.9,70.757],[-155.9011,70.7563],[-155.9032,70.7557],[-155.904,70.7555],[-155.9041,70.7554],[-155.9048,70.7553],[-155.906,70.7553],[-155.9092,70.7554],[-155.9107,70.7558],[-155.9114,70.7562],[-155.9117,70.7568],[-155.9127,70.7568],[-155.914,70.7567],[-155.9152,70.7565],[-155.9157,70.7562],[-155.916,70.7559],[-155.9166,70.7553],[-155.9183,70.7545],[-155.9192,70.7539],[-155.9198,70.753],[-155.9213,70.7515],[-155.9228,70.7513],[-155.9244,70.7517],[-155.926,70.7522],[-155.9277,70.7531],[-155.928,70.7536],[-155.9316,70.7552],[-155.9334,70.7553],[-155.937,70.7551],[-155.9399,70.7546],[-155.9442,70.7541],[-155.9478,70.7539],[-155.9507,70.7535],[-155.9527,70.7529],[-155.9554,70.7526],[-155.9564,70.7524],[-155.9569,70.7521],[-155.9582,70.7518],[-155.9598,70.7511],[-155.9611,70.7518],[-155.9626,70.7519],[-155.9639,70.7524],[-155.9666,70.7522],[-155.9672,70.7523],[-155.9676,70.7527],[-155.9678,70.7529],[-155.9678,70.753],[-155.968,70.7534],[-155.9681,70.7537],[-155.9683,70.754],[-155.9688,70.7539],[-155.9691,70.7535],[-155.9697,70.7531],[-155.9699,70.7527],[-155.9695,70.7524],[-155.9687,70.7516],[-155.9691,70.7509],[-155.9702,70.7505],[-155.9707,70.7506],[-155.9712,70.7508],[-155.9718,70.7506],[-155.9723,70.7499],[-155.9737,70.7495],[-155.9749,70.7491],[-155.9765,70.7489],[-155.9778,70.7488],[-155.9795,70.7484],[-155.9813,70.7483],[-155.982,70.7482],[-155.9828,70.7483],[-155.9834,70.7485],[-155.9847,70.7486],[-155.9856,70.7488],[-155.9864,70.7491],[-155.9878,70.7492],[-155.9889,70.7492],[-155.9899,70.7492],[-155.9909,70.7491],[-155.9923,70.7489],[-155.9931,70.7486],[-155.9938,70.7484],[-155.9958,70.7483],[-155.9965,70.7482],[-155.9973,70.7481],[-155.9982,70.7482],[-155.9986,70.7483],[-155.9996,70.7488],[-155.9998,70.7491],[-156.001,70.7498],[-156.0015,70.7504],[-156.002,70.7509],[-156.0021,70.7513],[-156.0026,70.7518],[-156.003,70.7524],[-156.0032,70.7528],[-156.0032,70.7532],[-156.0032,70.7536],[-156.0032,70.754],[-156.0016,70.7544],[-155.999,70.7552],[-155.9952,70.7555],[-155.9929,70.7558],[-155.993,70.7565],[-155.9932,70.7571],[-155.994,70.7577],[-155.994,70.7582],[-155.9938,70.7585],[-155.9935,70.7589],[-155.9941,70.7594],[-155.9945,70.7599],[-155.9946,70.7602],[-155.9942,70.7608],[-155.995,70.7614],[-155.995,70.7616],[-155.9941,70.7618],[-155.9922,70.7618],[-155.9917,70.7622],[-155.9909,70.7624],[-155.9885,70.7633],[-155.9878,70.7632],[-155.9887,70.7638],[-155.9887,70.7641],[-155.9886,70.7643],[-155.9872,70.7645],[-155.9865,70.7647],[-155.9863,70.7647],[-155.9843,70.7647],[-155.9828,70.7648],[-155.9818,70.7648],[-155.9786,70.7645],[-155.9774,70.7643],[-155.9764,70.7641],[-155.9753,70.764],[-155.9744,70.7639],[-155.9733,70.7634],[-155.9718,70.7623],[-155.9716,70.7621],[-155.9714,70.7617],[-155.9717,70.7614],[-155.9716,70.7609],[-155.9713,70.7606],[-155.9701,70.7599],[-155.9693,70.7593],[-155.9679,70.7588],[-155.9681,70.7584],[-155.969,70.758],[-155.9689,70.7576],[-155.9689,70.757],[-155.9689,70.7567],[-155.9687,70.7563],[-155.9684,70.756],[-155.9675,70.7558],[-155.967,70.7558],[-155.9658,70.7558],[-155.9648,70.7557],[-155.9641,70.7555],[-155.9636,70.7555],[-155.9634,70.7558],[-155.9638,70.7575],[-155.9644,70.759],[-155.9651,70.7598],[-155.9655,70.7603],[-155.9658,70.7611],[-155.9663,70.7613],[-155.9667,70.7613],[-155.9673,70.7611],[-155.9683,70.761],[-155.9691,70.7612],[-155.9699,70.7614],[-155.9701,70.7617],[-155.9699,70.762],[-155.9691,70.7622],[-155.968,70.7622],[-155.9676,70.7625],[-155.968,70.7629],[-155.9683,70.7634],[-155.9683,70.7639],[-155.9685,70.7645],[-155.9681,70.7648],[-155.9683,70.7653],[-155.9682,70.7657],[-155.9682,70.7661],[-155.9679,70.7667],[-155.9679,70.7672],[-155.9675,70.7675],[-155.9662,70.7675],[-155.9647,70.7674],[-155.964,70.7674],[-155.9626,70.7676],[-155.9623,70.7682],[-155.9635,70.7686],[-155.9634,70.7692],[-155.9632,70.77],[-155.9635,70.7706],[-155.9635,70.771],[-155.9628,70.7714],[-155.9624,70.7715],[-155.9626,70.7718],[-155.9631,70.7721],[-155.9632,70.7725],[-155.9632,70.7726],[-155.9637,70.7731],[-155.9644,70.7734],[-155.9647,70.7732],[-155.9646,70.7729],[-155.9644,70.7727],[-155.965,70.7725],[-155.9653,70.7723],[-155.9661,70.7725],[-155.9667,70.7729],[-155.9669,70.7734],[-155.9672,70.774],[-155.9672,70.7743],[-155.967,70.7748],[-155.9663,70.7751],[-155.9652,70.7753],[-155.964,70.7754],[-155.9626,70.7753],[-155.962,70.7753],[-155.9603,70.7752],[-155.96,70.775],[-155.9587,70.7749],[-155.9581,70.775],[-155.9566,70.7752],[-155.9565,70.7754],[-155.9576,70.7755],[-155.9579,70.7757],[-155.958,70.7761],[-155.9581,70.7765],[-155.9577,70.7767],[-155.9571,70.7768],[-155.9566,70.7769],[-155.955,70.7771],[-155.9534,70.7772],[-155.9521,70.7778],[-155.9516,70.7782],[-155.9514,70.7787],[-155.9507,70.779],[-155.9505,70.7794],[-155.9504,70.7796],[-155.9505,70.7797],[-155.9511,70.7796],[-155.9515,70.7794],[-155.9524,70.7792],[-155.9525,70.7793],[-155.9523,70.7795],[-155.9518,70.7798],[-155.9512,70.78],[-155.9503,70.7804],[-155.9498,70.7805],[-155.9491,70.7809],[-155.9478,70.7821],[-155.9475,70.7823],[-155.9464,70.7824],[-155.9452,70.7828],[-155.9453,70.7832],[-155.9463,70.7836],[-155.9466,70.7839],[-155.9472,70.7843],[-155.9474,70.7847],[-155.9472,70.785],[-155.947,70.7853],[-155.9474,70.7857],[-155.9482,70.7861],[-155.9489,70.7866],[-155.9492,70.7871],[-155.949,70.7874],[-155.949,70.7876],[-155.9496,70.788],[-155.9502,70.7884],[-155.9511,70.7887],[-155.9516,70.7892],[-155.9532,70.7895],[-155.9538,70.7897],[-155.9543,70.7902],[-155.9554,70.7911],[-155.9565,70.7912],[-155.9573,70.7914],[-155.9573,70.7916],[-155.9576,70.7919],[-155.9575,70.7921],[-155.9576,70.7928],[-155.9582,70.7933],[-155.9584,70.7935],[-155.9586,70.7942],[-155.9593,70.7947],[-155.9596,70.7951],[-155.9595,70.7953],[-155.9591,70.7956],[-155.9591,70.7958],[-155.9603,70.7959],[-155.9605,70.7961],[-155.96,70.7961],[-155.9591,70.7962],[-155.9598,70.7966],[-155.9613,70.7968],[-155.9625,70.7969],[-155.9626,70.7972],[-155.9629,70.7975],[-155.963,70.7978],[-155.964,70.7981],[-155.9647,70.7984],[-155.9648,70.7987],[-155.9652,70.7991],[-155.9665,70.7995],[-155.9668,70.7998],[-155.9677,70.8001],[-155.969,70.8006],[-155.969,70.801],[-155.969,70.8012],[-155.9688,70.8014],[-155.9681,70.8018],[-155.9681,70.8023],[-155.9685,70.8027],[-155.9698,70.8032],[-155.97,70.8038],[-155.9703,70.8042],[-155.9703,70.8045],[-155.9704,70.805],[-155.9704,70.8054],[-155.9709,70.8058],[-155.9714,70.8061],[-155.9719,70.8067],[-155.9727,70.8068],[-155.9732,70.8072],[-155.9739,70.8074],[-155.9743,70.8077],[-155.9746,70.808],[-155.9746,70.8082],[-155.9735,70.8085],[-155.9723,70.8086],[-155.9722,70.8089],[-155.9726,70.8089],[-155.973,70.8091],[-155.9729,70.8093],[-155.9719,70.8094],[-155.971,70.8093],[-155.9711,70.8097],[-155.9718,70.8098],[-155.9725,70.8098],[-155.9734,70.8097],[-155.9744,70.8097],[-155.9755,70.8099],[-155.9762,70.8101],[-155.9771,70.8109],[-155.9784,70.8115],[-155.9799,70.8124],[-155.9807,70.8131],[-155.9818,70.814],[-155.9824,70.8145],[-155.9829,70.815],[-155.9833,70.8154],[-155.9833,70.8159],[-155.9834,70.8162],[-155.9834,70.8164],[-155.9834,70.817],[-155.9829,70.8174],[-155.9827,70.8176],[-155.9828,70.8179],[-155.9832,70.8184],[-155.9834,70.8187],[-155.9834,70.819],[-155.9831,70.8196],[-155.9832,70.8214],[-155.9826,70.8224],[-155.9819,70.8226],[-155.9817,70.8227],[-155.9825,70.8227],[-155.9838,70.8228],[-155.9847,70.8228],[-155.987,70.8228],[-155.9882,70.823],[-155.9891,70.8235],[-155.9896,70.824],[-155.9899,70.8244],[-155.9899,70.8248],[-155.9905,70.8252],[-155.9918,70.8258],[-155.9924,70.8263],[-155.9918,70.8267],[-155.9891,70.8269],[-155.9872,70.8272],[-155.9849,70.8273],[-155.9834,70.8273],[-155.9821,70.8273],[-155.981,70.8275],[-155.9797,70.8276],[-155.9755,70.8278],[-155.9752,70.8282],[-155.9767,70.8285],[-155.9773,70.8286],[-155.9771,70.8288],[-155.9771,70.8291],[-155.9772,70.8295],[-155.9774,70.8298],[-155.9767,70.8298],[-155.9764,70.8296],[-155.9762,70.8293],[-155.9755,70.829],[-155.9749,70.8289],[-155.9742,70.8292],[-155.9735,70.8296],[-155.974,70.8301],[-155.9741,70.8304],[-155.9735,70.8306],[-155.9721,70.8307],[-155.9725,70.8311],[-155.9732,70.8315],[-155.9738,70.8318],[-155.9744,70.8322],[-155.9744,70.8324],[-155.9739,70.833],[-155.9732,70.8339],[-155.9739,70.8344],[-155.9742,70.8349],[-155.9741,70.8352],[-155.9734,70.8356],[-155.9716,70.8361],[-155.9711,70.8364],[-155.9707,70.8366],[-155.9696,70.8368],[-155.9694,70.837],[-155.9688,70.8369],[-155.9674,70.8367],[-155.9668,70.836],[-155.9669,70.8355],[-155.9674,70.8348],[-155.9677,70.8344],[-155.9683,70.834],[-155.9683,70.8336],[-155.9685,70.8333],[-155.9687,70.8329],[-155.9691,70.8326],[-155.9697,70.8318],[-155.9702,70.8314],[-155.9704,70.8312],[-155.9697,70.8312],[-155.9685,70.831],[-155.9668,70.831],[-155.9655,70.8312],[-155.964,70.8313],[-155.9628,70.8313],[-155.9621,70.8311],[-155.9602,70.8309],[-155.9583,70.831],[-155.9577,70.8313],[-155.9552,70.8313],[-155.9537,70.8314],[-155.9509,70.8313],[-155.9503,70.8312],[-155.9486,70.8313],[-155.9472,70.8314],[-155.9458,70.8317],[-155.9438,70.832],[-155.9416,70.8322],[-155.9394,70.8327],[-155.9383,70.833],[-155.9395,70.8331],[-155.9417,70.833],[-155.9434,70.8328],[-155.9445,70.8327],[-155.9458,70.8327],[-155.9466,70.8327],[-155.9476,70.833],[-155.9471,70.8332],[-155.9463,70.8336],[-155.9458,70.8337],[-155.9445,70.8338],[-155.9438,70.8339],[-155.9432,70.8337],[-155.9421,70.8337],[-155.9414,70.8337],[-155.9403,70.8339],[-155.9392,70.8341],[-155.9378,70.8342],[-155.9369,70.8345],[-155.936,70.8346],[-155.9352,70.8349],[-155.9348,70.8351],[-155.9352,70.8356],[-155.9359,70.8359],[-155.9361,70.8361],[-155.9358,70.8365],[-155.9355,70.8367],[-155.9355,70.8373],[-155.937,70.8376],[-155.9385,70.8379],[-155.9391,70.8382],[-155.9399,70.8383],[-155.9412,70.8384],[-155.9427,70.8387],[-155.943,70.8388],[-155.9455,70.8393],[-155.9476,70.8396],[-155.9483,70.8399],[-155.9513,70.8408],[-155.9531,70.8413],[-155.9544,70.8419],[-155.957,70.8424],[-155.9583,70.8427],[-155.9596,70.8429],[-155.9612,70.8431],[-155.9632,70.8432],[-155.9654,70.8434],[-155.9669,70.8509]]},"properties":{}},{"type":"Feature","geometry":{"type":"LineString","coordinates":[[-155.9204,70.7548],[-155.9191,70.7559],[-155.9195,70.7568],[-155.9228,70.7573],[-155.926,70.7573],[-155.928,70.7567],[-155.9289,70.7564],[-155.9297,70.7558],[-155.9293,70.7552],[-155.928,70.7544],[-155.927,70.7539],[-155.9253,70.753],[-155.9239,70.7528],[-155.9228,70.7528],[-155.9226,70.7532],[-155.9223,70.7535],[-155.9219,70.7538],[-155.9215,70.754],[-155.9204,70.7548]]},"properties":{}},{"type":"Feature","geometry":{"type":"LineString","coordinates":[[-155.9553,70.8888],[-155.9571,70.8887],[-155.9585,70.8886],[-155.9605,70.8885],[-155.9616,70.8883],[-155.9622,70.8881],[-155.9624,70.8878],[-155.9619,70.8868],[-155.9619,70.8862],[-155.9619,70.8857],[-155.9621,70.8852],[-155.9625,70.8849],[-155.9628,70.8847],[-155.9634,70.884],[-155.9643,70.8837],[-155.9652,70.8834],[-155.9666,70.8826],[-155.9686,70.8821],[-155.9695,70.8818],[-155.9712,70.8813],[-155.9723,70.8808],[-155.9721,70.8805],[-155.9701,70.8804],[-155.9675,70.8802],[-155.966,70.8802],[-155.9642,70.8802],[-155.9625,70.8801],[-155.9614,70.8801],[-155.9605,70.88],[-155.9594,70.8799],[-155.9583,70.8796],[-155.9567,70.8792],[-155.9557,70.879],[-155.9548,70.8787],[-155.9541,70.8783],[-155.9531,70.8776],[-155.9527,70.8769],[-155.9525,70.8765],[-155.9523,70.8758],[-155.9523,70.8751],[-155.9524,70.8746],[-155.9524,70.8743],[-155.9523,70.8738],[-155.9523,70.8731],[-155.9528,70.8728],[-155.9535,70.8724],[-155.9544,70.8721],[-155.956,70.872],[-155.9567,70.8718],[-155.9568,70.8716],[-155.9569,70.8713],[-155.9561,70.871],[-155.955,70.8706],[-155.9544,70.8701],[-155.9535,70.8695],[-155.953,70.8692],[-155.9518,70.8692],[-155.9509,70.8689],[-155.95,70.8687],[-155.9484,70.8685],[-155.9469,70.8686],[-155.9443,70.8687],[-155.9428,70.8687],[-155.9415,70.8685],[-155.9402,70.8684],[-155.9393,70.8684],[-155.9387,70.8683],[-155.9385,70.8681],[-155.9383,70.8678],[-155.9379,70.8674],[-155.9377,70.8668],[-155.9372,70.8664],[-155.9368,70.866],[-155.9356,70.8657],[-155.9355,70.8652],[-155.935,70.8648],[-155.9349,70.8645],[-155.9345,70.8644],[-155.9334,70.8647],[-155.9331,70.865],[-155.9331,70.8655],[-155.9329,70.866],[-155.9323,70.8665],[-155.9316,70.8667],[-155.9315,70.867],[-155.9323,70.8679],[-155.9328,70.8684],[-155.9335,70.8689],[-155.934,70.8695],[-155.9345,70.8703],[-155.9349,70.8706],[-155.9355,70.8711],[-155.9362,70.8715],[-155.9369,70.8719],[-155.9375,70.8723],[-155.938,70.8727],[-155.9377,70.8732],[-155.9372,70.8738],[-155.937,70.8743],[-155.9369,70.8749],[-155.9371,70.8754],[-155.937,70.8761],[-155.937,70.8765],[-155.9372,70.8772],[-155.9373,70.8778],[-155.9375,70.8782],[-155.9375,70.8785],[-155.9381,70.8788],[-155.9385,70.879],[-155.9387,70.8793],[-155.9388,70.8798],[-155.9389,70.8802],[-155.9388,70.8804],[-155.9393,70.8806],[-155.9401,70.8811],[-155.9406,70.8816],[-155.9416,70.8819],[-155.9426,70.8822],[-155.9434,70.8824],[-155.9435,70.8827],[-155.9438,70.883],[-155.9446,70.8833],[-155.9452,70.8836],[-155.9456,70.8838],[-155.9464,70.8844],[-155.9471,70.8844],[-155.9482,70.8842],[-155.9497,70.8842],[-155.9508,70.8844],[-155.9519,70.8847],[-155.9526,70.8859],[-155.9526,70.8863],[-155.9522,70.8866],[-155.9516,70.8867],[-155.9501,70.8867],[-155.9491,70.8867],[-155.9482,70.8867],[-155.9466,70.8868],[-155.9458,70.887],[-155.9454,70.8872],[-155.9456,70.8877],[-155.9458,70.8879],[-155.9466,70.8882],[-155.9478,70.8882],[-155.9493,70.8884],[-155.9504,70.8886],[-155.9515,70.8886],[-155.9521,70.8887],[-155.9525,70.8888],[-155.9532,70.8888],[-155.9542,70.8888],[-155.9547,70.8888],[-155.9553,70.8888]]},"properties":{}},{"type":"Feature","geometry":{"type":"LineString","coordinates":[[-155.503,70.8564],[-155.5038,70.8569],[-155.5052,70.8576],[-155.5059,70.858],[-155.5068,70.8584],[-155.5071,70.8587],[-155.5081,70.8589],[-155.5085,70.8591],[-155.509,70.8594],[-155.5093,70.8598],[-155.5095,70.8602],[-155.5097,70.8608],[-155.5102,70.8611],[-155.5109,70.8611],[-155.5113,70.8609],[-155.511,70.8605],[-155.5111,70.8603],[-155.5116,70.8601],[-155.5115,70.8595],[-155.5122,70.8592],[-155.5124,70.8589],[-155.5125,70.8584],[-155.5127,70.8581],[-155.513,70.8577],[-155.513,70.8574],[-155.5128,70.857],[-155.5127,70.8569],[-155.5134,70.8566],[-155.5153,70.8558],[-155.5167,70.8554],[-155.5182,70.8549],[-155.519,70.8545],[-155.5196,70.8542],[-155.5204,70.8539],[-155.5212,70.8536],[-155.5222,70.8531],[-155.5236,70.8527],[-155.525,70.8523],[-155.5262,70.8517],[-155.5279,70.8514],[-155.5294,70.8511],[-155.5307,70.8507],[-155.5315,70.8502],[-155.5324,70.8499],[-155.5325,70.8498],[-155.5336,70.8494],[-155.5351,70.849],[-155.5381,70.8479],[-155.5396,70.8473],[-155.5407,70.8469],[-155.5416,70.8467],[-155.5428,70.8464],[-155.5446,70.8462],[-155.5463,70.846],[-155.5471,70.8457],[-155.548,70.8456],[-155.5493,70.8457],[-155.5501,70.8457],[-155.551,70.8454],[-155.5521,70.8451],[-155.5533,70.845],[-155.5553,70.8448],[-155.5569,70.8448],[-155.5579,70.8448],[-155.5596,70.8448],[-155.5607,70.8445],[-155.5611,70.8443],[-155.5614,70.8437],[-155.5617,70.8435],[-155.5616,70.843],[-155.5617,70.8425],[-155.5624,70.8422],[-155.5635,70.842],[-155.5645,70.8418],[-155.5653,70.8416],[-155.5656,70.841],[-155.5661,70.8407],[-155.5665,70.8403],[-155.5667,70.8399],[-155.5665,70.8395],[-155.5665,70.8387],[-155.568,70.8383],[-155.5688,70.8381],[-155.5715,70.8375],[-155.5726,70.8374],[-155.5738,70.8374],[-155.5745,70.8373],[-155.5769,70.837],[-155.5779,70.8368],[-155.5796,70.8365],[-155.5811,70.836],[-155.5819,70.8358],[-155.5826,70.8357],[-155.5825,70.8356],[-155.5819,70.8355],[-155.5819,70.8354],[-155.5812,70.8353],[-155.5807,70.8352],[-155.5793,70.835],[-155.5778,70.8349],[-155.5771,70.8351],[-155.5766,70.8352],[-155.5759,70.8353],[-155.5755,70.8354],[-155.5748,70.8354],[-155.5745,70.8353],[-155.5737,70.8352],[-155.5733,70.8351],[-155.5732,70.8351],[-155.573,70.835],[-155.5727,70.8348],[-155.5719,70.8346],[-155.5715,70.8345],[-155.5701,70.8342],[-155.5692,70.8339],[-155.568,70.8336],[-155.5668,70.8332],[-155.5654,70.8331],[-155.5639,70.8331],[-155.563,70.8332],[-155.5625,70.8334],[-155.5612,70.8337],[-155.561,70.834],[-155.5606,70.8341],[-155.5599,70.8341],[-155.5591,70.8342],[-155.5589,70.8342],[-155.5582,70.8343],[-155.558,70.8344],[-155.558,70.8346],[-155.558,70.8348],[-155.5578,70.8351],[-155.5579,70.8353],[-155.5577,70.8353],[-155.5566,70.8357],[-155.5559,70.8357],[-155.556,70.836],[-155.5553,70.8365],[-155.5555,70.8368],[-155.5558,70.8371],[-155.5559,70.8373],[-155.5559,70.8376],[-155.5551,70.8376],[-155.5543,70.8375],[-155.5539,70.8372],[-155.5536,70.8368],[-155.5531,70.8365],[-155.5524,70.8363],[-155.5513,70.8361],[-155.5503,70.836],[-155.5496,70.836],[-155.5484,70.8361],[-155.5465,70.8363],[-155.5458,70.8364],[-155.5447,70.8365],[-155.544,70.8365],[-155.5431,70.8364],[-155.5423,70.8364],[-155.5416,70.8365],[-155.5408,70.8365],[-155.5402,70.8363],[-155.5392,70.8363],[-155.5372,70.8363],[-155.536,70.8363],[-155.5349,70.8364],[-155.5342,70.8365],[-155.5334,70.8364],[-155.5332,70.8364],[-155.5326,70.8364],[-155.532,70.8365],[-155.5315,70.8364],[-155.531,70.8363],[-155.5303,70.8363],[-155.5298,70.8363],[-155.5291,70.8362],[-155.529,70.8362],[-155.5286,70.836],[-155.5279,70.8359],[-155.5271,70.8356],[-155.5266,70.8355],[-155.5256,70.8354],[-155.5255,70.8352],[-155.5253,70.835],[-155.525,70.8346],[-155.5249,70.8343],[-155.525,70.8341],[-155.5257,70.834],[-155.5262,70.834],[-155.5265,70.8339],[-155.5264,70.8337],[-155.526,70.8333],[-155.5259,70.833],[-155.5259,70.8329],[-155.526,70.8325],[-155.5262,70.8324],[-155.5272,70.8323],[-155.5284,70.8323],[-155.5291,70.8322],[-155.5296,70.8322],[-155.5301,70.8322],[-155.5312,70.832],[-155.5328,70.8317],[-155.5335,70.8316],[-155.534,70.8315],[-155.5345,70.8314],[-155.5352,70.8314],[-155.5362,70.8314],[-155.5364,70.8312],[-155.5395,70.8302],[-155.5404,70.8303],[-155.5413,70.8304],[-155.5415,70.8304],[-155.5431,70.8305],[-155.5435,70.8305],[-155.5444,70.8305],[-155.5446,70.8305],[-155.5454,70.8305],[-155.5465,70.8305],[-155.5473,70.8304],[-155.5484,70.8304],[-155.5499,70.8303],[-155.5515,70.8302],[-155.5531,70.8303],[-155.554,70.8303],[-155.5564,70.8305],[-155.5572,70.8304],[-155.5581,70.8303],[-155.5585,70.8299],[-155.5588,70.8295],[-155.559,70.8292],[-155.5599,70.8286],[-155.5603,70.8285],[-155.561,70.8283],[-155.5632,70.8281],[-155.5636,70.8279],[-155.5638,70.8277],[-155.5641,70.8275],[-155.5646,70.8273],[-155.5651,70.8272],[-155.564,70.8271],[-155.5637,70.8272],[-155.5627,70.8273],[-155.5619,70.8275],[-155.5612,70.8276],[-155.5604,70.8276],[-155.559,70.8276],[-155.5577,70.8278],[-155.5566,70.8278],[-155.5545,70.8277],[-155.5527,70.8277],[-155.5513,70.8276],[-155.5509,70.8273],[-155.5504,70.827],[-155.5504,70.8267],[-155.5502,70.8264],[-155.5499,70.8262],[-155.5496,70.8261],[-155.5493,70.8259],[-155.5492,70.8254],[-155.5498,70.8252],[-155.5501,70.8249],[-155.5504,70.8246],[-155.5518,70.8243],[-155.5529,70.824],[-155.5544,70.8237],[-155.5555,70.8236],[-155.5572,70.8235],[-155.5584,70.8233],[-155.5599,70.8231],[-155.5614,70.8231],[-155.5633,70.8231],[-155.5643,70.8231],[-155.5659,70.8233],[-155.5672,70.8233],[-155.5683,70.8236],[-155.5684,70.8237],[-155.5694,70.8242],[-155.5699,70.8245],[-155.5697,70.8249],[-155.5699,70.8252],[-155.5702,70.8257],[-155.5704,70.826],[-155.5699,70.8264],[-155.5691,70.8266],[-155.5684,70.8267],[-155.5682,70.8268],[-155.5685,70.8269],[-155.5696,70.827],[-155.5703,70.827],[-155.572,70.8269],[-155.5724,70.8269],[-155.5738,70.8271],[-155.5751,70.8273],[-155.5761,70.8275],[-155.5763,70.8275],[-155.577,70.8275],[-155.5784,70.8278],[-155.5792,70.8281],[-155.5798,70.8284],[-155.5799,70.8285],[-155.5804,70.829],[-155.5808,70.8294],[-155.5812,70.8301],[-155.5812,70.8304],[-155.5814,70.8307],[-155.5816,70.8309],[-155.5817,70.8314],[-155.5816,70.8321],[-155.5819,70.8324],[-155.5824,70.8326],[-155.5835,70.8326],[-155.5837,70.8326],[-155.5842,70.8325],[-155.585,70.8324],[-155.5859,70.8324],[-155.5871,70.8324],[-155.5874,70.8324],[-155.5881,70.8323],[-155.5883,70.8319],[-155.5883,70.8316],[-155.5892,70.8314],[-155.5903,70.8311],[-155.5913,70.8307],[-155.5917,70.83],[-155.592,70.8298],[-155.5921,70.8295],[-155.5922,70.829],[-155.5922,70.8287],[-155.592,70.8284],[-155.5916,70.8279],[-155.5913,70.8276],[-155.5911,70.8272],[-155.5911,70.8267],[-155.5912,70.8264],[-155.5914,70.8262],[-155.5911,70.8258],[-155.5905,70.8256],[-155.5904,70.8252],[-155.5901,70.8249],[-155.589,70.8239],[-155.5898,70.8237],[-155.5903,70.8234],[-155.5912,70.8233],[-155.5921,70.8231],[-155.5927,70.8228],[-155.5928,70.8225],[-155.5934,70.822],[-155.5937,70.8216],[-155.5945,70.8215],[-155.5957,70.8211],[-155.5965,70.8211],[-155.5973,70.8211],[-155.5975,70.8207],[-155.5976,70.8203],[-155.5973,70.8199],[-155.5966,70.8197],[-155.5957,70.8187],[-155.5968,70.8172],[-155.5966,70.8167],[-155.5964,70.8163],[-155.5964,70.816],[-155.5959,70.8157],[-155.5951,70.8154],[-155.5944,70.8151],[-155.5925,70.8148],[-155.591,70.8146],[-155.5897,70.8143],[-155.589,70.8141],[-155.5887,70.8139],[-155.5892,70.8138],[-155.5901,70.8135],[-155.5907,70.8135],[-155.5916,70.8137],[-155.5925,70.8138],[-155.5942,70.8139],[-155.5957,70.814],[-155.5965,70.8142],[-155.5976,70.8144],[-155.5985,70.8146],[-155.5991,70.815],[-155.6,70.8164],[-155.6,70.8167],[-155.6004,70.8171],[-155.6007,70.8174],[-155.601,70.8177],[-155.6012,70.8185],[-155.6016,70.819],[-155.6017,70.8195],[-155.6018,70.8197],[-155.6019,70.82],[-155.6027,70.8199],[-155.6034,70.8196],[-155.6038,70.8193],[-155.6046,70.8189],[-155.6053,70.8187],[-155.6071,70.8181],[-155.6083,70.8179],[-155.6092,70.8178],[-155.6101,70.8178],[-155.6107,70.8178],[-155.6111,70.8176],[-155.6127,70.8175],[-155.6127,70.817],[-155.614,70.8169],[-155.6146,70.8169],[-155.615,70.8171],[-155.6155,70.8171],[-155.6166,70.817],[-155.6177,70.817],[-155.6182,70.817],[-155.6188,70.8171],[-155.6194,70.8169],[-155.6213,70.8168],[-155.6231,70.8168],[-155.6254,70.8168],[-155.6264,70.8168],[-155.6278,70.8169],[-155.6298,70.8176],[-155.6312,70.8178],[-155.6326,70.8181],[-155.6338,70.8183],[-155.635,70.8186],[-155.6355,70.8189],[-155.6359,70.8192],[-155.6376,70.8196],[-155.6383,70.8202],[-155.6387,70.8206],[-155.639,70.821],[-155.6397,70.8215],[-155.6404,70.8219],[-155.6412,70.8224],[-155.6421,70.8228],[-155.6425,70.8231],[-155.6434,70.8236],[-155.644,70.824],[-155.6446,70.8244],[-155.6459,70.8248],[-155.6465,70.8252],[-155.6476,70.8258],[-155.6482,70.8262],[-155.6486,70.8266],[-155.6492,70.8271],[-155.6503,70.8275],[-155.6506,70.828],[-155.6515,70.8282],[-155.6517,70.8283],[-155.652,70.8285],[-155.6531,70.8284],[-155.6534,70.8283],[-155.6543,70.8282],[-155.6551,70.828],[-155.6556,70.8278],[-155.6562,70.8276],[-155.6567,70.8274],[-155.6569,70.8273],[-155.657,70.8272],[-155.6595,70.8275],[-155.6619,70.8277],[-155.6625,70.8279],[-155.6632,70.8277],[-155.6646,70.8279],[-155.6648,70.8269],[-155.6656,70.8269],[-155.6655,70.8275],[-155.6678,70.8275],[-155.6696,70.826],[-155.6711,70.8263],[-155.671,70.8268],[-155.6718,70.8268],[-155.6719,70.8263],[-155.6734,70.8266],[-155.6733,70.8271],[-155.6741,70.8271],[-155.6742,70.8266],[-155.6773,70.8266],[-155.6774,70.8261],[-155.682,70.8265],[-155.6819,70.827],[-155.6835,70.827],[-155.6847,70.8291],[-155.6862,70.8291],[-155.6859,70.8311],[-155.6874,70.8312],[-155.6873,70.8317],[-155.6959,70.832],[-155.7011,70.8329],[-155.7037,70.8336],[-155.7047,70.8344],[-155.707,70.8347],[-155.7367,70.8325],[-155.7467,70.8315],[-155.751,70.831],[-155.7609,70.8301]]},"properties":{}},{"type":"Feature","geometry":{"type":"LineString","coordinates":[[-155.5691,70.8289],[-155.5688,70.8291],[-155.5685,70.8292],[-155.5684,70.8293],[-155.5684,70.8294],[-155.5684,70.8296],[-155.5685,70.8299],[-155.5686,70.83],[-155.5688,70.8301],[-155.5689,70.8303],[-155.5693,70.8305],[-155.5701,70.8307],[-155.5711,70.8309],[-155.5728,70.831],[-155.5735,70.831],[-155.5743,70.8311],[-155.5764,70.8312],[-155.5778,70.8313],[-155.5787,70.8314],[-155.5795,70.8315],[-155.5797,70.8313],[-155.5794,70.8309],[-155.5792,70.8307],[-155.5791,70.8304],[-155.5792,70.8299],[-155.5794,70.8295],[-155.5794,70.829],[-155.5789,70.8286],[-155.5779,70.8281],[-155.577,70.8279],[-155.5757,70.8277],[-155.575,70.8276],[-155.5742,70.8276],[-155.5733,70.8275],[-155.5726,70.8274],[-155.5722,70.8273],[-155.5718,70.8273],[-155.5706,70.8274],[-155.5703,70.8275],[-155.5696,70.8277],[-155.5688,70.8279],[-155.5687,70.8279],[-155.568,70.8279],[-155.5684,70.8282],[-155.5689,70.8283],[-155.5692,70.8286],[-155.5693,70.8287],[-155.5691,70.8289]]},"properties":{}},{"type":"Feature","geometry":{"type":"LineString","coordinates":[[-155.4894,70.8562],[-155.496,70.8564],[-155.503,70.8564]]},"properties":{}},{"type":"Feature","geometry":{"type":"LineString","coordinates":[[-154.7819,70.8855],[-154.782,70.8866],[-154.7827,70.8875],[-154.7825,70.8877],[-154.783,70.8879],[-154.7835,70.8884],[-154.7837,70.8887],[-154.7821,70.8891],[-154.7812,70.8893],[-154.7802,70.8895],[-154.7789,70.8898],[-154.7779,70.8901],[-154.7765,70.8903],[-154.7755,70.8904],[-154.7736,70.8904],[-154.7717,70.8905],[-154.768,70.8907],[-154.7664,70.8908],[-154.7659,70.8908],[-154.7635,70.8908],[-154.763,70.8908],[-154.7611,70.8907],[-154.7599,70.8906],[-154.7584,70.8906],[-154.7577,70.8908],[-154.7548,70.891],[-154.753,70.8913],[-154.7512,70.8921],[-154.7498,70.8927],[-154.7493,70.8931],[-154.7483,70.8933],[-154.7467,70.8934],[-154.7455,70.8935],[-154.7425,70.8935],[-154.7415,70.8937],[-154.741,70.8938],[-154.7388,70.8932],[-154.7366,70.8932],[-154.7339,70.8935],[-154.7331,70.8937],[-154.7324,70.8939],[-154.7318,70.8939],[-154.7306,70.8939],[-154.7299,70.8939],[-154.7278,70.8937],[-154.7266,70.8936],[-154.7254,70.8936],[-154.7257,70.894],[-154.7255,70.8947],[-154.7251,70.8954],[-154.7248,70.8959],[-154.7241,70.8961],[-154.7239,70.8963],[-154.7235,70.8967],[-154.7222,70.8971],[-154.721,70.8972],[-154.7195,70.8976],[-154.7174,70.8976],[-154.7166,70.8975],[-154.7155,70.8974],[-154.7146,70.8971],[-154.7139,70.8971],[-154.713,70.897],[-154.7126,70.897],[-154.7122,70.8972],[-154.7118,70.8975],[-154.7109,70.8973],[-154.7083,70.8963],[-154.7089,70.8957],[-154.7093,70.8951],[-154.7093,70.8948],[-154.7085,70.8942],[-154.7076,70.8938],[-154.7069,70.8932],[-154.7047,70.8924],[-154.7035,70.8923],[-154.7023,70.8921],[-154.6997,70.8917],[-154.6981,70.8912],[-154.6956,70.8904],[-154.6947,70.8902],[-154.6938,70.8901],[-154.6929,70.8902],[-154.6927,70.8907],[-154.6923,70.8913],[-154.6919,70.8917],[-154.6913,70.8926],[-154.6909,70.8934],[-154.6901,70.8941],[-154.6894,70.8947],[-154.6886,70.8952],[-154.6882,70.8955],[-154.6878,70.8958],[-154.6875,70.8961],[-154.6878,70.8964],[-154.6873,70.8969],[-154.6868,70.8973],[-154.6866,70.8976],[-154.6856,70.8979],[-154.6852,70.8983],[-154.685,70.8987],[-154.6847,70.899],[-154.684,70.8998],[-154.6837,70.9003],[-154.6834,70.9006],[-154.6826,70.9011],[-154.6808,70.9016],[-154.68,70.902],[-154.6797,70.9022],[-154.6793,70.9024],[-154.6775,70.9026],[-154.6764,70.903],[-154.6753,70.903],[-154.6735,70.9032],[-154.6727,70.9033],[-154.6719,70.9033],[-154.6704,70.9033],[-154.6694,70.9031],[-154.6686,70.9033],[-154.6684,70.9035],[-154.6671,70.9035],[-154.6661,70.9039],[-154.6645,70.9043],[-154.6634,70.9044],[-154.6621,70.9044],[-154.6605,70.9043],[-154.6596,70.9041],[-154.659,70.904],[-154.657,70.9038],[-154.6566,70.9038],[-154.6549,70.9039],[-154.6546,70.9044],[-154.6545,70.9048],[-154.6541,70.9051],[-154.6538,70.9054],[-154.6532,70.9056],[-154.6524,70.9058],[-154.6521,70.9061],[-154.6511,70.9067],[-154.6504,70.9071],[-154.6499,70.9073],[-154.6487,70.9075],[-154.6477,70.9078],[-154.6452,70.9079],[-154.6442,70.908],[-154.6436,70.9081],[-154.6427,70.9084],[-154.6422,70.9086],[-154.6404,70.9087],[-154.6399,70.9087],[-154.6391,70.9086],[-154.6379,70.9086],[-154.6369,70.9085],[-154.6352,70.9083],[-154.6336,70.908],[-154.6327,70.9078],[-154.6315,70.9076],[-154.6294,70.9075],[-154.629,70.9075],[-154.6271,70.9076],[-154.6262,70.9079],[-154.6259,70.9085],[-154.6254,70.9089],[-154.6247,70.9092],[-154.6232,70.9094],[-154.6226,70.9095],[-154.6195,70.9098],[-154.6116,70.9094],[-154.6103,70.9091],[-154.6101,70.9095],[-154.6099,70.9103],[-154.6095,70.9111],[-154.6094,70.9114],[-154.6094,70.912],[-154.6093,70.9125],[-154.6093,70.913],[-154.6092,70.9135],[-154.6092,70.9142],[-154.6092,70.9148],[-154.6091,70.9153],[-154.6091,70.9158],[-154.6095,70.9162],[-154.6098,70.9168],[-154.6099,70.9174],[-154.61,70.9178],[-154.6101,70.9184],[-154.6102,70.9187],[-154.6102,70.919],[-154.6103,70.9194],[-154.6106,70.9201],[-154.611,70.9204],[-154.611,70.9208],[-154.6113,70.9213],[-154.6116,70.9219],[-154.6119,70.9228],[-154.6125,70.9234],[-154.6131,70.9239],[-154.6133,70.9241],[-154.6147,70.9248],[-154.6153,70.9254],[-154.6158,70.9259],[-154.6165,70.9265],[-154.617,70.9268],[-154.6172,70.927],[-154.6176,70.9272],[-154.6186,70.9278],[-154.6203,70.9283],[-154.6215,70.9288],[-154.6215,70.9295],[-154.6228,70.9299],[-154.6236,70.93],[-154.6248,70.9301],[-154.6262,70.9301],[-154.6272,70.93],[-154.6292,70.9297],[-154.6298,70.9294],[-154.6301,70.9291],[-154.6305,70.9288],[-154.6309,70.9285],[-154.6319,70.9285],[-154.6325,70.9287],[-154.6333,70.9289],[-154.634,70.9291],[-154.6344,70.9295],[-154.6343,70.9302],[-154.636,70.9306],[-154.6373,70.9307],[-154.6392,70.9306],[-154.6401,70.9306],[-154.6417,70.9305],[-154.6431,70.9306],[-154.6445,70.9307],[-154.6463,70.9306],[-154.6479,70.9306],[-154.649,70.9306],[-154.65,70.9306],[-154.6502,70.9307],[-154.6511,70.9319],[-154.6512,70.9323],[-154.6522,70.9329],[-154.6534,70.9335],[-154.654,70.9344],[-154.6542,70.9351],[-154.6547,70.9355],[-154.6554,70.9362],[-154.6559,70.937],[-154.6564,70.9376],[-154.6568,70.938],[-154.6571,70.9386],[-154.6573,70.9391],[-154.6577,70.9397],[-154.6581,70.9402],[-154.6579,70.9407],[-154.6578,70.9409],[-154.6572,70.9417],[-154.6565,70.9421],[-154.6554,70.9424],[-154.6541,70.9426],[-154.6536,70.9427],[-154.6505,70.9428],[-154.6489,70.9427],[-154.6478,70.9425],[-154.6472,70.9424],[-154.6454,70.9424],[-154.6448,70.9424],[-154.644,70.9423],[-154.6431,70.9423],[-154.6422,70.9423],[-154.6406,70.9426],[-154.6393,70.9428],[-154.6372,70.9427],[-154.6368,70.9422],[-154.6365,70.9419],[-154.636,70.9415],[-154.6355,70.9411],[-154.6349,70.9408],[-154.6346,70.9405],[-154.6337,70.9401],[-154.6334,70.9402],[-154.6327,70.9403],[-154.6319,70.9404],[-154.6324,70.9407],[-154.6331,70.941],[-154.6335,70.9412],[-154.6337,70.9416],[-154.6336,70.9418],[-154.6331,70.9419],[-154.6321,70.9419],[-154.6308,70.9415],[-154.6302,70.9412],[-154.6297,70.941],[-154.6288,70.9406],[-154.6281,70.9402],[-154.6279,70.9401],[-154.6269,70.9397],[-154.6259,70.9398],[-154.6243,70.9399],[-154.6227,70.9404],[-154.6224,70.9406],[-154.6221,70.9411],[-154.622,70.9416],[-154.622,70.9418],[-154.6225,70.9424],[-154.6244,70.943],[-154.6265,70.9434],[-154.6271,70.9436],[-154.6282,70.9441],[-154.6291,70.9443],[-154.6307,70.9443],[-154.6322,70.9443],[-154.633,70.9444],[-154.6343,70.9446],[-154.6358,70.945],[-154.6377,70.9454],[-154.6393,70.9455],[-154.6405,70.9456],[-154.6417,70.9459],[-154.6422,70.9461],[-154.6435,70.9462],[-154.6442,70.9462],[-154.645,70.9461],[-154.6464,70.9457],[-154.6473,70.9455],[-154.6488,70.9454],[-154.651,70.9453],[-154.6526,70.9453],[-154.6543,70.9454],[-154.6551,70.9456],[-154.6567,70.9457],[-154.6584,70.9457],[-154.6598,70.9458],[-154.6604,70.9459],[-154.6617,70.9458],[-154.6625,70.9457],[-154.6636,70.9455],[-154.6645,70.9453],[-154.6649,70.9448],[-154.6654,70.9446],[-154.6657,70.9443],[-154.6665,70.9439],[-154.6675,70.9437],[-154.6684,70.9436],[-154.6696,70.9437],[-154.6709,70.9439],[-154.6713,70.9444],[-154.6725,70.9448],[-154.6735,70.945],[-154.6749,70.9451],[-154.6765,70.945],[-154.6783,70.945],[-154.6797,70.945],[-154.681,70.945],[-154.6821,70.945],[-154.6838,70.9449],[-154.6852,70.9444],[-154.6859,70.9443],[-154.6873,70.9443],[-154.6882,70.9444],[-154.6888,70.9445],[-154.6899,70.945],[-154.6893,70.9454],[-154.6888,70.9457],[-154.6884,70.946],[-154.6887,70.9464],[-154.6904,70.9464],[-154.6927,70.9463],[-154.6936,70.9461],[-154.6951,70.9459],[-154.6968,70.9458],[-154.6969,70.9458],[-154.698,70.9458],[-154.6997,70.9459],[-154.7018,70.9458],[-154.7039,70.9458],[-154.7054,70.946],[-154.7065,70.9463],[-154.707,70.9467],[-154.7073,70.9474],[-154.7077,70.9477],[-154.7073,70.948],[-154.7072,70.9482],[-154.7065,70.9487],[-154.7064,70.9492],[-154.7064,70.9497],[-154.7067,70.95],[-154.7066,70.9503],[-154.7065,70.9507],[-154.7061,70.9511],[-154.7055,70.9516],[-154.7053,70.9522],[-154.7048,70.9524],[-154.7049,70.953],[-154.7048,70.9536],[-154.7048,70.9544],[-154.7051,70.9557],[-154.7052,70.9559],[-154.7061,70.9564],[-154.7061,70.9567],[-154.7066,70.9571],[-154.7067,70.9576],[-154.7063,70.9581],[-154.7069,70.9587],[-154.7074,70.9594],[-154.7078,70.9601],[-154.7071,70.9601],[-154.706,70.9596],[-154.7049,70.9592],[-154.7037,70.9588],[-154.7028,70.9583],[-154.7031,70.9578],[-154.7032,70.9574],[-154.703,70.9565],[-154.7022,70.956],[-154.7016,70.9553],[-154.7013,70.9547],[-154.7012,70.954],[-154.7011,70.9533],[-154.701,70.953],[-154.7011,70.9526],[-154.7007,70.9518],[-154.701,70.9515],[-154.7019,70.9512],[-154.7015,70.9504],[-154.6995,70.9488],[-154.6993,70.948],[-154.6993,70.9475],[-154.6991,70.9472],[-154.6987,70.9471],[-154.6974,70.9469],[-154.6955,70.9468],[-154.6938,70.9468],[-154.6929,70.9471],[-154.6914,70.9473],[-154.69,70.9476],[-154.689,70.9479],[-154.6883,70.9482],[-154.6883,70.9485],[-154.6887,70.9489],[-154.6893,70.9491],[-154.6901,70.9494],[-154.6902,70.9497],[-154.69,70.95],[-154.689,70.9502],[-154.6876,70.9501],[-154.686,70.9497],[-154.6859,70.9492],[-154.6861,70.9484],[-154.6856,70.9479],[-154.6849,70.9474],[-154.6852,70.947],[-154.6852,70.9467],[-154.6852,70.9466],[-154.6851,70.9461],[-154.6843,70.946],[-154.6835,70.946],[-154.6814,70.9461],[-154.6798,70.9461],[-154.6791,70.9462],[-154.6783,70.9464],[-154.6768,70.9466],[-154.6753,70.9466],[-154.6744,70.9465],[-154.6734,70.9465],[-154.672,70.9464],[-154.6701,70.9465],[-154.6693,70.9469],[-154.6671,70.947],[-154.6647,70.9471],[-154.6635,70.9473],[-154.6627,70.9475],[-154.663,70.948],[-154.6624,70.9482],[-154.6614,70.9482],[-154.6604,70.9482],[-154.6592,70.9482],[-154.6575,70.9482],[-154.6558,70.9485],[-154.6549,70.9488],[-154.654,70.9492],[-154.6527,70.9495],[-154.6516,70.9499],[-154.6498,70.9503],[-154.6483,70.9506],[-154.646,70.9508],[-154.645,70.951],[-154.6435,70.9511],[-154.6422,70.9511],[-154.6406,70.9511],[-154.6396,70.9512],[-154.6383,70.9513],[-154.6373,70.9514],[-154.6365,70.9515],[-154.6355,70.9514],[-154.6332,70.9513],[-154.631,70.9513],[-154.6301,70.9514],[-154.6291,70.9515],[-154.6283,70.9517],[-154.6279,70.9519],[-154.6274,70.9521],[-154.627,70.9521],[-154.6252,70.9522],[-154.6241,70.9523],[-154.6227,70.9525],[-154.6224,70.9526],[-154.6214,70.9526],[-154.6209,70.9527],[-154.6196,70.9524],[-154.6189,70.9522],[-154.6183,70.9523],[-154.6185,70.9526],[-154.6183,70.9529],[-154.6174,70.9534],[-154.6173,70.9539],[-154.6172,70.9544],[-154.6169,70.9549],[-154.6168,70.9555],[-154.6167,70.956],[-154.6169,70.9565],[-154.617,70.9568],[-154.6168,70.9571],[-154.6165,70.9575],[-154.6162,70.9578],[-154.6159,70.9584],[-154.616,70.9589],[-154.6161,70.9594],[-154.6161,70.9598],[-154.6158,70.9603],[-154.6157,70.9607],[-154.6156,70.9611],[-154.6154,70.9615],[-154.6154,70.9618],[-154.6156,70.9625],[-154.615,70.9631],[-154.6143,70.9642],[-154.6139,70.9652],[-154.6134,70.9659],[-154.6133,70.9663],[-154.6131,70.9666],[-154.6124,70.9678],[-154.6121,70.9683],[-154.6115,70.9688],[-154.6111,70.9695],[-154.6106,70.9702],[-154.6101,70.9706],[-154.6097,70.9711],[-154.6096,70.9712],[-154.6091,70.9719],[-154.609,70.9723],[-154.6081,70.973],[-154.6077,70.9734],[-154.607,70.9741],[-154.6062,70.9744],[-154.605,70.9751],[-154.6046,70.9752],[-154.6022,70.9774],[-154.6004,70.9786],[-154.5985,70.9797],[-154.5977,70.9801],[-154.596,70.9805],[-154.5958,70.9806],[-154.5953,70.9808],[-154.5933,70.9817],[-154.5921,70.9825],[-154.5907,70.9834],[-154.5891,70.9842],[-154.5877,70.9851],[-154.5858,70.9856],[-154.5826,70.9864],[-154.5797,70.9869],[-154.5777,70.9872],[-154.5757,70.9874],[-154.574,70.9875],[-154.5721,70.9875],[-154.57,70.9874],[-154.5671,70.9866],[-154.5662,70.9863],[-154.5658,70.986],[-154.5653,70.9853],[-154.5645,70.9848],[-154.5643,70.9844],[-154.5642,70.984],[-154.5639,70.983],[-154.5634,70.9822],[-154.5633,70.9817],[-154.5632,70.9812],[-154.5635,70.9796],[-154.5641,70.9786],[-154.5637,70.9778],[-154.5628,70.9768],[-154.5624,70.9754],[-154.5635,70.9739],[-154.5664,70.9731],[-154.5621,70.9737],[-154.5607,70.9744],[-154.5599,70.9758],[-154.5601,70.9778],[-154.5612,70.9795],[-154.5615,70.9801],[-154.5618,70.9802],[-154.5618,70.9814],[-154.5627,70.9829],[-154.5632,70.9839],[-154.5645,70.9864],[-154.568,70.989],[-154.5716,70.9916],[-154.5737,70.9936],[-154.5779,70.9961],[-154.5798,70.9968],[-154.5809,70.9977],[-154.5842,70.9995],[-154.586,71.0005],[-154.5929,71.0037],[-154.5936,71.0044],[-154.5969,71.0056],[-154.5977,71.0066],[-154.6018,71.0082],[-154.6036,71.0091],[-154.6044,71.0095],[-154.6059,71.0107],[-154.6073,71.0119],[-154.6085,71.0129],[-154.6096,71.0138],[-154.6102,71.0145],[-154.6177,71.0176],[-154.6231,71.0198],[-154.6322,71.0231],[-154.6407,71.0265],[-154.6475,71.0288],[-154.6507,71.03],[-154.6568,71.0323],[-154.6637,71.0348],[-154.6691,71.037],[-154.6739,71.0391],[-154.6863,71.0432],[-154.7061,71.0493],[-154.7208,71.0542],[-154.7273,71.0566],[-154.7293,71.0577],[-154.733,71.0598],[-154.7472,71.0652],[-154.7534,71.0673],[-154.766,71.0711],[-154.7774,71.0744],[-154.7878,71.0771],[-154.8001,71.081],[-154.8089,71.084],[-154.82,71.0871],[-154.8347,71.0913],[-154.8373,71.0915],[-154.8408,71.091],[-154.8364,71.0911],[-154.8323,71.0901],[-154.827,71.0884],[-154.8225,71.0872],[-154.8199,71.0865],[-154.8191,71.0846],[-154.8214,71.0839],[-154.8227,71.0835],[-154.8237,71.0835],[-154.8247,71.0832],[-154.8266,71.0829],[-154.8294,71.0825],[-154.8306,71.0822],[-154.8314,71.0823],[-154.8332,71.0826],[-154.834,71.0825],[-154.8351,71.0823],[-154.8357,71.082],[-154.8358,71.0817],[-154.8356,71.0811],[-154.8361,71.0807],[-154.8362,71.0805],[-154.8357,71.08],[-154.8354,71.0796],[-154.836,71.0791],[-154.8367,71.0788],[-154.8372,71.0787],[-154.8388,71.0785],[-154.84,71.0781],[-154.8411,71.077],[-154.8496,71.0764],[-154.8516,71.0765],[-154.8531,71.0765],[-154.855,71.0767],[-154.8561,71.077],[-154.8566,71.0771],[-154.8572,71.0777],[-154.8569,71.0778],[-154.8571,71.0785],[-154.8582,71.0788],[-154.861,71.0787],[-154.8632,71.0788],[-154.8651,71.0792],[-154.8671,71.077],[-154.8682,71.0764],[-154.8701,71.0761],[-154.8708,71.0761],[-154.8726,71.0761],[-154.8741,71.0764],[-154.8758,71.0767],[-154.8759,71.0772],[-154.8773,71.0782],[-154.8791,71.0795],[-154.8797,71.0802],[-154.8799,71.081],[-154.88,71.0817],[-154.8796,71.0822],[-154.8787,71.0824],[-154.8777,71.0825],[-154.8776,71.083],[-154.878,71.0838],[-154.8786,71.0841],[-154.8788,71.0845],[-154.8788,71.085],[-154.8785,71.0859],[-154.8783,71.0864],[-154.8782,71.0869],[-154.8782,71.0874],[-154.8786,71.088],[-154.878,71.0889],[-154.8777,71.0896],[-154.8772,71.0902],[-154.8767,71.0906],[-154.8766,71.0909],[-154.8764,71.0914],[-154.8757,71.0919],[-154.8762,71.0923],[-154.8765,71.0925],[-154.8765,71.0928],[-154.8766,71.0931],[-154.8765,71.0934],[-154.8772,71.0938],[-154.878,71.0941],[-154.8789,71.0945],[-154.8788,71.0948],[-154.8797,71.0952],[-154.8803,71.0954],[-154.8809,71.096],[-154.8818,71.0964],[-154.8821,71.0968],[-154.8822,71.0973],[-154.8822,71.0975],[-154.8823,71.0981],[-154.8853,71.0988],[-154.8854,71.0991],[-154.8883,71.1],[-154.8917,71.1007],[-154.893,71.1011],[-154.8957,71.1014],[-154.8984,71.102],[-154.9016,71.1026],[-154.9037,71.1028],[-154.9053,71.1029],[-154.9071,71.1031],[-154.9087,71.1027],[-154.9096,71.1025],[-154.9103,71.1022],[-154.9106,71.1019],[-154.9107,71.1015],[-154.9116,71.1009],[-154.9124,71.1004],[-154.9127,71.0999],[-154.9136,71.0993],[-154.9147,71.0987],[-154.9156,71.0981],[-154.9165,71.0978],[-154.9176,71.0977],[-154.92,71.0975],[-154.9215,71.0973],[-154.9231,71.0972],[-154.9248,71.0973],[-154.926,71.0974],[-154.9267,71.0975],[-154.9281,71.0976],[-154.9299,71.0974],[-154.9315,71.0973],[-154.9329,71.0973],[-154.9353,71.0974],[-154.9383,71.0974],[-154.9396,71.0975],[-154.9407,71.0976],[-154.9419,71.0977],[-154.9434,71.0977],[-154.9446,71.0977],[-154.9458,71.0979],[-154.9472,71.0981],[-154.9481,71.098],[-154.9488,71.0979],[-154.949,71.0976],[-154.9516,71.0973],[-154.9534,71.0972],[-154.9547,71.0972],[-154.956,71.0975],[-154.9564,71.0978],[-154.9569,71.098],[-154.9575,71.0978],[-154.9585,71.0975],[-154.959,71.0971],[-154.9596,71.0968],[-154.9603,71.0968],[-154.9613,71.0966],[-154.9624,71.0966],[-154.9634,71.0964],[-154.964,71.0963],[-154.9659,71.0961],[-154.9674,71.0962],[-154.9686,71.0963],[-154.971,71.0964],[-154.9736,71.0964],[-154.974,71.0964],[-154.9762,71.0965],[-154.9791,71.097],[-154.9804,71.0971],[-154.9823,71.0973],[-154.9834,71.0975],[-154.9839,71.0976],[-154.9863,71.0979],[-154.9882,71.0979],[-154.9899,71.0978],[-154.9905,71.0978],[-154.9916,71.0975],[-154.9926,71.0969],[-154.9943,71.0963],[-154.9938,71.0959],[-154.9946,71.0957],[-154.9948,71.0954],[-154.9948,71.0951],[-154.9942,71.0949],[-154.994,71.0944],[-154.9943,71.0938],[-154.9949,71.0934],[-154.995,71.093],[-154.9947,71.0927],[-154.9944,71.0924],[-154.9942,71.092],[-154.9934,71.0914],[-154.9931,71.0911],[-154.9931,71.0906],[-154.9933,71.0903],[-154.9926,71.09],[-154.9916,71.0897],[-154.9913,71.0893],[-154.9908,71.0891],[-154.9894,71.0889],[-154.989,71.0885],[-154.9886,71.0881],[-154.9875,71.0875],[-154.9866,71.0869],[-154.986,71.0865],[-154.9855,71.0861],[-154.9852,71.0855],[-154.9852,71.0852],[-154.9849,71.0848],[-154.9845,71.0845],[-154.9841,71.0844],[-154.9835,71.0839],[-154.9821,71.0839],[-154.9803,71.0839],[-154.9785,71.0839],[-154.9771,71.0841],[-154.9759,71.0843],[-154.9736,71.0845],[-154.9722,71.0846],[-154.9703,71.0845],[-154.9693,71.0845],[-154.9683,71.0845],[-154.9667,71.0845],[-154.9648,71.0847],[-154.9618,71.0845],[-154.9595,71.0843],[-154.9581,71.0841],[-154.9563,71.084],[-154.9549,71.084],[-154.9537,71.084],[-154.9514,71.0838],[-154.9501,71.0838],[-154.9492,71.0836],[-154.9487,71.0834],[-154.9472,71.083],[-154.9468,71.0827],[-154.946,71.0825],[-154.9456,71.0818],[-154.946,71.0816],[-154.9462,71.0814],[-154.9462,71.0811],[-154.9453,71.0809],[-154.944,71.0805],[-154.9432,71.0801],[-154.9432,71.0796],[-154.9429,71.0792],[-154.9423,71.0788],[-154.9421,71.0785],[-154.9421,71.078],[-154.9418,71.0776],[-154.9412,71.077],[-154.9411,71.0767],[-154.9391,71.0763],[-154.9382,71.0761],[-154.9373,71.0759],[-154.9366,71.0756],[-154.9354,71.0754],[-154.9348,71.075],[-154.9351,71.0747],[-154.9359,71.0744],[-154.9364,71.0742],[-154.9368,71.0738],[-154.9368,71.0735],[-154.9376,71.0731],[-154.938,71.0729],[-154.9382,71.0726],[-154.9371,71.0721],[-154.9354,71.0721],[-154.9345,71.0722],[-154.9335,71.0724],[-154.9322,71.0725],[-154.9306,71.0725],[-154.9286,71.0724],[-154.927,71.0724],[-154.926,71.0724],[-154.9247,71.0722],[-154.9244,71.0718],[-154.924,71.0714],[-154.9229,71.071],[-154.9227,71.0705],[-154.9212,71.0695],[-154.9204,71.0677],[-154.9198,71.0662],[-154.9196,71.0649],[-154.92,71.0638],[-154.9198,71.0627],[-154.9196,71.0621],[-154.9197,71.0617],[-154.9199,71.0607],[-154.9201,71.0598],[-154.9204,71.0592],[-154.9204,71.0588],[-154.9211,71.0578],[-154.9213,71.0571],[-154.9216,71.0568],[-154.9218,71.0566],[-154.9219,71.0554],[-154.9224,71.0538],[-154.9227,71.0525],[-154.9227,71.0517],[-154.9236,71.0511],[-154.9247,71.0498],[-154.927,71.0493],[-154.9282,71.0488],[-154.9296,71.0484],[-154.9306,71.048],[-154.9313,71.0479],[-154.9334,71.0476],[-154.9356,71.0472],[-154.9365,71.0471],[-154.9389,71.0467],[-154.9407,71.0467],[-154.9426,71.0468],[-154.9439,71.047],[-154.9451,71.0473],[-154.9477,71.0476],[-154.9495,71.0477],[-154.9509,71.048],[-154.9521,71.0483],[-154.9535,71.0484],[-154.9542,71.0487],[-154.955,71.0491],[-154.9551,71.0494],[-154.9564,71.0492],[-154.9578,71.0491],[-154.9591,71.0491],[-154.9609,71.0491],[-154.9632,71.0493],[-154.9645,71.0495],[-154.9658,71.05],[-154.967,71.0503],[-154.9678,71.051],[-154.9691,71.0513],[-154.9698,71.0515],[-154.9702,71.0522],[-154.9718,71.0527],[-154.9725,71.0531],[-154.9725,71.0538],[-154.9729,71.0543],[-154.9731,71.0548],[-154.9736,71.0553],[-154.9735,71.0558],[-154.9735,71.0565],[-154.9736,71.0574],[-154.9735,71.0582],[-154.9747,71.0616],[-154.977,71.0634],[-154.9776,71.0642],[-154.9779,71.0647],[-154.9784,71.0651],[-154.9787,71.0656],[-154.9791,71.0659],[-154.9797,71.0665],[-154.98,71.067],[-154.9801,71.0673],[-154.9807,71.0678],[-154.9809,71.0682],[-154.9808,71.0688],[-154.9807,71.0689],[-154.9807,71.0693],[-154.9813,71.0692],[-154.9816,71.069],[-154.9814,71.0684],[-154.9816,71.0654],[-154.9814,71.0626],[-154.9816,71.0612],[-154.9814,71.0601],[-154.9814,71.0596],[-154.9813,71.0592],[-154.9813,71.0586],[-154.9816,71.0567],[-154.9826,71.0548],[-154.9831,71.0542],[-154.9836,71.0538],[-154.9844,71.0533],[-154.985,71.0528],[-154.9855,71.0526],[-154.9855,71.0523],[-154.9861,71.052],[-154.9868,71.0518],[-154.9869,71.0515],[-154.9872,71.0512],[-154.9876,71.0509],[-154.9876,71.0507],[-154.9875,71.0504],[-154.9864,71.0503],[-154.9847,71.0503],[-154.9832,71.0504],[-154.9807,71.0505],[-154.979,71.0505],[-154.9783,71.0505],[-154.9778,71.0507],[-154.9774,71.0507],[-154.976,71.0506],[-154.9747,71.0504],[-154.9733,71.0499],[-154.9725,71.0497],[-154.9717,71.0493],[-154.9711,71.0489],[-154.9704,71.0478],[-154.9697,71.0471],[-154.9695,71.0468],[-154.9695,71.0465],[-154.9688,71.0449],[-154.968,71.0429],[-154.9675,71.0411],[-154.9676,71.0391],[-154.9675,71.0383],[-154.9676,71.0377],[-154.9673,71.0371],[-154.9675,71.0366],[-154.9676,71.0358],[-154.9675,71.0351],[-154.9678,71.0342],[-154.9681,71.0335],[-154.9685,71.0327],[-154.969,71.0319],[-154.9696,71.0312],[-154.9708,71.0307],[-154.9714,71.0304],[-154.9729,71.0302],[-154.9746,71.0303],[-154.9756,71.0302],[-154.9777,71.0302],[-154.98,71.0302],[-154.9823,71.0304],[-154.9829,71.0304],[-154.9845,71.0309],[-154.9853,71.0314],[-154.986,71.0319],[-154.9866,71.0324],[-154.9867,71.0328],[-154.9876,71.0337],[-154.9886,71.0352],[-154.9893,71.0364],[-154.9901,71.0376],[-154.9899,71.0381],[-154.9905,71.0385],[-154.9906,71.0387],[-154.991,71.0396],[-154.9916,71.0403],[-154.9919,71.0406],[-154.9919,71.0412],[-154.9924,71.0418],[-154.9925,71.0424],[-154.9927,71.0431],[-154.9929,71.0434],[-154.993,71.0438],[-154.9932,71.0445],[-154.9933,71.0449],[-154.9933,71.0454],[-154.9932,71.0459],[-154.993,71.0464],[-154.9929,71.0468],[-154.9927,71.047],[-154.9929,71.0475],[-154.994,71.0477],[-154.9946,71.0479],[-154.995,71.0481],[-154.9962,71.0483],[-154.9965,71.0479],[-154.997,71.0477],[-154.9981,71.0476],[-154.9985,71.0475],[-154.9995,71.0473],[-155.0013,71.0473],[-155.0051,71.0473],[-155.0058,71.0473],[-155.0071,71.0475],[-155.0079,71.0476],[-155.0085,71.0476],[-155.0091,71.0477],[-155.0094,71.0476],[-155.0093,71.0473],[-155.0091,71.0469],[-155.0091,71.0467],[-155.0092,71.046],[-155.0092,71.0457],[-155.0093,71.0453],[-155.0097,71.045],[-155.0103,71.0448],[-155.0109,71.0447],[-155.0115,71.0447],[-155.0119,71.0448],[-155.0122,71.0448],[-155.0128,71.0448],[-155.0131,71.0447],[-155.0133,71.0444],[-155.0134,71.0442],[-155.0134,71.0439],[-155.0129,71.0437],[-155.0127,71.0436],[-155.0123,71.0432],[-155.0122,71.0429],[-155.0121,71.0427],[-155.012,71.0424],[-155.012,71.0423],[-155.0119,71.0419],[-155.0117,71.0413],[-155.0114,71.0409],[-155.0111,71.0402],[-155.0107,71.0397],[-155.0105,71.0391],[-155.0105,71.0382],[-155.0105,71.0377],[-155.0105,71.0373],[-155.0102,71.0363],[-155.0105,71.0354],[-155.0102,71.0349],[-155.0098,71.0345],[-155.01,71.034],[-155.0102,71.0332],[-155.0104,71.0327],[-155.0106,71.0321],[-155.011,71.0315],[-155.0112,71.0312],[-155.0121,71.0308],[-155.0132,71.0302],[-155.0145,71.0299],[-155.0167,71.0295],[-155.0173,71.0293],[-155.0174,71.0291],[-155.0169,71.0289],[-155.0154,71.0288],[-155.0112,71.0283],[-155.0091,71.0282],[-155.0053,71.0276],[-155.005,71.0271],[-155.0043,71.0266],[-155.0033,71.0259],[-155.0017,71.0247],[-155.0012,71.024],[-154.9998,71.0228],[-154.9992,71.0219],[-154.9986,71.021],[-154.9976,71.0204],[-154.9969,71.0191],[-154.9965,71.0183],[-154.9961,71.0174],[-154.9959,71.0166],[-154.9954,71.0156],[-154.9942,71.0139],[-154.9953,71.0129],[-154.9957,71.0121],[-154.9964,71.0114],[-154.9974,71.0107],[-154.9987,71.0106],[-155.0005,71.0105],[-155.0018,71.0101],[-155.0033,71.01],[-155.0038,71.0094],[-155.0045,71.0088],[-155.0049,71.0085],[-155.0056,71.0084],[-155.0074,71.0082],[-155.0086,71.0077],[-155.0098,71.0071],[-155.0119,71.0068],[-155.0131,71.0065],[-155.0145,71.0064],[-155.0154,71.0064],[-155.016,71.0064],[-155.0168,71.0067],[-155.017,71.0065],[-155.0169,71.0063],[-155.0169,71.0061],[-155.0176,71.0058],[-155.0183,71.0056],[-155.0203,71.0046],[-155.0234,71.0047],[-155.0243,71.0049],[-155.0257,71.0048],[-155.0268,71.0047],[-155.0296,71.005],[-155.0316,71.0056],[-155.0328,71.0059],[-155.0336,71.0065],[-155.0343,71.0069],[-155.0347,71.0072],[-155.035,71.0078],[-155.0346,71.008],[-155.0348,71.0083],[-155.0354,71.0084],[-155.0365,71.0082],[-155.0373,71.008],[-155.0378,71.0078],[-155.0373,71.0074],[-155.0372,71.0071],[-155.0372,71.007],[-155.0376,71.0067],[-155.0382,71.0065],[-155.0387,71.0065],[-155.0398,71.0064],[-155.04,71.0061],[-155.04,71.0055],[-155.0402,71.0049],[-155.0398,71.0038],[-155.0401,71.0032],[-155.0402,71.0023],[-155.0413,71.0012],[-155.042,71.0003],[-155.0456,70.999],[-155.0473,70.9987],[-155.0493,70.9987],[-155.0514,70.9987],[-155.0535,70.9991],[-155.0549,70.9996],[-155.0571,71.0002],[-155.058,71.0014],[-155.0587,71.002],[-155.0592,71.0026],[-155.0596,71.0029],[-155.0617,71.0045],[-155.0634,71.0055],[-155.0644,71.0069],[-155.0661,71.0078],[-155.0667,71.0087],[-155.0676,71.0098],[-155.0678,71.0108],[-155.0677,71.0113],[-155.0681,71.0128],[-155.0683,71.0145],[-155.0689,71.0162],[-155.0696,71.0174],[-155.0695,71.0177],[-155.0694,71.0197],[-155.0685,71.0208],[-155.0678,71.0218],[-155.0664,71.0224],[-155.0646,71.0227],[-155.0606,71.023],[-155.059,71.023],[-155.0556,71.0231],[-155.0534,71.0237],[-155.0518,71.0241],[-155.0475,71.0243],[-155.0442,71.0239],[-155.0422,71.0238],[-155.0397,71.024],[-155.0382,71.0247],[-155.037,71.0253],[-155.0369,71.0258],[-155.0369,71.0261],[-155.0368,71.0264],[-155.0347,71.0266],[-155.0306,71.0271],[-155.0297,71.0274],[-155.0259,71.0278],[-155.0195,71.028],[-155.0194,71.0288],[-155.0203,71.0291],[-155.0203,71.0296],[-155.0218,71.0301],[-155.0228,71.0306],[-155.0237,71.0311],[-155.0245,71.0318],[-155.0263,71.0335],[-155.0275,71.0354],[-155.0293,71.0377],[-155.0298,71.0387],[-155.0306,71.0402],[-155.031,71.0416],[-155.0322,71.0433],[-155.0325,71.0443],[-155.0329,71.0457],[-155.0329,71.0465],[-155.033,71.0468],[-155.0327,71.0475],[-155.0303,71.0483],[-155.0279,71.0487],[-155.0268,71.0489],[-155.0277,71.0501],[-155.0282,71.0506],[-155.0283,71.0512],[-155.0285,71.0516],[-155.029,71.0522],[-155.0292,71.0524],[-155.0304,71.053]]},"properties":{}},{"type":"Feature","geometry":{"type":"LineString","coordinates":[[-154.001,70.8187],[-154.0024,70.818],[-154.0069,70.8171],[-154.0111,70.8157],[-154.017,70.814],[-154.0194,70.8136],[-154.0236,70.8124],[-154.0253,70.812],[-154.0279,70.811],[-154.0296,70.8103],[-154.0406,70.8043],[-154.0514,70.7995],[-154.0559,70.7976],[-154.0617,70.7951],[-154.0704,70.7916],[-154.073,70.7904],[-154.0753,70.7897],[-154.077,70.7891],[-154.081,70.7879],[-154.0837,70.7872],[-154.0855,70.7867],[-154.0864,70.7865],[-154.0894,70.7859],[-154.0927,70.7851],[-154.0958,70.7843],[-154.0982,70.7837],[-154.1001,70.7832],[-154.1027,70.7827],[-154.1059,70.782],[-154.109,70.7811],[-154.1118,70.7802],[-154.1159,70.7793],[-154.1192,70.7786],[-154.1221,70.7778],[-154.1261,70.7767],[-154.1303,70.7755],[-154.1325,70.7747],[-154.1354,70.7738],[-154.1378,70.7733],[-154.1381,70.7731],[-154.1396,70.7729],[-154.1428,70.7723],[-154.1479,70.7714],[-154.1511,70.7709],[-154.1549,70.7702],[-154.1592,70.7694],[-154.1642,70.7688],[-154.1678,70.7684],[-154.1709,70.7681],[-154.1735,70.768],[-154.1765,70.768],[-154.1791,70.7682],[-154.1821,70.7684],[-154.1848,70.7688],[-154.1874,70.7693],[-154.1899,70.7697],[-154.1954,70.7715],[-154.1974,70.7722],[-154.199,70.7716],[-154.2026,70.7714],[-154.2069,70.772],[-154.2144,70.7729],[-154.2188,70.7739],[-154.2209,70.7737],[-154.2225,70.7737],[-154.2242,70.7739],[-154.2262,70.7741],[-154.2275,70.7745],[-154.2305,70.7752],[-154.2334,70.776],[-154.2376,70.7771],[-154.2397,70.7765],[-154.2414,70.7765],[-154.2461,70.777],[-154.2485,70.7776],[-154.25,70.7775],[-154.2511,70.7776],[-154.2519,70.7776],[-154.2526,70.7778],[-154.2533,70.778],[-154.2561,70.7786],[-154.2578,70.779],[-154.2592,70.7795],[-154.2612,70.78],[-154.2637,70.7805],[-154.2651,70.7811],[-154.2692,70.7824],[-154.2739,70.783],[-154.2772,70.7835],[-154.2797,70.7842],[-154.2847,70.7855],[-154.2873,70.7863],[-154.2904,70.7874],[-154.2932,70.7893],[-154.2949,70.7904],[-154.2967,70.791],[-154.298,70.7918],[-154.2989,70.7925],[-154.2997,70.7931],[-154.3021,70.7935],[-154.303,70.7936],[-154.3047,70.7933],[-154.3066,70.7926],[-154.3086,70.7921],[-154.3108,70.7914],[-154.312,70.7913],[-154.3126,70.7915],[-154.3135,70.7915],[-154.3153,70.7914],[-154.3176,70.7912],[-154.3185,70.791],[-154.3214,70.7907],[-154.323,70.7902],[-154.325,70.7899],[-154.3264,70.7893],[-154.3313,70.7882],[-154.3331,70.7875],[-154.334,70.7871],[-154.3342,70.7867],[-154.3345,70.785],[-154.3339,70.784],[-154.3338,70.7834],[-154.3342,70.7827],[-154.3354,70.7821],[-154.3376,70.7819],[-154.3389,70.7817],[-154.3402,70.7812],[-154.3412,70.7805],[-154.3417,70.7799],[-154.3434,70.7764],[-154.3447,70.7742],[-154.3445,70.7732],[-154.3435,70.7715],[-154.3428,70.7699],[-154.3422,70.7692],[-154.3406,70.769],[-154.3379,70.769],[-154.336,70.7688],[-154.3345,70.7682],[-154.3331,70.7671],[-154.332,70.7665],[-154.3319,70.7657],[-154.3323,70.7652],[-154.3305,70.7649],[-154.3284,70.7643],[-154.328,70.7636],[-154.3275,70.7627],[-154.3284,70.7622],[-154.3295,70.7619],[-154.3299,70.7613],[-154.3308,70.7611],[-154.3312,70.761],[-154.3338,70.7611],[-154.3353,70.7611],[-154.3358,70.7606],[-154.3372,70.7598],[-154.3388,70.7594],[-154.3423,70.7594],[-154.3448,70.7599],[-154.3468,70.7604],[-154.3473,70.7611],[-154.3483,70.7615],[-154.3492,70.7617],[-154.3507,70.7619],[-154.3543,70.7614],[-154.358,70.76],[-154.3614,70.759],[-154.365,70.7586],[-154.3715,70.759],[-154.3763,70.7594],[-154.3802,70.7603],[-154.385,70.7607],[-154.3884,70.7605],[-154.3893,70.7598],[-154.3901,70.7589],[-154.3947,70.7588],[-154.3959,70.7591],[-154.3978,70.7604],[-154.392,70.7644],[-154.3899,70.765],[-154.3797,70.7651],[-154.3796,70.7656],[-154.3747,70.7666],[-154.3455,70.7701],[-154.3488,70.7743],[-154.3518,70.7749],[-154.3537,70.7737],[-154.3541,70.7738],[-154.3512,70.7757],[-154.3513,70.7803],[-154.3498,70.7802],[-154.3416,70.7887],[-154.3469,70.7894],[-154.3525,70.7852],[-154.3538,70.7853],[-154.3494,70.7902],[-154.3512,70.793],[-154.3499,70.793],[-154.3473,70.7908],[-154.3427,70.7921],[-154.342,70.7936],[-154.3404,70.7937],[-154.3386,70.7948],[-154.3409,70.7949],[-154.3421,70.7967],[-154.3567,70.7972],[-154.3616,70.7961],[-154.3618,70.7954],[-154.3603,70.7953],[-154.3605,70.7946],[-154.3567,70.7942],[-154.3568,70.7937],[-154.3529,70.7935],[-154.3514,70.7933],[-154.3576,70.7934],[-154.3651,70.7947],[-154.3665,70.7922],[-154.3677,70.7923],[-154.3664,70.794],[-154.3676,70.7955],[-154.3625,70.801],[-154.3564,70.8019],[-154.3539,70.8041],[-154.3557,70.805],[-154.3603,70.8052],[-154.3731,70.8039],[-154.3749,70.8026],[-154.3795,70.803],[-154.3793,70.8038],[-154.3746,70.8039],[-154.3746,70.8042],[-154.3776,70.8045],[-154.3801,70.8074],[-154.3808,70.8074],[-154.3836,70.8054],[-154.389,70.8057],[-154.4107,70.803],[-154.4145,70.8016],[-154.4141,70.8],[-154.4136,70.7985],[-154.4126,70.7931],[-154.4148,70.7918],[-154.4163,70.7921],[-154.4195,70.7904],[-154.4215,70.7898],[-154.4322,70.7912],[-154.4306,70.7925],[-154.4303,70.7948],[-154.4325,70.7967],[-154.4351,70.7978],[-154.4387,70.7988],[-154.4402,70.7996],[-154.4435,70.8002],[-154.4454,70.8008],[-154.446,70.8034],[-154.443,70.8082],[-154.4454,70.8099],[-154.4473,70.8111],[-154.4481,70.8173],[-154.4498,70.8196],[-154.4555,70.8216],[-154.4589,70.8233],[-154.4634,70.8226],[-154.4609,70.8208],[-154.4565,70.8172],[-154.4576,70.8124],[-154.4593,70.8119],[-154.4619,70.811],[-154.4649,70.8105],[-154.4694,70.8099],[-154.471,70.8067],[-154.471,70.8044],[-154.4768,70.8023],[-154.4852,70.8002],[-154.4849,70.7982],[-154.4797,70.7972],[-154.4774,70.797],[-154.4762,70.7935],[-154.4754,70.7924],[-154.4754,70.7912],[-154.4788,70.7903],[-154.4809,70.7896],[-154.4828,70.789],[-154.488,70.7884],[-154.4981,70.7878],[-154.5029,70.7908],[-154.5015,70.791],[-154.5,70.7914],[-154.4982,70.7921],[-154.497,70.7927],[-154.4966,70.7942],[-154.4966,70.7951],[-154.4974,70.796],[-154.5004,70.7964],[-154.5145,70.7971],[-154.528,70.7971],[-154.5353,70.7958],[-154.5363,70.7946],[-154.5371,70.7946],[-154.5383,70.7962],[-154.5465,70.7978],[-154.5479,70.7987],[-154.5521,70.7988],[-154.553,70.7999],[-154.5617,70.7996],[-154.5637,70.7973],[-154.5652,70.7976],[-154.5677,70.8005],[-154.5717,70.7998],[-154.572,70.7952],[-154.5728,70.7952],[-154.5794,70.7978],[-154.5796,70.7995],[-154.5798,70.8031],[-154.5819,70.8056],[-154.584,70.8075],[-154.5865,70.8085],[-154.5882,70.8101],[-154.5836,70.8129],[-154.5866,70.8135],[-154.5894,70.8147],[-154.5916,70.8156],[-154.5922,70.8163],[-154.593,70.8164],[-154.5947,70.8175],[-154.5978,70.8184],[-154.5991,70.819],[-154.5984,70.8202],[-154.6017,70.8228],[-154.6032,70.8228],[-154.6013,70.8233],[-154.6016,70.8236],[-154.6022,70.8238],[-154.6033,70.8247],[-154.6044,70.8256],[-154.6048,70.826],[-154.6055,70.8265],[-154.6064,70.8273],[-154.6077,70.828],[-154.6082,70.8287],[-154.6102,70.8295],[-154.6125,70.8305],[-154.6134,70.831],[-154.6146,70.8313],[-154.6148,70.8316],[-154.6144,70.8319],[-154.614,70.8318],[-154.6138,70.8319],[-154.6146,70.8323],[-154.6156,70.8327],[-154.6163,70.833],[-154.6167,70.8332],[-154.6171,70.8333],[-154.6175,70.8334],[-154.6177,70.8335],[-154.618,70.8336],[-154.6186,70.8338],[-154.6187,70.8336],[-154.6188,70.8335],[-154.6191,70.8335],[-154.6194,70.8335],[-154.6198,70.8336],[-154.6199,70.8336],[-154.6198,70.8337],[-154.6193,70.8337],[-154.6191,70.8338],[-154.6189,70.8338],[-154.619,70.8338],[-154.6193,70.8339],[-154.6196,70.834],[-154.6199,70.8342],[-154.6202,70.8343],[-154.6214,70.8347],[-154.6356,70.8351],[-154.6405,70.8394],[-154.6444,70.8412],[-154.6466,70.842],[-154.6485,70.8436],[-154.6568,70.8507],[-154.6609,70.8519],[-154.6691,70.8537],[-154.6718,70.8537],[-154.6728,70.8539],[-154.6744,70.8543],[-154.6763,70.8546],[-154.6779,70.8545],[-154.6799,70.8538],[-154.6808,70.8531],[-154.6819,70.8525],[-154.6809,70.8522],[-154.6816,70.8509],[-154.6784,70.8503],[-154.6754,70.8501],[-154.6733,70.8502],[-154.6718,70.8498],[-154.671,70.8493],[-154.6689,70.8485],[-154.6685,70.8471],[-154.6699,70.8469],[-154.6721,70.8467],[-154.6728,70.8467],[-154.6732,70.8462],[-154.6741,70.8461],[-154.6741,70.8452],[-154.6775,70.8445],[-154.6797,70.8437],[-154.6821,70.8433],[-154.6805,70.8431],[-154.6804,70.8427],[-154.6813,70.8404],[-154.6817,70.8395],[-154.6828,70.839],[-154.6837,70.8388],[-154.6844,70.8389],[-154.6849,70.8385],[-154.6857,70.8383],[-154.6872,70.8383],[-154.6873,70.8387],[-154.6881,70.8389],[-154.6881,70.8391],[-154.6864,70.8391],[-154.6854,70.8393],[-154.6845,70.8392],[-154.6845,70.8416],[-154.6849,70.8434],[-154.6882,70.8432],[-154.6892,70.8432],[-154.6894,70.8438],[-154.689,70.8446],[-154.6878,70.8454],[-154.6902,70.8454],[-154.6915,70.8452],[-154.6927,70.8451],[-154.6921,70.8445],[-154.691,70.844],[-154.6917,70.8434],[-154.6901,70.8425],[-154.6919,70.8418],[-154.695,70.8413],[-154.6987,70.8412],[-154.7025,70.8411],[-154.706,70.841],[-154.707,70.8408],[-154.7026,70.839],[-154.6999,70.8384],[-154.7054,70.8376],[-154.7065,70.8383],[-154.7078,70.8389],[-154.711,70.8405],[-154.7151,70.8419],[-154.7156,70.8426],[-154.7174,70.8436],[-154.7205,70.8447],[-154.7215,70.8461],[-154.726,70.8477],[-154.7288,70.8494],[-154.7305,70.8511],[-154.7324,70.8535],[-154.7356,70.8556],[-154.7366,70.8571],[-154.7388,70.8588],[-154.7414,70.8603],[-154.7454,70.8617],[-154.7433,70.8638],[-154.7417,70.8637],[-154.741,70.8653],[-154.7355,70.8673],[-154.7342,70.8679],[-154.7317,70.8707],[-154.7238,70.8715],[-154.7211,70.8725],[-154.7166,70.8734],[-154.7173,70.8742],[-154.7192,70.8738],[-154.7217,70.8732],[-154.7231,70.8735],[-154.7229,70.8741],[-154.7232,70.8747],[-154.724,70.8748],[-154.7258,70.8747],[-154.7265,70.8752],[-154.7255,70.8754],[-154.7261,70.8755],[-154.7275,70.8764],[-154.7271,70.8775],[-154.7247,70.8779],[-154.7221,70.8785],[-154.7236,70.8808],[-154.7259,70.8812],[-154.7277,70.8804],[-154.7302,70.8798],[-154.732,70.8792],[-154.7338,70.8776],[-154.7331,70.8771],[-154.7331,70.8758],[-154.7341,70.8754],[-154.7357,70.8754],[-154.7363,70.8748],[-154.7348,70.8743],[-154.7352,70.8737],[-154.7341,70.8733],[-154.7357,70.8733],[-154.7366,70.8724],[-154.7394,70.8712],[-154.745,70.8702],[-154.7467,70.8697],[-154.7547,70.8686],[-154.7583,70.8687],[-154.7618,70.8692],[-154.7635,70.8697],[-154.766,70.8707],[-154.769,70.8724],[-154.7729,70.8751],[-154.778,70.8796],[-154.7819,70.8855]]},"properties":{}},{"type":"Feature","geometry":{"type":"LineString","coordinates":[[-154.675,70.8569],[-154.6765,70.8564],[-154.6757,70.8557],[-154.6648,70.8543],[-154.6599,70.8537],[-154.655,70.8521],[-154.6521,70.8497],[-154.6456,70.8478],[-154.641,70.8466],[-154.6397,70.8451],[-154.6359,70.8439],[-154.6318,70.8438],[-154.6287,70.8432],[-154.6246,70.8415],[-154.621,70.841],[-154.6172,70.8415],[-154.6157,70.8427],[-154.6155,70.8438],[-154.6172,70.8447],[-154.6185,70.8453],[-154.6181,70.8462],[-154.6171,70.8469],[-154.615,70.8478],[-154.6126,70.8486],[-154.6085,70.8491],[-154.6055,70.8491],[-154.6031,70.8497],[-154.6039,70.8501],[-154.6091,70.8516],[-154.6168,70.8529],[-154.6202,70.8534],[-154.6227,70.8545],[-154.6207,70.8547],[-154.6178,70.8548],[-154.6163,70.8551],[-154.616,70.8555],[-154.6151,70.856],[-154.6153,70.857],[-154.6124,70.8589],[-154.6104,70.8604],[-154.6095,70.8626],[-154.6126,70.8625],[-154.6181,70.8603],[-154.6195,70.8594],[-154.62,70.8585],[-154.6207,70.8577],[-154.6256,70.8562],[-154.6275,70.8564],[-154.6265,70.8571],[-154.6279,70.857],[-154.6306,70.8562],[-154.633,70.8556],[-154.6357,70.8552],[-154.6385,70.8555],[-154.6365,70.8558],[-154.634,70.8561],[-154.6328,70.8572],[-154.63,70.8575],[-154.6262,70.8577],[-154.6239,70.858],[-154.6221,70.8586],[-154.6209,70.8594],[-154.6195,70.8607],[-154.6264,70.8586],[-154.6314,70.8589],[-154.6336,70.8599],[-154.6301,70.8615],[-154.6293,70.862],[-154.6291,70.8628],[-154.6299,70.8634],[-154.6261,70.863],[-154.6239,70.8624],[-154.6233,70.8618],[-154.6213,70.8614],[-154.6198,70.8614],[-154.616,70.8627],[-154.6151,70.8636],[-154.614,70.8645],[-154.6124,70.8649],[-154.61,70.8654],[-154.6082,70.8657],[-154.6097,70.8658],[-154.614,70.8661],[-154.6154,70.8662],[-154.6181,70.8661],[-154.6207,70.8657],[-154.6227,70.8654],[-154.6256,70.8652],[-154.6299,70.8649],[-154.6321,70.8647],[-154.6358,70.8648],[-154.6384,70.8652],[-154.6415,70.8653],[-154.6451,70.8661],[-154.6485,70.8667],[-154.6499,70.8668],[-154.6556,70.8664],[-154.6579,70.8661],[-154.6593,70.8652],[-154.6605,70.8641],[-154.6647,70.863],[-154.6674,70.8629],[-154.6693,70.8625],[-154.6712,70.8607],[-154.6721,70.8596],[-154.6729,70.8589],[-154.6737,70.8578],[-154.675,70.8569]]},"properties":{}},{"type":"Feature","geometry":{"type":"LineString","coordinates":[[-154.7159,70.8689],[-154.7187,70.8691],[-154.7209,70.8685],[-154.725,70.8678],[-154.7289,70.8666],[-154.7351,70.8653],[-154.7359,70.8646],[-154.7355,70.8641],[-154.7361,70.8637],[-154.7362,70.8629],[-154.7363,70.8623],[-154.7357,70.8619],[-154.7308,70.8581],[-154.7295,70.856],[-154.7294,70.8527],[-154.7272,70.8499],[-154.7212,70.8465],[-154.7179,70.8452],[-154.7148,70.8456],[-154.7138,70.8481],[-154.7122,70.8492],[-154.7102,70.8499],[-154.7071,70.8506],[-154.7033,70.8515],[-154.7013,70.8521],[-154.6976,70.8536],[-154.6952,70.8543],[-154.6925,70.8557],[-154.6892,70.8557],[-154.6872,70.8559],[-154.685,70.8562],[-154.6833,70.8561],[-154.6817,70.8562],[-154.6809,70.8563],[-154.6794,70.8566],[-154.6781,70.8571],[-154.6751,70.8583],[-154.6739,70.8586],[-154.6723,70.8606],[-154.6704,70.8624],[-154.6694,70.863],[-154.6674,70.8633],[-154.6664,70.8636],[-154.6645,70.8637],[-154.6625,70.864],[-154.6611,70.8644],[-154.6598,70.8654],[-154.6595,70.8661],[-154.6574,70.8666],[-154.6512,70.8671],[-154.6473,70.8675],[-154.6451,70.8681],[-154.6433,70.8699],[-154.6435,70.8714],[-154.6438,70.8743],[-154.6438,70.8763],[-154.6439,70.8775],[-154.6428,70.8793],[-154.645,70.8797],[-154.6466,70.8803],[-154.6412,70.8804],[-154.64,70.8816],[-154.6413,70.8826],[-154.6434,70.8821],[-154.6456,70.8813],[-154.6477,70.8806],[-154.6501,70.8807],[-154.6518,70.8812],[-154.6506,70.8822],[-154.6475,70.8828],[-154.6446,70.8832],[-154.6422,70.884],[-154.6375,70.8845],[-154.6403,70.8872],[-154.6457,70.8877],[-154.6472,70.8871],[-154.6446,70.8863],[-154.6461,70.8855],[-154.649,70.8852],[-154.6518,70.8849],[-154.6535,70.885],[-154.6562,70.8848],[-154.6598,70.8845],[-154.6638,70.8846],[-154.6648,70.8841],[-154.6648,70.8834],[-154.669,70.8813],[-154.6706,70.8807],[-154.6716,70.8796],[-154.6742,70.88],[-154.6747,70.8794],[-154.6746,70.8788],[-154.6754,70.8784],[-154.6776,70.878],[-154.6778,70.8771],[-154.6778,70.8765],[-154.6789,70.8762],[-154.6821,70.8765],[-154.6852,70.8761],[-154.6891,70.8755],[-154.6849,70.874],[-154.682,70.8741],[-154.6795,70.8749],[-154.6776,70.8754],[-154.6771,70.8753],[-154.6771,70.8748],[-154.6777,70.8738],[-154.6748,70.8736],[-154.6723,70.873],[-154.6695,70.871],[-154.6666,70.87],[-154.6648,70.8693],[-154.6649,70.8682],[-154.6657,70.8663],[-154.6682,70.8651],[-154.6731,70.8643],[-154.6778,70.8641],[-154.6812,70.8644],[-154.6827,70.8653],[-154.6835,70.8662],[-154.6831,70.8669],[-154.682,70.8677],[-154.6814,70.8683],[-154.6814,70.869],[-154.6815,70.8697],[-154.6822,70.8704],[-154.6832,70.871],[-154.6844,70.8707],[-154.6864,70.87],[-154.6877,70.8694],[-154.6894,70.8693],[-154.6944,70.8692],[-154.7013,70.8688],[-154.7044,70.8686],[-154.7064,70.8687],[-154.7082,70.869],[-154.7091,70.869],[-154.7072,70.8684],[-154.705,70.8682],[-154.704,70.8678],[-154.7032,70.867],[-154.7017,70.867],[-154.7012,70.8668],[-154.7017,70.8664],[-154.7036,70.8658],[-154.7039,70.8652],[-154.7037,70.8645],[-154.7028,70.864],[-154.7006,70.8633],[-154.7007,70.8624],[-154.7017,70.8619],[-154.7031,70.8613],[-154.703,70.8598],[-154.7016,70.8593],[-154.703,70.8586],[-154.7018,70.8581],[-154.6996,70.8584],[-154.698,70.8583],[-154.6973,70.8579],[-154.6977,70.8568],[-154.6981,70.8565],[-154.6993,70.8564],[-154.7005,70.8565],[-154.7023,70.8568],[-154.7037,70.857],[-154.7069,70.857],[-154.7077,70.8566],[-154.71,70.8559],[-154.7116,70.8558],[-154.7138,70.8562],[-154.7146,70.8566],[-154.7144,70.8573],[-154.7148,70.8578],[-154.7153,70.8582],[-154.7166,70.8588],[-154.7178,70.8594],[-154.7193,70.8601],[-154.7193,70.8605],[-154.7211,70.862],[-154.7213,70.8626],[-154.7208,70.8633],[-154.7186,70.8636],[-154.717,70.8639],[-154.716,70.8644],[-154.7154,70.8644],[-154.7142,70.8645],[-154.7138,70.8647],[-154.7142,70.8653],[-154.7141,70.8657],[-154.7144,70.8662],[-154.7145,70.8666],[-154.7164,70.8666],[-154.717,70.8666],[-154.7188,70.8666],[-154.7214,70.8666],[-154.7212,70.8669],[-154.7196,70.8669],[-154.7176,70.8671],[-154.7166,70.8674],[-154.7169,70.8679],[-154.7166,70.8681],[-154.7157,70.8684],[-154.7154,70.8687],[-154.7159,70.8689]]},"properties":{}},{"type":"Feature","geometry":{"type":"LineString","coordinates":[[-154.7088,70.8432],[-154.7093,70.8439],[-154.7097,70.8444],[-154.7081,70.8451],[-154.7096,70.845],[-154.7092,70.8454],[-154.7079,70.8457],[-154.7066,70.8458],[-154.7048,70.8462],[-154.7063,70.8462],[-154.7075,70.8463],[-154.7063,70.8466],[-154.7041,70.8469],[-154.7,70.8475],[-154.6982,70.8475],[-154.6962,70.8474],[-154.6941,70.8473],[-154.6925,70.8471],[-154.6903,70.8472],[-154.6886,70.8475],[-154.6866,70.8481],[-154.6855,70.8486],[-154.6836,70.8492],[-154.6833,70.8496],[-154.6835,70.8502],[-154.6839,70.8509],[-154.6835,70.8513],[-154.6827,70.8517],[-154.6831,70.8522],[-154.6825,70.8534],[-154.6805,70.8542],[-154.6814,70.8545],[-154.6844,70.8544],[-154.6884,70.854],[-154.693,70.8537],[-154.6945,70.8527],[-154.6975,70.8516],[-154.7043,70.8501],[-154.7085,70.849],[-154.7113,70.8476],[-154.712,70.8461],[-154.7113,70.8446],[-154.7088,70.8432]]},"properties":{}},{"type":"Feature","geometry":{"type":"LineString","coordinates":[[-154.646,70.867],[-154.64,70.8661],[-154.6345,70.8662],[-154.6278,70.8679],[-154.6251,70.8679],[-154.6208,70.8688],[-154.6192,70.8693],[-154.6182,70.8708],[-154.6133,70.8741],[-154.6125,70.8755],[-154.6144,70.8761],[-154.6173,70.8757],[-154.6204,70.8755],[-154.6232,70.876],[-154.6235,70.8765],[-154.621,70.8775],[-154.6192,70.8785],[-154.6208,70.8785],[-154.6277,70.8763],[-154.6319,70.8767],[-154.6308,70.8778],[-154.6325,70.8779],[-154.6357,70.8775],[-154.6393,70.8762],[-154.6416,70.8753],[-154.6421,70.8744],[-154.6424,70.8735],[-154.6421,70.8708],[-154.6429,70.8692],[-154.6444,70.868],[-154.646,70.867]]},"properties":{}},{"type":"Feature","geometry":{"type":"LineString","coordinates":[[-154.6315,70.8792],[-154.6304,70.8792],[-154.6264,70.8795],[-154.6234,70.88],[-154.6231,70.8809],[-154.6254,70.8813],[-154.6281,70.8818],[-154.631,70.8821],[-154.6339,70.8819],[-154.6345,70.8811],[-154.6342,70.8804],[-154.6327,70.8797],[-154.6315,70.8792]]},"properties":{}},{"type":"Feature","geometry":{"type":"LineString","coordinates":[[-154.4976,70.7972],[-154.496,70.7965],[-154.4952,70.7958],[-154.4944,70.795],[-154.4935,70.7942],[-154.4934,70.7936],[-154.494,70.7929],[-154.4953,70.792],[-154.497,70.7912],[-154.4969,70.7904],[-154.494,70.7902],[-154.4896,70.7906],[-154.4857,70.7916],[-154.484,70.7923],[-154.4822,70.7937],[-154.4819,70.7952],[-154.4835,70.7964],[-154.4859,70.7975],[-154.4903,70.799],[-154.4922,70.8007],[-154.4926,70.8014],[-154.4912,70.8026],[-154.493,70.8035],[-154.4975,70.8045],[-154.5021,70.8046],[-154.5052,70.8047],[-154.5074,70.8051],[-154.5121,70.8062],[-154.5129,70.8089],[-154.5167,70.8093],[-154.5183,70.809],[-154.521,70.8055],[-154.5173,70.8028],[-154.5264,70.8041],[-154.5272,70.8092],[-154.5308,70.8121],[-154.5377,70.8127],[-154.5418,70.8116],[-154.542,70.8091],[-154.5342,70.8076],[-154.5298,70.8044],[-154.5292,70.8001],[-154.5285,70.799],[-154.5267,70.7983],[-154.5232,70.7977],[-154.5145,70.798],[-154.5057,70.798],[-154.4976,70.7972]]},"properties":{}},{"type":"Feature","geometry":{"type":"LineString","coordinates":[[-155.7118,70.9512],[-155.7081,70.9421],[-155.7037,70.9375],[-155.6982,70.9348],[-155.6933,70.9342],[-155.6834,70.933],[-155.6766,70.9316],[-155.6724,70.9308],[-155.6683,70.9308],[-155.6622,70.9289],[-155.6595,70.9284],[-155.6573,70.9283],[-155.6537,70.9272],[-155.6513,70.9259],[-155.6495,70.925],[-155.6467,70.9246],[-155.6454,70.9242],[-155.643,70.9237],[-155.6406,70.9231],[-155.6393,70.9229],[-155.6376,70.9223],[-155.6366,70.9216],[-155.6359,70.9212],[-155.6357,70.9213],[-155.637,70.9225],[-155.6374,70.923],[-155.6378,70.9232],[-155.6382,70.9232],[-155.6395,70.9232],[-155.641,70.9235],[-155.6431,70.9244],[-155.6445,70.925],[-155.6455,70.9256],[-155.6463,70.9258],[-155.647,70.9261],[-155.6478,70.9262],[-155.6489,70.9274],[-155.6493,70.9287],[-155.6491,70.9293],[-155.6483,70.9297],[-155.6478,70.9299],[-155.6477,70.9301],[-155.6477,70.9302],[-155.6478,70.9303],[-155.6496,70.9304],[-155.65,70.9304],[-155.6507,70.9306],[-155.6513,70.9309],[-155.6515,70.9312],[-155.6522,70.9314],[-155.6523,70.932],[-155.6527,70.9327],[-155.6535,70.9331],[-155.6541,70.9341],[-155.654,70.9346],[-155.654,70.9351],[-155.6538,70.9353],[-155.6541,70.9355],[-155.6542,70.9359],[-155.6532,70.9369],[-155.6521,70.937],[-155.6509,70.9372],[-155.6492,70.9374],[-155.6471,70.9371],[-155.6426,70.9372],[-155.6408,70.9372],[-155.6399,70.9371],[-155.6391,70.9368],[-155.6393,70.9366],[-155.6395,70.9365],[-155.6387,70.9364],[-155.6373,70.9364],[-155.637,70.9366],[-155.6375,70.9369],[-155.6371,70.9371],[-155.6354,70.9371],[-155.6343,70.9368],[-155.6337,70.9367],[-155.6343,70.9364],[-155.6346,70.9362],[-155.6339,70.9361],[-155.634,70.9359],[-155.6348,70.9359],[-155.6354,70.9354],[-155.6353,70.9352],[-155.635,70.9351],[-155.6344,70.9351],[-155.6328,70.9348],[-155.6318,70.9348],[-155.6314,70.9347],[-155.6307,70.9343],[-155.6307,70.9341],[-155.6305,70.9341],[-155.6301,70.9341],[-155.6296,70.934],[-155.6295,70.9339],[-155.63,70.9338],[-155.6302,70.9338],[-155.63,70.9337],[-155.6295,70.9337],[-155.6291,70.9338],[-155.6288,70.9342],[-155.6286,70.936],[-155.6282,70.9369],[-155.6279,70.9372],[-155.6281,70.9384],[-155.6283,70.9398],[-155.628,70.9407],[-155.6284,70.9419],[-155.6293,70.9433],[-155.6309,70.9452],[-155.6316,70.9466],[-155.6314,70.9475],[-155.6307,70.9478],[-155.6305,70.9483],[-155.6301,70.9485],[-155.6296,70.9485],[-155.6294,70.9488],[-155.6293,70.9491],[-155.6269,70.9515],[-155.6246,70.9538],[-155.6232,70.9559],[-155.6228,70.9584],[-155.6229,70.9592],[-155.6239,70.9607],[-155.625,70.9623],[-155.6257,70.9629],[-155.627,70.9639],[-155.6288,70.9646],[-155.631,70.9654],[-155.6327,70.9658],[-155.6333,70.9648],[-155.6344,70.9634],[-155.6353,70.9625],[-155.6377,70.9604],[-155.6405,70.9583],[-155.6442,70.9563],[-155.6486,70.9543],[-155.6545,70.9523],[-155.6604,70.9509],[-155.6656,70.9502],[-155.672,70.9497],[-155.678,70.9489],[-155.6833,70.9484],[-155.6875,70.9481],[-155.69,70.9481],[-155.6947,70.9483],[-155.6992,70.9489],[-155.703,70.9495],[-155.7078,70.9505],[-155.7111,70.9512],[-155.7118,70.9512]]},"properties":{}},{"type":"Feature","geometry":{"type":"LineString","coordinates":[[-155.6062,71.0159],[-155.6121,71.016],[-155.6159,71.0151],[-155.6175,71.0141],[-155.6168,71.0134],[-155.6167,71.0128],[-155.6147,71.012],[-155.6131,71.0108],[-155.6131,71.0103],[-155.6139,71.0095],[-155.6178,71.0085],[-155.6199,71.0067],[-155.6179,71.0037],[-155.6124,70.9985],[-155.6094,70.9966],[-155.6044,70.9948],[-155.6001,70.993],[-155.5955,70.991],[-155.5942,70.9904],[-155.5945,70.9923],[-155.5959,70.9949],[-155.5955,70.9956],[-155.5929,70.9967],[-155.5938,70.9987],[-155.5942,70.9992],[-155.5931,71.0006],[-155.5938,71.0016],[-155.5963,71.0042],[-155.5974,71.0077],[-155.599,71.0105],[-155.5996,71.0122],[-155.6006,71.0137],[-155.6014,71.0147],[-155.6034,71.0154],[-155.6062,71.0159]]},"properties":{}},{"type":"Feature","geometry":{"type":"LineString","coordinates":[[-155.7353,71.2362],[-155.745,71.2354],[-155.7519,71.2347],[-155.7585,71.2343],[-155.7659,71.2335],[-155.7747,71.2321],[-155.7807,71.2316],[-155.7834,71.2313],[-155.7895,71.2304],[-155.7907,71.2299],[-155.792,71.2291],[-155.7914,71.2289],[-155.7902,71.229],[-155.7895,71.2296],[-155.7888,71.2298],[-155.7872,71.2301],[-155.7853,71.2301],[-155.7825,71.2303],[-155.7812,71.2304],[-155.7796,71.2305],[-155.7768,71.231],[-155.7759,71.2313],[-155.7743,71.2315],[-155.7722,71.2316],[-155.7706,71.2316],[-155.7661,71.2317],[-155.7644,71.2321],[-155.7634,71.2323],[-155.7625,71.2324],[-155.7618,71.2318],[-155.7608,71.2316],[-155.76,71.232],[-155.7593,71.2321],[-155.758,71.232],[-155.7586,71.2315],[-155.7578,71.2308],[-155.757,71.2304],[-155.7563,71.2303],[-155.7543,71.2307],[-155.7521,71.231],[-155.7503,71.2314],[-155.7485,71.2319],[-155.7472,71.2322],[-155.746,71.2325],[-155.7426,71.2326],[-155.7403,71.2327],[-155.7386,71.2327],[-155.7362,71.2328],[-155.7336,71.2328],[-155.7321,71.2331],[-155.7313,71.2334],[-155.7303,71.2338],[-155.7285,71.2336],[-155.7277,71.2332],[-155.7272,71.2328],[-155.7262,71.2324],[-155.725,71.2321],[-155.7231,71.2324],[-155.7215,71.2326],[-155.7206,71.2327],[-155.7201,71.2331],[-155.7193,71.2337],[-155.7183,71.2339],[-155.7173,71.2338],[-155.7164,71.2336],[-155.7151,71.2337],[-155.7154,71.234],[-155.7154,71.2343],[-155.7142,71.2349],[-155.7131,71.2349],[-155.7121,71.2352],[-155.7112,71.2352],[-155.7102,71.235],[-155.7098,71.235],[-155.7087,71.2351],[-155.7095,71.2353],[-155.7093,71.2356],[-155.7073,71.2356],[-155.7053,71.2355],[-155.7048,71.2353],[-155.7033,71.2352],[-155.702,71.2356],[-155.7006,71.2359],[-155.7,71.2362],[-155.6974,71.2361],[-155.6964,71.2362],[-155.6958,71.2363],[-155.6949,71.2362],[-155.6946,71.236],[-155.695,71.2356],[-155.6966,71.2354],[-155.6976,71.2352],[-155.6999,71.2345],[-155.6992,71.2341],[-155.699,71.2338],[-155.6977,71.2336],[-155.6961,71.2333],[-155.6935,71.2323],[-155.692,71.2318],[-155.6925,71.2314],[-155.6876,71.2321],[-155.6876,71.2324],[-155.6886,71.2322],[-155.6923,71.2327],[-155.6922,71.2335],[-155.6906,71.2335],[-155.6914,71.233],[-155.6907,71.2329],[-155.6889,71.2339],[-155.6881,71.2339],[-155.6878,71.2334],[-155.6858,71.2331],[-155.6858,71.2336],[-155.6842,71.2336],[-155.6843,71.2328],[-155.6765,71.2338],[-155.6738,71.2337],[-155.6684,71.2341],[-155.6628,71.2335],[-155.6534,71.2326],[-155.6459,71.2321],[-155.6402,71.2315],[-155.6251,71.2297],[-155.6171,71.2288],[-155.61,71.228],[-155.6081,71.2277],[-155.6011,71.2266],[-155.5972,71.2261],[-155.5952,71.2257],[-155.5936,71.2254],[-155.5931,71.225],[-155.5926,71.2247],[-155.591,71.2242],[-155.5881,71.2241],[-155.5833,71.2243],[-155.5801,71.2241],[-155.5786,71.2238],[-155.5772,71.2235],[-155.576,71.2233],[-155.5749,71.2231],[-155.5724,71.2229],[-155.5686,71.2222],[-155.5663,71.2217],[-155.5648,71.2213],[-155.563,71.2211],[-155.5615,71.221],[-155.5595,71.2208],[-155.5572,71.2206],[-155.5542,71.22],[-155.5498,71.2195],[-155.5464,71.2185],[-155.5447,71.218],[-155.5433,71.2177],[-155.5426,71.2175],[-155.5421,71.2174],[-155.5412,71.2172],[-155.5396,71.2171],[-155.5369,71.217],[-155.5333,71.2162],[-155.5316,71.2157],[-155.5298,71.2154],[-155.5281,71.2152],[-155.5264,71.2151],[-155.5221,71.2141],[-155.5184,71.2133],[-155.5152,71.2131],[-155.5128,71.2127],[-155.5099,71.2126],[-155.5077,71.2126],[-155.5045,71.212],[-155.5021,71.2119],[-155.5022,71.2123],[-155.5056,71.2127],[-155.5217,71.2151],[-155.5398,71.2183],[-155.5484,71.2197],[-155.5538,71.2204],[-155.5573,71.221],[-155.563,71.222],[-155.5667,71.2225],[-155.5679,71.2227],[-155.5695,71.2229],[-155.5715,71.2231],[-155.573,71.2233],[-155.5751,71.2237],[-155.5774,71.224],[-155.5788,71.2244],[-155.5805,71.2246],[-155.5814,71.2247],[-155.5824,71.225],[-155.5843,71.2252],[-155.5855,71.2254],[-155.5877,71.2257],[-155.5906,71.2261],[-155.5947,71.2266],[-155.6069,71.2284],[-155.6082,71.2285],[-155.6135,71.229],[-155.6229,71.23],[-155.6297,71.2311],[-155.6373,71.2319],[-155.6525,71.2332],[-155.6626,71.2343],[-155.6755,71.2359],[-155.6873,71.2369],[-155.6952,71.2372],[-155.7069,71.2376],[-155.7135,71.2379],[-155.7199,71.2379],[-155.7224,71.2378],[-155.727,71.2372],[-155.7353,71.2362]]},"properties":{}},{"type":"Feature","geometry":{"type":"LineString","coordinates":[[-155.4227,71.1918],[-155.4222,71.191],[-155.4226,71.1894],[-155.4239,71.188],[-155.4203,71.1884],[-155.4189,71.1891],[-155.4188,71.1904],[-155.4185,71.1917],[-155.4184,71.1938],[-155.4211,71.1959],[-155.4227,71.1966],[-155.4258,71.1973],[-155.4306,71.1989],[-155.4345,71.2012],[-155.4393,71.2032],[-155.4469,71.2059],[-155.4552,71.2077],[-155.463,71.2096],[-155.4716,71.2113],[-155.4902,71.2143],[-155.4932,71.2141],[-155.4952,71.2134],[-155.5019,71.2122],[-155.4867,71.2101],[-155.4722,71.2093],[-155.4691,71.2092],[-155.4643,71.2093],[-155.4591,71.2082],[-155.4544,71.207],[-155.4504,71.2061],[-155.4467,71.205],[-155.4431,71.2037],[-155.4393,71.2023],[-155.4367,71.2016],[-155.4338,71.1997],[-155.4276,71.1973],[-155.4241,71.1966],[-155.4223,71.1952],[-155.4211,71.1946],[-155.4207,71.1939],[-155.4224,71.1931],[-155.4233,71.1928],[-155.4227,71.1918]]},"properties":{}},{"type":"Feature","geometry":{"type":"LineString","coordinates":[[-155.4213,71.1856],[-155.419,71.1852],[-155.4173,71.1848],[-155.4119,71.1838],[-155.409,71.1832],[-155.4066,71.1827],[-155.4044,71.1822],[-155.4039,71.1817],[-155.4037,71.1815],[-155.4028,71.1813],[-155.402,71.1813],[-155.4019,71.1817],[-155.4041,71.1825],[-155.4114,71.184],[-155.4175,71.1852],[-155.42,71.1857],[-155.4215,71.1859],[-155.422,71.1858],[-155.4219,71.1857],[-155.4213,71.1856]]},"properties":{}},{"type":"Feature","geometry":{"type":"LineString","coordinates":[[-155.4018,71.1781],[-155.4013,71.1779],[-155.4003,71.1777],[-155.3998,71.1776],[-155.3993,71.1779],[-155.3986,71.1782],[-155.3975,71.1784],[-155.3981,71.1784],[-155.3991,71.1784],[-155.4005,71.1784],[-155.4018,71.1781]]},"properties":{}},{"type":"Feature","geometry":{"type":"LineString","coordinates":[[-155.208,71.1732],[-155.2076,71.173],[-155.2076,71.1733],[-155.2083,71.1736],[-155.2115,71.1746],[-155.2144,71.1754],[-155.2194,71.1764],[-155.2244,71.1772],[-155.2298,71.1783],[-155.2351,71.1789],[-155.2441,71.1796],[-155.2552,71.1799],[-155.27,71.1805],[-155.2797,71.1807],[-155.296,71.1813],[-155.3009,71.1816],[-155.3073,71.1816],[-155.3183,71.1812],[-155.3247,71.1813],[-155.3302,71.181],[-155.3345,71.1805],[-155.3328,71.1798],[-155.3426,71.1766],[-155.339,71.1768],[-155.3377,71.1773],[-155.3371,71.1779],[-155.3315,71.179],[-155.3202,71.1805],[-155.3128,71.1809],[-155.3012,71.1809],[-155.2965,71.1805],[-155.295,71.18],[-155.2945,71.1798],[-155.2931,71.1798],[-155.2915,71.1799],[-155.2866,71.1801],[-155.2814,71.1798],[-155.2717,71.1791],[-155.2701,71.1792],[-155.2681,71.1795],[-155.2628,71.1791],[-155.2574,71.1789],[-155.2448,71.1787],[-155.2415,71.1783],[-155.2359,71.1783],[-155.2335,71.1778],[-155.2298,71.1769],[-155.2292,71.1772],[-155.2262,71.1766],[-155.2216,71.1761],[-155.218,71.1754],[-155.2165,71.1749],[-155.2147,71.1749],[-155.2135,71.1743],[-155.2123,71.1742],[-155.2104,71.1735],[-155.208,71.1732]]},"properties":{}},{"type":"Feature","geometry":{"type":"LineString","coordinates":[[-155.3523,71.1769],[-155.353,71.177],[-155.3542,71.1769],[-155.353,71.1768],[-155.3522,71.1768],[-155.3505,71.1765],[-155.3482,71.176],[-155.3476,71.1757],[-155.3473,71.1754],[-155.3476,71.1752],[-155.3473,71.175],[-155.3466,71.1749],[-155.3458,71.1749],[-155.3453,71.175],[-155.3454,71.1753],[-155.3458,71.1755],[-155.3472,71.1759],[-155.3494,71.1764],[-155.3523,71.1769]]},"properties":{}},{"type":"Feature","geometry":{"type":"LineString","coordinates":[[-155.2031,71.1721],[-155.2024,71.1721],[-155.2018,71.1717],[-155.1977,71.1707],[-155.1951,71.1705],[-155.191,71.1693],[-155.1902,71.1689],[-155.1893,71.169],[-155.1866,71.1683],[-155.1839,71.1675],[-155.183,71.1669],[-155.1839,71.1668],[-155.1836,71.1666],[-155.183,71.1667],[-155.1828,71.1658],[-155.183,71.1657],[-155.1825,71.1653],[-155.1815,71.1651],[-155.1802,71.1652],[-155.179,71.1658],[-155.1782,71.1659],[-155.1783,71.1662],[-155.1797,71.1666],[-155.1803,71.1669],[-155.1814,71.1671],[-155.183,71.1677],[-155.1887,71.1693],[-155.1932,71.1704],[-155.1951,71.171],[-155.1975,71.1716],[-155.1998,71.1719],[-155.2013,71.1722],[-155.2025,71.1722],[-155.2031,71.1721]]},"properties":{}},{"type":"Feature","geometry":{"type":"LineString","coordinates":[[-155.2116,71.1705],[-155.2101,71.17],[-155.2093,71.17],[-155.2088,71.1696],[-155.2074,71.1695],[-155.2072,71.1698],[-155.2078,71.1704],[-155.2104,71.1707],[-155.2116,71.1705]]},"properties":{}},{"type":"Feature","geometry":{"type":"LineString","coordinates":[[-155.2118,71.1722],[-155.2112,71.1718],[-155.2121,71.1713],[-155.2127,71.1714],[-155.2126,71.1711],[-155.2117,71.1709],[-155.2113,71.1711],[-155.2112,71.1714],[-155.2105,71.1716],[-155.2105,71.1718],[-155.2118,71.1722]]},"properties":{}},{"type":"Feature","geometry":{"type":"LineString","coordinates":[[-155.0304,71.053],[-155.038,71.0658],[-155.0412,71.0722],[-155.0446,71.0774],[-155.0427,71.0786],[-155.0455,71.0804],[-155.0476,71.0848],[-155.0479,71.0883],[-155.0471,71.0909],[-155.0458,71.0942],[-155.0421,71.0954],[-155.0391,71.0967],[-155.0356,71.0999],[-155.0276,71.1008],[-155.0246,71.1022],[-155.0198,71.1034],[-155.0177,71.1039],[-155.0211,71.1071],[-155.0262,71.1123],[-155.0299,71.1159],[-155.0341,71.1177],[-155.0416,71.1211],[-155.0506,71.1232],[-155.0602,71.1263],[-155.0648,71.13],[-155.0669,71.132],[-155.068,71.1337],[-155.0683,71.1347],[-155.0639,71.1362],[-155.0637,71.1386],[-155.0777,71.1415],[-155.0925,71.1458],[-155.096,71.146],[-155.0948,71.1445],[-155.0937,71.1437],[-155.0907,71.1412],[-155.0907,71.1387],[-155.085,71.1376],[-155.0823,71.1351],[-155.0738,71.1343],[-155.0729,71.1328],[-155.0747,71.1311],[-155.0745,71.1292],[-155.0811,71.1282],[-155.0891,71.1278],[-155.0998,71.1289],[-155.1078,71.1304],[-155.1069,71.1284],[-155.11,71.1271],[-155.114,71.1272],[-155.1141,71.1264],[-155.1087,71.1257],[-155.1035,71.1237],[-155.1044,71.1209],[-155.1046,71.1197],[-155.0967,71.1195],[-155.0881,71.1211],[-155.0826,71.1201],[-155.0784,71.1152],[-155.0746,71.1143],[-155.0723,71.1143],[-155.0668,71.108],[-155.0652,71.0962],[-155.0655,71.087],[-155.0658,71.0822],[-155.0674,71.0773],[-155.0747,71.0687],[-155.0774,71.0669],[-155.0745,71.0663],[-155.0698,71.0665],[-155.0611,71.0667],[-155.0539,71.066],[-155.0531,71.0651],[-155.0537,71.0643],[-155.0545,71.0631],[-155.0541,71.0607],[-155.0539,71.0588],[-155.0534,71.0578],[-155.0508,71.0571],[-155.0498,71.056],[-155.0499,71.0548],[-155.0521,71.0539],[-155.0538,71.0531],[-155.0516,71.052],[-155.0501,71.0518],[-155.0497,71.05],[-155.0536,71.0499],[-155.0549,71.0453],[-155.0538,71.043],[-155.0551,71.0425],[-155.0567,71.0425],[-155.0591,71.0403],[-155.0571,71.0387],[-155.0557,71.0356],[-155.0541,71.0356],[-155.0542,71.035],[-155.0465,71.0344],[-155.0475,71.0334],[-155.0602,71.0327],[-155.0625,71.0331],[-155.0592,71.0336],[-155.0597,71.0354],[-155.0651,71.036],[-155.065,71.0363],[-155.0634,71.0363],[-155.063,71.0386],[-155.0654,71.0383],[-155.0638,71.0404],[-155.064,71.0411],[-155.0625,71.0411],[-155.0644,71.0432],[-155.066,71.0432],[-155.0659,71.0435],[-155.0644,71.0434],[-155.0643,71.0437],[-155.0698,71.0438],[-155.0697,71.0443],[-155.0681,71.0443],[-155.0661,71.0466],[-155.0677,71.0466],[-155.0676,71.0471],[-155.0739,71.0471],[-155.0754,71.0475],[-155.0776,71.0558],[-155.0769,71.0578],[-155.0781,71.0612],[-155.0853,71.0672],[-155.0899,71.0694],[-155.1003,71.0697],[-155.1068,71.0707],[-155.1136,71.0716],[-155.118,71.073],[-155.1233,71.076],[-155.1296,71.0823],[-155.1388,71.0922],[-155.1434,71.0983],[-155.1458,71.1046],[-155.1461,71.105],[-155.1453,71.1054],[-155.1399,71.106],[-155.1346,71.1069],[-155.1287,71.1078],[-155.1243,71.1085],[-155.1241,71.1093],[-155.1233,71.1096],[-155.1287,71.1091],[-155.1325,71.1084],[-155.1406,71.1069],[-155.1472,71.1062],[-155.1498,71.1062],[-155.1517,71.106],[-155.1543,71.1054],[-155.1569,71.104],[-155.1626,71.1013]]},"properties":{}},{"type":"Feature","geometry":{"type":"LineString","coordinates":[[-154.9457,71.1209],[-154.9391,71.117],[-154.9355,71.1175],[-154.9368,71.1199],[-154.9338,71.1194],[-154.9325,71.1174],[-154.9266,71.1173],[-154.9225,71.1163],[-154.9223,71.1151],[-154.917,71.1135],[-154.9154,71.1117],[-154.9158,71.1103],[-154.9133,71.1077],[-154.9138,71.1058],[-154.9106,71.1048],[-154.9092,71.1055],[-154.9115,71.1066],[-154.9103,71.108],[-154.9113,71.1126],[-154.9067,71.1114],[-154.9075,71.1124],[-154.9041,71.1109],[-154.9011,71.1109],[-154.8932,71.1089],[-154.8781,71.1045],[-154.8607,71.0991],[-154.8494,71.095],[-154.8497,71.0942],[-154.8454,71.0929],[-154.844,71.0929],[-154.8432,71.0917],[-154.8441,71.0911],[-154.8422,71.0913],[-154.8417,71.0923],[-154.8427,71.0936],[-154.8452,71.0943],[-154.8594,71.0992],[-154.8772,71.1048],[-154.892,71.1095],[-154.8995,71.1115],[-154.9122,71.1147],[-154.9155,71.1159],[-154.9188,71.1166],[-154.9328,71.1202],[-154.9534,71.1244],[-154.9794,71.1313],[-155.0098,71.1384],[-155.0297,71.1426],[-155.0695,71.1511],[-155.1111,71.1611],[-155.1272,71.1632],[-155.1395,71.1647],[-155.1457,71.1648],[-155.1471,71.165],[-155.1483,71.1651],[-155.1497,71.1651],[-155.1525,71.1654],[-155.1591,71.1655],[-155.1669,71.166],[-155.1691,71.1658],[-155.1707,71.1658],[-155.1709,71.1655],[-155.1686,71.1654],[-155.1676,71.1651],[-155.1659,71.165],[-155.164,71.1651],[-155.1599,71.1648],[-155.16,71.1646],[-155.1591,71.1645],[-155.1581,71.1643],[-155.1564,71.1647],[-155.1554,71.1646],[-155.1578,71.1641],[-155.1529,71.1643],[-155.1504,71.1641],[-155.1475,71.1643],[-155.1448,71.1643],[-155.1393,71.164],[-155.1311,71.163],[-155.1203,71.1619],[-155.1014,71.1582],[-155.0759,71.1518],[-155.0533,71.1462],[-155.0381,71.1433],[-155.0102,71.1375],[-154.9967,71.1342],[-154.9839,71.1311],[-154.9778,71.1291],[-154.9656,71.1267],[-154.9634,71.1248],[-154.9554,71.1234],[-154.9539,71.1216],[-154.9515,71.1212],[-154.9493,71.122],[-154.9457,71.1209]]},"properties":{}},{"type":"Feature","geometry":{"type":"LineString","coordinates":[[-153.2421,70.9155],[-153.2428,70.9153],[-153.2448,70.9149],[-153.2477,70.9146],[-153.2502,70.9144],[-153.2528,70.9143],[-153.2551,70.9141],[-153.2578,70.9138],[-153.26,70.9135],[-153.2603,70.9135],[-153.2635,70.913],[-153.2683,70.9124],[-153.2729,70.9116],[-153.2795,70.9109],[-153.2846,70.9106],[-153.2889,70.9102],[-153.2924,70.9099],[-153.2953,70.9095],[-153.2963,70.9092],[-153.2991,70.9088],[-153.3052,70.908],[-153.3088,70.9074],[-153.3113,70.907],[-153.314,70.9064],[-153.3165,70.9056],[-153.3191,70.905],[-153.3237,70.904],[-153.3305,70.9027],[-153.3394,70.9011],[-153.3441,70.9004],[-153.3485,70.8998],[-153.3525,70.8991],[-153.3557,70.8984],[-153.3571,70.8981],[-153.3596,70.8977],[-153.3622,70.8973],[-153.3658,70.897],[-153.3723,70.8958],[-153.3771,70.8953],[-153.3822,70.8942],[-153.3894,70.8935],[-153.3966,70.8924],[-153.4032,70.8914],[-153.4128,70.8903],[-153.4213,70.8895],[-153.4286,70.8889],[-153.4355,70.8883],[-153.442,70.8876],[-153.4493,70.8868],[-153.4576,70.886],[-153.4684,70.8851],[-153.4758,70.8847],[-153.4897,70.8841],[-153.5011,70.8839],[-153.5161,70.8833],[-153.5219,70.8832],[-153.5318,70.8832],[-153.548,70.8832],[-153.5544,70.8832],[-153.5606,70.8832],[-153.5694,70.8832],[-153.5726,70.8834],[-153.5758,70.8834],[-153.5785,70.8833],[-153.584,70.8834],[-153.589,70.8835],[-153.5955,70.8835],[-153.6023,70.8836],[-153.6087,70.8837],[-153.6158,70.8839],[-153.6191,70.8839],[-153.6227,70.8837],[-153.6259,70.8835],[-153.6282,70.8833],[-153.6306,70.8832],[-153.633,70.8832],[-153.6354,70.8832],[-153.637,70.8831],[-153.6335,70.8815],[-153.6314,70.8809],[-153.6315,70.8807],[-153.6311,70.88],[-153.6318,70.8795],[-153.6318,70.8791],[-153.6317,70.8786],[-153.6311,70.8781],[-153.6312,70.8775],[-153.6312,70.877],[-153.6311,70.8767],[-153.6305,70.8764],[-153.6295,70.8759],[-153.6294,70.8753],[-153.6298,70.875],[-153.6305,70.8747],[-153.6318,70.8738],[-153.6327,70.8734],[-153.6354,70.8728],[-153.6349,70.8715],[-153.6353,70.8713],[-153.6379,70.8709],[-153.6396,70.8702],[-153.6423,70.8689],[-153.646,70.8672],[-153.6491,70.8658],[-153.653,70.8651],[-153.6578,70.8644],[-153.6604,70.8634],[-153.6641,70.863],[-153.6649,70.8628],[-153.6685,70.8629],[-153.6709,70.8631],[-153.6723,70.8636],[-153.6729,70.8641],[-153.674,70.8644],[-153.6754,70.865],[-153.6767,70.8662],[-153.6782,70.8667],[-153.6791,70.8671],[-153.6812,70.8679],[-153.6826,70.8686],[-153.6826,70.8689],[-153.6829,70.8693],[-153.6834,70.8698],[-153.6843,70.8708],[-153.684,70.8709],[-153.6833,70.871],[-153.6821,70.8711],[-153.6817,70.8713],[-153.6808,70.8716],[-153.6815,70.8721],[-153.6819,70.8723],[-153.6825,70.8725],[-153.6826,70.8728],[-153.6838,70.8729],[-153.6856,70.873],[-153.6867,70.8731],[-153.6869,70.8734],[-153.687,70.8738],[-153.6871,70.8744],[-153.6874,70.875],[-153.6877,70.8756],[-153.6885,70.8769],[-153.6892,70.8781],[-153.6899,70.8803],[-153.6896,70.8811],[-153.6895,70.8822],[-153.6889,70.8832],[-153.6902,70.8843],[-153.6928,70.8847],[-153.6946,70.8851],[-153.6969,70.8857],[-153.6981,70.886],[-153.6991,70.8862],[-153.7005,70.8863],[-153.7018,70.8865],[-153.7032,70.8866],[-153.7043,70.8867],[-153.706,70.8868],[-153.7083,70.8868],[-153.7114,70.8869],[-153.7128,70.8868],[-153.7135,70.8868],[-153.7154,70.8866],[-153.718,70.8864],[-153.7215,70.8861],[-153.7272,70.8861],[-153.731,70.8861],[-153.7341,70.8861],[-153.7366,70.886],[-153.7395,70.886],[-153.7422,70.886],[-153.7449,70.8859],[-153.7474,70.886],[-153.75,70.8861],[-153.7507,70.8863],[-153.7517,70.8864],[-153.7533,70.8863],[-153.7547,70.8862],[-153.7594,70.8859],[-153.7612,70.8858],[-153.7628,70.8858],[-153.7643,70.8857],[-153.7661,70.8855],[-153.7672,70.8853],[-153.768,70.8852],[-153.7695,70.8852],[-153.7717,70.8851],[-153.7742,70.885],[-153.7756,70.885],[-153.7772,70.8849],[-153.779,70.8848],[-153.7811,70.8847],[-153.782,70.8848],[-153.7826,70.8847],[-153.7833,70.8847],[-153.7857,70.8846],[-153.7862,70.8847],[-153.7873,70.8845],[-153.8008,70.8845],[-153.809,70.8844],[-153.817,70.8843],[-153.8244,70.8841],[-153.8291,70.884],[-153.8317,70.8839],[-153.8351,70.8838],[-153.8418,70.8833],[-153.8495,70.8828],[-153.8545,70.8826],[-153.8605,70.8822],[-153.8661,70.8819],[-153.8717,70.8815],[-153.8736,70.8815],[-153.8776,70.8813],[-153.8806,70.8811],[-153.8839,70.881],[-153.885,70.8808],[-153.8868,70.8806],[-153.89,70.8804],[-153.8908,70.8803],[-153.8921,70.8802],[-153.8939,70.88],[-153.8959,70.8799],[-153.8978,70.8798],[-153.9016,70.8795],[-153.9032,70.8795],[-153.9044,70.8794],[-153.9068,70.8793],[-153.9101,70.8789],[-153.9113,70.8787],[-153.9121,70.8785],[-153.9142,70.8784],[-153.9162,70.8781],[-153.9183,70.8779],[-153.92,70.8778],[-153.9247,70.8774],[-153.9338,70.8763],[-153.9398,70.8758],[-153.9439,70.8754],[-153.947,70.8752],[-153.9498,70.8745],[-153.9517,70.874],[-153.9529,70.8735],[-153.9531,70.8732],[-153.9533,70.8729],[-153.9533,70.8727],[-153.952,70.8729],[-153.9508,70.8731],[-153.95,70.8733],[-153.9493,70.8738],[-153.95,70.8737],[-153.9501,70.8739],[-153.9489,70.8745],[-153.9472,70.8748],[-153.9441,70.8751],[-153.9433,70.875],[-153.9424,70.8748],[-153.9415,70.8745],[-153.9403,70.8741],[-153.9393,70.874],[-153.9382,70.8739],[-153.938,70.8738],[-153.937,70.8732],[-153.9364,70.8716],[-153.9369,70.8701],[-153.938,70.8671],[-153.9401,70.8641],[-153.9406,70.8635],[-153.9519,70.8569],[-153.9571,70.8529],[-153.9605,70.8504],[-153.9692,70.8416],[-153.9726,70.8392],[-153.9787,70.8341],[-153.9827,70.8301],[-153.9857,70.8274],[-153.9898,70.8247],[-153.9942,70.8217],[-153.9969,70.8203],[-154.001,70.8187]]},"properties":{}},{"type":"Feature","geometry":{"type":"LineString","coordinates":[[-152.3509,70.8177],[-152.3533,70.8177],[-152.354,70.8181],[-152.355,70.8185],[-152.3558,70.8187],[-152.3567,70.8189],[-152.3572,70.8199],[-152.358,70.8206],[-152.359,70.8213],[-152.3603,70.8225],[-152.3619,70.8241],[-152.3643,70.8267],[-152.3682,70.8318],[-152.3712,70.8359],[-152.3747,70.8409],[-152.3759,70.844],[-152.375,70.8461],[-152.3683,70.8468],[-152.3692,70.8471],[-152.3708,70.848],[-152.3705,70.8488],[-152.3699,70.8492],[-152.3705,70.8497],[-152.3727,70.8504],[-152.3746,70.8513],[-152.376,70.852],[-152.379,70.8528],[-152.3813,70.8533],[-152.3834,70.8537],[-152.3843,70.854],[-152.3854,70.8542],[-152.3873,70.8545],[-152.389,70.8549],[-152.3917,70.8555],[-152.3943,70.8559],[-152.3996,70.8569],[-152.403,70.8574],[-152.4052,70.8577],[-152.41,70.8582],[-152.4134,70.8584],[-152.4169,70.8585],[-152.4206,70.8593],[-152.4225,70.8598],[-152.4253,70.8603],[-152.4276,70.8606],[-152.4328,70.8613],[-152.4374,70.8618],[-152.4385,70.8618],[-152.4418,70.8619],[-152.4427,70.8619],[-152.4433,70.8619],[-152.4436,70.8618],[-152.4439,70.8617],[-152.4443,70.8616],[-152.4449,70.8615],[-152.4455,70.8614],[-152.4469,70.8614],[-152.4494,70.8615],[-152.4539,70.8618],[-152.4559,70.8619],[-152.459,70.8621],[-152.4629,70.8623],[-152.4666,70.8623],[-152.4701,70.8624],[-152.4706,70.8624],[-152.4722,70.8626],[-152.4745,70.8629],[-152.4773,70.8634],[-152.481,70.8641],[-152.487,70.8648],[-152.4885,70.865],[-152.4912,70.8653],[-152.4935,70.8656],[-152.4949,70.8659],[-152.496,70.8662],[-152.497,70.8665],[-152.498,70.8668],[-152.4998,70.8673],[-152.5009,70.8676],[-152.5021,70.8679],[-152.5034,70.8681],[-152.5051,70.8683],[-152.5091,70.8691],[-152.5118,70.8695],[-152.5146,70.8698],[-152.5199,70.8701],[-152.5242,70.8703],[-152.5254,70.8705],[-152.5304,70.8708],[-152.5324,70.871],[-152.5346,70.8713],[-152.5359,70.8718],[-152.54,70.8725],[-152.5449,70.8731],[-152.548,70.8737],[-152.5508,70.8743],[-152.5524,70.8749],[-152.5538,70.8753],[-152.5559,70.8757],[-152.558,70.8761],[-152.5601,70.8764],[-152.563,70.8768],[-152.567,70.8775],[-152.5708,70.8781],[-152.5765,70.8787],[-152.5814,70.879],[-152.5848,70.8795],[-152.5866,70.8798],[-152.5886,70.8801],[-152.59,70.8804],[-152.5926,70.8808],[-152.5954,70.8811],[-152.5969,70.8812],[-152.5992,70.8815],[-152.6021,70.8815],[-152.6042,70.8815],[-152.6085,70.8813],[-152.61,70.8812],[-152.6112,70.8807],[-152.611,70.88],[-152.6091,70.8805],[-152.6087,70.8807],[-152.6083,70.881],[-152.6076,70.8809],[-152.6075,70.8808],[-152.6075,70.8807],[-152.6077,70.8804],[-152.6079,70.8802],[-152.6084,70.8801],[-152.6087,70.88],[-152.6091,70.8795],[-152.61,70.8794],[-152.6112,70.8788],[-152.6128,70.8785],[-152.615,70.8782],[-152.6165,70.8778],[-152.6192,70.8774],[-152.622,70.877],[-152.628,70.8769],[-152.635,70.8767],[-152.6406,70.8766],[-152.6431,70.8768],[-152.6453,70.877],[-152.647,70.8771],[-152.6484,70.877],[-152.6492,70.877],[-152.6505,70.8771],[-152.652,70.8771],[-152.6529,70.8769],[-152.6536,70.8767],[-152.6561,70.8766],[-152.6639,70.8763],[-152.6656,70.8764],[-152.6679,70.8763],[-152.667,70.8759],[-152.6651,70.8753],[-152.663,70.8746],[-152.6616,70.8741],[-152.6587,70.8729],[-152.657,70.8718],[-152.6564,70.8708],[-152.6556,70.87],[-152.6547,70.8698],[-152.652,70.869],[-152.6517,70.8688],[-152.6496,70.8684],[-152.6471,70.8672],[-152.6457,70.8659],[-152.6429,70.8645],[-152.6414,70.8633],[-152.6387,70.8623],[-152.6371,70.8607],[-152.6353,70.8575],[-152.6328,70.8545],[-152.6315,70.853],[-152.6301,70.8507],[-152.629,70.8484],[-152.6279,70.8474],[-152.627,70.846],[-152.6261,70.8447],[-152.6243,70.843],[-152.6241,70.842],[-152.6233,70.8408],[-152.6228,70.8395],[-152.6208,70.8368],[-152.6174,70.8345],[-152.6142,70.8329],[-152.6124,70.8321],[-152.6129,70.8284],[-152.6125,70.8277],[-152.6129,70.8273],[-152.6126,70.8269],[-152.6132,70.8267],[-152.6127,70.8234],[-152.6122,70.8212],[-152.6121,70.82],[-152.6074,70.813],[-152.6045,70.8036],[-152.6037,70.7999],[-152.6032,70.7967],[-152.603,70.7917],[-152.6022,70.7883],[-152.6022,70.7878],[-152.6015,70.7855],[-152.6027,70.7823],[-152.6023,70.781],[-152.603,70.7789],[-152.6031,70.7775],[-152.6034,70.7762],[-152.6035,70.7755],[-152.6041,70.7749],[-152.6037,70.7736],[-152.6056,70.7715],[-152.6064,70.7702],[-152.6069,70.7694],[-152.6076,70.7687],[-152.6078,70.7673],[-152.6085,70.7662],[-152.6081,70.7645],[-152.609,70.762],[-152.6089,70.76],[-152.609,70.7581],[-152.6093,70.7567],[-152.6096,70.7561],[-152.6097,70.7553],[-152.6095,70.7543],[-152.6105,70.7534],[-152.6134,70.7528],[-152.612,70.7518],[-152.6131,70.7503],[-152.6139,70.7464],[-152.615,70.7446],[-152.6184,70.7416],[-152.6253,70.7397],[-152.6282,70.7391],[-152.6352,70.7385],[-152.6387,70.7379],[-152.6402,70.7377],[-152.6409,70.7374],[-152.6409,70.7373],[-152.6428,70.7357],[-152.6458,70.7354],[-152.6469,70.7366],[-152.6508,70.7366],[-152.6567,70.7354],[-152.6683,70.7353],[-152.6716,70.7356],[-152.6737,70.7362],[-152.6756,70.7365],[-152.6782,70.7373],[-152.6808,70.7384],[-152.6813,70.7386],[-152.6817,70.7389],[-152.6833,70.7394],[-152.685,70.7402],[-152.6875,70.7414],[-152.6881,70.742],[-152.6915,70.7438],[-152.6924,70.7445],[-152.6945,70.7456],[-152.6964,70.7466],[-152.6975,70.7479],[-152.6987,70.7489],[-152.7004,70.7505],[-152.7013,70.7521],[-152.7025,70.7532],[-152.7034,70.7546],[-152.7031,70.7552],[-152.704,70.7554],[-152.7054,70.7576],[-152.7061,70.7586],[-152.7064,70.7598],[-152.7103,70.7623],[-152.7109,70.7638],[-152.7151,70.7686],[-152.7192,70.7746],[-152.7233,70.7809],[-152.7261,70.7849],[-152.7284,70.788],[-152.7301,70.7899],[-152.7311,70.7914],[-152.7318,70.7924],[-152.7326,70.7938],[-152.733,70.7945],[-152.7334,70.795],[-152.7345,70.7966],[-152.7355,70.7984],[-152.7369,70.8003],[-152.7376,70.8033],[-152.7391,70.8053],[-152.7402,70.8079],[-152.7414,70.8106],[-152.7428,70.813],[-152.7439,70.8159],[-152.7456,70.819],[-152.7465,70.8224],[-152.7478,70.8258],[-152.7494,70.8264],[-152.7503,70.8297],[-152.7499,70.8317],[-152.7509,70.8363],[-152.7513,70.8389],[-152.7523,70.8448],[-152.7517,70.8514],[-152.7499,70.8566],[-152.7493,70.8573],[-152.7487,70.8584],[-152.7489,70.8596],[-152.7506,70.8598],[-152.7537,70.8585],[-152.7604,70.8579],[-152.7625,70.8582],[-152.7654,70.8589],[-152.7673,70.8614],[-152.7698,70.8642],[-152.7704,70.8666],[-152.7713,70.8672],[-152.7724,70.8676],[-152.7731,70.8682],[-152.776,70.8706],[-152.7783,70.8749]]},"properties":{}},{"type":"Feature","geometry":{"type":"LineString","coordinates":[[-153.1246,70.8963],[-153.1232,70.8956],[-153.1232,70.8949],[-153.1231,70.8947],[-153.1225,70.8943],[-153.1226,70.8938],[-153.1231,70.8935],[-153.1263,70.8936],[-153.1274,70.8939],[-153.1287,70.8944],[-153.1315,70.8954],[-153.1339,70.8956],[-153.1353,70.8961],[-153.1369,70.8961],[-153.139,70.8969],[-153.1388,70.8974],[-153.1395,70.8983],[-153.1399,70.8992],[-153.14,70.8994],[-153.1417,70.9],[-153.1419,70.9004],[-153.142,70.9006],[-153.1419,70.901],[-153.1423,70.9016],[-153.1424,70.9019],[-153.1416,70.9025],[-153.1416,70.9028],[-153.1416,70.9032],[-153.1422,70.904],[-153.1429,70.9043],[-153.1442,70.9065],[-153.1421,70.9081],[-153.1421,70.9105],[-153.1421,70.9115],[-153.1413,70.9136],[-153.1348,70.9137],[-153.1326,70.9138],[-153.1296,70.914],[-153.1255,70.9138],[-153.1233,70.9148],[-153.1188,70.9158],[-153.114,70.9159],[-153.109,70.9159],[-153.1025,70.9154],[-153.0979,70.9151],[-153.0963,70.9147],[-153.097,70.9142],[-153.0975,70.9139],[-153.0984,70.9134],[-153.1003,70.913],[-153.1007,70.9123],[-153.1005,70.9112],[-153.1007,70.9105],[-153.1012,70.9094],[-153.1004,70.909],[-153.0972,70.9082],[-153.0962,70.9078],[-153.0955,70.9068],[-153.0959,70.9065],[-153.0963,70.9063],[-153.0962,70.9057],[-153.0909,70.9053],[-153.0872,70.9038],[-153.0857,70.9036],[-153.0841,70.9033],[-153.0832,70.9032],[-153.0801,70.9024],[-153.0789,70.9018],[-153.075,70.9013],[-153.0734,70.9014],[-153.0725,70.9012],[-153.0715,70.9009],[-153.0694,70.9003],[-153.0691,70.8998],[-153.0715,70.899],[-153.074,70.8989],[-153.0746,70.8982],[-153.0742,70.898],[-153.0729,70.8978],[-153.0708,70.8979],[-153.0693,70.8978],[-153.0685,70.8978],[-153.0671,70.8976],[-153.0659,70.8975],[-153.0638,70.8974],[-153.0626,70.8973],[-153.0615,70.8978],[-153.0605,70.8984],[-153.0614,70.8994],[-153.0625,70.8997],[-153.0642,70.9],[-153.0642,70.9001],[-153.0655,70.9007],[-153.0657,70.901],[-153.0655,70.9019],[-153.0653,70.9022],[-153.0659,70.9028],[-153.0663,70.9033],[-153.0665,70.904],[-153.0667,70.905],[-153.0667,70.906],[-153.067,70.9081],[-153.066,70.9089],[-153.0651,70.9094],[-153.0635,70.9099],[-153.0625,70.91],[-153.062,70.9104],[-153.0632,70.9107],[-153.0655,70.9111],[-153.0665,70.9113],[-153.0675,70.9123],[-153.0708,70.913],[-153.0743,70.9134],[-153.0834,70.9143],[-153.0876,70.9146],[-153.0914,70.9149],[-153.0962,70.9154],[-153.1024,70.9158],[-153.1068,70.9162],[-153.11,70.9165],[-153.1143,70.9167],[-153.1164,70.9168],[-153.1204,70.917],[-153.1257,70.917],[-153.1337,70.9167],[-153.1363,70.9167],[-153.1391,70.9165],[-153.1424,70.9162],[-153.1501,70.9155],[-153.1605,70.9148],[-153.1612,70.9143],[-153.1615,70.9142],[-153.162,70.9141],[-153.1621,70.9139],[-153.1629,70.914],[-153.163,70.9141],[-153.1636,70.9143],[-153.1665,70.9148],[-153.1924,70.9157],[-153.2027,70.9164],[-153.2146,70.9166],[-153.2183,70.9167],[-153.2227,70.9165],[-153.2293,70.9166],[-153.2301,70.9165],[-153.2303,70.9165],[-153.2304,70.9163],[-153.2313,70.9162],[-153.2313,70.9163],[-153.2331,70.9162],[-153.2354,70.916],[-153.2395,70.9156],[-153.2421,70.9155]]},"properties":{}},{"type":"Feature","geometry":{"type":"LineString","coordinates":[[-152.9915,70.8906],[-152.9917,70.8908],[-152.9929,70.8912],[-152.9934,70.8915],[-152.9939,70.8916],[-152.9947,70.8917],[-152.9954,70.8918],[-152.9961,70.8919],[-152.9972,70.892],[-152.9981,70.8922],[-152.9984,70.8923],[-152.999,70.8925],[-153.0003,70.8928],[-153.0008,70.893],[-153.0015,70.8932],[-153.002,70.8934],[-153.0025,70.8937],[-153.0058,70.8943],[-153.0082,70.8947],[-153.01,70.895],[-153.0121,70.8954],[-153.013,70.8955],[-153.0148,70.8958],[-153.0172,70.8962],[-153.0179,70.8964],[-153.0192,70.8966],[-153.0199,70.8967],[-153.0204,70.8969],[-153.0214,70.8972],[-153.0223,70.8974],[-153.0245,70.8979],[-153.0251,70.898],[-153.0255,70.8981],[-153.0263,70.8983],[-153.027,70.8984],[-153.0277,70.8986],[-153.0283,70.8988],[-153.0298,70.8991],[-153.031,70.8992],[-153.0314,70.8993],[-153.0317,70.8994],[-153.0319,70.8994],[-153.0324,70.8993],[-153.032,70.8992],[-153.0314,70.8992],[-153.0307,70.8991],[-153.0299,70.899],[-153.028,70.8985],[-153.0274,70.8983],[-153.0268,70.8983],[-153.0258,70.8981],[-153.0252,70.898],[-153.0237,70.8976],[-153.0231,70.8974],[-153.0211,70.897],[-153.0205,70.8968],[-153.0188,70.8964],[-153.0183,70.8962],[-153.0178,70.8961],[-153.0167,70.8959],[-153.0152,70.8957],[-153.0137,70.8954],[-153.0127,70.8952],[-153.0112,70.8949],[-153.0101,70.8947],[-153.0092,70.8946],[-153.0083,70.8944],[-153.0069,70.8942],[-153.0052,70.894],[-153.0039,70.8937],[-153.0031,70.8935],[-153.0028,70.8931],[-153.0029,70.8928],[-153.0034,70.8925],[-153.0038,70.8921],[-153.0042,70.8916],[-153.0044,70.8911],[-153.0049,70.8907],[-153.0052,70.8903],[-153.0054,70.8897],[-153.0058,70.8892],[-153.0061,70.8888],[-153.0068,70.8883],[-153.0073,70.888],[-153.0076,70.8875],[-153.0081,70.8871],[-153.0083,70.8865],[-153.0109,70.8856],[-153.0129,70.8853],[-153.0142,70.8852],[-153.016,70.8847],[-153.0186,70.8843],[-153.0211,70.8841],[-153.0226,70.8842],[-153.0248,70.8845],[-153.0267,70.885],[-153.0278,70.8852],[-153.0297,70.8857],[-153.0311,70.8861],[-153.0325,70.8866],[-153.0338,70.8874],[-153.0347,70.8878],[-153.0359,70.8889],[-153.0373,70.8905],[-153.0383,70.8917],[-153.0393,70.8924],[-153.0395,70.8929],[-153.0401,70.8935],[-153.0412,70.8943],[-153.0415,70.8951],[-153.0423,70.8962],[-153.0429,70.897],[-153.0431,70.8979],[-153.0437,70.8989],[-153.0442,70.8994],[-153.0446,70.9],[-153.0462,70.9016],[-153.0468,70.9023],[-153.0471,70.903],[-153.0471,70.9035],[-153.0476,70.9039],[-153.0482,70.9042],[-153.048,70.9048],[-153.0482,70.9053],[-153.049,70.9054],[-153.0499,70.9053],[-153.0505,70.905],[-153.0512,70.9049],[-153.052,70.9045],[-153.0527,70.9042],[-153.053,70.9039],[-153.0534,70.9036],[-153.0534,70.9033],[-153.0526,70.9031],[-153.054,70.9027],[-153.0556,70.9027],[-153.0564,70.9029],[-153.0571,70.9025],[-153.057,70.9023],[-153.0568,70.902],[-153.0565,70.9017],[-153.0562,70.9012],[-153.0565,70.9006],[-153.057,70.9001],[-153.0567,70.8995],[-153.0568,70.8992],[-153.056,70.8987],[-153.0555,70.8983],[-153.0556,70.8972],[-153.0557,70.8969],[-153.0561,70.8963],[-153.0564,70.8959],[-153.0569,70.8954],[-153.0575,70.895],[-153.0586,70.8945],[-153.0585,70.894],[-153.0583,70.8936],[-153.0576,70.8929],[-153.0577,70.8926],[-153.0585,70.8921],[-153.0588,70.8917],[-153.0584,70.891],[-153.059,70.89],[-153.0595,70.8895],[-153.0593,70.8893],[-153.0592,70.889],[-153.0597,70.8883],[-153.0605,70.8879],[-153.0612,70.8876],[-153.0617,70.8872],[-153.0617,70.8866],[-153.0618,70.886],[-153.0621,70.8856],[-153.0641,70.8854],[-153.0652,70.8856],[-153.0659,70.8859],[-153.0659,70.8863],[-153.0664,70.8867],[-153.0665,70.8872],[-153.0675,70.8875],[-153.0674,70.8878],[-153.0673,70.8881],[-153.0672,70.8884],[-153.0673,70.8887],[-153.068,70.8892],[-153.0692,70.8898],[-153.0705,70.89],[-153.0711,70.8901],[-153.0715,70.89],[-153.0719,70.8897],[-153.0728,70.8895],[-153.0736,70.8896],[-153.0741,70.8902],[-153.0738,70.8912],[-153.0745,70.8919],[-153.0752,70.8927],[-153.0758,70.893],[-153.077,70.8933],[-153.0783,70.8937],[-153.0804,70.894],[-153.0817,70.8943],[-153.0845,70.8946],[-153.0858,70.8945],[-153.0868,70.8945],[-153.0878,70.8947],[-153.0885,70.895],[-153.0906,70.8955],[-153.0938,70.8961],[-153.0947,70.8963],[-153.097,70.896],[-153.0978,70.8958],[-153.0985,70.8955],[-153.0993,70.8946],[-153.1018,70.8938],[-153.1031,70.8932],[-153.105,70.893],[-153.1057,70.893],[-153.1082,70.893],[-153.1099,70.8932],[-153.1111,70.8934],[-153.1114,70.8936],[-153.1118,70.8939],[-153.1128,70.8944],[-153.1141,70.895],[-153.1149,70.8957],[-153.116,70.8965],[-153.1167,70.8974],[-153.123,70.8974],[-153.1241,70.897],[-153.125,70.8966],[-153.1246,70.8963]]},"properties":{}},{"type":"Feature","geometry":{"type":"LineString","coordinates":[[-152.7981,70.8917],[-152.7959,70.8905],[-152.7951,70.8899],[-152.794,70.8896],[-152.7938,70.8894],[-152.7937,70.8892],[-152.7935,70.8889],[-152.7936,70.8885],[-152.7941,70.888],[-152.7946,70.8879],[-152.7954,70.8876],[-152.7956,70.8874],[-152.7946,70.8876],[-152.7933,70.8881],[-152.7928,70.8886],[-152.7929,70.8892],[-152.7933,70.8896],[-152.7936,70.8899],[-152.7952,70.8904],[-152.7968,70.8915],[-152.7983,70.8925],[-152.8057,70.8951],[-152.8137,70.8969],[-152.8266,70.8984],[-152.8404,70.9005],[-152.8553,70.9022],[-152.8678,70.9039],[-152.8759,70.9049],[-152.8803,70.9053],[-152.8836,70.9056],[-152.8862,70.9058],[-152.8982,70.9067],[-152.9015,70.9067],[-152.9094,70.9065],[-152.916,70.9063],[-152.9191,70.9063],[-152.9262,70.9063],[-152.9284,70.9058],[-152.9305,70.9049],[-152.929,70.9047],[-152.9264,70.905],[-152.9226,70.9054],[-152.9197,70.9056],[-152.9175,70.9057],[-152.9132,70.9058],[-152.9084,70.9061],[-152.9019,70.9062],[-152.8983,70.9064],[-152.8909,70.9056],[-152.8869,70.9053],[-152.8826,70.9049],[-152.8794,70.9047],[-152.875,70.9042],[-152.872,70.9039],[-152.8682,70.9036],[-152.8638,70.903],[-152.8557,70.9019],[-152.8401,70.9001],[-152.8321,70.8989],[-152.8223,70.8976],[-152.814,70.8965],[-152.8042,70.8945],[-152.7995,70.8925],[-152.7981,70.8917]]},"properties":{}},{"type":"Feature","geometry":{"type":"LineString","coordinates":[[-152.7783,70.8749],[-152.7795,70.8759],[-152.7806,70.876],[-152.7816,70.8756],[-152.7824,70.8754],[-152.7835,70.8745],[-152.7848,70.8738],[-152.7853,70.8727],[-152.7864,70.872],[-152.7865,70.8714],[-152.7872,70.8709],[-152.7876,70.8704],[-152.7877,70.8699],[-152.7882,70.8696],[-152.789,70.8691],[-152.7898,70.8686],[-152.7904,70.8682],[-152.7912,70.8677],[-152.7916,70.8675],[-152.7927,70.8672],[-152.7938,70.8668],[-152.7957,70.8664],[-152.7966,70.8661],[-152.7971,70.8657],[-152.7992,70.8643],[-152.7998,70.8638],[-152.8018,70.8629],[-152.8026,70.8622],[-152.8032,70.8615],[-152.8041,70.8597],[-152.8043,70.8586],[-152.8047,70.8574],[-152.8056,70.8563],[-152.806,70.8553],[-152.8065,70.8546],[-152.8072,70.8537],[-152.8089,70.8524],[-152.8093,70.8517],[-152.8098,70.8511],[-152.8111,70.8503],[-152.8119,70.8497],[-152.8129,70.8489],[-152.8139,70.8483],[-152.8154,70.8473],[-152.8174,70.8467],[-152.8187,70.8463],[-152.8196,70.846],[-152.821,70.8456],[-152.8215,70.8454],[-152.8212,70.8451],[-152.8208,70.845],[-152.8206,70.8448],[-152.8209,70.8447],[-152.822,70.8448],[-152.8234,70.8451],[-152.8239,70.8451],[-152.8243,70.8452],[-152.8255,70.8453],[-152.8259,70.8452],[-152.8259,70.845],[-152.826,70.8448],[-152.8262,70.8447],[-152.8266,70.8446],[-152.8269,70.8444],[-152.8269,70.8441],[-152.8268,70.8437],[-152.8267,70.8432],[-152.8267,70.8428],[-152.827,70.8423],[-152.8275,70.8419],[-152.8279,70.842],[-152.8281,70.8423],[-152.8284,70.8425],[-152.8303,70.8433],[-152.8308,70.8435],[-152.8312,70.8437],[-152.8306,70.8439],[-152.8297,70.844],[-152.829,70.8441],[-152.8285,70.8443],[-152.8281,70.8449],[-152.828,70.8453],[-152.8272,70.8457],[-152.8261,70.8459],[-152.8257,70.8461],[-152.825,70.8462],[-152.8244,70.8463],[-152.8234,70.8463],[-152.8227,70.8464],[-152.8221,70.8464],[-152.8214,70.8469],[-152.8213,70.8472],[-152.8218,70.8475],[-152.8225,70.8474],[-152.8238,70.8475],[-152.8246,70.8474],[-152.8257,70.8474],[-152.8294,70.8471],[-152.8305,70.847],[-152.8321,70.8469],[-152.8332,70.8468],[-152.8354,70.8468],[-152.8371,70.8468],[-152.8394,70.847],[-152.8407,70.8472],[-152.8419,70.8474],[-152.8425,70.8477],[-152.8436,70.8479],[-152.8447,70.8483],[-152.8457,70.8483],[-152.8477,70.848],[-152.849,70.8481],[-152.8499,70.848],[-152.8506,70.848],[-152.8521,70.848],[-152.8537,70.8481],[-152.8548,70.8482],[-152.8553,70.8483],[-152.8556,70.8483],[-152.8564,70.8484],[-152.8572,70.8484],[-152.8573,70.8486],[-152.8571,70.848],[-152.8573,70.8478],[-152.8573,70.8474],[-152.8571,70.8471],[-152.8571,70.8468],[-152.8569,70.8466],[-152.8571,70.8462],[-152.8571,70.846],[-152.8574,70.8456],[-152.8577,70.8454],[-152.859,70.8451],[-152.8597,70.8451],[-152.8614,70.8451],[-152.8618,70.8453],[-152.8624,70.8457],[-152.8627,70.8461],[-152.8628,70.8464],[-152.8629,70.8467],[-152.863,70.8469],[-152.8629,70.8477],[-152.8631,70.8481],[-152.8632,70.8486],[-152.8633,70.849],[-152.8634,70.8491],[-152.8639,70.8494],[-152.8642,70.8497],[-152.8645,70.8501],[-152.8647,70.8502],[-152.865,70.8506],[-152.8657,70.8507],[-152.8667,70.8507],[-152.8673,70.8507],[-152.8679,70.8508],[-152.8687,70.8509],[-152.8702,70.8512],[-152.8714,70.8517],[-152.8724,70.8522],[-152.8732,70.8526],[-152.8744,70.8532],[-152.8749,70.8534],[-152.8763,70.854],[-152.877,70.8545],[-152.8784,70.8551],[-152.8788,70.8555],[-152.8792,70.8558],[-152.8795,70.8562],[-152.88,70.8565],[-152.8809,70.8571],[-152.8811,70.8573],[-152.8814,70.8576],[-152.8822,70.8579],[-152.8829,70.8582],[-152.8837,70.8585],[-152.8842,70.8588],[-152.8846,70.859],[-152.8852,70.8595],[-152.8858,70.8597],[-152.8862,70.86],[-152.8864,70.8601],[-152.8869,70.8603],[-152.8875,70.8607],[-152.8884,70.8611],[-152.8898,70.8616],[-152.8912,70.8622],[-152.8921,70.8627],[-152.8933,70.8634],[-152.8947,70.8641],[-152.8952,70.8643],[-152.8959,70.8646]]},"properties":{}},{"type":"Feature","geometry":{"type":"LineString","coordinates":[[-152.9592,70.8732],[-152.9597,70.8741],[-152.9592,70.8748],[-152.9596,70.876],[-152.9625,70.8772],[-152.9659,70.8792],[-152.9646,70.8797],[-152.9652,70.8818],[-152.9671,70.8834],[-152.967,70.8841],[-152.9674,70.8849],[-152.9659,70.8851],[-152.9618,70.8839],[-152.959,70.8826],[-152.9571,70.8812],[-152.9572,70.8804],[-152.96,70.8797],[-152.9594,70.8785],[-152.9555,70.8766],[-152.9497,70.8756],[-152.9486,70.875],[-152.9443,70.8736],[-152.9439,70.8728],[-152.9415,70.8723],[-152.9387,70.8703],[-152.9388,70.8687],[-152.9388,70.8673],[-152.9322,70.8655],[-152.9299,70.8659],[-152.9286,70.8666],[-152.9258,70.8678],[-152.9207,70.8685],[-152.9184,70.8685],[-152.9149,70.868],[-152.9122,70.8677],[-152.9112,70.8672],[-152.9086,70.8669],[-152.908,70.8668],[-152.9061,70.8666],[-152.905,70.8667],[-152.9028,70.8673],[-152.9011,70.8673],[-152.9008,70.8673],[-152.9012,70.8681],[-152.9021,70.8691],[-152.9032,70.8707],[-152.9041,70.8739],[-152.9051,70.8776],[-152.9049,70.8818],[-152.9038,70.8857],[-152.9056,70.8867],[-152.9068,70.8884],[-152.909,70.8891],[-152.9095,70.8891],[-152.9108,70.889],[-152.9132,70.8889],[-152.9159,70.8892],[-152.9188,70.8894],[-152.9217,70.8902],[-152.9222,70.8902],[-152.925,70.89],[-152.9291,70.8897],[-152.93,70.8898],[-152.9327,70.8897],[-152.9342,70.8896],[-152.9377,70.8895],[-152.9429,70.8894],[-152.9463,70.8894],[-152.9473,70.8895],[-152.948,70.8895],[-152.9527,70.8891],[-152.9543,70.8891],[-152.9557,70.8891],[-152.9566,70.8893],[-152.9575,70.8893],[-152.9586,70.8891],[-152.9606,70.889],[-152.964,70.8888],[-152.9686,70.8888],[-152.9702,70.8889],[-152.9751,70.8892],[-152.9788,70.8896],[-152.9809,70.8899],[-152.9824,70.8899],[-152.9832,70.8898],[-152.985,70.8898],[-152.9868,70.8899],[-152.9895,70.8902],[-152.9915,70.8906]]},"properties":{}},{"type":"Feature","geometry":{"type":"LineString","coordinates":[[-152.9458,70.8638],[-152.9463,70.8638],[-152.9475,70.8637],[-152.9484,70.8635],[-152.9505,70.8635],[-152.9526,70.8637],[-152.9542,70.8639],[-152.9569,70.864],[-152.9577,70.864],[-152.9596,70.8639],[-152.9626,70.8638],[-152.9645,70.8638],[-152.965,70.8637],[-152.9663,70.8636],[-152.9676,70.8634],[-152.9683,70.8632],[-152.9687,70.8629],[-152.9691,70.8622],[-152.9693,70.862],[-152.9693,70.8616],[-152.9693,70.8612],[-152.97,70.8607],[-152.9708,70.8606],[-152.9726,70.86],[-152.9731,70.8597],[-152.9746,70.8595],[-152.9752,70.8594],[-152.9762,70.8593],[-152.9772,70.8592],[-152.9782,70.8589],[-152.9799,70.859],[-152.9817,70.8592],[-152.9825,70.8595],[-152.9835,70.86],[-152.9846,70.86],[-152.9853,70.8598],[-152.9861,70.8596],[-152.9869,70.8594],[-152.9874,70.8592],[-152.988,70.8588],[-152.9877,70.8584],[-152.9879,70.858],[-152.9886,70.8576],[-152.9881,70.8571],[-152.9878,70.8567],[-152.9875,70.8562],[-152.9873,70.8559],[-152.9875,70.8554],[-152.9922,70.8556],[-152.9928,70.8562],[-152.9939,70.8566],[-152.9949,70.8572],[-152.9952,70.8575],[-152.9952,70.8579],[-152.9952,70.8583],[-152.9951,70.8586],[-152.9952,70.8589],[-152.9956,70.8591],[-152.9963,70.8595],[-152.9964,70.8599],[-152.9962,70.8604],[-152.9953,70.8608],[-152.9951,70.8612],[-152.9952,70.8616],[-152.9951,70.8619],[-152.9938,70.8622],[-152.9912,70.8624],[-152.9897,70.8628],[-152.9876,70.8632],[-152.9851,70.8631],[-152.9817,70.863],[-152.9783,70.8629],[-152.9758,70.8635],[-152.9748,70.8644],[-152.9746,70.8648],[-152.9726,70.8653],[-152.9718,70.8654],[-152.97,70.8665],[-152.9682,70.8667],[-152.9656,70.8669],[-152.9634,70.8669],[-152.9569,70.8669],[-152.9544,70.867],[-152.9526,70.8672],[-152.9496,70.8676],[-152.948,70.8682],[-152.9481,70.8689],[-152.9496,70.8703],[-152.9504,70.871],[-152.9517,70.8715],[-152.9528,70.8718],[-152.9542,70.8724],[-152.9577,70.8729],[-152.9592,70.8732]]},"properties":{}},{"type":"Feature","geometry":{"type":"LineString","coordinates":[[-152.8959,70.8646],[-152.8978,70.8655],[-152.9002,70.8662],[-152.9018,70.8662],[-152.9033,70.8658],[-152.9034,70.8656],[-152.9043,70.8655],[-152.9056,70.8656],[-152.9081,70.866],[-152.9102,70.8667],[-152.9105,70.8668],[-152.9113,70.8669],[-152.9117,70.8667],[-152.9119,70.8663],[-152.9124,70.8659],[-152.9128,70.8658],[-152.9137,70.8657],[-152.9149,70.8658],[-152.9159,70.866],[-152.9177,70.8662],[-152.9185,70.8664],[-152.9196,70.8669],[-152.9214,70.8664],[-152.9241,70.866],[-152.9244,70.8657],[-152.9247,70.8653],[-152.9249,70.8644],[-152.925,70.864],[-152.9247,70.8634],[-152.9247,70.863],[-152.9259,70.8625],[-152.9235,70.8625],[-152.9216,70.8623],[-152.9206,70.8633],[-152.9191,70.8637],[-152.9182,70.8635],[-152.9195,70.8626],[-152.9218,70.8616],[-152.9217,70.8605],[-152.9204,70.8602],[-152.9205,70.8595],[-152.9218,70.8584],[-152.9236,70.858],[-152.9249,70.8575],[-152.924,70.8567],[-152.9211,70.8569],[-152.9177,70.8567],[-152.9162,70.8563],[-152.9169,70.8556],[-152.9197,70.8558],[-152.9234,70.8562],[-152.9322,70.8546],[-152.9345,70.8546],[-152.9355,70.8542],[-152.9364,70.8542],[-152.9369,70.8543],[-152.9379,70.8549],[-152.9393,70.8567],[-152.942,70.8599],[-152.9445,70.8636],[-152.9458,70.8638]]},"properties":{}},{"type":"Feature","geometry":{"type":"LineString","coordinates":[[-152.8066,70.8858],[-152.8141,70.886],[-152.8198,70.8865],[-152.8246,70.8873],[-152.8281,70.8888],[-152.8358,70.893],[-152.8389,70.8948],[-152.8396,70.896],[-152.8423,70.8963],[-152.8469,70.896],[-152.8515,70.8953],[-152.8539,70.895],[-152.8543,70.8948],[-152.851,70.8934],[-152.849,70.8924],[-152.8456,70.8903],[-152.8419,70.8889],[-152.8398,70.8878],[-152.8357,70.8871],[-152.8307,70.8862],[-152.823,70.8862],[-152.819,70.8855],[-152.8143,70.8848],[-152.8104,70.8847],[-152.8087,70.885],[-152.8076,70.8854],[-152.8066,70.8858]]},"properties":{}},{"type":"Feature","geometry":{"type":"LineString","coordinates":[[-152.8466,70.8997],[-152.8477,70.8988],[-152.8498,70.8981],[-152.8542,70.8976],[-152.8552,70.8973],[-152.854,70.8973],[-152.8519,70.8974],[-152.8477,70.8975],[-152.8448,70.8979],[-152.8436,70.8984],[-152.8437,70.8988],[-152.8448,70.8992],[-152.8457,70.8996],[-152.8459,70.8997],[-152.8466,70.8997]]},"properties":{}},{"type":"Feature","geometry":{"type":"LineString","coordinates":[[-152.7442,70.8779],[-152.7513,70.8781],[-152.76,70.8784],[-152.7657,70.8792],[-152.7687,70.879],[-152.7712,70.8789],[-152.7731,70.8783],[-152.7727,70.8772],[-152.7716,70.8761],[-152.7707,70.8738],[-152.7695,70.8714],[-152.7579,70.8716],[-152.7538,70.8711],[-152.7459,70.871],[-152.7427,70.8723],[-152.7428,70.8739],[-152.744,70.8758],[-152.7436,70.8768],[-152.7442,70.8779]]},"properties":{}},{"type":"Feature","geometry":{"type":"LineString","coordinates":[[-152.7195,70.869],[-152.7212,70.8684],[-152.7239,70.8675],[-152.725,70.8669],[-152.727,70.8663],[-152.7291,70.8654],[-152.7279,70.8646],[-152.7224,70.8648],[-152.7185,70.8647],[-152.7175,70.8648],[-152.7179,70.8671],[-152.7181,70.8679],[-152.7181,70.8686],[-152.7183,70.8691],[-152.7186,70.8692],[-152.7195,70.869]]},"properties":{}},{"type":"Feature","geometry":{"type":"LineString","coordinates":[[-152.6905,70.8793],[-152.6909,70.8795],[-152.6914,70.8798],[-152.6921,70.8799],[-152.6934,70.8802],[-152.6944,70.8805],[-152.697,70.8809],[-152.6996,70.882],[-152.7022,70.8828],[-152.7049,70.883],[-152.7068,70.8828],[-152.7075,70.8822],[-152.7082,70.8816],[-152.7103,70.8809],[-152.7128,70.8802],[-152.7149,70.8794],[-152.7168,70.8787],[-152.7178,70.8783],[-152.7188,70.8772],[-152.7187,70.8768],[-152.719,70.8765],[-152.7193,70.8763],[-152.7196,70.8759],[-152.72,70.8753],[-152.7197,70.8749],[-152.7193,70.8747],[-152.7185,70.8748],[-152.7193,70.8754],[-152.7192,70.8756],[-152.7187,70.8761],[-152.7176,70.8768],[-152.7177,70.8773],[-152.716,70.8783],[-152.7159,70.8785],[-152.7149,70.879],[-152.7144,70.879],[-152.7153,70.8766],[-152.7155,70.8757],[-152.7165,70.8735],[-152.7162,70.8728],[-152.7151,70.8726],[-152.7145,70.8723],[-152.7134,70.8719],[-152.7132,70.8722],[-152.7135,70.8726],[-152.7136,70.8729],[-152.7135,70.8733],[-152.7115,70.8739],[-152.7068,70.8748],[-152.7031,70.8753],[-152.7015,70.8756],[-152.7002,70.8764],[-152.6994,70.8769],[-152.6976,70.8776],[-152.6956,70.8782],[-152.696,70.8788],[-152.6942,70.8796],[-152.6936,70.8799],[-152.6928,70.8799],[-152.6921,70.8798],[-152.6917,70.8797],[-152.6912,70.8795],[-152.6909,70.8793],[-152.6906,70.8792],[-152.6906,70.8791],[-152.6906,70.8789],[-152.6906,70.8787],[-152.6905,70.8787],[-152.6904,70.8786],[-152.6904,70.8784],[-152.6902,70.8785],[-152.6902,70.8786],[-152.6904,70.8787],[-152.6905,70.8788],[-152.6904,70.8789],[-152.6902,70.8791],[-152.6905,70.8793]]},"properties":{}},{"type":"Feature","geometry":{"type":"LineString","coordinates":[[-151.2437,70.3828],[-151.2443,70.3832],[-151.2449,70.3835],[-151.2455,70.3836],[-151.2462,70.3837],[-151.2465,70.3837],[-151.2468,70.3838],[-151.2477,70.3838],[-151.2475,70.3842],[-151.2473,70.3844],[-151.2475,70.3845],[-151.2476,70.3846],[-151.2476,70.3847],[-151.2478,70.3848],[-151.2482,70.3848],[-151.2483,70.3849],[-151.2487,70.385],[-151.249,70.385],[-151.2492,70.385],[-151.2497,70.385],[-151.2497,70.3851],[-151.2497,70.3852],[-151.2496,70.3853],[-151.2494,70.3854],[-151.2494,70.3855],[-151.2494,70.3856],[-151.2497,70.3857],[-151.25,70.3857],[-151.2502,70.3858],[-151.2504,70.3859],[-151.2505,70.386],[-151.2505,70.386],[-151.2506,70.3861],[-151.2508,70.3862],[-151.2509,70.3863],[-151.2513,70.3864],[-151.2514,70.3864],[-151.2516,70.3866],[-151.2515,70.3867],[-151.2514,70.3867],[-151.2514,70.3868],[-151.2516,70.3869],[-151.2519,70.387],[-151.252,70.3869],[-151.2523,70.3869],[-151.2525,70.3869],[-151.2527,70.387],[-151.2528,70.387],[-151.253,70.3871],[-151.2534,70.3872],[-151.2537,70.3873],[-151.2538,70.3874],[-151.2539,70.3874],[-151.2539,70.3875],[-151.2541,70.3876],[-151.2541,70.3877],[-151.2542,70.3878],[-151.2544,70.3879],[-151.2545,70.3879],[-151.2546,70.388],[-151.2547,70.3881],[-151.2548,70.3882],[-151.2548,70.3883],[-151.2551,70.3885],[-151.2554,70.3886],[-151.2555,70.3887],[-151.2555,70.3888],[-151.2555,70.3889],[-151.2557,70.389],[-151.2559,70.389],[-151.2559,70.3891],[-151.2557,70.3892],[-151.2556,70.3892],[-151.2557,70.3892],[-151.2559,70.3893],[-151.2561,70.3894],[-151.2565,70.3896],[-151.2567,70.3896],[-151.2569,70.3896],[-151.257,70.3896],[-151.2573,70.3895],[-151.2573,70.3896],[-151.2574,70.3896],[-151.2577,70.3896],[-151.258,70.3897],[-151.2582,70.3897],[-151.2582,70.3897],[-151.2585,70.3896],[-151.2587,70.3896],[-151.2588,70.3896],[-151.2587,70.3895],[-151.2587,70.3894],[-151.2588,70.3893],[-151.2589,70.3892],[-151.2591,70.3891],[-151.2593,70.3891],[-151.2594,70.3891],[-151.2595,70.3891],[-151.2595,70.3889],[-151.2596,70.3888],[-151.2596,70.3887],[-151.26,70.3887],[-151.2603,70.3887],[-151.2605,70.3888],[-151.2607,70.3888],[-151.2609,70.389],[-151.2611,70.389],[-151.2614,70.389],[-151.2616,70.389],[-151.2617,70.3889],[-151.2616,70.3888],[-151.2619,70.3887],[-151.2621,70.3887],[-151.2622,70.3886],[-151.2623,70.3885],[-151.2624,70.3884],[-151.2625,70.3883],[-151.2627,70.3882],[-151.2629,70.3881],[-151.268,70.3896],[-151.2679,70.3898],[-151.2679,70.39],[-151.2678,70.3902],[-151.2679,70.3904],[-151.2683,70.3907],[-151.2686,70.3909],[-151.2688,70.3911],[-151.2692,70.3913],[-151.2696,70.3914],[-151.2702,70.3915],[-151.2702,70.3917],[-151.2704,70.3919],[-151.2714,70.3923],[-151.2721,70.3924],[-151.2728,70.3926],[-151.2734,70.3926],[-151.274,70.3925],[-151.2745,70.3925],[-151.275,70.3925],[-151.2755,70.3925],[-151.2758,70.3926],[-151.2762,70.3927],[-151.2779,70.3933],[-151.2779,70.3936],[-151.2776,70.3937],[-151.2777,70.394],[-151.2781,70.3941],[-151.2786,70.3941],[-151.2791,70.394],[-151.2795,70.394],[-151.2798,70.394],[-151.2801,70.3941],[-151.2801,70.3942],[-151.2801,70.3945],[-151.2808,70.3952],[-151.2816,70.3951],[-151.2819,70.3951],[-151.2822,70.3953],[-151.2826,70.3954],[-151.2828,70.3955],[-151.2833,70.3958],[-151.2837,70.3959],[-151.2838,70.396],[-151.2842,70.3964],[-151.2846,70.3968],[-151.285,70.3971],[-151.2851,70.3972],[-151.2854,70.3974],[-151.2866,70.3976],[-151.2876,70.3975],[-151.2881,70.3975],[-151.2883,70.3976],[-151.2885,70.3977],[-151.2894,70.3977],[-151.2901,70.3979],[-151.2907,70.398],[-151.2912,70.3981],[-151.2921,70.3981],[-151.2927,70.3981],[-151.2932,70.398],[-151.2937,70.398],[-151.2943,70.398],[-151.2949,70.398],[-151.2947,70.3986],[-151.2944,70.3991],[-151.2947,70.3994],[-151.2962,70.3996],[-151.2973,70.3997],[-151.2975,70.3995],[-151.2998,70.3996],[-151.3001,70.3999],[-151.3001,70.4003],[-151.3001,70.4004],[-151.3003,70.4006],[-151.3006,70.4007],[-151.3009,70.4008],[-151.3017,70.4008],[-151.302,70.4007],[-151.3023,70.4007],[-151.3029,70.4005],[-151.3036,70.4003],[-151.3037,70.4001],[-151.3044,70.4001],[-151.3045,70.4002],[-151.3052,70.4001],[-151.3054,70.3999],[-151.3059,70.3998],[-151.3063,70.3998],[-151.3067,70.3998],[-151.3068,70.4001],[-151.3067,70.4004],[-151.3065,70.4005],[-151.3064,70.4007],[-151.3064,70.4008],[-151.3065,70.401],[-151.3077,70.4011],[-151.3082,70.4012],[-151.3088,70.4013],[-151.3094,70.4014],[-151.3099,70.4014],[-151.3104,70.4014],[-151.311,70.4014],[-151.3114,70.4016],[-151.3118,70.4017],[-151.3122,70.4018],[-151.3127,70.402],[-151.3128,70.4022],[-151.3128,70.4026],[-151.3129,70.4026],[-151.3141,70.4029],[-151.3152,70.4033],[-151.3166,70.4038],[-151.3172,70.4041],[-151.3171,70.4044],[-151.3172,70.4048],[-151.3162,70.4052],[-151.3147,70.4054],[-151.3135,70.4054],[-151.3124,70.4054],[-151.3118,70.4056],[-151.3114,70.4057],[-151.3112,70.4058],[-151.3115,70.4064],[-151.3121,70.4067],[-151.3129,70.4068],[-151.3133,70.4069],[-151.3137,70.407],[-151.3137,70.4072],[-151.3138,70.4074],[-151.3141,70.4076],[-151.3145,70.4078],[-151.3149,70.4079],[-151.3151,70.4081],[-151.3153,70.4084],[-151.3154,70.4086],[-151.3156,70.409],[-151.3163,70.409],[-151.3167,70.4091],[-151.3174,70.409],[-151.3178,70.4089],[-151.3181,70.4088],[-151.3184,70.4086],[-151.3185,70.4084],[-151.3184,70.4083],[-151.3183,70.408],[-151.3186,70.4079],[-151.3189,70.4078],[-151.3194,70.4077],[-151.3198,70.4077],[-151.3203,70.4074],[-151.3206,70.4071],[-151.3217,70.4068],[-151.3224,70.4067],[-151.3231,70.4067],[-151.3237,70.4067],[-151.3243,70.4068],[-151.3244,70.4068],[-151.3249,70.4068],[-151.325,70.4068],[-151.3251,70.4069],[-151.3252,70.407],[-151.3257,70.4071],[-151.3261,70.4071],[-151.3265,70.407],[-151.3267,70.4071],[-151.3269,70.4077],[-151.327,70.408],[-151.3272,70.4082],[-151.3273,70.4083],[-151.3269,70.4085],[-151.3261,70.4086],[-151.3253,70.4086],[-151.3246,70.4085],[-151.3234,70.4084],[-151.3227,70.4083],[-151.3223,70.4084],[-151.322,70.4084],[-151.3217,70.4084],[-151.3215,70.4085],[-151.3213,70.4086],[-151.322,70.4088],[-151.3227,70.409],[-151.3225,70.4093],[-151.3228,70.4096],[-151.3241,70.4097],[-151.3246,70.4097],[-151.3255,70.4098],[-151.3261,70.4099],[-151.327,70.4101],[-151.3278,70.4104],[-151.3282,70.4106],[-151.3289,70.4106],[-151.3298,70.4105],[-151.3304,70.4104],[-151.3314,70.4102],[-151.3326,70.4102],[-151.3336,70.4102],[-151.3343,70.4103],[-151.3356,70.4106],[-151.337,70.4108],[-151.3375,70.4109],[-151.3385,70.4109],[-151.3409,70.4107],[-151.3417,70.4105],[-151.3422,70.4103],[-151.3424,70.4103],[-151.3429,70.4101],[-151.3432,70.41],[-151.3439,70.41],[-151.3444,70.4101],[-151.345,70.4102],[-151.3455,70.4103],[-151.3459,70.4103],[-151.3463,70.4103],[-151.3466,70.4101],[-151.3466,70.41],[-151.3465,70.4099],[-151.3464,70.4098],[-151.3455,70.4092],[-151.3461,70.4093],[-151.3473,70.4094],[-151.3478,70.4095],[-151.3483,70.4097],[-151.3486,70.4097],[-151.3494,70.4098],[-151.35,70.4098],[-151.3499,70.41],[-151.3507,70.4102],[-151.3509,70.4103],[-151.3513,70.4104],[-151.3514,70.4106],[-151.3513,70.4108],[-151.3513,70.411],[-151.3516,70.4113],[-151.352,70.4114],[-151.3529,70.4117],[-151.3534,70.4117],[-151.3542,70.4117],[-151.3545,70.4117],[-151.3553,70.4116],[-151.3556,70.4115],[-151.3562,70.4112],[-151.3566,70.4111],[-151.3573,70.4112],[-151.3578,70.4111],[-151.3582,70.4109],[-151.3585,70.4109],[-151.3593,70.4109],[-151.3599,70.411],[-151.3602,70.4111],[-151.3605,70.4111],[-151.361,70.411],[-151.3613,70.4108],[-151.3614,70.4107],[-151.3612,70.4105],[-151.361,70.4102],[-151.3609,70.4099],[-151.3603,70.4096],[-151.3639,70.409],[-151.3648,70.4091],[-151.3657,70.4093],[-151.3658,70.4093],[-151.3661,70.4096],[-151.3671,70.4097],[-151.3675,70.4098],[-151.3684,70.4098],[-151.3687,70.4099],[-151.3694,70.4101],[-151.3701,70.4102],[-151.3708,70.4106],[-151.3713,70.4108],[-151.3717,70.4111],[-151.3723,70.4113],[-151.3726,70.4116],[-151.3728,70.4117],[-151.3731,70.4118],[-151.3731,70.4119],[-151.3732,70.4121],[-151.3737,70.4122],[-151.3742,70.4124],[-151.3745,70.4125],[-151.3751,70.4127],[-151.3757,70.4128],[-151.3771,70.4126],[-151.3781,70.4126],[-151.379,70.4126],[-151.3794,70.4126],[-151.3804,70.4128],[-151.3809,70.4128],[-151.3812,70.4129],[-151.3816,70.413],[-151.3822,70.4131],[-151.3826,70.4132],[-151.3825,70.4133],[-151.3823,70.4135],[-151.382,70.4136],[-151.3824,70.4138],[-151.3827,70.4138],[-151.3834,70.414],[-151.3836,70.4142],[-151.3836,70.4143],[-151.3836,70.4145],[-151.384,70.4148],[-151.384,70.415],[-151.3843,70.4153],[-151.3844,70.4154],[-151.385,70.4157],[-151.3858,70.4159],[-151.3861,70.416],[-151.3867,70.4161],[-151.3869,70.4162],[-151.3878,70.4162],[-151.3882,70.4162],[-151.3884,70.4162],[-151.3884,70.4164],[-151.3888,70.4165],[-151.3893,70.4166],[-151.3897,70.4168],[-151.39,70.417],[-151.3903,70.4171],[-151.3905,70.4172],[-151.3915,70.4172],[-151.3918,70.417],[-151.3918,70.4169],[-151.3918,70.4167],[-151.3922,70.4167],[-151.3926,70.4168],[-151.3933,70.417],[-151.3937,70.4169],[-151.3941,70.4168],[-151.3946,70.4168],[-151.395,70.4169],[-151.395,70.4171],[-151.3952,70.4172],[-151.3956,70.4173],[-151.3953,70.4174],[-151.3956,70.4175],[-151.3958,70.4173],[-151.396,70.4172],[-151.3962,70.4172],[-151.3965,70.4173],[-151.3968,70.4174],[-151.3969,70.4175],[-151.3968,70.4177],[-151.3966,70.4178],[-151.3963,70.4178],[-151.3962,70.418],[-151.3963,70.4181],[-151.3965,70.4182],[-151.3966,70.4181],[-151.3967,70.418],[-151.3968,70.4179],[-151.3972,70.4179],[-151.3975,70.418],[-151.3976,70.4181],[-151.3974,70.4182],[-151.3974,70.4183],[-151.3978,70.4182],[-151.3982,70.4181],[-151.3985,70.418],[-151.399,70.4179],[-151.3996,70.4178],[-151.3997,70.4179],[-151.3996,70.418],[-151.3996,70.4181],[-151.3998,70.4182],[-151.4002,70.4181],[-151.4004,70.4181],[-151.401,70.4181],[-151.4011,70.418],[-151.4013,70.418],[-151.4016,70.4181],[-151.402,70.4182],[-151.4025,70.4184],[-151.4029,70.4184],[-151.4032,70.4183],[-151.4035,70.4183],[-151.4041,70.4184],[-151.4041,70.4185],[-151.4041,70.4187],[-151.4046,70.4187],[-151.4048,70.4187],[-151.4051,70.4188],[-151.405,70.4189],[-151.4053,70.4191],[-151.4058,70.4192],[-151.4065,70.4192],[-151.4071,70.4192],[-151.4074,70.4192],[-151.4075,70.4192],[-151.4077,70.4191],[-151.4076,70.419],[-151.4075,70.4188],[-151.4073,70.4187],[-151.407,70.4187],[-151.4065,70.4186],[-151.4063,70.4185],[-151.4064,70.4184],[-151.4066,70.4184],[-151.407,70.4182],[-151.4073,70.4181],[-151.4077,70.418],[-151.408,70.418],[-151.4086,70.418],[-151.4102,70.418],[-151.4104,70.418],[-151.4112,70.4182],[-151.4116,70.4182],[-151.4123,70.4182],[-151.4129,70.4182],[-151.4134,70.4182],[-151.4137,70.4183],[-151.4135,70.4184],[-151.4132,70.4185],[-151.4131,70.4186],[-151.4134,70.4187],[-151.4135,70.4187],[-151.414,70.4188],[-151.4142,70.4188],[-151.4145,70.4189],[-151.4144,70.4191],[-151.4144,70.4194],[-151.4144,70.4195],[-151.4144,70.4197],[-151.4142,70.42],[-151.4139,70.4201],[-151.4136,70.4202],[-151.4132,70.4202],[-151.4128,70.4202],[-151.4122,70.4201],[-151.4117,70.42],[-151.4114,70.42],[-151.4111,70.42],[-151.4109,70.4201],[-151.4111,70.4202],[-151.4114,70.4203],[-151.4118,70.4206],[-151.412,70.4206],[-151.4126,70.4209],[-151.413,70.421],[-151.4134,70.4212],[-151.4139,70.4212],[-151.4142,70.4212],[-151.4145,70.4211],[-151.4149,70.4211],[-151.4153,70.421],[-151.4158,70.421],[-151.4167,70.421],[-151.417,70.4209],[-151.4172,70.4208],[-151.4176,70.4209],[-151.4178,70.421],[-151.4183,70.4209],[-151.4188,70.4207],[-151.4191,70.4206],[-151.4195,70.4205],[-151.42,70.4205],[-151.4205,70.4204],[-151.4209,70.4202],[-151.4207,70.42],[-151.421,70.4199],[-151.4214,70.4199],[-151.4217,70.42],[-151.4223,70.4201],[-151.4226,70.4202],[-151.423,70.4203],[-151.4236,70.4202],[-151.4242,70.4205],[-151.4236,70.4208],[-151.4232,70.421],[-151.423,70.4212],[-151.423,70.4213],[-151.423,70.4216],[-151.4236,70.4218],[-151.4243,70.4219],[-151.425,70.4219],[-151.4254,70.422],[-151.4255,70.4221],[-151.4255,70.4223],[-151.4251,70.4225],[-151.4248,70.4226],[-151.4244,70.4227],[-151.4244,70.4228],[-151.4246,70.423],[-151.4248,70.4231],[-151.4251,70.4232],[-151.4258,70.4235],[-151.4268,70.4235],[-151.4276,70.4236],[-151.4283,70.4237],[-151.4288,70.4238],[-151.4292,70.424],[-151.4298,70.4241],[-151.4302,70.4242],[-151.4316,70.4242],[-151.4325,70.4244],[-151.4329,70.4245],[-151.4332,70.4244],[-151.434,70.4244],[-151.4349,70.4246],[-151.4354,70.4247],[-151.436,70.4247],[-151.4367,70.4247],[-151.4376,70.4247],[-151.4381,70.4249],[-151.4386,70.4249],[-151.4395,70.4249],[-151.4406,70.4248],[-151.4422,70.4248],[-151.4432,70.4248],[-151.4438,70.4248],[-151.4444,70.4248],[-151.4449,70.4248],[-151.4455,70.4247],[-151.4467,70.4246],[-151.4478,70.4246],[-151.4485,70.4245],[-151.449,70.4244],[-151.4495,70.4244],[-151.4502,70.4244],[-151.4509,70.4244],[-151.4517,70.4246],[-151.4525,70.4247],[-151.4532,70.4248],[-151.4537,70.4249],[-151.454,70.425],[-151.4549,70.4251],[-151.4549,70.425],[-151.4551,70.425],[-151.4555,70.425],[-151.4557,70.4251],[-151.4563,70.425],[-151.4567,70.4251],[-151.4572,70.425],[-151.458,70.4251],[-151.4585,70.4251],[-151.4583,70.4249],[-151.4579,70.4248],[-151.4577,70.4247],[-151.4576,70.4245],[-151.4579,70.4244],[-151.4586,70.4246],[-151.4589,70.4247],[-151.4592,70.4247],[-151.4596,70.4247],[-151.4597,70.4246],[-151.4608,70.4247],[-151.461,70.4247],[-151.4615,70.4248],[-151.4624,70.4248],[-151.463,70.425],[-151.4638,70.4251],[-151.4645,70.4252],[-151.4656,70.4254],[-151.4666,70.4256],[-151.4669,70.4256],[-151.467,70.4256],[-151.4672,70.4255],[-151.4676,70.4255],[-151.4682,70.4254],[-151.4686,70.4254],[-151.469,70.4254],[-151.4694,70.4254],[-151.4702,70.4254],[-151.4709,70.4255],[-151.471,70.4254],[-151.4712,70.4253],[-151.4715,70.4251],[-151.472,70.425],[-151.4726,70.425],[-151.4727,70.4249],[-151.4727,70.4247],[-151.4729,70.4246],[-151.4734,70.4246],[-151.4737,70.4248],[-151.474,70.4249],[-151.4743,70.4251],[-151.4746,70.4252],[-151.4755,70.4254],[-151.4758,70.4254],[-151.4763,70.4253],[-151.4765,70.425],[-151.4769,70.4249],[-151.4773,70.4249],[-151.4778,70.425],[-151.4781,70.4252],[-151.4781,70.4254],[-151.479,70.4254],[-151.4796,70.4256],[-151.4798,70.4255],[-151.48,70.4254],[-151.4804,70.4251],[-151.4809,70.4251],[-151.4818,70.4251],[-151.4826,70.425],[-151.483,70.425],[-151.4837,70.425],[-151.4847,70.425],[-151.4861,70.425],[-151.4879,70.425],[-151.489,70.4251],[-151.4892,70.4251],[-151.4901,70.4251],[-151.4907,70.4252],[-151.4915,70.4253],[-151.4921,70.4255],[-151.4925,70.4255],[-151.4932,70.4257],[-151.4932,70.4257],[-151.4943,70.4261],[-151.4946,70.4263],[-151.4951,70.4264],[-151.4957,70.4265],[-151.496,70.4267],[-151.4968,70.4269],[-151.4972,70.427],[-151.4981,70.427],[-151.4992,70.427],[-151.4996,70.4269],[-151.4999,70.4265],[-151.5,70.4264],[-151.5003,70.4262],[-151.5009,70.4261],[-151.5015,70.4262],[-151.5028,70.4267],[-151.5032,70.4268],[-151.5039,70.4272],[-151.5043,70.4274],[-151.5047,70.4277],[-151.505,70.428],[-151.5054,70.4282],[-151.5058,70.4284],[-151.5066,70.4285],[-151.5073,70.4288],[-151.5078,70.4291],[-151.5087,70.4295],[-151.5091,70.4296],[-151.51,70.4297],[-151.5104,70.4298],[-151.5113,70.4299],[-151.5123,70.43],[-151.5133,70.4299],[-151.514,70.4296],[-151.5145,70.4294],[-151.5152,70.4293],[-151.5157,70.4291],[-151.5162,70.4287],[-151.5162,70.4285],[-151.5163,70.4282],[-151.5175,70.4282],[-151.518,70.4286],[-151.5183,70.4288],[-151.518,70.429],[-151.5197,70.4295],[-151.5199,70.4299],[-151.5198,70.4301],[-151.5193,70.4303],[-151.5193,70.4305],[-151.5189,70.4306],[-151.5184,70.4306],[-151.5177,70.4306],[-151.5173,70.4309],[-151.5163,70.4309],[-151.5159,70.431],[-151.5155,70.4311],[-151.5157,70.4314],[-151.5159,70.4314],[-151.5167,70.4314],[-151.5177,70.4316],[-151.5181,70.4319],[-151.5182,70.4322],[-151.5183,70.4324],[-151.5193,70.4328],[-151.5202,70.4331],[-151.5209,70.4332],[-151.5217,70.4335],[-151.5225,70.4339],[-151.5231,70.4342],[-151.5235,70.4344],[-151.5238,70.4346],[-151.5249,70.4347],[-151.5252,70.4348],[-151.5259,70.4347],[-151.5266,70.4346],[-151.5272,70.4347],[-151.528,70.4346],[-151.5288,70.4348],[-151.5295,70.4347],[-151.5307,70.4345],[-151.5317,70.4345],[-151.5324,70.4346],[-151.5334,70.4348],[-151.5345,70.4349],[-151.535,70.4347],[-151.5351,70.4345],[-151.535,70.4344],[-151.535,70.4342],[-151.535,70.434],[-151.5352,70.4338],[-151.5354,70.4337],[-151.5361,70.4338],[-151.5377,70.4333],[-151.5385,70.4333],[-151.5395,70.4331],[-151.5405,70.433],[-151.541,70.4333],[-151.5415,70.4334],[-151.5421,70.4334],[-151.5427,70.4332],[-151.5432,70.433],[-151.5443,70.433],[-151.5455,70.433],[-151.5466,70.4332],[-151.5485,70.4336],[-151.5495,70.434],[-151.5512,70.4343],[-151.5522,70.4346],[-151.5527,70.4348],[-151.5531,70.435],[-151.5535,70.4352],[-151.5541,70.4353],[-151.5545,70.4355],[-151.5556,70.436],[-151.5569,70.4366],[-151.5577,70.437],[-151.5593,70.4374],[-151.5605,70.4378],[-151.5609,70.4379],[-151.5617,70.4381],[-151.5628,70.4383],[-151.5636,70.4383],[-151.5647,70.4383],[-151.5655,70.4384],[-151.5665,70.4385],[-151.5679,70.4385],[-151.5694,70.4389],[-151.5708,70.439],[-151.5711,70.4391],[-151.5717,70.4391],[-151.5742,70.4392],[-151.5761,70.4391],[-151.5767,70.4391],[-151.5799,70.4389],[-151.581,70.4389],[-151.5816,70.4388],[-151.5822,70.4389],[-151.5828,70.4389],[-151.5835,70.4389],[-151.5845,70.4389],[-151.5858,70.4388],[-151.5868,70.4388],[-151.5877,70.4389],[-151.5887,70.4389],[-151.5898,70.4389],[-151.5908,70.4389],[-151.5916,70.4389],[-151.5923,70.439],[-151.5949,70.4391],[-151.5956,70.4391],[-151.598,70.4391],[-151.6003,70.439],[-151.6026,70.4388],[-151.6036,70.4387],[-151.6041,70.4386],[-151.6055,70.4382],[-151.6072,70.4376],[-151.6091,70.437],[-151.6124,70.4359],[-151.6156,70.435],[-151.618,70.4345],[-151.6199,70.4342],[-151.6224,70.4338],[-151.6245,70.4337],[-151.6272,70.4336],[-151.6292,70.4336],[-151.6309,70.4336],[-151.6327,70.4334],[-151.6351,70.4332],[-151.6371,70.433],[-151.6398,70.4329],[-151.6425,70.4329],[-151.6471,70.4333],[-151.6503,70.4337],[-151.6532,70.4342],[-151.6569,70.4348],[-151.6605,70.4354],[-151.6616,70.4355],[-151.6626,70.4357],[-151.6637,70.4358],[-151.6663,70.436],[-151.6685,70.4361],[-151.6712,70.436],[-151.6734,70.4356],[-151.6768,70.4353],[-151.6813,70.4347],[-151.6838,70.4343],[-151.6868,70.4337],[-151.6877,70.4335],[-151.689,70.4331],[-151.6916,70.4325],[-151.6944,70.4321],[-151.6971,70.4318],[-151.6998,70.4314],[-151.7031,70.4311],[-151.7049,70.431],[-151.7063,70.4311],[-151.7085,70.4313],[-151.71,70.4316],[-151.7123,70.4321],[-151.714,70.4323],[-151.7152,70.4327],[-151.7157,70.4329],[-151.7173,70.4331],[-151.7183,70.4332],[-151.7203,70.4331],[-151.7211,70.4332],[-151.7217,70.4333],[-151.7224,70.4332],[-151.7232,70.4332],[-151.7239,70.4332],[-151.7249,70.4332],[-151.7258,70.4334],[-151.727,70.4333],[-151.728,70.433],[-151.7289,70.4325],[-151.7299,70.432],[-151.7321,70.4317],[-151.7326,70.4319],[-151.7332,70.4319],[-151.7343,70.4318],[-151.7354,70.4322],[-151.7361,70.4324],[-151.7371,70.4326],[-151.7377,70.4328],[-151.7381,70.4329],[-151.7393,70.433],[-151.7411,70.4333],[-151.7428,70.4335],[-151.7442,70.4337],[-151.7455,70.4338],[-151.747,70.434],[-151.7487,70.4341],[-151.7517,70.4343],[-151.7531,70.4343],[-151.7552,70.4345],[-151.7562,70.4347],[-151.7569,70.4349],[-151.758,70.4352],[-151.7591,70.4354],[-151.7602,70.4356],[-151.7608,70.4357],[-151.763,70.436],[-151.764,70.4361],[-151.7653,70.4361],[-151.7663,70.4362],[-151.7672,70.4362],[-151.7679,70.4362],[-151.7684,70.4362],[-151.7693,70.4363],[-151.7699,70.4363],[-151.7703,70.4363],[-151.771,70.4363],[-151.7727,70.4363],[-151.7736,70.4363],[-151.7748,70.4363],[-151.7756,70.4363],[-151.7761,70.4363],[-151.7772,70.4362],[-151.7794,70.4363],[-151.781,70.4363],[-151.7821,70.4363],[-151.7829,70.4362],[-151.7858,70.4363],[-151.7892,70.4362],[-151.7916,70.4361],[-151.7929,70.4361],[-151.795,70.436],[-151.7966,70.4359],[-151.7993,70.4358],[-151.8008,70.4359],[-151.8021,70.4359],[-151.8035,70.436],[-151.805,70.4361],[-151.8065,70.4361],[-151.8072,70.4361],[-151.8076,70.4362],[-151.808,70.4362],[-151.8091,70.4362],[-151.8099,70.4362],[-151.8106,70.4362],[-151.8112,70.4362],[-151.8122,70.4362],[-151.8131,70.4362],[-151.8138,70.4361],[-151.8144,70.436],[-151.8153,70.436],[-151.816,70.4359],[-151.8168,70.4359],[-151.8177,70.4358],[-151.8182,70.4357],[-151.8189,70.4356],[-151.8195,70.4356],[-151.82,70.4355],[-151.8204,70.4354],[-151.8215,70.4352],[-151.8225,70.4351],[-151.8234,70.435],[-151.8238,70.4349],[-151.8244,70.4348],[-151.8249,70.4348],[-151.8263,70.4347],[-151.8274,70.4347],[-151.8283,70.4347],[-151.8288,70.4347],[-151.8294,70.4347],[-151.8301,70.4348],[-151.831,70.4348],[-151.832,70.4349],[-151.8332,70.435],[-151.8338,70.4351],[-151.8348,70.4351],[-151.8353,70.4351],[-151.8362,70.4352],[-151.8377,70.4351],[-151.8389,70.4352],[-151.8392,70.4352],[-151.8397,70.4352],[-151.8409,70.4351],[-151.8414,70.4351],[-151.8423,70.4351],[-151.8435,70.4351],[-151.8442,70.4351],[-151.8458,70.435],[-151.8479,70.4349],[-151.8482,70.4349],[-151.8491,70.4349],[-151.8507,70.4346],[-151.8529,70.4344],[-151.8537,70.4343],[-151.8548,70.4341],[-151.8588,70.4334],[-151.8611,70.433],[-151.863,70.4328],[-151.8641,70.4327],[-151.8668,70.4323],[-151.8685,70.432],[-151.8692,70.432],[-151.8704,70.432],[-151.8716,70.4319],[-151.873,70.4318],[-151.8753,70.4313],[-151.877,70.4311],[-151.879,70.4311],[-151.8812,70.4314],[-151.8821,70.4315],[-151.8837,70.4317],[-151.8856,70.4318],[-151.886,70.4318],[-151.8867,70.4317],[-151.8874,70.4318],[-151.8886,70.4318],[-151.8892,70.4318],[-151.8899,70.432],[-151.8909,70.4323],[-151.8925,70.4327],[-151.8939,70.4333],[-151.8949,70.4337],[-151.8956,70.4339],[-151.8961,70.434],[-151.8966,70.434],[-151.8973,70.434],[-151.8983,70.4341],[-151.8989,70.4341],[-151.8995,70.4342],[-151.9006,70.4343],[-151.9003,70.4343],[-151.9012,70.4348],[-151.9017,70.4352],[-151.9026,70.4357],[-151.9043,70.4368],[-151.9056,70.4377],[-151.9072,70.4388],[-151.9086,70.4395],[-151.9095,70.4402],[-151.9101,70.4406],[-151.9108,70.4411],[-151.9112,70.4414],[-151.9112,70.4416],[-151.9111,70.4418],[-151.9113,70.442],[-151.9115,70.4421],[-151.9124,70.4424],[-151.9128,70.4426],[-151.9131,70.4428],[-151.9136,70.4429],[-151.9144,70.443],[-151.9153,70.443],[-151.9155,70.443],[-151.9164,70.443],[-151.9168,70.443],[-151.9173,70.4432],[-151.9177,70.4434],[-151.9181,70.4435],[-151.9186,70.4436],[-151.9193,70.4436],[-151.9203,70.4436],[-151.9207,70.4437],[-151.921,70.4439],[-151.9214,70.444],[-151.9227,70.4444],[-151.9236,70.4449],[-151.9238,70.445],[-151.9241,70.4451],[-151.9246,70.4451],[-151.925,70.4451]]},"properties":{}},{"type":"Feature","geometry":{"type":"LineString","coordinates":[[-151.7584,70.5445],[-151.7584,70.5447],[-151.7583,70.5448],[-151.7581,70.5451],[-151.758,70.5454],[-151.7586,70.5459],[-151.7583,70.5462],[-151.7583,70.5465],[-151.7577,70.5469],[-151.7572,70.5469],[-151.7572,70.5471],[-151.7575,70.5473],[-151.7577,70.5475],[-151.7581,70.5478],[-151.7583,70.5481],[-151.7586,70.5483],[-151.7587,70.5486],[-151.7585,70.5488],[-151.759,70.549],[-151.7592,70.5491],[-151.7593,70.5493],[-151.7597,70.5494],[-151.7598,70.5494],[-151.7605,70.5496],[-151.7611,70.5497],[-151.7625,70.5502],[-151.7629,70.5503],[-151.7651,70.5504],[-151.7658,70.5504],[-151.7683,70.5502],[-151.7693,70.55],[-151.7701,70.5499],[-151.77,70.5495],[-151.7697,70.5493],[-151.7692,70.5497],[-151.769,70.5497],[-151.768,70.5497],[-151.7672,70.5498],[-151.7666,70.5496],[-151.7661,70.5494],[-151.7657,70.5491],[-151.7654,70.5488],[-151.7651,70.5484],[-151.7648,70.5479],[-151.7647,70.5476],[-151.765,70.5474],[-151.765,70.5472],[-151.7649,70.547],[-151.7647,70.547],[-151.764,70.547],[-151.7637,70.5469],[-151.7633,70.5469],[-151.7629,70.5469],[-151.7626,70.547],[-151.7622,70.547],[-151.762,70.5468],[-151.762,70.5467],[-151.7619,70.5465],[-151.7619,70.5463],[-151.7619,70.5461],[-151.762,70.5459],[-151.7622,70.5458],[-151.7622,70.5458],[-151.762,70.5457],[-151.7618,70.5455],[-151.7617,70.5454],[-151.7621,70.5453],[-151.7624,70.5453],[-151.7627,70.5455],[-151.7628,70.5456],[-151.7627,70.5457],[-151.7629,70.5459],[-151.7632,70.5459],[-151.7634,70.5459],[-151.7636,70.5458],[-151.7638,70.5457],[-151.7641,70.5456],[-151.7645,70.5456],[-151.765,70.5457],[-151.7653,70.5459],[-151.7657,70.546],[-151.7659,70.5463],[-151.7663,70.5465],[-151.7666,70.5464],[-151.7669,70.5463],[-151.7673,70.5462],[-151.7679,70.5461],[-151.7687,70.546],[-151.7692,70.5459],[-151.7695,70.5457],[-151.7702,70.5457],[-151.7714,70.5458],[-151.772,70.546],[-151.7722,70.5463],[-151.7724,70.5467],[-151.7727,70.5471],[-151.7731,70.5474],[-151.7738,70.5476],[-151.7745,70.5478],[-151.7749,70.5481],[-151.7749,70.5483],[-151.7747,70.5485],[-151.7746,70.5487],[-151.7744,70.5489],[-151.7742,70.549],[-151.7739,70.5491],[-151.7733,70.5491],[-151.7726,70.5491],[-151.7719,70.5491],[-151.7714,70.549],[-151.771,70.5489],[-151.7707,70.5488],[-151.7705,70.5487],[-151.7698,70.5487],[-151.7704,70.5489],[-151.7711,70.5491],[-151.7716,70.5492],[-151.7729,70.5493],[-151.7734,70.5496],[-151.7752,70.5495],[-151.777,70.5493],[-151.7777,70.5493],[-151.7786,70.5492],[-151.7803,70.5491],[-151.7809,70.5491],[-151.7816,70.5491],[-151.7828,70.5491],[-151.7841,70.549],[-151.7867,70.5491],[-151.7877,70.5491],[-151.7911,70.5491],[-151.7919,70.5491],[-151.7933,70.5492],[-151.795,70.5492],[-151.7969,70.5492],[-151.7994,70.5489],[-151.8032,70.5483],[-151.8085,70.5477],[-151.81,70.5476],[-151.8116,70.5474],[-151.8134,70.5475],[-151.8156,70.5475],[-151.8176,70.5473],[-151.8202,70.5473],[-151.8244,70.5474],[-151.8269,70.5477],[-151.8297,70.5479],[-151.8322,70.5482],[-151.8352,70.5484],[-151.8371,70.5489],[-151.8387,70.5493],[-151.8407,70.5499],[-151.8423,70.5504],[-151.8436,70.5507],[-151.8444,70.551],[-151.8455,70.5513],[-151.8465,70.5517],[-151.8492,70.5526],[-151.8519,70.5535],[-151.8545,70.5539],[-151.8547,70.5537],[-151.8555,70.5537],[-151.8573,70.5538],[-151.8584,70.5538],[-151.863,70.5532],[-151.866,70.5531],[-151.8695,70.5533],[-151.872,70.5536],[-151.8752,70.554],[-151.877,70.5541],[-151.8773,70.5541],[-151.8788,70.5543],[-151.8807,70.5548],[-151.8828,70.5552],[-151.8843,70.5556],[-151.8856,70.556],[-151.8874,70.5568],[-151.8886,70.5572],[-151.8895,70.5575],[-151.8907,70.5576],[-151.8914,70.5575],[-151.8931,70.557],[-151.8955,70.5564],[-151.8976,70.5557],[-151.899,70.5553],[-151.8998,70.5551],[-151.9012,70.5551],[-151.9028,70.555],[-151.9058,70.5548],[-151.9078,70.5544],[-151.91,70.5542],[-151.9101,70.5542],[-151.9115,70.5543],[-151.9128,70.5544],[-151.9156,70.5543],[-151.9182,70.5543],[-151.9196,70.5544],[-151.9218,70.5545],[-151.9246,70.555],[-151.9288,70.5556],[-151.9302,70.5558],[-151.9331,70.5563],[-151.9369,70.5567],[-151.9382,70.5571],[-151.9394,70.5574],[-151.94,70.5575],[-151.9405,70.5575],[-151.9415,70.5578],[-151.9424,70.5583],[-151.9435,70.5586],[-151.9444,70.559],[-151.9453,70.5593],[-151.946,70.5596],[-151.9465,70.5598],[-151.9473,70.5603],[-151.9479,70.5605],[-151.9502,70.5617],[-151.951,70.5621],[-151.9521,70.5624],[-151.9536,70.5623],[-151.9545,70.5622],[-151.9563,70.5621],[-151.9578,70.562],[-151.9597,70.562],[-151.9615,70.562],[-151.9623,70.562],[-151.9647,70.5622],[-151.9657,70.5622],[-151.9661,70.5622],[-151.9679,70.5623],[-151.9697,70.5625],[-151.9713,70.5626],[-151.9735,70.5629],[-151.9755,70.563],[-151.9767,70.5631],[-151.9787,70.5634],[-151.9806,70.5638],[-151.982,70.5643],[-151.9829,70.5647],[-151.9834,70.5647],[-151.9843,70.5643],[-151.9858,70.5636],[-151.9899,70.5624],[-151.9913,70.5621],[-151.992,70.5618],[-151.9917,70.5615],[-151.9917,70.5613],[-151.9917,70.5612],[-151.9916,70.5611],[-151.9909,70.5609],[-151.9917,70.5607],[-151.9933,70.5606],[-151.9955,70.5602],[-151.996,70.56],[-151.9965,70.5597],[-151.9965,70.5593],[-151.9965,70.5587],[-151.9965,70.5585],[-151.9961,70.5583],[-151.9951,70.5579],[-151.9946,70.5577],[-151.995,70.5571],[-151.9955,70.5565],[-151.9971,70.5562],[-151.9974,70.5556],[-151.9975,70.5552],[-151.998,70.5552],[-151.999,70.5556],[-151.9996,70.556],[-151.9994,70.5563],[-151.9991,70.5565],[-151.9985,70.5568],[-151.9973,70.5569],[-151.9972,70.5573],[-151.9968,70.5577],[-151.999,70.5587],[-151.9991,70.5591],[-151.9996,70.5596],[-151.9995,70.5601],[-151.9989,70.5604],[-151.9965,70.5606],[-151.9968,70.5612],[-151.997,70.5615],[-151.997,70.5617],[-151.997,70.5618],[-151.9968,70.5619],[-151.9956,70.5619],[-151.9946,70.5619],[-151.9937,70.5619],[-151.9931,70.5621],[-151.9933,70.5622],[-151.9939,70.5621],[-151.9946,70.5621],[-151.9953,70.5621],[-151.9963,70.5621],[-151.9969,70.5621],[-151.9987,70.562],[-152.0004,70.562],[-152.0007,70.5619],[-152.0022,70.5616],[-152.0039,70.5613],[-152.0068,70.5612],[-152.0083,70.5612],[-152.0093,70.5612],[-152.0115,70.5614],[-152.014,70.5613],[-152.0161,70.5611],[-152.0182,70.561],[-152.0219,70.5609],[-152.0236,70.5607],[-152.0273,70.5606],[-152.0288,70.5606],[-152.0296,70.5606],[-152.0301,70.5605],[-152.0316,70.5603],[-152.0323,70.5599],[-152.0324,70.5596],[-152.0325,70.5588],[-152.0326,70.5568],[-152.0329,70.556],[-152.0331,70.5555],[-152.0333,70.554],[-152.0331,70.5535],[-152.0326,70.553],[-152.0341,70.5521],[-152.0356,70.5517],[-152.0366,70.5512],[-152.0381,70.5503],[-152.0396,70.5496],[-152.0416,70.5486],[-152.0434,70.5479],[-152.0453,70.5472],[-152.0486,70.5462],[-152.0497,70.5458],[-152.0522,70.5453],[-152.0545,70.5452],[-152.0562,70.5452],[-152.0588,70.5454],[-152.0622,70.5458],[-152.0681,70.5464],[-152.0718,70.5469],[-152.0752,70.5475],[-152.0779,70.5481],[-152.0822,70.5488],[-152.0833,70.549],[-152.0844,70.549],[-152.0855,70.549],[-152.0864,70.5485],[-152.087,70.5478],[-152.0884,70.5473],[-152.0897,70.5467],[-152.0919,70.5459],[-152.0929,70.5458],[-152.0936,70.5458],[-152.0939,70.5455],[-152.0945,70.5452],[-152.0956,70.545],[-152.097,70.5448],[-152.0984,70.5447],[-152.0995,70.5447],[-152.1003,70.5448],[-152.102,70.5451],[-152.1068,70.5463],[-152.1121,70.5475],[-152.1145,70.548],[-152.1155,70.5483],[-152.1164,70.5487],[-152.1188,70.5488],[-152.1212,70.5499],[-152.122,70.5503],[-152.1226,70.5507],[-152.1235,70.551],[-152.1239,70.5512],[-152.1245,70.5514],[-152.1253,70.5516],[-152.1257,70.5516],[-152.1262,70.5516],[-152.1268,70.5511],[-152.1279,70.5508],[-152.1287,70.5507],[-152.1305,70.5505],[-152.132,70.5504],[-152.1333,70.5504],[-152.1344,70.5504],[-152.1357,70.5504],[-152.1367,70.5508],[-152.1369,70.5512],[-152.1386,70.551],[-152.14,70.5509],[-152.1412,70.5506],[-152.1426,70.5507],[-152.1452,70.5508],[-152.1465,70.5509],[-152.1476,70.5509],[-152.1489,70.5508],[-152.1494,70.5506],[-152.149,70.5502],[-152.1495,70.5499],[-152.1508,70.5496],[-152.1521,70.5494],[-152.1524,70.5476],[-152.1541,70.5474],[-152.1554,70.5476],[-152.1555,70.5478],[-152.1537,70.5481],[-152.1532,70.5489],[-152.1543,70.5492],[-152.155,70.5495],[-152.1554,70.5498],[-152.1557,70.5502],[-152.1555,70.5505],[-152.1552,70.5508],[-152.1554,70.5512],[-152.1559,70.5515],[-152.1558,70.5519],[-152.1558,70.5523],[-152.1571,70.5522],[-152.1587,70.5514],[-152.1608,70.551],[-152.1632,70.5508],[-152.1651,70.5506],[-152.1667,70.5506],[-152.1682,70.5506],[-152.1739,70.5514],[-152.1761,70.5516],[-152.1773,70.5516],[-152.1783,70.5515],[-152.1786,70.551],[-152.1798,70.5503],[-152.1816,70.5495],[-152.1836,70.549],[-152.1856,70.5486],[-152.187,70.5483],[-152.1905,70.5481],[-152.1918,70.5481],[-152.1931,70.5481],[-152.1952,70.5483],[-152.197,70.5482],[-152.198,70.5479],[-152.1999,70.5472],[-152.2015,70.5467],[-152.2032,70.5466],[-152.2041,70.5463],[-152.2055,70.546],[-152.2072,70.5452],[-152.2092,70.5441],[-152.2104,70.5432],[-152.212,70.5428],[-152.2138,70.542],[-152.2148,70.5417],[-152.2159,70.5412],[-152.2168,70.5409],[-152.2187,70.5404],[-152.2235,70.5397],[-152.2256,70.5396],[-152.2292,70.5396],[-152.2328,70.5397],[-152.2353,70.54],[-152.2367,70.5402],[-152.2382,70.5405],[-152.2392,70.5407],[-152.2395,70.5408],[-152.2406,70.5409],[-152.2418,70.5406],[-152.2429,70.5404],[-152.2445,70.5404],[-152.2465,70.5402],[-152.2493,70.5405],[-152.2523,70.5412],[-152.2548,70.5418],[-152.2585,70.5425],[-152.2606,70.5426],[-152.2624,70.5428],[-152.265,70.543],[-152.2675,70.5433],[-152.2696,70.5434],[-152.2707,70.5435],[-152.2733,70.5435],[-152.2752,70.5435],[-152.2773,70.5437],[-152.2807,70.5439],[-152.2823,70.5441],[-152.2841,70.5443],[-152.2855,70.5444],[-152.2873,70.5443],[-152.2896,70.5443],[-152.2931,70.5444],[-152.2946,70.5445],[-152.2966,70.5445],[-152.3008,70.5446],[-152.3052,70.5448],[-152.3107,70.5451],[-152.3132,70.5447],[-152.3154,70.5427],[-152.3165,70.542],[-152.3178,70.5413],[-152.3195,70.5408],[-152.322,70.5403],[-152.3232,70.5401],[-152.3257,70.5401],[-152.3276,70.5402],[-152.3287,70.5405],[-152.33,70.5405],[-152.3304,70.5404],[-152.3308,70.5401],[-152.3311,70.5395],[-152.3318,70.5394],[-152.3325,70.5394],[-152.3327,70.5403],[-152.334,70.5405],[-152.3352,70.5407],[-152.337,70.5407],[-152.3384,70.5407],[-152.3398,70.5408],[-152.3414,70.5409],[-152.3432,70.5413],[-152.3454,70.5414],[-152.346,70.5415],[-152.3466,70.5416],[-152.3469,70.5414],[-152.3499,70.5412],[-152.3507,70.5413],[-152.3515,70.5418],[-152.3533,70.5421],[-152.3544,70.5426],[-152.3562,70.5417],[-152.358,70.5408],[-152.3589,70.5401],[-152.3609,70.5381],[-152.3633,70.5367],[-152.3674,70.5362],[-152.3674,70.537],[-152.3666,70.5373],[-152.3669,70.5386],[-152.3678,70.5388],[-152.369,70.5393],[-152.3698,70.5396],[-152.3713,70.5405],[-152.3714,70.5408],[-152.3723,70.5415],[-152.3758,70.5424],[-152.3758,70.5456],[-152.376,70.5465],[-152.3775,70.5473],[-152.378,70.5499],[-152.3779,70.5504],[-152.3766,70.5506],[-152.3755,70.5508],[-152.3691,70.5509],[-152.3673,70.5508],[-152.3656,70.5508],[-152.3657,70.5507],[-152.3644,70.5502],[-152.3607,70.5499],[-152.3594,70.5495],[-152.357,70.5485],[-152.3562,70.548],[-152.3551,70.548],[-152.3541,70.548],[-152.3527,70.5481],[-152.3515,70.548],[-152.3508,70.5476],[-152.3495,70.5476],[-152.3464,70.5483],[-152.3443,70.5488],[-152.3435,70.5489],[-152.3422,70.549],[-152.3404,70.5491],[-152.3412,70.5498],[-152.3416,70.5502],[-152.3427,70.5509],[-152.3446,70.5512],[-152.3494,70.5509],[-152.3517,70.5507],[-152.3537,70.5507],[-152.3571,70.5507],[-152.3595,70.5509],[-152.3627,70.5512],[-152.3649,70.5514],[-152.3683,70.5514],[-152.3738,70.5513],[-152.3751,70.5513],[-152.3764,70.5512],[-152.3788,70.551],[-152.3802,70.5509],[-152.383,70.5509],[-152.3853,70.5508],[-152.3897,70.5505],[-152.3932,70.5505],[-152.4021,70.5512],[-152.4035,70.5519],[-152.4061,70.5519],[-152.4073,70.5516],[-152.4087,70.551],[-152.4122,70.5503],[-152.4154,70.55],[-152.417,70.5502],[-152.4192,70.5505],[-152.4209,70.5509],[-152.4234,70.5515],[-152.4248,70.5516],[-152.4264,70.552],[-152.4289,70.5531],[-152.4295,70.5535],[-152.4301,70.5537],[-152.4311,70.5542],[-152.4329,70.5542],[-152.4331,70.5534],[-152.4338,70.5528],[-152.4355,70.5522],[-152.4371,70.552],[-152.4384,70.5517],[-152.439,70.5514],[-152.4403,70.5512],[-152.4411,70.5509],[-152.4424,70.5506],[-152.4444,70.55],[-152.4457,70.5496],[-152.4468,70.5489],[-152.4477,70.5485],[-152.4484,70.5482],[-152.45,70.5476],[-152.4514,70.547],[-152.453,70.5461],[-152.4547,70.5447],[-152.4568,70.5442],[-152.4596,70.5436],[-152.4615,70.5432],[-152.4624,70.543],[-152.4635,70.5428],[-152.4678,70.5424],[-152.4703,70.5425],[-152.4731,70.5417],[-152.4738,70.5415],[-152.4784,70.5412],[-152.4799,70.5409],[-152.4817,70.5407],[-152.4848,70.5404],[-152.4874,70.5402],[-152.4901,70.5402],[-152.4925,70.5399],[-152.4935,70.5395],[-152.4958,70.5395],[-152.5058,70.5387],[-152.5084,70.5385],[-152.5108,70.5384],[-152.5147,70.5383],[-152.5178,70.5385],[-152.5201,70.5389],[-152.5224,70.5398],[-152.5251,70.5404],[-152.5287,70.5411],[-152.5302,70.5415],[-152.5313,70.542],[-152.5322,70.5424],[-152.5335,70.5429],[-152.5351,70.5431],[-152.5364,70.5441],[-152.5374,70.5447],[-152.5378,70.5454],[-152.539,70.5463],[-152.5399,70.5468],[-152.5404,70.547],[-152.5423,70.5474],[-152.5441,70.5476],[-152.5465,70.5494],[-152.547,70.5497],[-152.5479,70.5501],[-152.5484,70.5503],[-152.5498,70.5508],[-152.5504,70.5512],[-152.5512,70.5517],[-152.5531,70.553],[-152.5541,70.5539],[-152.5554,70.554],[-152.5551,70.553],[-152.5552,70.5526],[-152.5553,70.5522],[-152.5556,70.5517],[-152.5563,70.5512],[-152.5585,70.55],[-152.5611,70.5496],[-152.5621,70.5492],[-152.5632,70.549],[-152.5635,70.5486],[-152.566,70.5478],[-152.5677,70.5472],[-152.5698,70.5468],[-152.5717,70.5465],[-152.5732,70.5463],[-152.5744,70.5461],[-152.5766,70.5459],[-152.5775,70.5457],[-152.5784,70.5453],[-152.58,70.5452],[-152.5812,70.5451],[-152.5825,70.5452],[-152.5834,70.5452],[-152.584,70.545],[-152.5856,70.5445],[-152.5874,70.5443],[-152.5893,70.5438],[-152.5903,70.5434],[-152.592,70.5433],[-152.5935,70.5431],[-152.5948,70.5424],[-152.5964,70.5425],[-152.5992,70.5439],[-152.6013,70.5452],[-152.6035,70.5472],[-152.6056,70.5478],[-152.6082,70.55],[-152.6072,70.5504],[-152.6075,70.5509],[-152.609,70.5516],[-152.6084,70.5526],[-152.6093,70.5529],[-152.611,70.5529],[-152.6129,70.5526],[-152.6134,70.5524],[-152.6146,70.5525],[-152.6161,70.5531],[-152.6168,70.5528],[-152.6185,70.5527],[-152.6193,70.5518],[-152.6181,70.5515],[-152.6156,70.5505],[-152.6148,70.55],[-152.6163,70.5485],[-152.6173,70.5481],[-152.6171,70.5477],[-152.6149,70.5475],[-152.617,70.5467],[-152.6148,70.5463],[-152.6153,70.5459],[-152.6193,70.5453],[-152.6201,70.5444],[-152.6213,70.5453],[-152.624,70.547],[-152.6275,70.552],[-152.6279,70.5526],[-152.6294,70.5547],[-152.6293,70.5558],[-152.6249,70.5563],[-152.6227,70.5565],[-152.6186,70.5553],[-152.6191,70.5546],[-152.6186,70.5539],[-152.618,70.5537],[-152.617,70.5542],[-152.6156,70.5542],[-152.6143,70.5532],[-152.6135,70.5532],[-152.6127,70.5538],[-152.6112,70.5539],[-152.6092,70.5546],[-152.6098,70.5551],[-152.6094,70.5552],[-152.6087,70.5556],[-152.6098,70.5559],[-152.6103,70.5562],[-152.6106,70.5564],[-152.6115,70.5566],[-152.6117,70.5569],[-152.6114,70.5576],[-152.6116,70.5582],[-152.6128,70.5585],[-152.6128,70.5586],[-152.6118,70.5589],[-152.6115,70.5595],[-152.6124,70.5596],[-152.6126,70.5599],[-152.6127,70.5604],[-152.6126,70.5606],[-152.6117,70.5612],[-152.6109,70.5616],[-152.6107,70.5619],[-152.6104,70.5623],[-152.6075,70.5628],[-152.6067,70.5633],[-152.6059,70.5636],[-152.6053,70.564],[-152.6042,70.5648],[-152.6023,70.5651],[-152.6005,70.5653],[-152.5991,70.5654],[-152.5969,70.5658],[-152.5954,70.5659],[-152.5923,70.5662],[-152.5911,70.5662],[-152.5894,70.5662],[-152.5876,70.5662],[-152.5865,70.5659],[-152.5848,70.5661],[-152.5841,70.5659],[-152.5821,70.5656],[-152.5808,70.5657],[-152.58,70.5659],[-152.5784,70.5658],[-152.5767,70.5657],[-152.5759,70.5656],[-152.5745,70.5653],[-152.5732,70.565],[-152.5703,70.5647],[-152.5685,70.5638],[-152.5666,70.5635],[-152.5649,70.5627],[-152.5639,70.5611],[-152.5633,70.561],[-152.5624,70.561],[-152.562,70.5612],[-152.5622,70.5624],[-152.5622,70.563],[-152.5619,70.5635],[-152.5618,70.5638],[-152.5614,70.5642],[-152.5605,70.5645],[-152.5581,70.565],[-152.5573,70.5651],[-152.5563,70.5654],[-152.5557,70.5659],[-152.555,70.5666],[-152.5538,70.5673],[-152.552,70.5676],[-152.5502,70.5678],[-152.549,70.5688],[-152.5472,70.5706],[-152.5457,70.5715],[-152.5436,70.573],[-152.5423,70.574],[-152.5399,70.5748],[-152.5386,70.5753],[-152.5378,70.5757],[-152.5363,70.5762],[-152.5347,70.577],[-152.5329,70.5771],[-152.5315,70.5772],[-152.5303,70.5773],[-152.5299,70.5774],[-152.5288,70.5778],[-152.5278,70.5781],[-152.5271,70.5783],[-152.5263,70.5785],[-152.5249,70.5788],[-152.5238,70.5792],[-152.5221,70.5797],[-152.5197,70.5804],[-152.5173,70.5811],[-152.5148,70.5815],[-152.5123,70.5818],[-152.5087,70.5817],[-152.5034,70.5815],[-152.4997,70.5812],[-152.4874,70.5797],[-152.485,70.5794],[-152.4813,70.5789],[-152.4735,70.5775],[-152.4687,70.5766],[-152.4617,70.576],[-152.4601,70.5759],[-152.4581,70.5756],[-152.4566,70.5753],[-152.4552,70.5752],[-152.4543,70.5751],[-152.4521,70.5758],[-152.4499,70.576],[-152.4484,70.5768],[-152.4473,70.5773],[-152.4454,70.5772],[-152.4441,70.5775],[-152.4427,70.5776],[-152.4414,70.5776],[-152.4389,70.5773],[-152.4372,70.577],[-152.4346,70.5764],[-152.4295,70.5746],[-152.4266,70.5735],[-152.4228,70.5714],[-152.4196,70.569],[-152.4187,70.5681],[-152.4178,70.5681],[-152.416,70.5699],[-152.4151,70.5707],[-152.4124,70.5724],[-152.411,70.5728],[-152.41,70.5732],[-152.4081,70.5736],[-152.4066,70.5739],[-152.4057,70.574],[-152.4046,70.5742],[-152.404,70.5742],[-152.4026,70.5745],[-152.4017,70.5747],[-152.3999,70.5747],[-152.3988,70.5746],[-152.398,70.5746],[-152.3972,70.5747],[-152.3966,70.5748],[-152.3958,70.5751],[-152.3945,70.5754],[-152.3934,70.5755],[-152.3919,70.5757],[-152.3913,70.5758],[-152.3905,70.5759],[-152.3892,70.5758],[-152.3867,70.5755],[-152.3837,70.5754],[-152.3778,70.576],[-152.3707,70.5764],[-152.3682,70.5765],[-152.3645,70.5766],[-152.3623,70.5765],[-152.3593,70.5763],[-152.3555,70.5761],[-152.3487,70.5758],[-152.3445,70.5758],[-152.3396,70.5749],[-152.3366,70.5746],[-152.3342,70.5738],[-152.3325,70.5727],[-152.3315,70.5722],[-152.3307,70.5717],[-152.3298,70.5707],[-152.3278,70.5686],[-152.3268,70.5687],[-152.3265,70.569],[-152.326,70.5695],[-152.3239,70.5709],[-152.3209,70.5718],[-152.3201,70.572],[-152.3196,70.5721],[-152.3189,70.5723],[-152.318,70.5724],[-152.3171,70.5726],[-152.3157,70.5728],[-152.3148,70.573],[-152.3138,70.5732],[-152.3131,70.5732],[-152.3126,70.5733],[-152.3119,70.5733],[-152.3098,70.5734],[-152.3092,70.5735],[-152.3084,70.5735],[-152.3077,70.5736],[-152.3069,70.5737],[-152.3061,70.5739],[-152.3052,70.574],[-152.3042,70.5741],[-152.3034,70.5742],[-152.3029,70.5743],[-152.302,70.5744],[-152.3012,70.5744],[-152.3009,70.5745],[-152.3006,70.5745],[-152.3005,70.5744],[-152.3003,70.5744],[-152.3,70.5744],[-152.2998,70.5744],[-152.2996,70.5745],[-152.2993,70.5746],[-152.2986,70.5747],[-152.2978,70.5749],[-152.2975,70.5748],[-152.2972,70.5749],[-152.2969,70.5749],[-152.2965,70.5749],[-152.2963,70.5749],[-152.2958,70.575],[-152.2947,70.5751],[-152.2937,70.575],[-152.2927,70.5751],[-152.2916,70.5752],[-152.291,70.5751],[-152.2905,70.5751],[-152.2901,70.5751],[-152.2896,70.5752],[-152.2888,70.5752],[-152.2877,70.5752],[-152.2861,70.5751],[-152.2853,70.5751],[-152.2847,70.5751],[-152.2843,70.5752],[-152.284,70.5753],[-152.2834,70.5753],[-152.283,70.5752],[-152.2821,70.5752],[-152.2816,70.5752],[-152.2797,70.5752],[-152.2787,70.5752],[-152.278,70.5751],[-152.2774,70.5751],[-152.2766,70.5749],[-152.276,70.5748],[-152.2752,70.5747],[-152.2748,70.5747],[-152.2744,70.5747],[-152.2741,70.5747],[-152.2731,70.5745],[-152.2715,70.5743],[-152.269,70.5738],[-152.2679,70.5735],[-152.2666,70.5732],[-152.2639,70.5725],[-152.2631,70.5724],[-152.2623,70.5723],[-152.2613,70.5722],[-152.2604,70.5721],[-152.259,70.5719],[-152.2579,70.5715],[-152.2558,70.5709],[-152.2544,70.5703],[-152.2536,70.5708],[-152.2522,70.5713],[-152.2512,70.5715],[-152.2503,70.5718],[-152.2482,70.5725],[-152.245,70.5732],[-152.2416,70.5739],[-152.2387,70.5751],[-152.2369,70.5758],[-152.236,70.5762],[-152.2346,70.5764],[-152.2327,70.5765],[-152.2315,70.5765],[-152.2299,70.577],[-152.229,70.5774],[-152.228,70.5779],[-152.2266,70.5787],[-152.2246,70.5798],[-152.2225,70.5807],[-152.2212,70.5813],[-152.219,70.5821],[-152.217,70.5826],[-152.2159,70.5827],[-152.215,70.5828],[-152.2139,70.5828],[-152.2129,70.5829],[-152.2125,70.5829],[-152.2107,70.5828],[-152.2086,70.5826],[-152.2052,70.5825],[-152.2017,70.5822],[-152.1973,70.5815],[-152.1945,70.581],[-152.1893,70.5799],[-152.187,70.5794],[-152.1846,70.5788],[-152.1838,70.5788],[-152.1822,70.5785],[-152.1801,70.578],[-152.1778,70.5775],[-152.1762,70.5772],[-152.1737,70.5768],[-152.1726,70.5767],[-152.172,70.5767],[-152.1697,70.5766],[-152.168,70.5766],[-152.1663,70.5764],[-152.1643,70.576],[-152.1626,70.5758],[-152.1616,70.5757],[-152.1606,70.5757],[-152.1592,70.5756],[-152.1577,70.5754],[-152.1565,70.5752],[-152.1556,70.5752],[-152.1552,70.5752],[-152.1525,70.5746],[-152.1518,70.5746],[-152.1514,70.5745],[-152.1506,70.5743],[-152.1498,70.5741],[-152.1492,70.5739],[-152.148,70.5736],[-152.1472,70.5733],[-152.1463,70.5729],[-152.1456,70.5727],[-152.1448,70.5726],[-152.1447,70.5725],[-152.144,70.5724],[-152.1429,70.5722],[-152.1427,70.572],[-152.1417,70.5718],[-152.1411,70.5718],[-152.1406,70.5716],[-152.1403,70.5714],[-152.1399,70.5712],[-152.1392,70.5711],[-152.1386,70.5711],[-152.138,70.571],[-152.1374,70.5706],[-152.1369,70.5702],[-152.1359,70.5698],[-152.1356,70.5695],[-152.135,70.5691],[-152.1347,70.5687],[-152.1343,70.5684],[-152.1342,70.5683],[-152.1337,70.5681]]},"properties":{}},{"type":"Feature","geometry":{"type":"LineString","coordinates":[[-152.2423,70.591],[-152.2434,70.5912],[-152.2445,70.5914],[-152.2457,70.5916],[-152.2468,70.5918],[-152.2484,70.5919],[-152.2514,70.5921],[-152.2533,70.5923],[-152.2568,70.5925],[-152.2648,70.5933],[-152.2668,70.5936],[-152.27,70.5943],[-152.2735,70.5951],[-152.2753,70.5958],[-152.2775,70.5963],[-152.279,70.5968],[-152.2799,70.597],[-152.2811,70.5973],[-152.2819,70.5975],[-152.2841,70.598],[-152.2866,70.5985],[-152.2876,70.5988],[-152.2889,70.5991],[-152.29,70.5995],[-152.2925,70.6003],[-152.2951,70.6011],[-152.2999,70.6026],[-152.3017,70.6033],[-152.3028,70.6035],[-152.3043,70.604],[-152.3061,70.6048],[-152.3075,70.6053],[-152.3081,70.6055],[-152.3115,70.606],[-152.312,70.6057],[-152.3127,70.6051],[-152.3132,70.6047],[-152.3142,70.6042],[-152.3146,70.6039],[-152.3156,70.6035],[-152.3167,70.6031],[-152.318,70.6026],[-152.3196,70.6021],[-152.3211,70.6012],[-152.3246,70.6003],[-152.3272,70.5995],[-152.3299,70.5988],[-152.3329,70.5982],[-152.3365,70.5976],[-152.3416,70.5969],[-152.3482,70.5966],[-152.3485,70.5967],[-152.3505,70.5967],[-152.3527,70.5969],[-152.3566,70.5977],[-152.3584,70.5983],[-152.3599,70.5985],[-152.3609,70.599],[-152.3614,70.5994],[-152.3621,70.5998],[-152.3644,70.6007],[-152.3689,70.6015],[-152.37,70.6019],[-152.3712,70.6022],[-152.372,70.6025],[-152.374,70.6031],[-152.3758,70.6037],[-152.38,70.6042],[-152.3816,70.6046],[-152.3828,70.6051],[-152.3836,70.6054],[-152.3848,70.6057],[-152.3864,70.6061],[-152.3876,70.6065],[-152.3882,70.6068],[-152.3899,70.6073],[-152.4036,70.6072],[-152.4131,70.6067],[-152.4159,70.6071],[-152.4178,70.6079],[-152.4193,70.6082],[-152.4218,70.6085],[-152.4229,70.6092],[-152.4257,70.6106],[-152.4283,70.6121],[-152.4324,70.6148],[-152.4349,70.6171],[-152.4353,70.6175],[-152.4404,70.6226],[-152.4439,70.6265],[-152.4469,70.6297],[-152.4494,70.6319],[-152.4502,70.6323],[-152.4517,70.6327],[-152.4526,70.6333],[-152.456,70.6344],[-152.4602,70.635],[-152.4629,70.6353],[-152.4639,70.6355],[-152.4669,70.6356],[-152.469,70.6354],[-152.4687,70.6342],[-152.4687,70.633],[-152.4678,70.6312],[-152.468,70.6306],[-152.4684,70.6303],[-152.469,70.6302],[-152.4711,70.6301],[-152.4706,70.6296],[-152.471,70.6286],[-152.4703,70.6279],[-152.4704,70.6275],[-152.4713,70.6271],[-152.474,70.6259],[-152.4749,70.6249],[-152.478,70.6243],[-152.4791,70.6226],[-152.4799,70.6222],[-152.4806,70.6221],[-152.4821,70.622],[-152.4835,70.622],[-152.4851,70.6216],[-152.4869,70.6208],[-152.4969,70.6206],[-152.5035,70.6182],[-152.5117,70.6186],[-152.5191,70.6182],[-152.531,70.6182],[-152.5408,70.6243],[-152.5382,70.6295],[-152.5378,70.6308],[-152.5365,70.6313],[-152.5352,70.6316],[-152.5322,70.632],[-152.528,70.6326],[-152.5271,70.6326],[-152.5239,70.6322],[-152.5208,70.6321],[-152.5191,70.633],[-152.5211,70.6349],[-152.5229,70.6354],[-152.5275,70.6353],[-152.5315,70.6347],[-152.533,70.6337],[-152.536,70.6332],[-152.5375,70.6329],[-152.5394,70.6327],[-152.5421,70.6325],[-152.5453,70.6325],[-152.5475,70.6327],[-152.5483,70.6332],[-152.5494,70.6336],[-152.5504,70.6339],[-152.5533,70.6334],[-152.5552,70.633],[-152.558,70.6328],[-152.5663,70.6294],[-152.5663,70.6282],[-152.5656,70.6263],[-152.5678,70.6253],[-152.5704,70.6256],[-152.5743,70.6266],[-152.5771,70.6269],[-152.5798,70.6276],[-152.5834,70.628],[-152.5865,70.6277],[-152.5881,70.6279],[-152.5875,70.6286],[-152.5854,70.6294],[-152.5834,70.63],[-152.5795,70.6299],[-152.5763,70.6305],[-152.5739,70.6315],[-152.5733,70.6325],[-152.5709,70.6333],[-152.5697,70.6337],[-152.565,70.6354],[-152.5648,70.6355],[-152.5637,70.6357],[-152.562,70.6361],[-152.5605,70.6363],[-152.56,70.6364],[-152.5537,70.6365],[-152.5496,70.6366],[-152.5466,70.6367],[-152.5396,70.6364],[-152.5369,70.6364],[-152.5348,70.6365],[-152.5336,70.6366],[-152.5331,70.6369],[-152.5283,70.6412],[-152.5276,70.6419],[-152.5269,70.644],[-152.5272,70.6459],[-152.5279,70.6485],[-152.5287,70.6503],[-152.5301,70.6517],[-152.5302,70.6526],[-152.5305,70.6535],[-152.5324,70.6563],[-152.5327,70.657],[-152.5331,70.6577],[-152.534,70.6594],[-152.5345,70.6599],[-152.5347,70.6604],[-152.5342,70.6608],[-152.5342,70.6611],[-152.5326,70.6614],[-152.5303,70.6616],[-152.5292,70.6617],[-152.527,70.662],[-152.526,70.6621],[-152.5251,70.6623],[-152.5239,70.6623],[-152.5213,70.6615],[-152.5212,70.6612],[-152.5232,70.6609],[-152.5234,70.6606],[-152.5243,70.6604],[-152.5245,70.6601],[-152.524,70.6601],[-152.5228,70.6599],[-152.523,70.6594],[-152.5227,70.659],[-152.5227,70.6584],[-152.5224,70.6578],[-152.5221,70.6561],[-152.5218,70.6549],[-152.5215,70.6531],[-152.5197,70.6492],[-152.517,70.6446],[-152.5161,70.6434],[-152.5153,70.6428],[-152.5155,70.6427],[-152.5157,70.6425],[-152.5152,70.6411],[-152.5143,70.6404],[-152.5089,70.6412],[-152.5041,70.6411],[-152.5021,70.6416],[-152.5007,70.6418],[-152.4996,70.6418],[-152.4989,70.6415],[-152.4987,70.6412],[-152.4993,70.6404],[-152.5016,70.64],[-152.5027,70.6394],[-152.5039,70.639],[-152.5045,70.6383],[-152.5043,70.6376],[-152.5015,70.6374],[-152.5016,70.6372],[-152.5001,70.6365],[-152.4985,70.6334],[-152.496,70.6327],[-152.4964,70.6314],[-152.495,70.6307],[-152.4944,70.6306],[-152.4934,70.6308],[-152.4926,70.631],[-152.4904,70.6316],[-152.489,70.632],[-152.4859,70.6328],[-152.4844,70.6332],[-152.4829,70.6338],[-152.4824,70.6345],[-152.4816,70.6356],[-152.4811,70.636],[-152.4806,70.6363],[-152.4804,70.6364],[-152.4799,70.6372],[-152.4796,70.6376],[-152.4793,70.6381],[-152.4786,70.6384],[-152.4776,70.6388],[-152.4767,70.6391],[-152.4759,70.6397],[-152.474,70.6401],[-152.4731,70.6405],[-152.4717,70.6408],[-152.4709,70.6411],[-152.4702,70.6412],[-152.4689,70.6418],[-152.4675,70.6424],[-152.4669,70.643],[-152.4666,70.6435],[-152.4654,70.6447],[-152.4658,70.6455],[-152.4657,70.6459],[-152.4659,70.6463],[-152.466,70.6467],[-152.4656,70.647],[-152.4656,70.6475],[-152.466,70.648],[-152.4663,70.6486],[-152.4666,70.6493],[-152.4666,70.6496],[-152.4667,70.6506],[-152.4669,70.6512],[-152.4668,70.6516],[-152.4668,70.652],[-152.4666,70.6525],[-152.4668,70.653],[-152.4672,70.6531],[-152.4672,70.6533],[-152.4671,70.6535],[-152.4671,70.6536],[-152.4674,70.6541],[-152.4674,70.6543],[-152.4676,70.6545],[-152.4679,70.6547],[-152.4681,70.6554],[-152.4684,70.656],[-152.4685,70.6568],[-152.4689,70.6572],[-152.4691,70.658],[-152.4693,70.6583],[-152.4691,70.6588],[-152.4693,70.6593],[-152.4696,70.6602],[-152.4697,70.6609],[-152.4694,70.6614],[-152.4689,70.6618],[-152.4691,70.6623],[-152.469,70.6627],[-152.469,70.663],[-152.4691,70.6633],[-152.4694,70.6635],[-152.4698,70.6637],[-152.4699,70.6639],[-152.4701,70.6643],[-152.4706,70.6644],[-152.4708,70.6647],[-152.471,70.6652],[-152.472,70.6661],[-152.4733,70.6665],[-152.4741,70.6668],[-152.4744,70.667],[-152.4748,70.6673],[-152.4754,70.6675],[-152.4758,70.6678],[-152.4761,70.6682],[-152.4762,70.6685],[-152.4767,70.6692],[-152.4765,70.6693],[-152.4766,70.6695],[-152.4762,70.6697],[-152.4753,70.6697],[-152.4746,70.6697],[-152.4741,70.6699],[-152.4737,70.6703],[-152.4739,70.6706],[-152.4741,70.6708],[-152.4743,70.6709],[-152.4748,70.6711],[-152.4749,70.6713],[-152.4749,70.6714],[-152.4749,70.6715],[-152.4749,70.6718],[-152.4749,70.672],[-152.4752,70.6722],[-152.4754,70.6724],[-152.4758,70.673],[-152.4761,70.6736],[-152.4765,70.6741],[-152.4765,70.6746],[-152.477,70.6752],[-152.4769,70.6763],[-152.4773,70.6767],[-152.4779,70.6777],[-152.4818,70.6783],[-152.4831,70.6785],[-152.4853,70.6789],[-152.486,70.679],[-152.4863,70.6791],[-152.4866,70.6791],[-152.4881,70.6794],[-152.4881,70.6795],[-152.4878,70.6796],[-152.4868,70.6795],[-152.4859,70.6794],[-152.4848,70.6793],[-152.4843,70.6792],[-152.4805,70.6794],[-152.4796,70.6792],[-152.4777,70.6796],[-152.478,70.6799],[-152.4777,70.6803],[-152.4774,70.6805],[-152.4772,70.6808],[-152.4789,70.6841],[-152.4796,70.6856],[-152.4799,70.6866],[-152.4799,70.6874],[-152.4802,70.6896],[-152.4793,70.6904],[-152.4792,70.6912],[-152.4777,70.6917],[-152.4755,70.6923],[-152.4737,70.6925],[-152.4714,70.6929],[-152.4697,70.693],[-152.4675,70.6932],[-152.4663,70.6933],[-152.4653,70.6936],[-152.4648,70.6936],[-152.4637,70.6933],[-152.4538,70.6923],[-152.447,70.6927],[-152.446,70.6927],[-152.4441,70.6926],[-152.4432,70.6924],[-152.4419,70.692],[-152.4392,70.692],[-152.4377,70.6929],[-152.4366,70.6934],[-152.4357,70.694],[-152.4344,70.6943],[-152.4322,70.6968],[-152.4314,70.6981],[-152.4314,70.6989],[-152.4302,70.7],[-152.428,70.7004],[-152.4257,70.701],[-152.4246,70.7014],[-152.4245,70.7005],[-152.4248,70.6999],[-152.425,70.6995],[-152.4261,70.6989],[-152.43,70.6949],[-152.4296,70.6944],[-152.4301,70.6939],[-152.4283,70.6935],[-152.4271,70.6937],[-152.4259,70.6953],[-152.4225,70.6998],[-152.4215,70.701],[-152.4207,70.7022],[-152.4189,70.7031],[-152.4181,70.7038],[-152.4176,70.7041],[-152.4161,70.7046],[-152.4149,70.7049],[-152.4135,70.7049],[-152.4125,70.7051],[-152.4113,70.7053],[-152.4095,70.7056],[-152.4082,70.7057],[-152.407,70.7058],[-152.406,70.7059],[-152.4047,70.7062],[-152.4033,70.7065],[-152.4015,70.7074],[-152.4018,70.7078],[-152.4013,70.7086],[-152.401,70.7091],[-152.401,70.7096],[-152.4002,70.7108],[-152.3994,70.7113],[-152.3977,70.712],[-152.3937,70.7122],[-152.3925,70.7123],[-152.3916,70.7124],[-152.3897,70.7123],[-152.3882,70.7126],[-152.387,70.7129],[-152.3863,70.7133],[-152.3852,70.7137],[-152.3831,70.7142],[-152.3825,70.7147],[-152.3822,70.7152],[-152.3819,70.7158],[-152.3819,70.7163],[-152.3827,70.717],[-152.3849,70.718],[-152.3873,70.7182],[-152.3889,70.7186],[-152.3903,70.7192],[-152.3909,70.7199],[-152.3915,70.7204],[-152.3918,70.7215],[-152.3924,70.7225],[-152.3927,70.723],[-152.3932,70.7234],[-152.3932,70.7238],[-152.3938,70.7241],[-152.3952,70.7244],[-152.3972,70.724],[-152.3987,70.7237],[-152.4002,70.7237],[-152.4012,70.7237],[-152.404,70.7236],[-152.4054,70.7238],[-152.4067,70.7242],[-152.4083,70.7245],[-152.4107,70.725],[-152.4131,70.7252],[-152.415,70.726],[-152.4167,70.7266],[-152.419,70.7273],[-152.4196,70.728],[-152.4199,70.7284],[-152.4126,70.7308],[-152.4115,70.7308],[-152.4096,70.7307],[-152.408,70.7308],[-152.4075,70.7309],[-152.4062,70.731],[-152.4051,70.7312],[-152.4035,70.7316],[-152.4027,70.7319],[-152.402,70.7321],[-152.401,70.7322],[-152.4004,70.7324],[-152.4001,70.7324],[-152.3992,70.7325],[-152.3974,70.7329],[-152.3971,70.7331],[-152.3961,70.7332],[-152.3947,70.7336],[-152.3942,70.734],[-152.3933,70.7344],[-152.3924,70.7348],[-152.3914,70.7355],[-152.3908,70.7357],[-152.3903,70.736],[-152.3898,70.7364],[-152.3896,70.7367],[-152.3892,70.7369],[-152.3886,70.7371],[-152.3884,70.7372],[-152.3873,70.7375],[-152.3865,70.7376],[-152.3863,70.7378],[-152.3857,70.7381],[-152.3855,70.7383],[-152.3847,70.7387],[-152.3851,70.7391],[-152.3856,70.7395],[-152.3862,70.7398],[-152.3863,70.7401],[-152.3868,70.7404],[-152.3869,70.7406],[-152.3872,70.7408],[-152.3881,70.7409],[-152.3889,70.7409],[-152.3895,70.7409],[-152.3896,70.741],[-152.3897,70.7411],[-152.3897,70.7413],[-152.3897,70.7417],[-152.39,70.7419],[-152.39,70.742],[-152.3906,70.742],[-152.3908,70.7422],[-152.3908,70.7423],[-152.3906,70.7425],[-152.3905,70.7427],[-152.3905,70.7428],[-152.3911,70.7432],[-152.3924,70.7433],[-152.3932,70.7435],[-152.3941,70.7434],[-152.3955,70.7434],[-152.3965,70.7435],[-152.3971,70.7436],[-152.398,70.7438],[-152.3992,70.7442],[-152.4002,70.7444],[-152.4009,70.745],[-152.4021,70.7452],[-152.4028,70.7456],[-152.4034,70.746],[-152.4042,70.7463],[-152.4048,70.7466],[-152.4059,70.7475],[-152.4069,70.748],[-152.4084,70.7483],[-152.41,70.7485],[-152.4126,70.7486],[-152.4146,70.7486],[-152.4169,70.7486],[-152.4187,70.7485],[-152.4203,70.7485],[-152.4198,70.7488],[-152.419,70.7492],[-152.4182,70.7494],[-152.4175,70.7498],[-152.4165,70.7499],[-152.415,70.7499],[-152.4135,70.7498],[-152.4119,70.7497],[-152.4099,70.7496],[-152.4091,70.7496],[-152.4039,70.7489],[-152.4022,70.7481],[-152.4004,70.7476],[-152.3987,70.7472],[-152.3963,70.7469],[-152.3934,70.7471],[-152.3921,70.7453],[-152.3905,70.7448],[-152.3898,70.7451],[-152.3897,70.7453],[-152.388,70.7452],[-152.3875,70.7449],[-152.3858,70.7446],[-152.3841,70.7443],[-152.3822,70.744],[-152.382,70.7439],[-152.3813,70.7437],[-152.3803,70.7435],[-152.3799,70.7431],[-152.3798,70.743],[-152.3795,70.7429],[-152.3791,70.7427],[-152.3793,70.7422],[-152.3796,70.742],[-152.3796,70.7415],[-152.379,70.7412],[-152.3789,70.7409],[-152.3795,70.7404],[-152.3798,70.7403],[-152.3799,70.74],[-152.3796,70.7397],[-152.3794,70.7394],[-152.3793,70.739],[-152.3794,70.7387],[-152.3799,70.7382],[-152.3806,70.7379],[-152.381,70.7377],[-152.3815,70.7374],[-152.3817,70.7372],[-152.3816,70.737],[-152.3813,70.7369],[-152.3796,70.7366],[-152.3787,70.7365],[-152.3782,70.7363],[-152.3775,70.7361],[-152.3768,70.7357],[-152.3758,70.7354],[-152.3743,70.7351],[-152.3734,70.7348],[-152.3726,70.7346],[-152.3713,70.7343],[-152.3704,70.7342],[-152.3698,70.7343],[-152.3694,70.7344],[-152.3692,70.7345],[-152.368,70.7351],[-152.3662,70.7367],[-152.3648,70.7375],[-152.3637,70.7383],[-152.3626,70.7389],[-152.3626,70.7391],[-152.3625,70.7392],[-152.3622,70.7393],[-152.362,70.7393],[-152.3619,70.7394],[-152.362,70.7395],[-152.3619,70.7396],[-152.3616,70.7397],[-152.3613,70.7398],[-152.3611,70.7399],[-152.361,70.74],[-152.3608,70.74],[-152.3603,70.7402],[-152.3602,70.7403],[-152.3602,70.7404],[-152.3601,70.7404],[-152.3596,70.7406],[-152.3594,70.7408],[-152.3592,70.7409],[-152.3589,70.741],[-152.3587,70.7411],[-152.3586,70.7411],[-152.3584,70.7412],[-152.3585,70.7413],[-152.3596,70.7415],[-152.3603,70.7418],[-152.3609,70.7421],[-152.3619,70.7426],[-152.3623,70.7428],[-152.3627,70.7432],[-152.3633,70.7436],[-152.3634,70.7439],[-152.3638,70.7444],[-152.3649,70.7456],[-152.3655,70.7462],[-152.3659,70.7468],[-152.3659,70.7471],[-152.3659,70.7472],[-152.366,70.7476],[-152.3655,70.7477],[-152.3633,70.7481],[-152.3632,70.7486],[-152.3632,70.7489],[-152.3629,70.749],[-152.3621,70.749],[-152.3613,70.749],[-152.3599,70.749],[-152.3582,70.7493],[-152.357,70.7492],[-152.356,70.7487],[-152.3553,70.7485],[-152.3552,70.7482],[-152.3548,70.7475],[-152.3549,70.7469],[-152.3541,70.7456],[-152.3517,70.7455],[-152.3509,70.7457],[-152.3504,70.7455],[-152.3496,70.7452],[-152.3492,70.745],[-152.3484,70.7458],[-152.348,70.7463],[-152.3474,70.7468],[-152.3473,70.747],[-152.3461,70.748],[-152.3455,70.7485],[-152.345,70.7494],[-152.3443,70.7498],[-152.3439,70.7502],[-152.3427,70.7512],[-152.3421,70.7517],[-152.3413,70.7523],[-152.3409,70.7526],[-152.3404,70.753],[-152.3399,70.7537],[-152.3393,70.7541],[-152.3389,70.7543],[-152.3385,70.7546],[-152.3381,70.7548],[-152.3377,70.7551],[-152.3372,70.7554],[-152.3358,70.7567],[-152.3352,70.7574],[-152.3358,70.7572],[-152.3359,70.757],[-152.3362,70.7569],[-152.3363,70.7567],[-152.3367,70.7566],[-152.3373,70.7566],[-152.338,70.7566],[-152.3386,70.7566],[-152.3391,70.7566],[-152.3396,70.7566],[-152.3402,70.7567],[-152.3406,70.7571],[-152.3406,70.7574],[-152.3404,70.7576],[-152.3404,70.7576],[-152.3402,70.7578],[-152.3398,70.7578],[-152.3394,70.7579],[-152.3392,70.7579],[-152.3395,70.7581],[-152.3391,70.7583],[-152.3389,70.7584],[-152.3387,70.7587],[-152.3387,70.7588],[-152.3389,70.759],[-152.339,70.7592],[-152.3387,70.7593],[-152.3385,70.7593],[-152.3382,70.7592],[-152.3383,70.7591],[-152.338,70.7591],[-152.3378,70.759],[-152.3378,70.7589],[-152.3378,70.7587],[-152.3375,70.7588],[-152.3368,70.759],[-152.3365,70.759],[-152.3361,70.759],[-152.3357,70.7592],[-152.335,70.7592],[-152.3342,70.7592],[-152.3327,70.7592],[-152.332,70.7597],[-152.3314,70.7602],[-152.3307,70.7606],[-152.3303,70.7608],[-152.3294,70.7613],[-152.3287,70.7614],[-152.3285,70.7616],[-152.3279,70.7618],[-152.3273,70.762],[-152.327,70.7621],[-152.3265,70.7625],[-152.3263,70.7628],[-152.3258,70.7631],[-152.3256,70.7632],[-152.3255,70.7634],[-152.3252,70.7636],[-152.3249,70.764],[-152.3246,70.7643],[-152.3242,70.7646],[-152.3241,70.7647],[-152.3237,70.765],[-152.3228,70.7659],[-152.3221,70.7665],[-152.3216,70.7668],[-152.3213,70.767],[-152.3212,70.7671],[-152.3209,70.7676],[-152.3205,70.768],[-152.3201,70.7682],[-152.3196,70.7684],[-152.3194,70.7686],[-152.3191,70.769],[-152.3187,70.7692],[-152.3183,70.7696],[-152.318,70.77],[-152.3176,70.7704],[-152.3175,70.7706],[-152.3169,70.7715],[-152.316,70.7724],[-152.3155,70.7727],[-152.3149,70.773],[-152.3138,70.7732],[-152.3128,70.7732],[-152.3124,70.7736],[-152.3122,70.774],[-152.3117,70.7745],[-152.3115,70.7749],[-152.3113,70.7752],[-152.3109,70.7755],[-152.3106,70.7758],[-152.3102,70.776],[-152.3097,70.7762],[-152.3091,70.7763],[-152.3088,70.7764],[-152.308,70.7773],[-152.307,70.7784],[-152.3064,70.7788],[-152.3054,70.7797],[-152.3043,70.7802],[-152.3035,70.7805],[-152.3026,70.7809],[-152.3015,70.7812],[-152.3001,70.7814],[-152.2993,70.7816],[-152.2991,70.7819],[-152.2985,70.7825],[-152.2976,70.7831],[-152.297,70.7835],[-152.296,70.784],[-152.2948,70.7847],[-152.2936,70.7854],[-152.2927,70.786],[-152.2918,70.7863],[-152.2911,70.7867],[-152.2906,70.7869],[-152.2903,70.7871],[-152.29,70.7874],[-152.2893,70.7877],[-152.2888,70.7878],[-152.2886,70.7879],[-152.2885,70.788],[-152.288,70.7881],[-152.2876,70.7882],[-152.2873,70.7883],[-152.2867,70.7884],[-152.286,70.7884],[-152.2856,70.7885],[-152.2849,70.7887],[-152.2836,70.789],[-152.2822,70.7893],[-152.2805,70.7897],[-152.2795,70.79],[-152.2791,70.7901],[-152.2786,70.7901],[-152.2784,70.7901],[-152.278,70.7902],[-152.2778,70.7903],[-152.2776,70.7904],[-152.2772,70.7904],[-152.2765,70.7905],[-152.276,70.7906],[-152.2755,70.7907],[-152.2747,70.7909],[-152.2739,70.7911],[-152.2734,70.7914],[-152.2726,70.7916],[-152.2719,70.7917],[-152.2714,70.7918],[-152.2712,70.7919],[-152.271,70.7919],[-152.2698,70.792],[-152.2695,70.7921],[-152.2692,70.7922],[-152.2684,70.7923],[-152.2674,70.7924],[-152.2669,70.7926],[-152.2664,70.7928],[-152.2658,70.7929],[-152.2652,70.793],[-152.2641,70.7931],[-152.2635,70.7933],[-152.2626,70.7934],[-152.261,70.7937],[-152.2601,70.7938],[-152.2583,70.794],[-152.2567,70.7942],[-152.2549,70.7943],[-152.2535,70.7943],[-152.2524,70.7944],[-152.2496,70.7947],[-152.2489,70.7949],[-152.2474,70.795],[-152.2448,70.7952],[-152.2428,70.7954],[-152.2416,70.7954],[-152.2409,70.7955],[-152.2401,70.7955],[-152.2378,70.7956],[-152.2355,70.7957],[-152.2333,70.7958],[-152.2327,70.7958],[-152.2295,70.7959],[-152.2275,70.796],[-152.2263,70.7961],[-152.2252,70.796],[-152.2243,70.796],[-152.2219,70.7958],[-152.2203,70.7959],[-152.2188,70.7962],[-152.2167,70.7965],[-152.2155,70.7966],[-152.2151,70.7967],[-152.2134,70.7967],[-152.2116,70.7967],[-152.21,70.7967],[-152.2086,70.7968],[-152.2077,70.797],[-152.2063,70.7974],[-152.2059,70.7978],[-152.2057,70.798],[-152.2058,70.7985],[-152.2056,70.7993],[-152.2059,70.7999],[-152.2061,70.8004],[-152.2064,70.8008],[-152.2068,70.8019],[-152.2076,70.8026],[-152.2077,70.8031],[-152.2078,70.8037],[-152.2078,70.8049],[-152.209,70.8069],[-152.2091,70.809],[-152.2085,70.811],[-152.2078,70.8117],[-152.2073,70.8127],[-152.2066,70.8131],[-152.2058,70.8134],[-152.2056,70.8139],[-152.2057,70.8144],[-152.2067,70.8152],[-152.2083,70.8163],[-152.2078,70.817],[-152.2066,70.817],[-152.2055,70.8165],[-152.2045,70.8162],[-152.2039,70.8158],[-152.2024,70.8149],[-152.2013,70.8143],[-152.2007,70.814],[-152.2002,70.8137],[-152.1999,70.8133],[-152.1997,70.813],[-152.1987,70.8124],[-152.1984,70.8121],[-152.198,70.8118],[-152.1974,70.811],[-152.1972,70.8107],[-152.1969,70.8103],[-152.1961,70.8097],[-152.1956,70.8094],[-152.1953,70.8091],[-152.1951,70.8088],[-152.1946,70.8083]]},"properties":{}},{"type":"Feature","geometry":{"type":"LineString","coordinates":[[-151.925,70.4451],[-151.9256,70.4451],[-151.9258,70.445],[-151.9259,70.445],[-151.9262,70.4448],[-151.9265,70.4447],[-151.9274,70.4446],[-151.9281,70.4444],[-151.9281,70.4443],[-151.9279,70.4441],[-151.9277,70.444],[-151.927,70.4435],[-151.9267,70.4424],[-151.9267,70.4419],[-151.9276,70.4408],[-151.9295,70.4386],[-151.9335,70.4356],[-151.9339,70.4353],[-151.9346,70.4351],[-151.935,70.4347],[-151.9359,70.4339],[-151.9367,70.4336],[-151.9372,70.4334],[-151.9389,70.4319],[-151.9435,70.4294],[-151.9465,70.4283],[-151.9493,70.4277],[-151.9497,70.4277],[-151.9512,70.4276],[-151.954,70.4278],[-151.9565,70.4279],[-151.9577,70.428],[-151.9583,70.4281],[-151.9596,70.4283],[-151.9606,70.428],[-151.9615,70.4275],[-151.9616,70.4269],[-151.9623,70.4257],[-151.9637,70.4255],[-151.9646,70.4254],[-151.9655,70.4255],[-151.9668,70.4256],[-151.9684,70.4261],[-151.9692,70.4262],[-151.9693,70.4264],[-151.9695,70.4267],[-151.97,70.427],[-151.9707,70.4274],[-151.9715,70.4277],[-151.9717,70.4281],[-151.9714,70.4284],[-151.9717,70.4286],[-151.9719,70.4289],[-151.9724,70.4291],[-151.9729,70.4294],[-151.9726,70.4296],[-151.9725,70.4298],[-151.9729,70.4302],[-151.9727,70.4304],[-151.973,70.4306],[-151.9734,70.4308],[-151.9734,70.4311],[-151.9736,70.4314],[-151.9739,70.4315],[-151.974,70.4317],[-151.9736,70.4319],[-151.9741,70.4322],[-151.9742,70.4326],[-151.9747,70.4329],[-151.975,70.4331],[-151.9752,70.4335],[-151.9754,70.4337],[-151.976,70.434],[-151.9757,70.4342],[-151.9749,70.4345],[-151.9743,70.4346],[-151.9737,70.4346],[-151.9724,70.4344],[-151.9721,70.434],[-151.9712,70.4339],[-151.9713,70.4343],[-151.9712,70.4344],[-151.9707,70.4345],[-151.97,70.4347],[-151.9697,70.4349],[-151.9698,70.4349],[-151.9702,70.4353],[-151.9694,70.4354],[-151.9691,70.4356],[-151.9688,70.4359],[-151.9682,70.4361],[-151.9677,70.436],[-151.9669,70.4356],[-151.9666,70.4354],[-151.9659,70.4351],[-151.9647,70.4345],[-151.9653,70.434],[-151.9657,70.4338],[-151.9654,70.4335],[-151.9635,70.4333],[-151.9623,70.433],[-151.9615,70.4328],[-151.9612,70.4326],[-151.9606,70.4324],[-151.9605,70.4322],[-151.9597,70.4319],[-151.9594,70.4319],[-151.9594,70.432],[-151.9585,70.4324],[-151.9589,70.4327],[-151.9595,70.4328],[-151.9603,70.4329],[-151.9605,70.433],[-151.9604,70.4331],[-151.9595,70.4332],[-151.9587,70.4331],[-151.9582,70.4331],[-151.958,70.4331],[-151.958,70.4333],[-151.9588,70.4334],[-151.9597,70.4334],[-151.9601,70.4336],[-151.9609,70.4337],[-151.9624,70.4338],[-151.9633,70.4338],[-151.9634,70.434],[-151.9628,70.4341],[-151.9615,70.434],[-151.9608,70.434],[-151.9598,70.434],[-151.9592,70.4342],[-151.9567,70.4344],[-151.9562,70.4345],[-151.9552,70.4342],[-151.9547,70.4343],[-151.9536,70.4346],[-151.9525,70.4347],[-151.9512,70.4349],[-151.9494,70.4349],[-151.9478,70.4348],[-151.9474,70.4349],[-151.9473,70.4351],[-151.948,70.4352],[-151.9486,70.4354],[-151.9484,70.4357],[-151.9478,70.4359],[-151.9481,70.436],[-151.9487,70.4361],[-151.9481,70.4363],[-151.9474,70.4364],[-151.9465,70.4367],[-151.9473,70.4368],[-151.9477,70.4371],[-151.9473,70.4372],[-151.9465,70.4373],[-151.9464,70.4376],[-151.9469,70.438],[-151.9473,70.4385],[-151.9488,70.4385],[-151.9496,70.4387],[-151.9509,70.4392],[-151.952,70.4396],[-151.9517,70.4397],[-151.9512,70.44],[-151.951,70.4405],[-151.9513,70.441],[-151.9512,70.4413],[-151.9517,70.4421],[-151.9531,70.4429],[-151.9542,70.4437],[-151.9539,70.4439],[-151.9532,70.4441],[-151.9522,70.4442],[-151.9513,70.4444],[-151.9509,70.4447],[-151.9501,70.445],[-151.9495,70.4453],[-151.9487,70.4455],[-151.9472,70.446],[-151.9463,70.446],[-151.9442,70.446],[-151.9425,70.446],[-151.9419,70.4458],[-151.9412,70.4458],[-151.9406,70.4458],[-151.9407,70.446],[-151.9411,70.4463],[-151.9412,70.4467],[-151.9406,70.447],[-151.9406,70.4473],[-151.9413,70.448],[-151.9417,70.4487],[-151.9425,70.4496],[-151.9431,70.4507],[-151.9439,70.4522],[-151.9444,70.4531],[-151.9444,70.4535],[-151.9444,70.4539],[-151.9452,70.4546],[-151.9457,70.4547],[-151.9461,70.455],[-151.9463,70.4551],[-151.9471,70.4555],[-151.9478,70.4555],[-151.9493,70.4555],[-151.9498,70.4559],[-151.9511,70.4573],[-151.9511,70.4576],[-151.9516,70.4581],[-151.9525,70.4584],[-151.9531,70.4587],[-151.9542,70.4588],[-151.9554,70.4584],[-151.9565,70.4582],[-151.9573,70.4582],[-151.9584,70.458],[-151.9596,70.4579],[-151.9606,70.4578],[-151.9616,70.4576],[-151.9626,70.4575],[-151.9633,70.4574],[-151.9641,70.4573],[-151.9651,70.4575],[-151.9657,70.4578],[-151.9663,70.458],[-151.967,70.4582],[-151.9678,70.4585],[-151.9697,70.4587],[-151.9708,70.4586],[-151.9722,70.4584],[-151.9729,70.4584],[-151.9742,70.4587],[-151.9736,70.459],[-151.9734,70.4594],[-151.9734,70.4596],[-151.9732,70.4597],[-151.9716,70.46],[-151.9703,70.4602],[-151.9696,70.4607],[-151.9684,70.4608],[-151.9676,70.4608],[-151.9665,70.4607],[-151.9658,70.4606],[-151.9652,70.4602],[-151.9641,70.4601],[-151.9626,70.46],[-151.9616,70.46],[-151.9606,70.4599],[-151.9602,70.4599],[-151.9594,70.46],[-151.9589,70.4603],[-151.9588,70.4606],[-151.959,70.4608],[-151.959,70.4611],[-151.959,70.4612],[-151.9578,70.4611],[-151.9568,70.4607],[-151.9557,70.4609],[-151.9549,70.4612],[-151.9542,70.4614],[-151.953,70.4614],[-151.952,70.4614],[-151.9517,70.4615],[-151.9509,70.4618],[-151.9507,70.4623],[-151.9504,70.4624],[-151.9491,70.4625],[-151.9478,70.4624],[-151.9462,70.4626],[-151.9438,70.4627],[-151.9424,70.4628],[-151.942,70.4628],[-151.9408,70.4632],[-151.94,70.464],[-151.9396,70.4646],[-151.9391,70.4649],[-151.9384,70.4655],[-151.9381,70.4658],[-151.9377,70.466],[-151.9371,70.4662],[-151.935,70.4665],[-151.9342,70.4668],[-151.933,70.467],[-151.9326,70.4672],[-151.932,70.4676],[-151.9307,70.4679],[-151.9296,70.4679],[-151.9282,70.4681],[-151.9283,70.4684],[-151.928,70.4685],[-151.9274,70.4686],[-151.9271,70.4689],[-151.9274,70.4691],[-151.9272,70.4694],[-151.9263,70.4695],[-151.9256,70.4696],[-151.9254,70.4698],[-151.9245,70.4703],[-151.9239,70.4708],[-151.9236,70.4712],[-151.9229,70.4717],[-151.9222,70.4723],[-151.9216,70.4731],[-151.9212,70.4734],[-151.9206,70.4737],[-151.92,70.4739],[-151.9195,70.4741],[-151.9185,70.4747],[-151.9177,70.4747],[-151.9171,70.4751],[-151.9167,70.4753],[-151.9159,70.4754],[-151.9141,70.4757],[-151.9128,70.4758],[-151.9111,70.4758],[-151.91,70.4757],[-151.9096,70.4756],[-151.9093,70.4756],[-151.9088,70.4758],[-151.9083,70.476],[-151.9075,70.4761],[-151.9065,70.476],[-151.9062,70.4763],[-151.9052,70.4765],[-151.9031,70.4766],[-151.9024,70.4768],[-151.9016,70.477],[-151.901,70.4773],[-151.9005,70.4773],[-151.8999,70.4774],[-151.8992,70.4774],[-151.8989,70.4777],[-151.8981,70.4777],[-151.8973,70.4777],[-151.8965,70.4776],[-151.8955,70.4776],[-151.8948,70.4775],[-151.8943,70.4774],[-151.8938,70.4771],[-151.8936,70.4769],[-151.8936,70.4767],[-151.8941,70.4765],[-151.8944,70.4764],[-151.8943,70.4762],[-151.8935,70.4763],[-151.8927,70.4766],[-151.8918,70.4768],[-151.8918,70.4771],[-151.8925,70.4774],[-151.8923,70.4778],[-151.8909,70.4784],[-151.8899,70.4789],[-151.8885,70.4794],[-151.8877,70.4796],[-151.8866,70.4798],[-151.8855,70.4799],[-151.8843,70.48],[-151.8836,70.4801],[-151.8823,70.4803],[-151.8815,70.4802],[-151.8806,70.4802],[-151.8789,70.48],[-151.878,70.4801],[-151.8777,70.4801],[-151.877,70.4802],[-151.8764,70.4801],[-151.876,70.4799],[-151.8762,70.4797],[-151.8766,70.4796],[-151.8762,70.4793],[-151.8749,70.4791],[-151.874,70.4792],[-151.873,70.4792],[-151.8719,70.4789],[-151.8709,70.4788],[-151.8696,70.4788],[-151.8688,70.4789],[-151.8683,70.479],[-151.8674,70.4787],[-151.866,70.4784],[-151.8655,70.4781],[-151.865,70.4777],[-151.8644,70.4774],[-151.8637,70.4771],[-151.8627,70.4768],[-151.8619,70.4767],[-151.8611,70.4767],[-151.8602,70.4767],[-151.8589,70.4769],[-151.8576,70.4771],[-151.8565,70.4774],[-151.8558,70.4777],[-151.8545,70.478],[-151.8537,70.4785],[-151.8524,70.4788],[-151.8521,70.4791],[-151.8515,70.4795],[-151.8504,70.4799],[-151.8498,70.4803],[-151.8493,70.4807],[-151.8486,70.481],[-151.8475,70.4814],[-151.8466,70.4819],[-151.8457,70.4823],[-151.8448,70.4826],[-151.8439,70.4827],[-151.8418,70.483],[-151.8408,70.4833],[-151.8404,70.4835],[-151.8402,70.4837],[-151.8396,70.4839],[-151.8387,70.4839],[-151.8375,70.484],[-151.8366,70.484],[-151.8354,70.4842],[-151.8344,70.4846],[-151.8337,70.4849],[-151.833,70.4852],[-151.8324,70.4853],[-151.8307,70.4856],[-151.83,70.4856],[-151.8285,70.4857],[-151.8272,70.4857],[-151.8264,70.4857],[-151.8257,70.4856],[-151.8245,70.4856],[-151.8222,70.4856],[-151.8194,70.4856],[-151.818,70.4855],[-151.8168,70.4854],[-151.8158,70.4853],[-151.815,70.4852],[-151.8142,70.4852],[-151.814,70.4852],[-151.8134,70.4857],[-151.8129,70.486],[-151.8121,70.4862],[-151.8116,70.4865],[-151.8114,70.4866],[-151.8125,70.4868],[-151.8129,70.4871],[-151.8128,70.4876],[-151.8129,70.4881],[-151.813,70.4886],[-151.8131,70.4889],[-151.8132,70.4892],[-151.8134,70.4896],[-151.8129,70.4897],[-151.8125,70.4899],[-151.8118,70.4898],[-151.8108,70.49],[-151.8097,70.4901],[-151.8087,70.4901],[-151.8081,70.4902],[-151.8077,70.4902],[-151.8059,70.4899],[-151.8054,70.4898],[-151.8043,70.4898],[-151.8039,70.4896],[-151.8037,70.4894],[-151.8029,70.4891],[-151.8029,70.4889],[-151.8027,70.4884],[-151.8023,70.4881],[-151.802,70.4878],[-151.802,70.4875],[-151.8024,70.4872],[-151.803,70.4871],[-151.8034,70.4869],[-151.8035,70.4866],[-151.8029,70.4865],[-151.8024,70.4864],[-151.8018,70.4865],[-151.8002,70.4868],[-151.7993,70.4869],[-151.7985,70.4869],[-151.7968,70.4871],[-151.796,70.4873],[-151.7954,70.4875],[-151.7954,70.4877],[-151.7952,70.4879],[-151.7942,70.4878],[-151.7942,70.4876],[-151.7935,70.4876],[-151.7921,70.4875],[-151.7908,70.4874],[-151.7888,70.487],[-151.787,70.4864],[-151.7864,70.4862],[-151.786,70.486],[-151.7857,70.4859],[-151.7848,70.4861],[-151.783,70.4862],[-151.7821,70.4862],[-151.7818,70.4862],[-151.7795,70.4865],[-151.7778,70.4867],[-151.7759,70.4871],[-151.7747,70.4875],[-151.7728,70.4879],[-151.7709,70.4886],[-151.7697,70.4888],[-151.7684,70.4893],[-151.7662,70.4898],[-151.7647,70.4901],[-151.7636,70.4903],[-151.7627,70.4905],[-151.7607,70.4908],[-151.7586,70.491],[-151.7573,70.491],[-151.7556,70.4912],[-151.7538,70.4914],[-151.7527,70.4915],[-151.7517,70.4917],[-151.7509,70.492],[-151.7496,70.4922],[-151.7488,70.4924],[-151.7475,70.4928],[-151.7463,70.4933],[-151.7454,70.4936],[-151.7445,70.4939],[-151.7432,70.4944],[-151.7418,70.4949],[-151.7395,70.4955],[-151.7386,70.4955],[-151.736,70.4956],[-151.7354,70.4957],[-151.7344,70.4958],[-151.7325,70.4959],[-151.7304,70.4962],[-151.7294,70.4965],[-151.7292,70.4968],[-151.7299,70.4974],[-151.7304,70.4977],[-151.731,70.498],[-151.7316,70.4984],[-151.733,70.4992],[-151.7335,70.4995],[-151.7346,70.4999],[-151.7355,70.5003],[-151.7363,70.5007],[-151.7368,70.501],[-151.7371,70.5012],[-151.7378,70.5014],[-151.7381,70.5017],[-151.7386,70.5021],[-151.7393,70.5021],[-151.7399,70.502],[-151.7405,70.5021],[-151.7409,70.5024],[-151.7413,70.5027],[-151.7419,70.5029],[-151.7428,70.5029],[-151.7441,70.5022],[-151.7449,70.502],[-151.7452,70.5019],[-151.7452,70.5016],[-151.7452,70.5011],[-151.746,70.501],[-151.7469,70.5009],[-151.7474,70.5007],[-151.7499,70.5001],[-151.751,70.4998],[-151.7521,70.4995],[-151.7533,70.4989],[-151.7541,70.4982],[-151.755,70.4976],[-151.756,70.497],[-151.7569,70.4967],[-151.7586,70.496],[-151.7599,70.4953],[-151.7615,70.4947],[-151.7634,70.4941],[-151.7666,70.4934],[-151.768,70.4932],[-151.7697,70.4932],[-151.771,70.4932],[-151.772,70.4932],[-151.7729,70.4933],[-151.7734,70.4933],[-151.7759,70.4935],[-151.7781,70.4939],[-151.7801,70.4945],[-151.7821,70.4951],[-151.7833,70.4957],[-151.7848,70.4963],[-151.7863,70.4969],[-151.7871,70.4973],[-151.7875,70.4976],[-151.7876,70.4978],[-151.7876,70.4979],[-151.7875,70.4981],[-151.7881,70.4984],[-151.7891,70.4989],[-151.7892,70.499],[-151.7894,70.4992],[-151.7899,70.4994],[-151.7903,70.4996],[-151.7905,70.4997],[-151.7906,70.4999],[-151.7908,70.5],[-151.7919,70.5002],[-151.7926,70.5002],[-151.7935,70.5003],[-151.7934,70.5004],[-151.7934,70.5006],[-151.7937,70.5008],[-151.7941,70.501],[-151.7946,70.5009],[-151.7949,70.5008],[-151.7951,70.5008],[-151.7955,70.5008],[-151.7966,70.5013],[-151.7976,70.502],[-151.7985,70.5029],[-151.7989,70.5033],[-151.7989,70.5037],[-151.7994,70.5039],[-151.7994,70.5041],[-151.7995,70.5042],[-151.7997,70.5044],[-151.8,70.5044],[-151.8001,70.5042],[-151.8007,70.5039],[-151.801,70.5038],[-151.8012,70.5036],[-151.8007,70.5035],[-151.8001,70.5034],[-151.7996,70.5033],[-151.7994,70.5032],[-151.8,70.5029],[-151.8002,70.5026],[-151.8007,70.5021],[-151.8009,70.502],[-151.8013,70.5017],[-151.802,70.5016],[-151.8027,70.5016],[-151.8035,70.5017],[-151.8041,70.5017],[-151.8044,70.5017],[-151.805,70.5018],[-151.8055,70.5019],[-151.8058,70.502],[-151.8069,70.502],[-151.8078,70.5022],[-151.8085,70.5024],[-151.809,70.5025],[-151.8095,70.5025],[-151.8099,70.5025],[-151.8106,70.5025],[-151.8114,70.5024],[-151.8122,70.5024],[-151.8136,70.5024],[-151.8144,70.5023],[-151.8154,70.502],[-151.8158,70.5019],[-151.8163,70.5017],[-151.8164,70.5015],[-151.8167,70.5013],[-151.8167,70.5011],[-151.8165,70.5009],[-151.8159,70.5008],[-151.8153,70.5006],[-151.8151,70.5005],[-151.8152,70.5003],[-151.8162,70.5],[-151.817,70.4998],[-151.8174,70.499],[-151.8174,70.4987],[-151.8174,70.4984],[-151.8174,70.4982],[-151.8176,70.498],[-151.8179,70.4978],[-151.8185,70.4977],[-151.8192,70.4977],[-151.8196,70.4977],[-151.8201,70.4979],[-151.8206,70.4981],[-151.8211,70.4982],[-151.8215,70.4984],[-151.822,70.4986],[-151.822,70.4987],[-151.8216,70.4989],[-151.8213,70.4993],[-151.8207,70.4998],[-151.8192,70.5002],[-151.8188,70.5003],[-151.8185,70.5004],[-151.8189,70.5007],[-151.8196,70.5007],[-151.8205,70.5006],[-151.8213,70.5007],[-151.8217,70.5007],[-151.8224,70.5011],[-151.823,70.5012],[-151.8235,70.5014],[-151.824,70.5016],[-151.8244,70.5017],[-151.8246,70.5017],[-151.8255,70.5015],[-151.8258,70.5014],[-151.8263,70.5013],[-151.8273,70.501],[-151.8282,70.501],[-151.8288,70.501],[-151.8296,70.501],[-151.8311,70.5012],[-151.8317,70.5014],[-151.8327,70.5016],[-151.8333,70.5017],[-151.8342,70.5017],[-151.8349,70.5016],[-151.836,70.5015],[-151.8366,70.5015],[-151.8373,70.5014],[-151.8381,70.5015],[-151.8385,70.5016],[-151.839,70.5017],[-151.8395,70.5017],[-151.8404,70.5017],[-151.8413,70.5017],[-151.8424,70.502],[-151.8429,70.5022],[-151.8439,70.5025],[-151.8446,70.503],[-151.8453,70.5033],[-151.8455,70.5034],[-151.8458,70.5035],[-151.8467,70.5036],[-151.8475,70.5034],[-151.848,70.5032],[-151.8487,70.503],[-151.8502,70.5029],[-151.8515,70.5029],[-151.8523,70.5029],[-151.8532,70.5028],[-151.854,70.5028],[-151.8546,70.5028],[-151.8559,70.5028],[-151.857,70.5029],[-151.858,70.5028],[-151.8589,70.5027],[-151.8593,70.5026],[-151.8608,70.5023],[-151.8612,70.5021],[-151.8618,70.5019],[-151.8625,70.5019],[-151.8634,70.502],[-151.8641,70.502],[-151.8646,70.5021],[-151.8651,70.5021],[-151.8658,70.5021],[-151.8664,70.5021],[-151.8673,70.5027],[-151.8678,70.5027],[-151.8688,70.5027],[-151.8693,70.5029],[-151.8695,70.503],[-151.8706,70.5033],[-151.8711,70.5034],[-151.8714,70.5035],[-151.8716,70.5036],[-151.8717,70.5037],[-151.8708,70.5039],[-151.8703,70.5042],[-151.8696,70.5045],[-151.8692,70.5046],[-151.8685,70.5048],[-151.8676,70.5049],[-151.867,70.505],[-151.8665,70.5051],[-151.8661,70.5052],[-151.8658,70.5053],[-151.8652,70.5055],[-151.8647,70.5057],[-151.8636,70.506],[-151.8625,70.5062],[-151.8621,70.5064],[-151.8617,70.5065],[-151.8603,70.5068],[-151.8602,70.507],[-151.8596,70.5072],[-151.8588,70.5074],[-151.8582,70.5074],[-151.8578,70.5074],[-151.8572,70.5073],[-151.8564,70.5074],[-151.8559,70.5075],[-151.8556,70.5075],[-151.8548,70.5076],[-151.8543,70.5079],[-151.8538,70.5079],[-151.8534,70.5079],[-151.8529,70.508],[-151.8527,70.5082],[-151.8522,70.5084],[-151.8519,70.5085],[-151.8519,70.5086],[-151.8523,70.5089],[-151.8531,70.5091],[-151.8535,70.5091],[-151.8545,70.5094],[-151.8556,70.5094],[-151.8558,70.5095],[-151.8564,70.5098],[-151.8576,70.5102],[-151.8575,70.5105],[-151.8573,70.5107],[-151.8563,70.5107],[-151.8555,70.5107],[-151.8551,70.5106],[-151.8536,70.5105],[-151.8526,70.5106],[-151.8523,70.5107],[-151.8517,70.5109],[-151.8509,70.5112],[-151.8508,70.5115],[-151.8512,70.5119],[-151.852,70.512],[-151.8525,70.5124],[-151.8526,70.5127],[-151.8531,70.513],[-151.8539,70.513],[-151.8541,70.5131],[-151.8558,70.5129],[-151.8564,70.5129],[-151.8567,70.5131],[-151.8564,70.5134],[-151.8558,70.5137],[-151.855,70.5139],[-151.854,70.514],[-151.8522,70.5139],[-151.8516,70.5139],[-151.851,70.5139],[-151.8502,70.5138],[-151.8493,70.5135],[-151.8484,70.5134],[-151.8474,70.5132],[-151.8468,70.513],[-151.8468,70.5127],[-151.8465,70.5122],[-151.8465,70.512],[-151.8466,70.5118],[-151.8465,70.5117],[-151.8457,70.5114],[-151.845,70.5114],[-151.8444,70.511],[-151.8432,70.5109],[-151.8423,70.5109],[-151.8411,70.5108],[-151.8399,70.5108],[-151.839,70.5107],[-151.8371,70.5106],[-151.8356,70.5105],[-151.8348,70.5103],[-151.8342,70.5101],[-151.8335,70.5101],[-151.8327,70.5101],[-151.832,70.5099],[-151.8313,70.5098],[-151.8305,70.5099],[-151.8301,70.51],[-151.8295,70.51],[-151.829,70.51],[-151.8278,70.5097],[-151.8264,70.509],[-151.8256,70.5085],[-151.8254,70.508],[-151.8249,70.5074],[-151.8248,70.5069],[-151.8245,70.5063],[-151.8244,70.5054],[-151.8247,70.5045],[-151.825,70.5041],[-151.8251,70.5038],[-151.8252,70.5034],[-151.8251,70.5031],[-151.8249,70.503],[-151.824,70.503],[-151.8234,70.5029],[-151.8227,70.5028],[-151.8217,70.5027],[-151.8206,70.5027],[-151.8201,70.5029],[-151.82,70.503],[-151.8196,70.5032],[-151.8188,70.5033],[-151.8179,70.5033],[-151.8173,70.5034],[-151.8167,70.5034],[-151.8165,70.5034],[-151.8164,70.5034],[-151.8162,70.5036],[-151.8158,70.5038],[-151.8154,70.504],[-151.8149,70.5041],[-151.8143,70.5041],[-151.813,70.5041],[-151.8122,70.5042],[-151.8115,70.5042],[-151.8109,70.5041],[-151.8106,70.5041],[-151.8104,70.5042],[-151.8102,70.5044],[-151.8097,70.5047],[-151.8094,70.5049],[-151.8092,70.505],[-151.8085,70.5052],[-151.807,70.5054],[-151.806,70.5056],[-151.8054,70.5056],[-151.8051,70.5056],[-151.8046,70.5055],[-151.8036,70.5056],[-151.8026,70.5056],[-151.8018,70.5057],[-151.8013,70.5059],[-151.8006,70.5061],[-151.8002,70.5061],[-151.7993,70.5062],[-151.7987,70.5063],[-151.798,70.5063],[-151.7974,70.5062],[-151.7967,70.506],[-151.796,70.5057],[-151.7956,70.5055],[-151.7951,70.5052],[-151.7939,70.5049],[-151.7936,70.5049],[-151.7928,70.5049],[-151.7923,70.505],[-151.7922,70.5051],[-151.7919,70.5056],[-151.7917,70.506],[-151.7912,70.5061],[-151.7907,70.5063],[-151.7901,70.5065],[-151.7896,70.5066],[-151.7889,70.5067],[-151.7878,70.5067],[-151.7869,70.5067],[-151.7863,70.5067],[-151.7853,70.5068],[-151.785,70.5068],[-151.7847,70.5069],[-151.785,70.5074],[-151.7856,70.5081],[-151.7858,70.5087],[-151.7857,70.5089],[-151.7859,70.5094],[-151.7859,70.5096],[-151.7857,70.5098],[-151.7853,70.5099],[-151.7848,70.51],[-151.7845,70.5102],[-151.7845,70.5104],[-151.784,70.5109],[-151.784,70.5111],[-151.7841,70.5113],[-151.7843,70.5115],[-151.7846,70.5121],[-151.785,70.5125],[-151.7852,70.5128],[-151.7855,70.5131],[-151.7854,70.5133],[-151.7854,70.5135],[-151.7856,70.5137],[-151.7856,70.5138],[-151.7855,70.514],[-151.7852,70.5141],[-151.7847,70.5143],[-151.7844,70.5143],[-151.784,70.5144],[-151.7836,70.5144],[-151.7832,70.5145],[-151.7829,70.5146],[-151.7823,70.5148],[-151.7818,70.5148],[-151.7813,70.5149],[-151.7807,70.5149],[-151.7801,70.5149],[-151.7794,70.5149],[-151.779,70.5148],[-151.7785,70.5147],[-151.778,70.5146],[-151.7775,70.5144],[-151.7769,70.5144],[-151.7755,70.5143],[-151.7755,70.5145],[-151.7753,70.5146],[-151.7749,70.5148],[-151.7748,70.515],[-151.7747,70.5152],[-151.7746,70.5155],[-151.7743,70.5158],[-151.7742,70.516],[-151.7739,70.5162],[-151.7738,70.5163],[-151.7736,70.5165],[-151.7734,70.5166],[-151.7726,70.5171],[-151.7725,70.5172],[-151.7722,70.5173],[-151.7715,70.5175],[-151.7699,70.5177],[-151.7691,70.5177],[-151.7685,70.5178],[-151.768,70.5177],[-151.7676,70.5177],[-151.767,70.5176],[-151.7663,70.5175],[-151.7659,70.5175],[-151.7655,70.5175],[-151.7653,70.5175],[-151.7649,70.5176],[-151.7647,70.5178],[-151.765,70.518],[-151.7654,70.5182],[-151.7655,70.5184],[-151.7655,70.5186],[-151.7652,70.5187],[-151.7647,70.5188],[-151.7644,70.5189],[-151.7643,70.519],[-151.7647,70.5193],[-151.7652,70.5198],[-151.7656,70.5202],[-151.7657,70.5205],[-151.7657,70.5208],[-151.7653,70.5213],[-151.7651,70.5216],[-151.765,70.5218],[-151.7649,70.522],[-151.7646,70.5222],[-151.764,70.5224],[-151.7639,70.5225],[-151.7636,70.5226],[-151.7628,70.5228],[-151.7619,70.5228],[-151.7612,70.5228],[-151.7605,70.5228],[-151.76,70.5228],[-151.7588,70.5228],[-151.7585,70.5228],[-151.7583,70.5228],[-151.758,70.5228],[-151.7582,70.523],[-151.7584,70.5236],[-151.7588,70.5243],[-151.7589,70.5248],[-151.7587,70.5255],[-151.7583,70.5261],[-151.7579,70.5264],[-151.7583,70.5266],[-151.7588,70.5268],[-151.7592,70.527],[-151.7593,70.5271],[-151.7598,70.5273],[-151.7602,70.5274],[-151.7602,70.5275],[-151.76,70.5277],[-151.7596,70.5279],[-151.7595,70.528],[-151.7593,70.5282],[-151.7589,70.5283],[-151.7582,70.5283],[-151.7579,70.5284],[-151.7576,70.5284],[-151.7565,70.5288],[-151.7557,70.5288],[-151.7552,70.5287],[-151.7546,70.5286],[-151.7544,70.5286],[-151.7541,70.5286],[-151.7538,70.5288],[-151.7537,70.5291],[-151.7536,70.5292],[-151.7537,70.5295],[-151.7539,70.5297],[-151.754,70.5298],[-151.7552,70.5309],[-151.7553,70.5311],[-151.7556,70.5313],[-151.7558,70.5315],[-151.7557,70.5317],[-151.7545,70.5316],[-151.7542,70.5316],[-151.7535,70.5316],[-151.7525,70.5315],[-151.7522,70.5313],[-151.7521,70.5312],[-151.7518,70.531],[-151.7516,70.5308],[-151.7515,70.5306],[-151.7518,70.5303],[-151.7515,70.5301],[-151.751,70.5301],[-151.7505,70.5297],[-151.7502,70.5294],[-151.7501,70.5291],[-151.7499,70.5289],[-151.7497,70.5289],[-151.7492,70.5289],[-151.7492,70.529],[-151.7491,70.5292],[-151.749,70.5293],[-151.7486,70.5295],[-151.7485,70.5296],[-151.7485,70.5298],[-151.7485,70.5301],[-151.7485,70.5302],[-151.7484,70.5304],[-151.7483,70.5305],[-151.7481,70.5307],[-151.7481,70.5309],[-151.7483,70.5311],[-151.7485,70.5314],[-151.7485,70.5316],[-151.7485,70.5318],[-151.7483,70.532],[-151.7479,70.5322],[-151.7473,70.5325],[-151.7464,70.5328],[-151.7461,70.5329],[-151.7457,70.5331],[-151.7452,70.5332],[-151.7448,70.5334],[-151.7447,70.5336],[-151.7446,70.5337],[-151.7446,70.5338],[-151.7447,70.534],[-151.7454,70.5345],[-151.7466,70.5349],[-151.7488,70.5354],[-151.7501,70.5361],[-151.7508,70.5365],[-151.7515,70.5368],[-151.7529,70.5375],[-151.7543,70.5381],[-151.7546,70.5384],[-151.7548,70.5387],[-151.7554,70.539],[-151.7557,70.5393],[-151.7559,70.5395],[-151.7559,70.5397],[-151.7565,70.5399],[-151.7571,70.5402],[-151.7574,70.5406],[-151.7576,70.5411],[-151.7578,70.5413],[-151.7581,70.5417],[-151.7584,70.542],[-151.7584,70.5424],[-151.7592,70.543],[-151.7588,70.5435],[-151.7592,70.5436],[-151.7595,70.5438],[-151.76,70.544],[-151.7602,70.5441],[-151.7604,70.5443],[-151.7604,70.5445],[-151.7602,70.5445],[-151.7599,70.5446],[-151.7594,70.5445],[-151.7593,70.5445],[-151.7594,70.5444],[-151.7594,70.5443],[-151.759,70.5441],[-151.7588,70.5441],[-151.7583,70.5438],[-151.7579,70.5437],[-151.7576,70.5438],[-151.7575,70.5439],[-151.7576,70.5441],[-151.7577,70.5442],[-151.7579,70.5443],[-151.7584,70.5445]]},"properties":{}},{"type":"Feature","geometry":{"type":"LineString","coordinates":[[-152.3467,70.6087],[-152.3481,70.6079],[-152.3481,70.6072],[-152.3476,70.607],[-152.3478,70.6064],[-152.3473,70.606],[-152.347,70.6056],[-152.3477,70.6052],[-152.3493,70.6044],[-152.3499,70.6036],[-152.349,70.6028],[-152.3488,70.6024],[-152.3488,70.6019],[-152.3496,70.601],[-152.35,70.6002],[-152.3475,70.6005],[-152.3452,70.601],[-152.343,70.6017],[-152.3396,70.6017],[-152.3364,70.601],[-152.3345,70.6009],[-152.3327,70.6013],[-152.334,70.6026],[-152.3352,70.6041],[-152.3349,70.6048],[-152.3316,70.6055],[-152.33,70.6062],[-152.3308,70.6071],[-152.3319,70.6078],[-152.3332,70.6081],[-152.3341,70.6082],[-152.3355,70.6077],[-152.3382,70.6076],[-152.3413,70.6079],[-152.3429,70.6082],[-152.3443,70.6085],[-152.3454,70.6086],[-152.3467,70.6087]]},"properties":{}},{"type":"Feature","geometry":{"type":"LineString","coordinates":[[-152.1946,70.8083],[-152.1946,70.8086],[-152.1949,70.809],[-152.1951,70.8092],[-152.1955,70.8095],[-152.1957,70.8096],[-152.1961,70.8099],[-152.1966,70.8104],[-152.1969,70.8107],[-152.1971,70.8111],[-152.1974,70.8114],[-152.1981,70.8122],[-152.1986,70.8126],[-152.1988,70.8129],[-152.1994,70.8135],[-152.2001,70.814],[-152.201,70.8145],[-152.2021,70.8152],[-152.2026,70.8156],[-152.2041,70.8164],[-152.2057,70.8172],[-152.2072,70.8181],[-152.2096,70.8192],[-152.2127,70.8206],[-152.214,70.8212],[-152.2163,70.8221],[-152.2178,70.8228],[-152.2203,70.8236],[-152.2224,70.8243],[-152.2247,70.825],[-152.2264,70.8256],[-152.2281,70.8261],[-152.2312,70.8269],[-152.2326,70.8271],[-152.2337,70.827],[-152.2351,70.827],[-152.236,70.827],[-152.2377,70.8269],[-152.2397,70.8269],[-152.2407,70.8269],[-152.2418,70.827],[-152.2426,70.8272],[-152.2439,70.8277],[-152.2467,70.8282],[-152.2497,70.8285],[-152.2513,70.8288],[-152.2536,70.8292],[-152.2548,70.8294],[-152.2572,70.8297],[-152.2586,70.8299],[-152.2606,70.8301],[-152.2644,70.8303],[-152.2659,70.8305],[-152.2681,70.8309],[-152.2706,70.8313],[-152.2721,70.8318],[-152.2733,70.8321],[-152.2743,70.832],[-152.2747,70.8319],[-152.2749,70.8318],[-152.2754,70.8317],[-152.2758,70.8315],[-152.2752,70.8308],[-152.277,70.8301],[-152.2785,70.8297],[-152.2796,70.8297],[-152.2813,70.83],[-152.2809,70.8305],[-152.2803,70.8309],[-152.2801,70.8312],[-152.2804,70.8316],[-152.2809,70.8321],[-152.2818,70.8324],[-152.2835,70.8328],[-152.2853,70.8331],[-152.2876,70.8338],[-152.2893,70.8343],[-152.2909,70.8348],[-152.292,70.8353],[-152.2928,70.8359],[-152.2951,70.8366],[-152.2972,70.8371],[-152.2998,70.8377],[-152.3013,70.8379],[-152.3036,70.8381],[-152.306,70.8384],[-152.3076,70.8388],[-152.3105,70.8394],[-152.3132,70.8398],[-152.3151,70.8402],[-152.3181,70.8409],[-152.3228,70.8415],[-152.3283,70.8415],[-152.3322,70.8415],[-152.3392,70.8422],[-152.3417,70.8427],[-152.3431,70.8427],[-152.3411,70.8386],[-152.3407,70.8373],[-152.3403,70.8361],[-152.3394,70.8284],[-152.3399,70.8265],[-152.3398,70.8243],[-152.3403,70.823],[-152.3411,70.8217],[-152.3414,70.8209],[-152.342,70.8199],[-152.342,70.8194],[-152.3433,70.8183],[-152.3473,70.8179],[-152.3495,70.8177],[-152.3509,70.8177]]},"properties":{}},{"type":"Feature","geometry":{"type":"LineString","coordinates":[[-152.1337,70.5681],[-152.132,70.5682],[-152.1309,70.5689],[-152.13,70.5691],[-152.128,70.5693],[-152.1266,70.5694],[-152.1256,70.5694],[-152.1245,70.5693],[-152.1235,70.5694],[-152.123,70.5694],[-152.1226,70.5696],[-152.1225,70.5702],[-152.1223,70.5705],[-152.1207,70.5707],[-152.1211,70.5709],[-152.1212,70.5711],[-152.1212,70.5713],[-152.1212,70.5713],[-152.1207,70.5714],[-152.1201,70.5713],[-152.1199,70.5709],[-152.1197,70.5706],[-152.1197,70.5704],[-152.1199,70.5702],[-152.1202,70.5702],[-152.1195,70.57],[-152.1184,70.5698],[-152.1168,70.5698],[-152.1166,70.5698],[-152.1155,70.5697],[-152.113,70.5692],[-152.1114,70.5688],[-152.1095,70.5681],[-152.1091,70.568],[-152.1083,70.5678],[-152.1079,70.5679],[-152.106,70.5679],[-152.1068,70.5681],[-152.1071,70.5683],[-152.1072,70.5684],[-152.1074,70.5687],[-152.1076,70.5688],[-152.1078,70.5691],[-152.108,70.5694],[-152.108,70.5697],[-152.1078,70.5698],[-152.1073,70.5699],[-152.1049,70.57],[-152.1039,70.5697],[-152.103,70.5694],[-152.1024,70.5692],[-152.102,70.5686],[-152.1028,70.5683],[-152.1028,70.568],[-152.1031,70.5679],[-152.1038,70.5678],[-152.1043,70.5677],[-152.1037,70.5677],[-152.1032,70.5675],[-152.103,70.5673],[-152.1027,70.5671],[-152.1025,70.5667],[-152.102,70.5663],[-152.1015,70.5657],[-152.1,70.5627],[-152.0998,70.5626],[-152.0995,70.5627],[-152.0993,70.5628],[-152.0988,70.563],[-152.098,70.5634],[-152.0975,70.5636],[-152.0972,70.5637],[-152.0963,70.5638],[-152.0955,70.5641],[-152.0947,70.5645],[-152.094,70.5649],[-152.0936,70.565],[-152.0934,70.5651],[-152.0931,70.5652],[-152.0922,70.5655],[-152.0904,70.5657],[-152.0891,70.5662],[-152.0886,70.5663],[-152.0879,70.5665],[-152.0873,70.5666],[-152.0866,70.5667],[-152.085,70.567],[-152.0838,70.5672],[-152.083,70.5672],[-152.0821,70.5672],[-152.0814,70.5672],[-152.0803,70.5672],[-152.0792,70.5671],[-152.077,70.5669],[-152.0763,70.567],[-152.0757,70.5669],[-152.0753,70.5668],[-152.0741,70.5665],[-152.0722,70.566],[-152.0714,70.5656],[-152.0708,70.5654],[-152.0703,70.5651],[-152.0694,70.5647],[-152.069,70.5644],[-152.0684,70.5646],[-152.0685,70.5646],[-152.0687,70.5648],[-152.0686,70.5651],[-152.0684,70.5654],[-152.0683,70.5657],[-152.0683,70.5658],[-152.0681,70.5661],[-152.068,70.5663],[-152.0681,70.5668],[-152.068,70.5672],[-152.0678,70.568],[-152.0675,70.5688],[-152.0674,70.5693],[-152.0672,70.5701],[-152.0672,70.5712],[-152.0668,70.5722],[-152.0665,70.5735],[-152.0659,70.5745],[-152.0657,70.5747],[-152.0654,70.5755],[-152.065,70.5765],[-152.0642,70.5776],[-152.0635,70.5783],[-152.0632,70.5785],[-152.0631,70.5786],[-152.0621,70.5789],[-152.0615,70.5791],[-152.0613,70.5794],[-152.061,70.5795],[-152.0604,70.5796],[-152.0594,70.5797],[-152.0579,70.5799],[-152.0582,70.58],[-152.0595,70.5804],[-152.0598,70.5804],[-152.0602,70.5805],[-152.0605,70.5806],[-152.0609,70.5806],[-152.0612,70.5808],[-152.0617,70.5809],[-152.0627,70.5811],[-152.0635,70.5814],[-152.0652,70.5818],[-152.0661,70.5821],[-152.0681,70.5825],[-152.0704,70.583],[-152.0722,70.5833],[-152.075,70.5837],[-152.0765,70.5839],[-152.0785,70.5842],[-152.0798,70.5844],[-152.0817,70.5845],[-152.0824,70.5845],[-152.0837,70.5846],[-152.0856,70.5847],[-152.0867,70.5849],[-152.089,70.5852],[-152.0916,70.5855],[-152.0924,70.5856],[-152.094,70.5858],[-152.0949,70.5859],[-152.0967,70.5863],[-152.0998,70.5869],[-152.1029,70.5874],[-152.1049,70.5877],[-152.1062,70.5878],[-152.1086,70.5879],[-152.1096,70.588],[-152.1106,70.5881],[-152.1115,70.5882],[-152.114,70.5885],[-152.1158,70.5887],[-152.1192,70.5893],[-152.1223,70.5898],[-152.1237,70.59],[-152.1244,70.5901],[-152.1259,70.5902],[-152.1272,70.5902],[-152.1293,70.5902],[-152.1304,70.5902],[-152.1314,70.5901],[-152.1323,70.59],[-152.1346,70.5899],[-152.1368,70.5898],[-152.1399,70.5896],[-152.1421,70.5895],[-152.143,70.5894],[-152.1463,70.589],[-152.1489,70.5887],[-152.1505,70.5884],[-152.1535,70.5879],[-152.1557,70.5876],[-152.1577,70.5872],[-152.1596,70.5869],[-152.1615,70.5866],[-152.1637,70.5862],[-152.1655,70.586],[-152.1672,70.5858],[-152.171,70.5856],[-152.1789,70.5852],[-152.1823,70.585],[-152.1854,70.5848],[-152.1873,70.5848],[-152.1897,70.5851],[-152.1907,70.5851],[-152.1915,70.5851],[-152.1921,70.5852],[-152.194,70.5853],[-152.196,70.5853],[-152.1975,70.5855],[-152.1988,70.5856],[-152.2014,70.5861],[-152.2039,70.5864],[-152.2049,70.5865],[-152.2063,70.5865],[-152.207,70.5866],[-152.2077,70.5866],[-152.2083,70.5867],[-152.2093,70.5869],[-152.2106,70.587],[-152.212,70.5873],[-152.2136,70.5876],[-152.2147,70.5878],[-152.2153,70.5879],[-152.2162,70.588],[-152.2175,70.5882],[-152.2179,70.5884],[-152.219,70.5884],[-152.2201,70.5883],[-152.221,70.5884],[-152.2217,70.5884],[-152.223,70.5884],[-152.2243,70.5884],[-152.2256,70.5885],[-152.2267,70.5886],[-152.229,70.589],[-152.2328,70.5895],[-152.2344,70.5898],[-152.2357,70.59],[-152.2393,70.5906],[-152.2411,70.5908],[-152.2423,70.591]]},"properties":{}},{"type":"Feature","geometry":{"type":"LineString","coordinates":[[-151.9926,70.5831],[-151.9941,70.5827],[-151.9955,70.5823],[-151.9957,70.582],[-151.9947,70.5818],[-151.9939,70.5811],[-151.9935,70.5812],[-151.9935,70.5817],[-151.9929,70.5817],[-151.9918,70.5815],[-151.9891,70.5812],[-151.9858,70.5813],[-151.9833,70.5814],[-151.9807,70.5822],[-151.9796,70.5823],[-151.9783,70.5822],[-151.9751,70.5815],[-151.9725,70.5807],[-151.9693,70.5794],[-151.9668,70.578],[-151.9648,70.5765],[-151.9632,70.5759],[-151.9615,70.5757],[-151.9632,70.5761],[-151.9646,70.5767],[-151.9643,70.5772],[-151.9633,70.5779],[-151.9617,70.5784],[-151.9601,70.5784],[-151.9594,70.5786],[-151.9583,70.5793],[-151.9578,70.5793],[-151.9575,70.579],[-151.9573,70.5788],[-151.9563,70.5781],[-151.9553,70.5775],[-151.9544,70.5768],[-151.9545,70.5762],[-151.9553,70.5752],[-151.9541,70.576],[-151.9543,70.5765],[-151.954,70.5768],[-151.9547,70.5775],[-151.9553,70.5779],[-151.9562,70.5787],[-151.958,70.5796],[-151.9634,70.5809],[-151.9702,70.5818],[-151.9792,70.5826],[-151.987,70.5832],[-151.9926,70.5831]]},"properties":{}},{"type":"Feature","geometry":{"type":"LineString","coordinates":[[-151.9315,70.5772],[-151.9319,70.5771],[-151.9324,70.5769],[-151.9331,70.5765],[-151.931,70.5767],[-151.9292,70.5772],[-151.9276,70.5775],[-151.9267,70.5774],[-151.9259,70.5772],[-151.9245,70.5766],[-151.9227,70.5757],[-151.9207,70.5746],[-151.9202,70.5745],[-151.9193,70.5744],[-151.9185,70.5744],[-151.9179,70.5747],[-151.9166,70.5751],[-151.9155,70.5752],[-151.9141,70.575],[-151.9127,70.5748],[-151.9109,70.5748],[-151.9074,70.5752],[-151.9058,70.5753],[-151.9035,70.5753],[-151.9013,70.5752],[-151.8993,70.5749],[-151.8966,70.5744],[-151.8939,70.5737],[-151.8912,70.573],[-151.8898,70.5728],[-151.8886,70.5726],[-151.8861,70.5717],[-151.8836,70.5716],[-151.882,70.5713],[-151.8799,70.5708],[-151.8788,70.5706],[-151.8775,70.5705],[-151.8739,70.5708],[-151.8713,70.571],[-151.8694,70.5709],[-151.8685,70.5704],[-151.8677,70.5696],[-151.8666,70.5686],[-151.8664,70.5678],[-151.8662,70.5675],[-151.8658,70.5684],[-151.8666,70.5695],[-151.8671,70.5704],[-151.8675,70.5712],[-151.8701,70.5729],[-151.8732,70.5742],[-151.8769,70.5753],[-151.882,70.5762],[-151.8871,70.5766],[-151.8941,70.5768],[-151.9022,70.577],[-151.91,70.5773],[-151.9168,70.578],[-151.9218,70.5783],[-151.9252,70.5781],[-151.9315,70.5772]]},"properties":{}},{"type":"Feature","geometry":{"type":"LineString","coordinates":[[-151.7346,70.5066],[-151.7353,70.5066],[-151.736,70.5066],[-151.7368,70.5066],[-151.7372,70.5065],[-151.7376,70.5064],[-151.7377,70.5062],[-151.7379,70.5061],[-151.738,70.5059],[-151.738,70.5058],[-151.738,70.5055],[-151.7375,70.5055],[-151.7371,70.5055],[-151.7368,70.5054],[-151.7366,70.5054],[-151.7367,70.5052],[-151.7368,70.5051],[-151.7373,70.505],[-151.7378,70.505],[-151.7381,70.5049],[-151.7384,70.5048],[-151.7391,70.5046],[-151.7393,70.5045],[-151.7394,70.5043],[-151.7385,70.5041],[-151.7374,70.504],[-151.7366,70.5041],[-151.7361,70.5044],[-151.7355,70.5045],[-151.7352,70.5046],[-151.7349,70.5046],[-151.7345,70.5048],[-151.7341,70.5049],[-151.7339,70.5049],[-151.7339,70.5053],[-151.7338,70.5055],[-151.7337,70.5057],[-151.7338,70.5059],[-151.7341,70.5061],[-151.7343,70.5062],[-151.7344,70.5064],[-151.7344,70.5065],[-151.7344,70.5066],[-151.7346,70.5066]]},"properties":{}},{"type":"Feature","geometry":{"type":"LineString","coordinates":[[-151.7556,70.5535],[-151.7562,70.5534],[-151.7577,70.553],[-151.7575,70.5525],[-151.7587,70.552],[-151.7581,70.5513],[-151.7577,70.5507],[-151.7558,70.5504],[-151.7547,70.5503],[-151.753,70.5502],[-151.7514,70.5502],[-151.7505,70.5501],[-151.749,70.5496],[-151.749,70.5492],[-151.7478,70.5488],[-151.7438,70.5488],[-151.7415,70.5487],[-151.738,70.5491],[-151.7372,70.5492],[-151.7348,70.5493],[-151.7299,70.5483],[-151.7302,70.5478],[-151.7303,70.5475],[-151.7304,70.5473],[-151.7305,70.5471],[-151.7311,70.5469],[-151.7313,70.5468],[-151.7315,70.5465],[-151.7313,70.5463],[-151.7312,70.5461],[-151.7314,70.5452],[-151.7315,70.5449],[-151.7315,70.5447],[-151.7317,70.5445],[-151.732,70.5444],[-151.7325,70.5439],[-151.7327,70.5436],[-151.733,70.5433],[-151.733,70.5432],[-151.733,70.543],[-151.7327,70.5428],[-151.7323,70.5427],[-151.732,70.5429],[-151.7318,70.5431],[-151.7314,70.5434],[-151.7311,70.5435],[-151.7306,70.5436],[-151.7304,70.5436],[-151.7298,70.5438],[-151.729,70.5441],[-151.7281,70.5443],[-151.7277,70.5445],[-151.7274,70.5445],[-151.7266,70.5447],[-151.7252,70.5449],[-151.7244,70.5451],[-151.7218,70.5454],[-151.7214,70.5461],[-151.7214,70.5465],[-151.7215,70.5467],[-151.7215,70.5469],[-151.7211,70.5472],[-151.7199,70.5471],[-151.7192,70.5472],[-151.7186,70.5473],[-151.717,70.5475],[-151.7161,70.5478],[-151.7158,70.548],[-151.7152,70.5481],[-151.7147,70.5481],[-151.7138,70.5484],[-151.7136,70.5486],[-151.7135,70.5488],[-151.7135,70.5491],[-151.7137,70.5492],[-151.7144,70.5494],[-151.7147,70.5496],[-151.7148,70.5499],[-151.715,70.55],[-151.7155,70.55],[-151.7158,70.5499],[-151.7163,70.5497],[-151.7163,70.5495],[-151.7167,70.5493],[-151.717,70.5492],[-151.7175,70.549],[-151.7183,70.5489],[-151.7188,70.5489],[-151.7191,70.5488],[-151.7194,70.5487],[-151.7204,70.5487],[-151.7208,70.5486],[-151.7215,70.5485],[-151.722,70.5485],[-151.7228,70.5485],[-151.7238,70.5486],[-151.7239,70.5488],[-151.7241,70.5489],[-151.7248,70.5492],[-151.7252,70.5492],[-151.7259,70.5494],[-151.726,70.5496],[-151.7263,70.5499],[-151.7264,70.5501],[-151.7265,70.5502],[-151.7267,70.5504],[-151.7275,70.5506],[-151.7281,70.5506],[-151.7285,70.5507],[-151.7286,70.5509],[-151.7279,70.5509],[-151.726,70.5509],[-151.7239,70.551],[-151.7228,70.5517],[-151.7228,70.553],[-151.7242,70.5535],[-151.7253,70.554],[-151.7254,70.5546],[-151.7239,70.5544],[-151.723,70.5537],[-151.7208,70.5533],[-151.7187,70.5526],[-151.7162,70.5521],[-151.7155,70.5528],[-151.7145,70.553],[-151.7116,70.5533],[-151.7094,70.5533],[-151.7064,70.5529],[-151.7038,70.552],[-151.7038,70.5506],[-151.7025,70.5514],[-151.7028,70.552],[-151.7033,70.5526],[-151.7045,70.553],[-151.705,70.5533],[-151.7059,70.5536],[-151.7066,70.5542],[-151.7074,70.5545],[-151.71,70.555],[-151.7127,70.5555],[-151.7154,70.5559],[-151.7162,70.556],[-151.7168,70.556],[-151.7174,70.5561],[-151.7185,70.5561],[-151.7201,70.5562],[-151.7219,70.5561],[-151.7227,70.5561],[-151.7228,70.5561],[-151.7232,70.5561],[-151.7264,70.5559],[-151.7287,70.5557],[-151.7304,70.5556],[-151.7308,70.5556],[-151.7313,70.5556],[-151.7324,70.5556],[-151.733,70.5556],[-151.7336,70.5554],[-151.7369,70.5552],[-151.7386,70.5552],[-151.741,70.5549],[-151.7439,70.5548],[-151.746,70.5545],[-151.7496,70.5544],[-151.752,70.5541],[-151.7556,70.5535]]},"properties":{}},{"type":"Feature","geometry":{"type":"LineString","coordinates":[[-151.7565,70.5481],[-151.7573,70.5483],[-151.758,70.5486],[-151.7583,70.5485],[-151.7583,70.5484],[-151.7582,70.5482],[-151.7579,70.548],[-151.7577,70.5478],[-151.7573,70.5476],[-151.7565,70.5472],[-151.7563,70.547],[-151.7554,70.5467],[-151.7549,70.5465],[-151.7546,70.5463],[-151.7543,70.5463],[-151.7541,70.5462],[-151.7536,70.5461],[-151.7534,70.5461],[-151.7533,70.5462],[-151.7533,70.5463],[-151.7533,70.5464],[-151.7532,70.5464],[-151.7533,70.5465],[-151.7535,70.5466],[-151.7537,70.5466],[-151.7537,70.5466],[-151.7536,70.5468],[-151.7536,70.5468],[-151.7536,70.5469],[-151.7535,70.547],[-151.7535,70.5471],[-151.7534,70.5472],[-151.7535,70.5472],[-151.7535,70.5474],[-151.7536,70.5475],[-151.7539,70.5476],[-151.7549,70.5477],[-151.7558,70.5479],[-151.7565,70.5481]]},"properties":{}},{"type":"Feature","geometry":{"type":"LineString","coordinates":[[-151.7457,70.5369],[-151.7459,70.5371],[-151.7461,70.5373],[-151.7463,70.5375],[-151.7462,70.5376],[-151.7461,70.5378],[-151.7459,70.5379],[-151.7457,70.538],[-151.7455,70.5382],[-151.7454,70.5384],[-151.7453,70.5386],[-151.7451,70.5386],[-151.7446,70.539],[-151.7444,70.5391],[-151.744,70.5394],[-151.7438,70.5396],[-151.7438,70.5398],[-151.7439,70.5399],[-151.7437,70.5401],[-151.7435,70.5402],[-151.7437,70.5403],[-151.744,70.5404],[-151.7447,70.5404],[-151.745,70.5404],[-151.7454,70.5406],[-151.7454,70.5407],[-151.7452,70.5409],[-151.7456,70.5411],[-151.7458,70.5412],[-151.7463,70.5413],[-151.7468,70.5415],[-151.7467,70.5416],[-151.747,70.5419],[-151.747,70.542],[-151.747,70.5423],[-151.7471,70.5424],[-151.747,70.5426],[-151.7473,70.5429],[-151.7473,70.543],[-151.7472,70.5432],[-151.7472,70.5434],[-151.7476,70.5435],[-151.748,70.5435],[-151.7484,70.5435],[-151.7488,70.5436],[-151.7488,70.5437],[-151.7489,70.5438],[-151.749,70.544],[-151.7493,70.5441],[-151.7494,70.5443],[-151.7496,70.5445],[-151.7502,70.5446],[-151.7505,70.5447],[-151.7508,70.5448],[-151.7515,70.5449],[-151.752,70.545],[-151.7524,70.5453],[-151.7528,70.5455],[-151.7538,70.5455],[-151.7541,70.5454],[-151.7541,70.5452],[-151.7542,70.545],[-151.7545,70.5448],[-151.7544,70.5446],[-151.7543,70.5445],[-151.7542,70.5444],[-151.7547,70.544],[-151.7549,70.544],[-151.7552,70.5441],[-151.7553,70.5442],[-151.7554,70.5444],[-151.7556,70.5447],[-151.756,70.5448],[-151.7563,70.5448],[-151.7566,70.5447],[-151.7567,70.5446],[-151.7566,70.5444],[-151.7562,70.5442],[-151.7559,70.544],[-151.7555,70.5439],[-151.7551,70.5437],[-151.755,70.5436],[-151.7546,70.5435],[-151.7538,70.5435],[-151.7535,70.5431],[-151.7533,70.543],[-151.7531,70.5427],[-151.7531,70.5426],[-151.7535,70.5423],[-151.7535,70.5421],[-151.7533,70.542],[-151.7529,70.5418],[-151.7527,70.5416],[-151.7525,70.5415],[-151.7522,70.5413],[-151.7521,70.5415],[-151.7524,70.5417],[-151.7522,70.5418],[-151.752,70.5419],[-151.7519,70.542],[-151.7526,70.5422],[-151.7523,70.5424],[-151.7521,70.5424],[-151.7515,70.5424],[-151.7514,70.5422],[-151.7512,70.542],[-151.7511,70.5419],[-151.7514,70.5415],[-151.7514,70.5413],[-151.7512,70.5411],[-151.7508,70.5409],[-151.7506,70.5408],[-151.7503,70.5406],[-151.7499,70.5405],[-151.75,70.5403],[-151.7503,70.5402],[-151.7503,70.54],[-151.7502,70.5398],[-151.7501,70.5397],[-151.7497,70.5395],[-151.7497,70.5394],[-151.7497,70.5391],[-151.7497,70.539],[-151.7495,70.5388],[-151.7492,70.5387],[-151.7489,70.5385],[-151.7488,70.5384],[-151.7487,70.5381],[-151.7487,70.5378],[-151.7487,70.5376],[-151.7484,70.5373],[-151.7482,70.537],[-151.748,70.5368],[-151.7473,70.5364],[-151.7467,70.5361],[-151.7463,70.536],[-151.7458,70.5359],[-151.7454,70.5359],[-151.7453,70.536],[-151.7451,70.5362],[-151.7448,70.5363],[-151.7444,70.5362],[-151.7441,70.5361],[-151.7438,70.5359],[-151.7436,70.5358],[-151.7428,70.5358],[-151.7424,70.5358],[-151.7422,70.5358],[-151.7424,70.536],[-151.7427,70.5361],[-151.7431,70.5363],[-151.7434,70.5365],[-151.7437,70.5365],[-151.7442,70.5366],[-151.7446,70.5366],[-151.745,70.5367],[-151.7457,70.5369]]},"properties":{}},{"type":"Feature","geometry":{"type":"LineString","coordinates":[[-151.7434,70.537],[-151.7426,70.5369],[-151.7427,70.537],[-151.7427,70.5371],[-151.7427,70.5372],[-151.7423,70.5374],[-151.7423,70.5376],[-151.7425,70.5377],[-151.7429,70.5379],[-151.7431,70.538],[-151.743,70.5381],[-151.7427,70.5383],[-151.743,70.5384],[-151.7429,70.5386],[-151.743,70.5387],[-151.7435,70.5388],[-151.7438,70.5386],[-151.7442,70.5384],[-151.7445,70.5383],[-151.745,70.538],[-151.7451,70.5378],[-151.7453,70.5376],[-151.7454,70.5375],[-151.7451,70.5372],[-151.7448,70.5371],[-151.7441,70.537],[-151.7434,70.537]]},"properties":{}},{"type":"Feature","geometry":{"type":"LineString","coordinates":[[-151.7334,70.5422],[-151.7336,70.5421],[-151.7343,70.542],[-151.7348,70.542],[-151.7353,70.5419],[-151.7355,70.5417],[-151.7359,70.5415],[-151.7364,70.5414],[-151.7366,70.5413],[-151.737,70.5411],[-151.7371,70.5408],[-151.7372,70.5406],[-151.7375,70.5404],[-151.7377,70.5402],[-151.738,70.5397],[-151.738,70.5394],[-151.7382,70.5393],[-151.7382,70.5388],[-151.7382,70.5385],[-151.7384,70.5383],[-151.7385,70.5381],[-151.7384,70.538],[-151.738,70.538],[-151.737,70.5381],[-151.7361,70.5381],[-151.7354,70.5382],[-151.7347,70.5382],[-151.7336,70.5383],[-151.733,70.5384],[-151.7326,70.5386],[-151.7324,70.5388],[-151.7322,70.539],[-151.7322,70.5393],[-151.7322,70.5397],[-151.7322,70.5399],[-151.7323,70.5402],[-151.7323,70.5404],[-151.7324,70.5406],[-151.7324,70.5408],[-151.7325,70.5411],[-151.7327,70.5413],[-151.7327,70.5415],[-151.7328,70.5419],[-151.7328,70.5421],[-151.7328,70.5422],[-151.7329,70.5423],[-151.7331,70.5423],[-151.7332,70.5423],[-151.7334,70.5422]]},"properties":{}}]}