{"type":"FeatureCollection","features":[{"type":"Feature","geometry":{"type":"LineString","coordinates":[[-145.2029,69.9967],[-145.2045,69.9969],[-145.2048,69.9968],[-145.2039,69.9966],[-145.2034,69.9966],[-145.2029,69.9965],[-145.2026,69.9963],[-145.2022,69.9961],[-145.201,69.9957],[-145.2005,69.9954],[-145.2004,69.9953],[-145.2001,69.9944],[-145.1971,69.9939],[-145.1952,69.9939],[-145.1942,69.9936],[-145.193,69.9933],[-145.1922,69.9931],[-145.1908,69.9925],[-145.1908,69.9918],[-145.191,69.9913],[-145.1918,69.9903],[-145.1924,69.9899],[-145.1933,69.9896],[-145.194,69.9896],[-145.1949,69.9898],[-145.1958,69.9898],[-145.1968,69.9897],[-145.1971,69.9897],[-145.1979,69.9895],[-145.1984,69.9895],[-145.2004,69.9899],[-145.2016,69.9901],[-145.2026,69.9902],[-145.2036,69.9902],[-145.2044,69.9902],[-145.205,69.99],[-145.2061,69.9898],[-145.2073,69.9898],[-145.2082,69.9899],[-145.2086,69.99],[-145.2098,69.9903],[-145.2108,69.9907],[-145.2115,69.9908],[-145.2127,69.9909],[-145.2133,69.9909],[-145.2142,69.9909],[-145.2149,69.9909],[-145.2165,69.991],[-145.2171,69.9913],[-145.2181,69.9919],[-145.2187,69.9918],[-145.2192,69.9917],[-145.2202,69.9913],[-145.221,69.991],[-145.2219,69.9909],[-145.2232,69.9908],[-145.2243,69.9907],[-145.2254,69.9907],[-145.2263,69.9907],[-145.2273,69.9906],[-145.2288,69.9906],[-145.2294,69.9906],[-145.2302,69.9906],[-145.2309,69.9906],[-145.2311,69.9906],[-145.2316,69.9907],[-145.2323,69.9906],[-145.2331,69.9905],[-145.234,69.9904],[-145.2343,69.9903],[-145.2352,69.9904],[-145.2365,69.9903],[-145.237,69.9902],[-145.2375,69.9901],[-145.239,69.9902],[-145.2399,69.9904],[-145.2407,69.9905],[-145.2412,69.9904],[-145.2418,69.9903],[-145.2426,69.9903],[-145.243,69.9904],[-145.2443,69.9907],[-145.2448,69.9905],[-145.2449,69.9902],[-145.2455,69.9897],[-145.2465,69.9894],[-145.2479,69.9889],[-145.2486,69.9887],[-145.2498,69.9888],[-145.2507,69.9888],[-145.2515,69.9889],[-145.252,69.9888],[-145.2526,69.9889],[-145.253,69.9888],[-145.2532,69.9888],[-145.2545,69.9886],[-145.2559,69.9888],[-145.2568,69.9888],[-145.2571,69.9889],[-145.2578,69.9888],[-145.258,69.9888],[-145.2586,69.9889],[-145.2591,69.9889],[-145.2599,69.9891],[-145.2607,69.9895],[-145.2615,69.9898],[-145.2622,69.9899],[-145.2626,69.9898],[-145.2625,69.9898],[-145.2625,69.9897],[-145.2624,69.9897],[-145.2622,69.9897],[-145.2621,69.9897],[-145.2622,69.9896],[-145.2625,69.9895],[-145.2629,69.9894],[-145.2632,69.989],[-145.2635,69.9888],[-145.2637,69.9886],[-145.2639,69.9884],[-145.2648,69.9882],[-145.2662,69.9881],[-145.2667,69.988],[-145.2672,69.9878],[-145.268,69.9876],[-145.2689,69.9876],[-145.2695,69.9876],[-145.2706,69.9874],[-145.2719,69.9871],[-145.2732,69.9867],[-145.2736,69.9865],[-145.2739,69.9863],[-145.2737,69.9861],[-145.2734,69.986],[-145.2731,69.9857],[-145.273,69.9856],[-145.2729,69.9854],[-145.2728,69.9852],[-145.2728,69.985],[-145.2728,69.9848],[-145.273,69.9847],[-145.2732,69.985],[-145.2735,69.9851],[-145.2737,69.9853],[-145.2737,69.9854],[-145.2738,69.9857],[-145.2743,69.9857],[-145.2746,69.9859],[-145.2752,69.9861],[-145.2764,69.9866],[-145.2776,69.9868],[-145.2779,69.9868],[-145.2786,69.9867],[-145.2794,69.9866],[-145.2799,69.9865],[-145.2841,69.9876],[-145.2832,69.9889],[-145.2835,69.9896],[-145.283,69.9899],[-145.2824,69.99],[-145.2818,69.99],[-145.2806,69.9902],[-145.2799,69.9902],[-145.2796,69.9903],[-145.2794,69.9903],[-145.279,69.9902],[-145.2788,69.9902],[-145.2786,69.9903],[-145.2787,69.9905],[-145.2784,69.9906],[-145.2774,69.9908],[-145.2769,69.9909],[-145.2756,69.9912],[-145.2745,69.9916],[-145.2737,69.9917],[-145.2729,69.9919],[-145.2725,69.9921],[-145.2719,69.9923],[-145.2715,69.9923],[-145.2709,69.9925],[-145.2699,69.9927],[-145.2695,69.9927],[-145.2692,69.9927],[-145.2682,69.9928],[-145.2674,69.9929],[-145.2669,69.9929],[-145.2662,69.9929],[-145.2657,69.993],[-145.2649,69.9931],[-145.2638,69.9933],[-145.2631,69.9935],[-145.2625,69.9935],[-145.2622,69.9935],[-145.2604,69.9935],[-145.2599,69.9935],[-145.2593,69.9935],[-145.2588,69.9935],[-145.2586,69.9935],[-145.2584,69.9934],[-145.2577,69.9933],[-145.2565,69.9934],[-145.2561,69.9935],[-145.2552,69.9935],[-145.2547,69.9936],[-145.2541,69.9935],[-145.2536,69.9935],[-145.2535,69.9936],[-145.2526,69.994],[-145.2519,69.9942],[-145.2508,69.9943],[-145.2504,69.9943],[-145.25,69.9943],[-145.2491,69.9943],[-145.2491,69.9943],[-145.2496,69.9948],[-145.2495,69.9952],[-145.2496,69.9956],[-145.2494,69.9958],[-145.2492,69.996],[-145.2487,69.9963],[-145.2487,69.9965],[-145.2485,69.9967],[-145.2485,69.9969],[-145.2489,69.9976],[-145.2488,69.9982],[-145.2482,69.9985],[-145.2476,69.9986],[-145.248,69.9989],[-145.248,69.999],[-145.248,69.9992],[-145.2477,69.9993],[-145.2474,69.9995],[-145.2474,69.9996],[-145.2467,69.9999],[-145.2469,70.0016],[-145.2465,70.002],[-145.246,70.0023],[-145.2456,70.0026],[-145.2454,70.0029],[-145.2454,70.0035],[-145.2457,70.0045],[-145.2456,70.005],[-145.2451,70.0052],[-145.2446,70.0054],[-145.2447,70.0058],[-145.2446,70.0059],[-145.244,70.0063],[-145.2435,70.0064],[-145.2433,70.0067],[-145.2427,70.007],[-145.2406,70.0074],[-145.2398,70.0076],[-145.2381,70.0078],[-145.2356,70.0079],[-145.2343,70.008],[-145.2339,70.008],[-145.2327,70.0082],[-145.2299,70.0082],[-145.2289,70.0081],[-145.228,70.0079],[-145.2273,70.0077],[-145.2266,70.0076],[-145.2255,70.0077],[-145.2253,70.0077],[-145.225,70.0083],[-145.2249,70.0086],[-145.2249,70.009],[-145.2251,70.0095],[-145.2253,70.0101],[-145.2255,70.0108],[-145.2255,70.0114],[-145.2254,70.0118],[-145.2251,70.0121],[-145.225,70.0125],[-145.2247,70.0127],[-145.2243,70.0128],[-145.2232,70.013],[-145.2217,70.0133],[-145.2215,70.0137],[-145.2216,70.0144],[-145.2211,70.0147],[-145.2208,70.0149],[-145.2209,70.0153],[-145.2209,70.0155],[-145.2209,70.0159],[-145.2206,70.0178],[-145.2202,70.0188],[-145.2201,70.0195],[-145.2197,70.0198],[-145.2191,70.0201],[-145.2188,70.0207],[-145.2181,70.0217],[-145.2177,70.0223],[-145.217,70.0229],[-145.2165,70.0234],[-145.2157,70.0238],[-145.2147,70.0242],[-145.2134,70.0244],[-145.2117,70.0246],[-145.2109,70.0247],[-145.21,70.0247],[-145.2088,70.0247],[-145.2077,70.0246],[-145.2064,70.0245],[-145.2053,70.0246],[-145.203,70.0243],[-145.202,70.0241],[-145.2015,70.024],[-145.2009,70.0238],[-145.2002,70.0238],[-145.1997,70.0237],[-145.1994,70.0236],[-145.1994,70.0235],[-145.1994,70.0234],[-145.1998,70.0233],[-145.2004,70.0233],[-145.2009,70.0232],[-145.2014,70.0233],[-145.2018,70.0233],[-145.202,70.0234],[-145.2021,70.0233],[-145.2019,70.0232],[-145.2012,70.0232],[-145.2006,70.0232],[-145.1993,70.0232],[-145.1987,70.0232],[-145.198,70.0232],[-145.1973,70.0231],[-145.1963,70.023],[-145.1955,70.023],[-145.1947,70.023],[-145.1939,70.0229],[-145.1927,70.0231],[-145.1915,70.0233],[-145.1906,70.0233],[-145.1896,70.0233],[-145.1876,70.0231],[-145.1858,70.0229],[-145.1844,70.0226],[-145.1836,70.0224],[-145.1826,70.022],[-145.1819,70.0218],[-145.1818,70.0215],[-145.1822,70.0212],[-145.1827,70.0209],[-145.1833,70.0207],[-145.1835,70.0205],[-145.1831,70.0204],[-145.1823,70.0205],[-145.1812,70.0206],[-145.1808,70.0207],[-145.1806,70.0217],[-145.1802,70.0219],[-145.181,70.0223],[-145.1812,70.0228],[-145.1816,70.0231],[-145.1824,70.0236],[-145.1827,70.0239],[-145.1832,70.0245],[-145.1836,70.0249],[-145.1843,70.0251],[-145.1861,70.0256],[-145.1875,70.026],[-145.19,70.0265],[-145.1917,70.0269],[-145.1956,70.0274],[-145.1987,70.0277],[-145.1999,70.0279],[-145.2019,70.0281],[-145.2034,70.0281],[-145.205,70.0281],[-145.2064,70.028],[-145.2077,70.028],[-145.2088,70.028],[-145.2105,70.0279],[-145.2127,70.0277],[-145.2143,70.0275],[-145.2153,70.0275],[-145.2168,70.0274],[-145.2186,70.0275],[-145.2202,70.0274],[-145.2213,70.0273],[-145.2223,70.0272],[-145.2241,70.0272],[-145.2256,70.0271],[-145.2296,70.0267],[-145.2323,70.0265],[-145.2413,70.0258],[-145.2441,70.0254],[-145.2452,70.0251],[-145.2461,70.0248],[-145.2475,70.0247],[-145.2485,70.0245],[-145.2504,70.0242],[-145.2522,70.0239],[-145.2544,70.0235],[-145.2547,70.0232],[-145.2546,70.0231],[-145.2541,70.0232],[-145.253,70.0235],[-145.2513,70.0237],[-145.2502,70.024],[-145.2494,70.0241],[-145.2484,70.0243],[-145.2473,70.0244],[-145.2466,70.0244],[-145.2462,70.0242],[-145.2461,70.024],[-145.2457,70.0237],[-145.2459,70.0235],[-145.2473,70.0226],[-145.2495,70.0221],[-145.2509,70.0198],[-145.2512,70.0193],[-145.2517,70.0186],[-145.2512,70.0182],[-145.2511,70.0173],[-145.2511,70.0169],[-145.2502,70.0164],[-145.2497,70.0163],[-145.2491,70.0159],[-145.2488,70.0156],[-145.2488,70.0154],[-145.2487,70.0151],[-145.2487,70.0149],[-145.2488,70.0146],[-145.2488,70.0145],[-145.2486,70.0141],[-145.2491,70.0137],[-145.2496,70.0135],[-145.2494,70.0132],[-145.2488,70.0129],[-145.2487,70.0125],[-145.2483,70.0121],[-145.2481,70.0117],[-145.2475,70.0115],[-145.2474,70.0113],[-145.2475,70.011],[-145.2475,70.0107],[-145.2483,70.0104],[-145.2484,70.0102],[-145.249,70.0098],[-145.2499,70.01],[-145.2502,70.0105],[-145.2511,70.0109],[-145.2511,70.0113],[-145.2514,70.0116],[-145.2519,70.012],[-145.2511,70.0124],[-145.2509,70.0127],[-145.251,70.0131],[-145.2514,70.0133],[-145.2511,70.0137],[-145.2514,70.0139],[-145.2522,70.0145],[-145.2534,70.0153],[-145.254,70.0155],[-145.2549,70.0159],[-145.2551,70.0161],[-145.2563,70.0165],[-145.2578,70.0164],[-145.259,70.0159],[-145.2607,70.0155],[-145.2621,70.0151],[-145.2631,70.0147],[-145.2644,70.0142],[-145.2657,70.0139],[-145.267,70.0134],[-145.2698,70.013],[-145.2727,70.0126],[-145.276,70.0123],[-145.2776,70.0125],[-145.2789,70.0127],[-145.2793,70.0128],[-145.281,70.013],[-145.2832,70.013],[-145.2849,70.0128],[-145.2862,70.0125],[-145.2881,70.0121],[-145.2926,70.0118],[-145.294,70.0117],[-145.295,70.0118],[-145.2958,70.0119],[-145.2985,70.012],[-145.3026,70.0125],[-145.3045,70.013],[-145.3051,70.0134],[-145.3056,70.0138],[-145.3059,70.0144],[-145.3056,70.0147],[-145.3052,70.0148],[-145.3047,70.0149],[-145.3044,70.0146],[-145.3039,70.0144],[-145.3031,70.0142],[-145.3022,70.0141],[-145.3018,70.0139],[-145.3018,70.0138],[-145.3019,70.0136],[-145.3017,70.0132],[-145.3014,70.0132],[-145.3012,70.0134],[-145.3012,70.0135],[-145.3008,70.0136],[-145.3004,70.0135],[-145.3001,70.0134],[-145.3002,70.0131],[-145.2999,70.0129],[-145.2994,70.0128],[-145.2991,70.0126],[-145.2986,70.0124],[-145.2977,70.0123],[-145.2971,70.0123],[-145.2964,70.0123],[-145.2961,70.0124],[-145.296,70.0125],[-145.2962,70.0127],[-145.2967,70.0131],[-145.2974,70.0134],[-145.2986,70.0138],[-145.3002,70.0142],[-145.3024,70.0148],[-145.3038,70.0152],[-145.3052,70.0154],[-145.3078,70.0159],[-145.3105,70.0165],[-145.312,70.017],[-145.3146,70.0174],[-145.3202,70.018],[-145.3242,70.0187],[-145.3318,70.02],[-145.3336,70.0204],[-145.3357,70.0207],[-145.3385,70.021],[-145.3426,70.0213],[-145.3462,70.0218],[-145.3526,70.0228],[-145.3599,70.0242],[-145.3707,70.0271],[-145.3727,70.0277],[-145.3752,70.0283],[-145.3774,70.0289],[-145.3791,70.0294],[-145.3801,70.0298],[-145.3809,70.03],[-145.3816,70.0301],[-145.3826,70.03],[-145.3837,70.0301],[-145.384,70.03],[-145.3837,70.0298],[-145.3829,70.0295],[-145.3836,70.029],[-145.3845,70.0287],[-145.3857,70.0287],[-145.387,70.029],[-145.3914,70.0296],[-145.3938,70.0301],[-145.3957,70.0305],[-145.3977,70.0309],[-145.3982,70.031],[-145.3989,70.0313],[-145.3998,70.0315],[-145.4012,70.0317],[-145.4024,70.0314],[-145.4033,70.0312],[-145.4032,70.0311],[-145.4027,70.0312],[-145.4022,70.0313],[-145.4017,70.0313],[-145.4014,70.0312],[-145.4013,70.0311],[-145.4016,70.0307],[-145.4018,70.0306],[-145.4026,70.0303],[-145.4035,70.03],[-145.4047,70.0298],[-145.4069,70.0298],[-145.4088,70.0298],[-145.4108,70.03],[-145.4125,70.0301],[-145.4141,70.0302],[-145.4157,70.0304],[-145.4169,70.0307],[-145.4182,70.031],[-145.4198,70.031],[-145.4219,70.0313],[-145.4251,70.0318],[-145.4268,70.0323],[-145.4281,70.0328],[-145.4293,70.0332],[-145.4312,70.0336],[-145.4335,70.0337],[-145.4346,70.0338],[-145.4377,70.0346],[-145.4399,70.0354],[-145.4414,70.0361],[-145.4422,70.0365],[-145.4441,70.037],[-145.4458,70.0378],[-145.4464,70.0383],[-145.4473,70.0388],[-145.4485,70.0384],[-145.4494,70.0382],[-145.45,70.0381],[-145.452,70.0379],[-145.4527,70.038],[-145.4536,70.038],[-145.4561,70.0379],[-145.4559,70.0383],[-145.4556,70.0389],[-145.4554,70.0394],[-145.4552,70.0401],[-145.4545,70.0405],[-145.453,70.0406],[-145.4517,70.0409],[-145.4514,70.0411],[-145.4507,70.0417],[-145.4514,70.0423],[-145.4525,70.0441],[-145.4533,70.0456],[-145.4536,70.0462],[-145.4541,70.0466],[-145.4549,70.0473],[-145.4558,70.0482],[-145.4571,70.0496],[-145.4574,70.0499],[-145.458,70.0502],[-145.4585,70.0503],[-145.459,70.0503],[-145.4583,70.0501],[-145.4578,70.0497],[-145.4574,70.0496],[-145.4567,70.0488],[-145.4561,70.0481],[-145.4558,70.0472],[-145.4557,70.0467],[-145.4571,70.0464],[-145.4572,70.0456],[-145.4597,70.045],[-145.4614,70.0447],[-145.464,70.0452],[-145.465,70.046],[-145.4642,70.0465],[-145.4646,70.0472],[-145.4683,70.0468],[-145.4697,70.0467],[-145.4705,70.0469],[-145.4699,70.0474],[-145.4697,70.0481],[-145.4716,70.0477],[-145.4722,70.0473],[-145.4719,70.0467],[-145.4705,70.0462],[-145.4702,70.0453],[-145.4706,70.0444],[-145.4722,70.0444],[-145.4735,70.0449],[-145.474,70.0456],[-145.4743,70.0466],[-145.4747,70.0471],[-145.4755,70.0476],[-145.4762,70.0478],[-145.4773,70.0484],[-145.4785,70.0487],[-145.4787,70.0489],[-145.4786,70.0497],[-145.4779,70.0498],[-145.4762,70.0498],[-145.4749,70.0498],[-145.4733,70.0507],[-145.469,70.0511],[-145.4685,70.0526],[-145.4702,70.0547],[-145.4722,70.0552],[-145.4718,70.0558],[-145.4729,70.0564],[-145.4743,70.0568],[-145.4771,70.0596],[-145.489,70.0604],[-145.494,70.0613],[-145.4967,70.0609],[-145.4995,70.0603],[-145.5025,70.0601],[-145.5046,70.06],[-145.51,70.0599],[-145.5116,70.0601],[-145.5134,70.0605],[-145.516,70.0602],[-145.5164,70.0597],[-145.5173,70.0591],[-145.5179,70.0587],[-145.5189,70.0587],[-145.5215,70.0587],[-145.5232,70.0588],[-145.5261,70.0589],[-145.5284,70.0588],[-145.5312,70.0586],[-145.5339,70.0578],[-145.5362,70.0576],[-145.538,70.0573],[-145.5386,70.0571],[-145.5443,70.0561],[-145.5563,70.0549],[-145.5585,70.054],[-145.561,70.0529],[-145.5628,70.0516],[-145.5651,70.0489],[-145.564,70.0475],[-145.5631,70.046],[-145.5629,70.0448],[-145.5635,70.0442],[-145.5646,70.0437],[-145.5693,70.0422]]},"properties":{}},{"type":"Feature","geometry":{"type":"LineString","coordinates":[[-145.6105,70.0539],[-145.6017,70.0561],[-145.5934,70.0566],[-145.5897,70.0569],[-145.5815,70.058],[-145.5743,70.0598],[-145.5649,70.0625],[-145.5633,70.0642],[-145.565,70.0724],[-145.5702,70.0752],[-145.5732,70.0769],[-145.5763,70.0792],[-145.5772,70.0796],[-145.5779,70.0794],[-145.5792,70.0789],[-145.5818,70.0781],[-145.5867,70.0778],[-145.5895,70.0781],[-145.5911,70.0783],[-145.592,70.0785],[-145.5938,70.0785],[-145.5949,70.0786],[-145.5957,70.0787],[-145.598,70.0809],[-145.5992,70.0817],[-145.6005,70.0822],[-145.6028,70.0825],[-145.6042,70.0825],[-145.6107,70.0837],[-145.6123,70.0839],[-145.6135,70.0839],[-145.6179,70.0838],[-145.6212,70.084],[-145.6246,70.0847],[-145.6274,70.0861],[-145.6289,70.087],[-145.6314,70.0879],[-145.6325,70.0881],[-145.6359,70.0886],[-145.6365,70.0888],[-145.6374,70.0891],[-145.6388,70.0901],[-145.6404,70.0905],[-145.6445,70.0904],[-145.6464,70.0908],[-145.647,70.091],[-145.6484,70.0913],[-145.649,70.0914],[-145.6496,70.0918],[-145.6508,70.092],[-145.6517,70.0925],[-145.653,70.0934],[-145.6543,70.0936],[-145.6553,70.0939],[-145.6554,70.0943],[-145.6561,70.0949],[-145.6574,70.0957],[-145.6598,70.0958],[-145.6611,70.096],[-145.6617,70.0964],[-145.6629,70.0972],[-145.6628,70.0974],[-145.6633,70.0978],[-145.6631,70.0986],[-145.663,70.0996],[-145.6641,70.0998],[-145.6648,70.1],[-145.6653,70.1],[-145.6667,70.1],[-145.6693,70.0999],[-145.6729,70.0994],[-145.6754,70.0997],[-145.6788,70.1006],[-145.6793,70.1008],[-145.6804,70.1014],[-145.6819,70.1016],[-145.6836,70.1021],[-145.6845,70.1025],[-145.6853,70.1027],[-145.6856,70.1027],[-145.6866,70.1028],[-145.6871,70.103],[-145.6886,70.1035],[-145.69,70.104],[-145.6911,70.1054],[-145.6921,70.1062],[-145.6936,70.1068],[-145.6945,70.1071],[-145.6973,70.1079],[-145.6981,70.1089],[-145.6999,70.1092],[-145.7008,70.1097],[-145.7016,70.1102],[-145.7018,70.1105],[-145.7018,70.1107],[-145.7029,70.1109],[-145.7057,70.1113],[-145.7068,70.1118],[-145.7073,70.1125],[-145.7089,70.1126],[-145.7104,70.1125],[-145.7131,70.1126],[-145.7141,70.1128],[-145.7156,70.113],[-145.7165,70.1137],[-145.7177,70.1142],[-145.72,70.1148],[-145.7212,70.115],[-145.7219,70.1152],[-145.7238,70.1156],[-145.7251,70.1159],[-145.7255,70.1163],[-145.7257,70.1169],[-145.726,70.1175],[-145.7263,70.1181],[-145.7268,70.1188],[-145.728,70.1189],[-145.7286,70.119],[-145.7302,70.1191],[-145.7306,70.1192],[-145.7312,70.1198],[-145.7317,70.1201],[-145.7331,70.1207],[-145.7337,70.1209],[-145.734,70.1212],[-145.7346,70.1216],[-145.7342,70.1227],[-145.7344,70.1229],[-145.7349,70.123],[-145.7361,70.1229],[-145.7384,70.1227],[-145.74,70.1228],[-145.7414,70.1231],[-145.7429,70.1232],[-145.7456,70.123],[-145.7466,70.1229],[-145.7477,70.1229],[-145.7486,70.1229],[-145.7492,70.123],[-145.7508,70.1234],[-145.7515,70.1236],[-145.7521,70.1239],[-145.7525,70.1242],[-145.753,70.1248],[-145.7535,70.1254],[-145.7536,70.1258],[-145.7544,70.1264],[-145.7547,70.1268],[-145.7556,70.1268],[-145.7568,70.1265],[-145.7579,70.1263],[-145.7586,70.1264],[-145.7594,70.1264],[-145.7604,70.1263],[-145.7628,70.1263],[-145.7647,70.1267],[-145.766,70.1272],[-145.7674,70.1279],[-145.7689,70.1283],[-145.7701,70.1289],[-145.7713,70.1293],[-145.7718,70.1297],[-145.7722,70.1301],[-145.7723,70.1305],[-145.7724,70.1311],[-145.7727,70.1316],[-145.7731,70.1322],[-145.7751,70.1324],[-145.7781,70.1325],[-145.7793,70.1328],[-145.7799,70.1333],[-145.7808,70.1335],[-145.7819,70.1338],[-145.7821,70.1345],[-145.7824,70.135],[-145.7826,70.1352],[-145.7833,70.1353],[-145.7847,70.1353],[-145.7852,70.1354],[-145.7861,70.1354],[-145.7866,70.1356],[-145.788,70.1361],[-145.7889,70.1367],[-145.7896,70.137],[-145.79,70.1375],[-145.7902,70.1378],[-145.7898,70.1381],[-145.7897,70.1385],[-145.7898,70.1386],[-145.7904,70.1387],[-145.7918,70.1387],[-145.7933,70.1387],[-145.7953,70.1389],[-145.7963,70.1393],[-145.7974,70.1398],[-145.7994,70.1402],[-145.7999,70.1404],[-145.801,70.1411],[-145.8019,70.1417],[-145.8018,70.1421],[-145.8024,70.1428],[-145.8042,70.143],[-145.8054,70.1435],[-145.8062,70.1438],[-145.8075,70.1442],[-145.8085,70.1446],[-145.8101,70.1452],[-145.8115,70.1455],[-145.8133,70.146],[-145.8162,70.1466],[-145.8175,70.1469],[-145.8182,70.1474],[-145.8192,70.1475],[-145.8204,70.1481],[-145.8218,70.1483],[-145.8232,70.1482],[-145.824,70.1483],[-145.8248,70.1486],[-145.8257,70.1491],[-145.827,70.1494],[-145.827,70.1497],[-145.8279,70.1504],[-145.8286,70.1513],[-145.8286,70.1516],[-145.8281,70.1523],[-145.8277,70.1529],[-145.8276,70.1534],[-145.8286,70.1539],[-145.8287,70.1542],[-145.8288,70.1544],[-145.8284,70.1549]]},"properties":{}},{"type":"Feature","geometry":{"type":"LineString","coordinates":[[-145.5693,70.0422],[-145.5784,70.0442],[-145.5859,70.0452],[-145.5896,70.0461],[-145.6055,70.0518],[-145.6105,70.0539]]},"properties":{}},{"type":"Feature","geometry":{"type":"LineString","coordinates":[[-145.47,70.0719],[-145.4704,70.0718],[-145.4703,70.0715],[-145.4674,70.0705],[-145.4643,70.0696],[-145.4622,70.0687],[-145.4607,70.0682],[-145.459,70.0675],[-145.4575,70.0668],[-145.4569,70.0664],[-145.4564,70.0662],[-145.4558,70.066],[-145.4549,70.0658],[-145.4535,70.0653],[-145.4529,70.0651],[-145.452,70.0645],[-145.451,70.0639],[-145.4497,70.0636],[-145.4485,70.0627],[-145.4467,70.0617],[-145.4455,70.0611],[-145.4439,70.06],[-145.4419,70.0592],[-145.439,70.0576],[-145.4363,70.0569],[-145.4331,70.0559],[-145.4263,70.0547],[-145.421,70.0537],[-145.4152,70.0525],[-145.4098,70.0519],[-145.4021,70.0514],[-145.3954,70.0508],[-145.3905,70.0503],[-145.3856,70.0497],[-145.3825,70.0491],[-145.3793,70.0486],[-145.3765,70.048],[-145.3736,70.0475],[-145.3711,70.0469],[-145.3702,70.0465],[-145.3658,70.0444],[-145.3641,70.0436],[-145.362,70.0429],[-145.3602,70.0421],[-145.3573,70.0414],[-145.3557,70.0403],[-145.3549,70.0388],[-145.3549,70.0381],[-145.3588,70.036],[-145.358,70.0356],[-145.3571,70.0355],[-145.355,70.0357],[-145.3529,70.0371],[-145.3514,70.0381],[-145.3515,70.0386]]},"properties":{}},{"type":"Feature","geometry":{"type":"LineString","coordinates":[[-145.3515,70.0386],[-145.3515,70.0392],[-145.3525,70.0403],[-145.3546,70.0412],[-145.3578,70.0425],[-145.3598,70.0433],[-145.3617,70.0437],[-145.3646,70.0449],[-145.3669,70.0459],[-145.3679,70.0463],[-145.3696,70.0467],[-145.3707,70.0471],[-145.3723,70.0478],[-145.3738,70.0482],[-145.378,70.0491],[-145.381,70.0497],[-145.3835,70.0501],[-145.3868,70.0509],[-145.3905,70.0513],[-145.3965,70.0523],[-145.4019,70.0531],[-145.4082,70.0542],[-145.4146,70.055],[-145.4198,70.0563],[-145.4241,70.0571],[-145.4259,70.0576],[-145.4271,70.0579],[-145.4285,70.0584],[-145.4307,70.059],[-145.4329,70.0595],[-145.435,70.0603],[-145.4368,70.0609],[-145.4381,70.0613],[-145.4396,70.0618],[-145.4411,70.0623],[-145.4434,70.0631],[-145.4448,70.0635],[-145.4464,70.0641],[-145.4478,70.0645],[-145.4502,70.0655],[-145.4536,70.0667],[-145.4546,70.067],[-145.4551,70.0672],[-145.4566,70.0678],[-145.4579,70.0682],[-145.4594,70.0687],[-145.4614,70.0693],[-145.4627,70.0697],[-145.464,70.0701],[-145.4665,70.071],[-145.4671,70.0711],[-145.4684,70.0715],[-145.47,70.0719]]},"properties":{}},{"type":"Feature","geometry":{"type":"LineString","coordinates":[[-145.0538,69.9815],[-145.0542,69.9815],[-145.0561,69.9812],[-145.0579,69.9812],[-145.0593,69.9812],[-145.0613,69.9812],[-145.0629,69.9811],[-145.0664,69.9811],[-145.0693,69.9814],[-145.0718,69.9818],[-145.0738,69.9822],[-145.0753,69.983],[-145.0756,69.9833],[-145.0758,69.9834],[-145.0762,69.9835],[-145.0768,69.9835],[-145.0773,69.9836],[-145.0784,69.9837],[-145.0794,69.9837],[-145.0799,69.9838],[-145.0809,69.984],[-145.0823,69.9841],[-145.0836,69.9841],[-145.0845,69.9842],[-145.0855,69.9842],[-145.0882,69.9839],[-145.0914,69.9838],[-145.096,69.984],[-145.0989,69.9842],[-145.1065,69.985],[-145.1101,69.9855],[-145.1142,69.9857],[-145.1218,69.9863],[-145.1267,69.9867],[-145.1309,69.987],[-145.1355,69.9873],[-145.1412,69.988],[-145.1468,69.9889],[-145.1491,69.9891],[-145.1529,69.9896],[-145.1561,69.9899],[-145.1594,69.9901],[-145.1609,69.9901],[-145.1655,69.9903],[-145.1705,69.9904],[-145.1754,69.9907],[-145.1792,69.9909],[-145.1842,69.9916],[-145.1882,69.9922],[-145.1893,69.9925],[-145.193,69.9936],[-145.1939,69.9939],[-145.1954,69.9943],[-145.1964,69.9947],[-145.1976,69.9951],[-145.1996,69.9957],[-145.201,69.9962],[-145.2019,69.9965],[-145.2029,69.9967]]},"properties":{}},{"type":"Feature","geometry":{"type":"LineString","coordinates":[[-145.2126,69.9995],[-145.2112,69.9991],[-145.2133,69.9999],[-145.2141,70.0002],[-145.215,70.0004],[-145.2155,70.0007],[-145.2169,70.001],[-145.2184,70.0015],[-145.2199,70.002],[-145.2225,70.0026],[-145.2254,70.0029],[-145.2243,70.0026],[-145.2174,70.0008],[-145.2126,69.9995]]},"properties":{}},{"type":"Feature","geometry":{"type":"LineString","coordinates":[[-144.0298,70.0424],[-144.0314,70.0437],[-144.0331,70.0443],[-144.0344,70.0451],[-144.0374,70.0459],[-144.0484,70.0477],[-144.0521,70.049],[-144.0539,70.0498],[-144.0591,70.0524],[-144.0719,70.0522],[-144.0755,70.0529],[-144.0754,70.0534],[-144.0837,70.0537],[-144.0905,70.0531],[-144.09,70.0539],[-144.0895,70.0544],[-144.0932,70.0549],[-144.0963,70.0544],[-144.1143,70.0544],[-144.1151,70.0542],[-144.1553,70.0628],[-144.1648,70.0621],[-144.1675,70.0607],[-144.1645,70.0602],[-144.1608,70.0597],[-144.1604,70.0566],[-144.1601,70.0534],[-144.1568,70.0512],[-144.149,70.0501],[-144.1415,70.0484],[-144.1397,70.0472],[-144.1395,70.0458],[-144.1436,70.0437],[-144.147,70.0416],[-144.1497,70.0391],[-144.1526,70.0362],[-144.1577,70.0352],[-144.1626,70.035],[-144.1676,70.0341],[-144.1721,70.0337],[-144.1759,70.0342],[-144.1793,70.0347],[-144.1808,70.0346],[-144.1821,70.035],[-144.1835,70.0351],[-144.184,70.035],[-144.1843,70.0344],[-144.1854,70.0343],[-144.1877,70.0344],[-144.1881,70.0349],[-144.1871,70.0357],[-144.1859,70.0362],[-144.1851,70.0366],[-144.1845,70.037],[-144.1853,70.0374],[-144.1885,70.0377],[-144.1908,70.038],[-144.1925,70.0381],[-144.1951,70.0377],[-144.1976,70.0372],[-144.1994,70.0365],[-144.2025,70.0361],[-144.2045,70.036],[-144.2062,70.036],[-144.2088,70.0362],[-144.2108,70.0361],[-144.2118,70.0356],[-144.2147,70.0345],[-144.2187,70.0347],[-144.2215,70.0348],[-144.2262,70.0343],[-144.2284,70.0338],[-144.2321,70.0329],[-144.237,70.0326],[-144.2393,70.0323],[-144.2436,70.0312],[-144.2474,70.0308],[-144.2515,70.0309],[-144.2542,70.0313],[-144.2575,70.0319],[-144.2592,70.0322],[-144.2598,70.0307],[-144.2619,70.0313],[-144.2646,70.0312],[-144.2664,70.0309],[-144.2707,70.0309],[-144.2735,70.0313],[-144.2751,70.0317],[-144.2772,70.0328],[-144.2792,70.0332],[-144.2807,70.0333],[-144.2853,70.033],[-144.2884,70.0327],[-144.29,70.0322],[-144.292,70.0312],[-144.2951,70.0305],[-144.2976,70.0301],[-144.2989,70.0299],[-144.3004,70.03],[-144.3036,70.0297],[-144.305,70.0297],[-144.3114,70.0285],[-144.3161,70.0274],[-144.3174,70.027],[-144.3187,70.027],[-144.325,70.0274]]},"properties":{}},{"type":"Feature","geometry":{"type":"LineString","coordinates":[[-144.4866,70.0196],[-144.4906,70.0174],[-144.4952,70.0151],[-144.4987,70.0131],[-144.5054,70.0103],[-144.5141,70.0066],[-144.5195,70.0038],[-144.5236,70.0019],[-144.5325,69.9979],[-144.5389,69.995],[-144.5418,69.9937],[-144.5441,69.9927],[-144.5465,69.9917],[-144.548,69.991],[-144.5504,69.99],[-144.5524,69.989],[-144.5549,69.988],[-144.5599,69.9858],[-144.5638,69.984],[-144.5656,69.9831],[-144.5678,69.9822],[-144.57,69.9813],[-144.5729,69.9803],[-144.5747,69.9797],[-144.5789,69.9783],[-144.5822,69.9773],[-144.5838,69.9768],[-144.5853,69.9763],[-144.5908,69.9749],[-144.5947,69.9739],[-144.6006,69.9724],[-144.6049,69.9715],[-144.6089,69.9707],[-144.6122,69.97],[-144.6206,69.9684],[-144.6281,69.9673],[-144.6322,69.9668],[-144.6368,69.9663],[-144.6411,69.966],[-144.6467,69.9656],[-144.6592,69.9652],[-144.669,69.9652],[-144.6756,69.9652],[-144.682,69.9655],[-144.6887,69.9659],[-144.7035,69.9671],[-144.7119,69.9675],[-144.7181,69.9678],[-144.7258,69.9684],[-144.7324,69.9691],[-144.7416,69.9702],[-144.7489,69.9712],[-144.7532,69.9719],[-144.7559,69.9724],[-144.7632,69.9736],[-144.7841,69.977],[-144.7886,69.9778],[-144.7931,69.9785]]},"properties":{}},{"type":"Feature","geometry":{"type":"LineString","coordinates":[[-144.9258,69.9849],[-144.9256,69.9848],[-144.9255,69.9848],[-144.9253,69.9848],[-144.9252,69.985],[-144.9248,69.985],[-144.9242,69.985],[-144.9233,69.9849],[-144.9229,69.9849],[-144.9226,69.985],[-144.922,69.9852],[-144.9217,69.9853],[-144.9215,69.9853],[-144.9214,69.9852],[-144.9212,69.9851],[-144.9211,69.985],[-144.9212,69.9846],[-144.9211,69.9845],[-144.9204,69.9843],[-144.92,69.9842],[-144.9198,69.9842],[-144.9197,69.9842],[-144.9196,69.9843],[-144.9196,69.9843],[-144.9194,69.9844],[-144.919,69.9845],[-144.9184,69.9848],[-144.9178,69.9851],[-144.917,69.9852],[-144.916,69.9851],[-144.915,69.9851],[-144.9142,69.9852],[-144.9135,69.9854],[-144.9124,69.9854],[-144.9116,69.9853],[-144.9109,69.9852],[-144.9102,69.9852],[-144.9095,69.9853],[-144.9085,69.9855],[-144.9057,69.9855],[-144.904,69.9854],[-144.9033,69.9852],[-144.9027,69.9848],[-144.9017,69.9845],[-144.8995,69.9843],[-144.898,69.9841],[-144.8969,69.9842],[-144.8963,69.9844],[-144.8962,69.9846],[-144.8951,69.9848],[-144.8946,69.9848],[-144.8943,69.9846],[-144.8929,69.9845],[-144.8922,69.9845],[-144.8918,69.9843],[-144.8911,69.9838],[-144.8908,69.9836],[-144.8903,69.9836],[-144.8896,69.984],[-144.8877,69.9847],[-144.8874,69.9848],[-144.8866,69.9848],[-144.8856,69.9848],[-144.8851,69.9847],[-144.8848,69.9846],[-144.8843,69.9847],[-144.8819,69.9844],[-144.8808,69.9843],[-144.8803,69.9843],[-144.8788,69.9846],[-144.8776,69.9844],[-144.8763,69.9843],[-144.8747,69.9842],[-144.8702,69.9839],[-144.8638,69.9835],[-144.8573,69.9832],[-144.8512,69.9828],[-144.8438,69.9823],[-144.8392,69.9819],[-144.8374,69.9814],[-144.8368,69.9796],[-144.8363,69.9785],[-144.8362,69.9773],[-144.836,69.9771],[-144.8351,69.977],[-144.8338,69.9771],[-144.8331,69.9772],[-144.8324,69.9771],[-144.8319,69.9772],[-144.8315,69.9774],[-144.8315,69.9778],[-144.8314,69.9781],[-144.8305,69.978],[-144.8306,69.9778],[-144.8303,69.9775],[-144.8307,69.9772],[-144.8319,69.9769],[-144.8337,69.9768],[-144.835,69.9766],[-144.8364,69.9769],[-144.8375,69.9756],[-144.838,69.9752],[-144.8385,69.975],[-144.839,69.9749],[-144.8395,69.9748],[-144.8399,69.9747],[-144.8405,69.9746],[-144.8416,69.974],[-144.8425,69.9735],[-144.843,69.9732],[-144.8437,69.973],[-144.8468,69.9727],[-144.8475,69.9727],[-144.8485,69.9725],[-144.8493,69.9726],[-144.8508,69.9728],[-144.8522,69.9729],[-144.8544,69.973],[-144.8558,69.9731],[-144.8563,69.9732],[-144.8576,69.9732],[-144.859,69.9731],[-144.8617,69.973],[-144.8644,69.9726],[-144.8688,69.9719],[-144.8709,69.9713],[-144.8727,69.9709],[-144.8756,69.9698],[-144.878,69.9689],[-144.8791,69.9685],[-144.8797,69.9684],[-144.8801,69.9683],[-144.8808,69.9683],[-144.8816,69.9683],[-144.8823,69.9681],[-144.8842,69.9674],[-144.8859,69.9669],[-144.8887,69.9661],[-144.8931,69.9649],[-144.8969,69.9639],[-144.901,69.9631],[-144.9051,69.9627],[-144.9086,69.9623],[-144.9126,69.962],[-144.9155,69.962],[-144.9239,69.9621],[-144.9283,69.9621],[-144.9384,69.9621],[-144.9414,69.9624],[-144.943,69.9619],[-144.945,69.9619],[-144.9477,69.9617],[-144.9486,69.9617],[-144.9496,69.9618],[-144.9507,69.9616],[-144.9514,69.961],[-144.9525,69.9603],[-144.9519,69.9595],[-144.9521,69.9592],[-144.9522,69.9589],[-144.9532,69.9583],[-144.9553,69.958],[-144.9571,69.9579],[-144.9588,69.9579],[-144.9615,69.958],[-144.9628,69.9584],[-144.9639,69.9588],[-144.9652,69.9592],[-144.9671,69.96],[-144.9689,69.9613],[-144.9724,69.9638],[-144.9723,69.965],[-144.9731,69.9654],[-144.9738,69.9658],[-144.9745,69.966],[-144.9754,69.9663],[-144.9757,69.9667],[-144.9765,69.9675],[-144.9772,69.9679],[-144.9783,69.9683],[-144.9815,69.9703],[-144.9835,69.972],[-144.9845,69.9721],[-144.9851,69.9721],[-144.9859,69.9722],[-144.9861,69.9725],[-144.986,69.9728],[-144.988,69.9731]]},"properties":{}},{"type":"Feature","geometry":{"type":"LineString","coordinates":[[-144.9995,69.9767],[-145.0021,69.9772],[-145.0039,69.9775],[-145.0068,69.9775],[-145.008,69.9778],[-145.0089,69.978],[-145.0101,69.9781],[-145.0116,69.979],[-145.0121,69.9792],[-145.0125,69.9792],[-145.014,69.9791],[-145.0155,69.9791],[-145.0165,69.9791],[-145.0173,69.9791],[-145.018,69.9792],[-145.0185,69.9793],[-145.0189,69.9795],[-145.019,69.9796],[-145.0192,69.9797],[-145.0196,69.9799],[-145.0198,69.98],[-145.0198,69.9801],[-145.0196,69.9802],[-145.0197,69.9802],[-145.02,69.9803],[-145.0202,69.9803],[-145.0215,69.9803],[-145.0221,69.9803],[-145.023,69.9804],[-145.0234,69.9806],[-145.0239,69.9807],[-145.0253,69.9806],[-145.0262,69.9805],[-145.0271,69.9805],[-145.0278,69.9804],[-145.0284,69.9804],[-145.0294,69.9804],[-145.0298,69.9804],[-145.0302,69.9803],[-145.0305,69.9804],[-145.0308,69.9804],[-145.0307,69.9803],[-145.0306,69.9802],[-145.0308,69.9799],[-145.031,69.9797],[-145.0313,69.9796],[-145.0317,69.9796],[-145.0322,69.9796],[-145.0325,69.9798],[-145.0326,69.98],[-145.0331,69.98],[-145.0336,69.9802],[-145.0341,69.9806],[-145.0345,69.9808],[-145.0348,69.9808],[-145.0354,69.981],[-145.0357,69.9809],[-145.0356,69.9808],[-145.0352,69.9807],[-145.0348,69.9805],[-145.0347,69.9804],[-145.0349,69.9803],[-145.0355,69.9802],[-145.036,69.9802],[-145.0376,69.9804],[-145.0382,69.9807],[-145.0394,69.9807],[-145.0405,69.981],[-145.0414,69.9809],[-145.042,69.981],[-145.0423,69.9812],[-145.0425,69.9813],[-145.0431,69.9812],[-145.0437,69.9812],[-145.0452,69.9812],[-145.0462,69.9812],[-145.0489,69.9814],[-145.0499,69.9815],[-145.0519,69.9817],[-145.0534,69.9816],[-145.0538,69.9815]]},"properties":{}},{"type":"Feature","geometry":{"type":"LineString","coordinates":[[-144.988,69.9731],[-144.9905,69.973],[-144.9913,69.9727],[-144.9925,69.9722],[-144.9931,69.972],[-144.9934,69.9718],[-144.9939,69.9716],[-144.9947,69.9714],[-144.9958,69.9713],[-144.9967,69.9714],[-144.9965,69.9715],[-144.9959,69.9717],[-144.9956,69.972],[-144.9952,69.9723],[-144.9944,69.9725],[-144.9929,69.9728],[-144.9918,69.9733],[-144.9926,69.9736],[-144.9928,69.9739]]},"properties":{}},{"type":"Feature","geometry":{"type":"LineString","coordinates":[[-144.9928,69.9739],[-144.9938,69.9759],[-144.9954,69.9761],[-144.9978,69.9766],[-144.9995,69.9767]]},"properties":{}},{"type":"Feature","geometry":{"type":"LineString","coordinates":[[-144.888,69.9857],[-144.8895,69.9857],[-144.8911,69.9858],[-144.8933,69.9859],[-144.8946,69.9859],[-144.9002,69.9859],[-144.9018,69.9859],[-144.9034,69.9859],[-144.905,69.9859],[-144.9066,69.986],[-144.9075,69.986],[-144.9081,69.986],[-144.9091,69.986],[-144.9098,69.9859],[-144.9104,69.9859],[-144.9107,69.9859],[-144.9115,69.9859],[-144.9122,69.9859],[-144.913,69.986],[-144.9144,69.986],[-144.916,69.986],[-144.9168,69.986],[-144.9176,69.986],[-144.9185,69.9861],[-144.92,69.9861],[-144.921,69.9861],[-144.9218,69.986],[-144.9224,69.9859],[-144.9229,69.9858],[-144.9235,69.9856],[-144.9239,69.9855],[-144.9245,69.9852],[-144.9251,69.9851],[-144.9256,69.985],[-144.9258,69.9849]]},"properties":{}},{"type":"Feature","geometry":{"type":"LineString","coordinates":[[-144.9335,69.9885],[-144.933,69.9885],[-144.9322,69.9886],[-144.9313,69.9885],[-144.9308,69.9882],[-144.9307,69.988],[-144.9309,69.9878],[-144.9306,69.9877],[-144.9307,69.9875],[-144.9305,69.9874],[-144.93,69.9874],[-144.93,69.9879],[-144.9303,69.9883],[-144.931,69.9887],[-144.9322,69.9889],[-144.9343,69.9891],[-144.9353,69.9891],[-144.9367,69.9889],[-144.9388,69.9883],[-144.9395,69.988],[-144.9398,69.9878],[-144.9395,69.9876],[-144.939,69.9874],[-144.9383,69.9873],[-144.9376,69.9873],[-144.9372,69.9874],[-144.9366,69.9877],[-144.9363,69.9881],[-144.9359,69.9885],[-144.9349,69.9887],[-144.9337,69.9887],[-144.9335,69.9885]]},"properties":{}},{"type":"Feature","geometry":{"type":"LineString","coordinates":[[-144.7946,69.9787],[-144.7999,69.9795],[-144.8095,69.9804],[-144.8176,69.9809],[-144.8344,69.982],[-144.8434,69.9826],[-144.848,69.9829],[-144.8513,69.9832],[-144.8535,69.9833],[-144.8557,69.9834],[-144.8637,69.9838],[-144.873,69.9845],[-144.8792,69.985],[-144.8812,69.9852],[-144.8844,69.9854],[-144.888,69.9857]]},"properties":{}},{"type":"Feature","geometry":{"type":"LineString","coordinates":[[-144.7931,69.9785],[-144.7939,69.9786],[-144.7946,69.9787]]},"properties":{}},{"type":"Feature","geometry":{"type":"LineString","coordinates":[[-144.325,70.0274],[-144.33,70.0278],[-144.3349,70.0284],[-144.3465,70.0306],[-144.3488,70.0305],[-144.3519,70.0301],[-144.3534,70.0299],[-144.3576,70.029],[-144.362,70.0291],[-144.3657,70.0289],[-144.3724,70.0294],[-144.3752,70.0294],[-144.3784,70.0299],[-144.3835,70.0303],[-144.3847,70.0302],[-144.3852,70.0298],[-144.3852,70.0295],[-144.3858,70.0293],[-144.3858,70.0299],[-144.386,70.0302],[-144.3867,70.0304],[-144.3893,70.0306],[-144.392,70.0306],[-144.3945,70.0302],[-144.3963,70.0302],[-144.3972,70.0299],[-144.3976,70.0296],[-144.3967,70.0293],[-144.3956,70.029],[-144.3948,70.0282],[-144.3956,70.0277],[-144.3964,70.0272],[-144.398,70.0267],[-144.3988,70.0262],[-144.3986,70.0258],[-144.3991,70.0257],[-144.4002,70.0254],[-144.4,70.0252],[-144.3997,70.0249],[-144.4002,70.0247],[-144.4005,70.0242],[-144.4025,70.0242],[-144.403,70.025],[-144.4057,70.0249],[-144.4075,70.0251],[-144.4094,70.0251],[-144.4101,70.0251],[-144.4102,70.0245],[-144.4117,70.0242],[-144.414,70.0241],[-144.4153,70.0241],[-144.4179,70.0242],[-144.4215,70.0242],[-144.4232,70.0225],[-144.4239,70.0226],[-144.4249,70.0227],[-144.4257,70.0227],[-144.4268,70.0229],[-144.4284,70.0228],[-144.4347,70.0225],[-144.4414,70.0221],[-144.4425,70.0222],[-144.4437,70.0223],[-144.4447,70.0221],[-144.4457,70.0218],[-144.4466,70.0216],[-144.4475,70.0215],[-144.4488,70.0208],[-144.4505,70.0206],[-144.4511,70.0203],[-144.453,70.0202],[-144.4539,70.0199],[-144.454,70.0195],[-144.4558,70.0188],[-144.4575,70.0185],[-144.4581,70.0177],[-144.4607,70.0173],[-144.4623,70.0171],[-144.4628,70.0169],[-144.465,70.017],[-144.4675,70.017],[-144.4693,70.0171],[-144.4707,70.017],[-144.4728,70.0171],[-144.475,70.0172],[-144.4769,70.0172],[-144.4781,70.0167],[-144.481,70.0166],[-144.4837,70.0167],[-144.486,70.0163],[-144.488,70.017],[-144.4888,70.0176],[-144.4883,70.0183],[-144.4831,70.021],[-144.4817,70.0217],[-144.4797,70.0222],[-144.4775,70.0227],[-144.4758,70.0227],[-144.4744,70.0229],[-144.4741,70.0232],[-144.4727,70.0237],[-144.4698,70.0245],[-144.4684,70.0245],[-144.4674,70.0248],[-144.4676,70.0249],[-144.4685,70.0249],[-144.4704,70.0248],[-144.4719,70.0243],[-144.4738,70.0243],[-144.4797,70.023],[-144.4826,70.0219],[-144.4866,70.0196]]},"properties":{}},{"type":"Feature","geometry":{"type":"LineString","coordinates":[[-143.6879,70.0983],[-143.6883,70.0987],[-143.6893,70.0996],[-143.6943,70.1028],[-143.6957,70.1033],[-143.697,70.1039],[-143.6981,70.1041],[-143.6989,70.1043],[-143.6998,70.1044],[-143.7004,70.1045],[-143.7009,70.1046],[-143.702,70.1047],[-143.7027,70.1048],[-143.7035,70.1048],[-143.7044,70.1049],[-143.7052,70.105],[-143.7054,70.105],[-143.7062,70.1051],[-143.7069,70.1052],[-143.7077,70.1051],[-143.7083,70.1048],[-143.7088,70.1047],[-143.7095,70.1047],[-143.7097,70.1046],[-143.7104,70.1046],[-143.7107,70.1044],[-143.7127,70.104],[-143.7132,70.1038],[-143.7143,70.1038],[-143.7153,70.1038],[-143.716,70.1039],[-143.7168,70.1041],[-143.7176,70.1043],[-143.7179,70.1043],[-143.7189,70.1045],[-143.7192,70.1042],[-143.7192,70.1041],[-143.7186,70.1039],[-143.7183,70.1039],[-143.7175,70.1037],[-143.7171,70.1034],[-143.7165,70.1033],[-143.716,70.1032],[-143.7155,70.103],[-143.7144,70.1027],[-143.7143,70.1027],[-143.714,70.1025],[-143.7137,70.1022],[-143.7123,70.102],[-143.7123,70.1018],[-143.7126,70.1015],[-143.713,70.1011],[-143.7134,70.101],[-143.7137,70.101],[-143.7146,70.1008],[-143.715,70.1007],[-143.7154,70.1006],[-143.7154,70.1004],[-143.7155,70.1001],[-143.7161,70.1002],[-143.7167,70.1004],[-143.7174,70.1005],[-143.7179,70.1004],[-143.7183,70.1003],[-143.7185,70.1001],[-143.7193,70.1001],[-143.7204,70.1002],[-143.7212,70.1004],[-143.7219,70.1005],[-143.7227,70.1004],[-143.7229,70.1002],[-143.7231,70.0999],[-143.7237,70.0998],[-143.7238,70.0996],[-143.724,70.0993],[-143.7242,70.0992],[-143.7241,70.0985],[-143.7237,70.0984],[-143.7237,70.0982],[-143.724,70.098],[-143.7239,70.0979],[-143.7238,70.0974],[-143.7246,70.0973],[-143.7249,70.0971],[-143.7259,70.097],[-143.7267,70.0971],[-143.7272,70.0973],[-143.7274,70.0973],[-143.7277,70.0973],[-143.7283,70.097],[-143.7292,70.0969],[-143.7302,70.0968],[-143.7307,70.0969],[-143.7308,70.0972],[-143.7303,70.0973],[-143.7301,70.0974],[-143.7301,70.0975],[-143.7304,70.0978],[-143.7311,70.0981],[-143.7315,70.0981],[-143.7319,70.098],[-143.7334,70.098],[-143.7349,70.0981],[-143.7352,70.0981],[-143.7367,70.0983],[-143.7375,70.0983],[-143.7379,70.0983],[-143.7383,70.0982],[-143.7389,70.0979],[-143.7389,70.0976],[-143.7381,70.0972],[-143.7375,70.097],[-143.7375,70.0968],[-143.738,70.0966],[-143.7383,70.0965],[-143.7389,70.0962],[-143.7387,70.0959],[-143.7382,70.0958],[-143.7379,70.0956],[-143.7375,70.0955],[-143.7358,70.0953],[-143.7343,70.0952],[-143.7334,70.0951],[-143.7327,70.0949],[-143.7312,70.0948],[-143.7303,70.0948],[-143.7294,70.0949],[-143.7287,70.095],[-143.728,70.095],[-143.7275,70.095],[-143.7263,70.0949],[-143.7255,70.0947],[-143.7248,70.0946],[-143.7242,70.0945],[-143.7235,70.0944],[-143.7238,70.0934],[-143.7246,70.092],[-143.7254,70.0913],[-143.7259,70.0909],[-143.7267,70.0905],[-143.7273,70.0903],[-143.728,70.0903],[-143.7286,70.0903],[-143.7296,70.0903],[-143.7307,70.0902],[-143.7312,70.09],[-143.7318,70.0899],[-143.7321,70.0898],[-143.7329,70.0898],[-143.7344,70.0898],[-143.735,70.0898],[-143.7354,70.0898],[-143.7361,70.0898],[-143.7371,70.0897],[-143.7377,70.0899],[-143.738,70.09],[-143.7382,70.0901],[-143.7382,70.0903],[-143.7381,70.0907],[-143.7376,70.0909],[-143.7375,70.091],[-143.7374,70.0912],[-143.7378,70.0914],[-143.7386,70.0916],[-143.7394,70.0917],[-143.7408,70.0919],[-143.7435,70.0921],[-143.7445,70.0922],[-143.7449,70.0923],[-143.7465,70.0925],[-143.7474,70.0924],[-143.7482,70.0922],[-143.7486,70.0921],[-143.7496,70.0916],[-143.7504,70.0914],[-143.7507,70.0912],[-143.751,70.091],[-143.7518,70.091],[-143.7527,70.091],[-143.7533,70.0909],[-143.7537,70.0907],[-143.754,70.0904],[-143.7544,70.0902],[-143.7548,70.0899],[-143.7553,70.0898],[-143.7565,70.0897],[-143.7577,70.0896],[-143.7582,70.0896],[-143.7589,70.0895],[-143.7594,70.0893],[-143.7604,70.0892],[-143.7608,70.089],[-143.7614,70.0889],[-143.7619,70.0887],[-143.7622,70.0886],[-143.7626,70.0885],[-143.7629,70.0884],[-143.7635,70.0882],[-143.7641,70.0881],[-143.7646,70.0879],[-143.7649,70.0878],[-143.7651,70.0877],[-143.7655,70.0875],[-143.7657,70.0872],[-143.7663,70.087],[-143.7668,70.0869],[-143.7672,70.0869],[-143.7677,70.0868],[-143.7681,70.0866],[-143.7685,70.0865],[-143.7691,70.0866],[-143.7695,70.0865],[-143.7699,70.0864],[-143.7704,70.0865],[-143.7714,70.0865],[-143.7723,70.0863],[-143.773,70.0862],[-143.7735,70.086],[-143.7745,70.0856],[-143.7749,70.0854],[-143.7754,70.0853],[-143.7756,70.0851],[-143.776,70.0848],[-143.7764,70.0846],[-143.7769,70.0844],[-143.778,70.0843],[-143.7785,70.0842],[-143.779,70.0841],[-143.78,70.0839],[-143.7805,70.0835],[-143.782,70.0831],[-143.7827,70.0829],[-143.7832,70.0828],[-143.784,70.0824],[-143.7846,70.082],[-143.7855,70.0814],[-143.7862,70.081],[-143.7864,70.0807],[-143.7866,70.08],[-143.7867,70.0794],[-143.7867,70.079],[-143.7869,70.0786],[-143.7875,70.0778],[-143.7879,70.0776],[-143.7883,70.0774],[-143.7888,70.077],[-143.7895,70.077],[-143.79,70.0769],[-143.7904,70.0768],[-143.7911,70.0765],[-143.7924,70.0758],[-143.793,70.0754],[-143.7935,70.0751],[-143.794,70.0749],[-143.7947,70.0747],[-143.7951,70.0747],[-143.7958,70.0744],[-143.7966,70.074],[-143.7972,70.0738],[-143.7981,70.0734],[-143.7987,70.0733],[-143.7996,70.0732],[-143.8008,70.073],[-143.8014,70.073],[-143.8018,70.0728],[-143.8023,70.0726],[-143.8027,70.0725],[-143.8032,70.0724],[-143.8034,70.0722],[-143.8035,70.0718],[-143.8037,70.0716],[-143.8039,70.0714],[-143.8042,70.0714],[-143.8044,70.0713],[-143.8041,70.0711],[-143.8038,70.071],[-143.803,70.0711],[-143.8027,70.071],[-143.8023,70.071],[-143.8019,70.0707],[-143.8021,70.0705],[-143.8021,70.0701],[-143.8021,70.0699],[-143.8018,70.0697],[-143.8016,70.0695],[-143.8015,70.0692],[-143.8015,70.0689],[-143.8017,70.0688],[-143.8019,70.0686],[-143.802,70.0685],[-143.8021,70.0683],[-143.802,70.068],[-143.8015,70.0677],[-143.8012,70.0676],[-143.801,70.0673],[-143.801,70.0671],[-143.8014,70.0671],[-143.8015,70.067],[-143.8014,70.0667],[-143.801,70.0664],[-143.8006,70.0659],[-143.8006,70.0655],[-143.8006,70.065],[-143.8006,70.0645],[-143.8004,70.0642],[-143.8003,70.064],[-143.8003,70.0638],[-143.8008,70.0636],[-143.8013,70.0634],[-143.802,70.063],[-143.8022,70.0628],[-143.8028,70.0627],[-143.803,70.0624],[-143.803,70.0622],[-143.803,70.0619],[-143.8027,70.0616],[-143.8025,70.0614],[-143.8025,70.061],[-143.8029,70.0608],[-143.8032,70.0606],[-143.8033,70.0602],[-143.8034,70.06],[-143.8034,70.0599],[-143.8038,70.0599],[-143.8039,70.0601],[-143.8038,70.0604],[-143.8035,70.0608],[-143.8033,70.061],[-143.8033,70.0611],[-143.8033,70.0614],[-143.8035,70.0615],[-143.8037,70.0617],[-143.8041,70.062],[-143.8041,70.0623],[-143.8039,70.0625],[-143.8035,70.0627],[-143.8029,70.0629],[-143.8024,70.0632],[-143.8019,70.0635],[-143.8013,70.0637],[-143.8014,70.064],[-143.8016,70.0644],[-143.8016,70.0648],[-143.8017,70.0651],[-143.8016,70.0655],[-143.8019,70.0662],[-143.8023,70.0664],[-143.8029,70.0666],[-143.8034,70.067],[-143.8036,70.0672],[-143.8038,70.0675],[-143.8038,70.0677],[-143.804,70.0679],[-143.8041,70.0681],[-143.8043,70.0682],[-143.8045,70.0683],[-143.806,70.0682],[-143.8065,70.0683],[-143.8072,70.0683],[-143.8073,70.0686],[-143.8076,70.0688],[-143.8079,70.0691],[-143.808,70.0692],[-143.8084,70.0696],[-143.8093,70.0696],[-143.8097,70.0697],[-143.8104,70.0698],[-143.8108,70.0699],[-143.811,70.0701],[-143.8118,70.0703],[-143.8121,70.0704],[-143.8121,70.0707],[-143.8123,70.071],[-143.8126,70.0715],[-143.813,70.0718],[-143.8134,70.0721],[-143.8136,70.0724],[-143.8139,70.0729],[-143.8141,70.0734],[-143.8143,70.074],[-143.8143,70.0743],[-143.8142,70.0745],[-143.814,70.0746],[-143.8137,70.0748],[-143.8131,70.0749],[-143.8128,70.0751],[-143.8122,70.0753],[-143.8118,70.0753],[-143.8113,70.0754],[-143.812,70.0756],[-143.8125,70.0756],[-143.8131,70.0757],[-143.8135,70.0757],[-143.8139,70.0757],[-143.8146,70.0757],[-143.815,70.0757],[-143.8155,70.0756],[-143.8163,70.0757],[-143.8169,70.0759],[-143.8175,70.0761],[-143.8176,70.0762],[-143.818,70.0762],[-143.8187,70.0762],[-143.8194,70.0762],[-143.8206,70.0763],[-143.8215,70.0763],[-143.8221,70.0763],[-143.8226,70.0761],[-143.8242,70.0759],[-143.824,70.0757],[-143.8235,70.0757],[-143.8232,70.0755],[-143.8232,70.0753],[-143.8235,70.0751],[-143.8241,70.075],[-143.8249,70.075],[-143.8256,70.075],[-143.8262,70.075],[-143.8267,70.075],[-143.8281,70.075],[-143.8285,70.0749],[-143.8289,70.0747],[-143.8293,70.0746],[-143.8295,70.0744],[-143.8294,70.0741],[-143.8292,70.0738],[-143.8292,70.0735],[-143.8297,70.0731],[-143.8303,70.0729],[-143.8306,70.0725],[-143.8312,70.0719],[-143.8316,70.0717],[-143.8317,70.0715],[-143.8318,70.0712],[-143.8324,70.0709],[-143.8343,70.0706],[-143.8348,70.0705],[-143.8356,70.0706],[-143.8358,70.0704],[-143.8357,70.0702],[-143.8356,70.0701],[-143.8357,70.0699],[-143.8359,70.0698],[-143.8362,70.0697],[-143.8363,70.0695],[-143.836,70.0693],[-143.8358,70.069],[-143.8357,70.0687],[-143.8353,70.0683],[-143.8353,70.068],[-143.8354,70.0677],[-143.8357,70.0674],[-143.8361,70.0673],[-143.8365,70.067],[-143.8368,70.0669],[-143.8369,70.067],[-143.8367,70.0674],[-143.8364,70.0676],[-143.8363,70.0678],[-143.8362,70.0682],[-143.8362,70.0687],[-143.8364,70.0691],[-143.8366,70.0693],[-143.8366,70.0696],[-143.8366,70.0697],[-143.8363,70.0699],[-143.8361,70.0701],[-143.8361,70.0703],[-143.8365,70.0704],[-143.8368,70.0705],[-143.8365,70.0706],[-143.8361,70.0707],[-143.8357,70.0711],[-143.8365,70.0713],[-143.8372,70.0713],[-143.838,70.0713],[-143.839,70.0713],[-143.8395,70.0713],[-143.8405,70.0713],[-143.8408,70.0711],[-143.8413,70.0707],[-143.8418,70.0705],[-143.8427,70.0704],[-143.8446,70.0704],[-143.8462,70.0704],[-143.848,70.0704],[-143.8488,70.0704],[-143.8488,70.0708],[-143.8487,70.071],[-143.8487,70.0713],[-143.8485,70.0716],[-143.8484,70.0718],[-143.8489,70.0722],[-143.8491,70.0725],[-143.85,70.0728],[-143.851,70.073],[-143.8518,70.073],[-143.8529,70.073],[-143.854,70.0734],[-143.8538,70.0736],[-143.8529,70.0739],[-143.8516,70.0742],[-143.8516,70.0753],[-143.8518,70.0757],[-143.852,70.0762],[-143.8519,70.0769],[-143.8511,70.0774],[-143.8507,70.0776],[-143.8509,70.078],[-143.8501,70.078],[-143.8491,70.078],[-143.8482,70.0781],[-143.8476,70.0783],[-143.8474,70.0784],[-143.8473,70.0785],[-143.8492,70.0787],[-143.8503,70.0785],[-143.8515,70.0785],[-143.8533,70.0788],[-143.854,70.0788],[-143.855,70.0788],[-143.856,70.0787],[-143.8554,70.0784],[-143.8556,70.0781],[-143.856,70.0778],[-143.8564,70.0775],[-143.857,70.0773],[-143.8581,70.0773],[-143.8591,70.0773],[-143.8598,70.0774],[-143.8606,70.0775],[-143.8614,70.0776],[-143.8621,70.0776],[-143.8624,70.0777],[-143.8627,70.0777],[-143.8631,70.0778],[-143.8637,70.0778],[-143.8642,70.0779],[-143.8646,70.078],[-143.8648,70.0781],[-143.865,70.078],[-143.8657,70.0779],[-143.8662,70.0779],[-143.867,70.0777],[-143.8674,70.0777],[-143.8681,70.0777],[-143.8695,70.0777],[-143.8701,70.0778],[-143.8709,70.0778],[-143.8717,70.0779],[-143.8724,70.0779],[-143.8738,70.0779],[-143.8744,70.0779],[-143.8754,70.0779],[-143.8757,70.0778],[-143.8761,70.0777],[-143.8768,70.0778],[-143.877,70.0778],[-143.8781,70.0778],[-143.8786,70.0778],[-143.8798,70.0776],[-143.8805,70.0773],[-143.8808,70.077],[-143.881,70.0769],[-143.8814,70.0768],[-143.882,70.0766],[-143.8825,70.0766],[-143.8828,70.0764],[-143.883,70.0762],[-143.8831,70.0762],[-143.8835,70.0761],[-143.8839,70.0759],[-143.8847,70.0758],[-143.8852,70.0758],[-143.8857,70.0754],[-143.8852,70.0753],[-143.8853,70.0752],[-143.8858,70.0751],[-143.8865,70.0747],[-143.8874,70.0745],[-143.8882,70.0743],[-143.8886,70.0743],[-143.889,70.0741],[-143.8892,70.0739],[-143.8898,70.0737],[-143.8904,70.0736],[-143.891,70.0735],[-143.8917,70.0736],[-143.8921,70.0737],[-143.8923,70.0737],[-143.8926,70.0736],[-143.8929,70.0732],[-143.8934,70.0726],[-143.8939,70.0722],[-143.8945,70.0718],[-143.8955,70.0709],[-143.8956,70.0705],[-143.8961,70.0703],[-143.8965,70.0701],[-143.8969,70.07],[-143.8971,70.0697],[-143.8977,70.0696],[-143.8977,70.0694],[-143.8977,70.0692],[-143.8976,70.0691],[-143.8974,70.069],[-143.897,70.0689],[-143.8964,70.0687],[-143.8953,70.0685],[-143.8949,70.0684],[-143.8946,70.0684],[-143.8937,70.068],[-143.8929,70.0675],[-143.8918,70.0668],[-143.8912,70.0663],[-143.8911,70.0661],[-143.8912,70.0659],[-143.8914,70.0653],[-143.8918,70.0649],[-143.892,70.0647],[-143.8924,70.0643],[-143.8932,70.064],[-143.8934,70.0639],[-143.8937,70.0636],[-143.8937,70.063],[-143.894,70.0625],[-143.8944,70.0621],[-143.8951,70.0616],[-143.8967,70.0609],[-143.8975,70.0606],[-143.899,70.0602],[-143.9005,70.06],[-143.9009,70.0599],[-143.9018,70.0598],[-143.9031,70.0596],[-143.9036,70.0596],[-143.9043,70.0597],[-143.9053,70.0598],[-143.9057,70.0598],[-143.906,70.0598],[-143.9065,70.0598],[-143.9068,70.0598],[-143.9072,70.0597],[-143.9076,70.0597],[-143.9082,70.0597],[-143.9084,70.0596],[-143.9083,70.0595],[-143.9079,70.0592],[-143.9073,70.0591],[-143.9064,70.059],[-143.9044,70.0585],[-143.9041,70.0584],[-143.904,70.0582],[-143.9041,70.0579],[-143.9045,70.0575],[-143.9046,70.0573],[-143.9049,70.0572],[-143.9051,70.0567],[-143.9048,70.0563],[-143.9045,70.0561],[-143.9049,70.0558],[-143.9053,70.0558],[-143.906,70.0558],[-143.9075,70.0555],[-143.9079,70.0554],[-143.9085,70.0553],[-143.909,70.0552],[-143.9092,70.0552],[-143.9093,70.0549],[-143.9088,70.0545],[-143.9087,70.0543],[-143.9087,70.0541],[-143.9086,70.0539],[-143.9089,70.0537],[-143.9086,70.0535],[-143.9081,70.0532],[-143.9078,70.0531],[-143.9076,70.0529],[-143.9074,70.0527],[-143.9068,70.0525],[-143.9071,70.0526],[-143.9077,70.0527],[-143.908,70.0528],[-143.9083,70.0531],[-143.9088,70.0532],[-143.9091,70.0534],[-143.9094,70.0536],[-143.9095,70.0537],[-143.9097,70.0544],[-143.9101,70.0544],[-143.9103,70.0546],[-143.9104,70.0548],[-143.9103,70.055],[-143.9103,70.0553],[-143.91,70.0555],[-143.9097,70.0555],[-143.9093,70.0557],[-143.9093,70.0559],[-143.9095,70.0561],[-143.9098,70.0562],[-143.9098,70.0564],[-143.9099,70.0566],[-143.9095,70.0568],[-143.9094,70.0569],[-143.9093,70.0572],[-143.9092,70.0573],[-143.9089,70.0576],[-143.9088,70.0578],[-143.9088,70.058],[-143.909,70.0582],[-143.9095,70.0585],[-143.9103,70.0588],[-143.9108,70.0591],[-143.912,70.0593],[-143.9129,70.0594],[-143.9133,70.0596],[-143.9135,70.0596],[-143.9139,70.0599],[-143.9139,70.0601],[-143.914,70.0604],[-143.9138,70.0606],[-143.9133,70.0607],[-143.9127,70.0607],[-143.9118,70.0607],[-143.9115,70.0607],[-143.9112,70.0608],[-143.9115,70.0612],[-143.9116,70.0614],[-143.9123,70.0615],[-143.9131,70.0617],[-143.9137,70.0618],[-143.9144,70.0619],[-143.9147,70.0621],[-143.9152,70.0625],[-143.9159,70.0628],[-143.9159,70.063],[-143.9163,70.0633],[-143.9165,70.0634],[-143.9167,70.0636],[-143.9173,70.0639],[-143.9181,70.064],[-143.9189,70.0641],[-143.9193,70.0641],[-143.9203,70.0641],[-143.9209,70.0646],[-143.9208,70.0648],[-143.9213,70.0656],[-143.9217,70.0661],[-143.9218,70.0663],[-143.9219,70.0665],[-143.9227,70.0666],[-143.9231,70.0666],[-143.9236,70.0668],[-143.9241,70.0669],[-143.9243,70.067],[-143.9248,70.0675],[-143.9251,70.0677],[-143.9257,70.0679],[-143.926,70.0681],[-143.9265,70.0685],[-143.9269,70.0687],[-143.9275,70.0689],[-143.9283,70.0688],[-143.9288,70.0688],[-143.93,70.0688],[-143.9308,70.0689],[-143.9315,70.0689],[-143.9322,70.0688],[-143.9329,70.0688],[-143.9333,70.0688],[-143.9342,70.0687],[-143.9349,70.0686],[-143.9352,70.0685],[-143.9355,70.0684],[-143.9366,70.0681],[-143.9376,70.0678],[-143.9392,70.0675],[-143.9397,70.0674],[-143.9399,70.0673],[-143.9402,70.0672],[-143.9408,70.0671],[-143.941,70.0669],[-143.9408,70.0667],[-143.9404,70.0664],[-143.9403,70.0661],[-143.9402,70.0659],[-143.94,70.0656],[-143.94,70.0652],[-143.94,70.0646],[-143.94,70.0644],[-143.9402,70.0641],[-143.9404,70.0637],[-143.9405,70.0634],[-143.9407,70.0629],[-143.9415,70.0619],[-143.942,70.0612],[-143.943,70.0603],[-143.9432,70.06],[-143.9436,70.0598],[-143.9441,70.0598],[-143.9442,70.0596],[-143.9443,70.0594],[-143.9452,70.0591],[-143.9455,70.0589],[-143.9458,70.0587],[-143.9464,70.0587],[-143.9472,70.0589],[-143.9476,70.0589],[-143.9481,70.059],[-143.9491,70.0591],[-143.9499,70.0593],[-143.9505,70.0595],[-143.9508,70.0596],[-143.9513,70.0596],[-143.9516,70.0596],[-143.952,70.0591],[-143.952,70.0588],[-143.952,70.0584],[-143.9522,70.0582],[-143.953,70.0579],[-143.9537,70.0577],[-143.9543,70.0576],[-143.9554,70.0576],[-143.9563,70.0576],[-143.9569,70.0575],[-143.9575,70.0576],[-143.9579,70.0576],[-143.9585,70.0576],[-143.959,70.0575],[-143.9598,70.0576],[-143.9602,70.0575],[-143.9608,70.0575],[-143.9614,70.0576],[-143.9618,70.0576],[-143.9621,70.0577],[-143.9627,70.0576],[-143.9635,70.0577],[-143.964,70.0577],[-143.9644,70.0579],[-143.9648,70.058],[-143.9653,70.058],[-143.9659,70.0581],[-143.966,70.0583],[-143.9663,70.0584],[-143.9665,70.0585],[-143.9666,70.0586],[-143.9668,70.0588],[-143.9672,70.0591],[-143.9677,70.0595],[-143.968,70.0597],[-143.9687,70.0605],[-143.9699,70.0617],[-143.9709,70.0629],[-143.9723,70.0649],[-143.9729,70.0661],[-143.9737,70.0675],[-143.9738,70.0678],[-143.9743,70.0682],[-143.9749,70.0682],[-143.9753,70.0683],[-143.9761,70.0685],[-143.9769,70.0688],[-143.9768,70.069],[-143.9767,70.0693],[-143.9771,70.0694],[-143.9771,70.0696],[-143.9769,70.0699],[-143.9768,70.07],[-143.9765,70.0701],[-143.9764,70.0702],[-143.9764,70.0704],[-143.9763,70.0707],[-143.9762,70.0709],[-143.9762,70.071],[-143.9768,70.0711],[-143.9773,70.0712],[-143.9778,70.0712],[-143.9782,70.071],[-143.9786,70.071],[-143.9795,70.071],[-143.9799,70.071],[-143.98,70.0712],[-143.9802,70.0714],[-143.9802,70.0715],[-143.9801,70.0717],[-143.9799,70.0719],[-143.9799,70.0721],[-143.9799,70.0723],[-143.9799,70.0725],[-143.9802,70.0728],[-143.9809,70.0732],[-143.9814,70.0734],[-143.9821,70.0735],[-143.9827,70.0736],[-143.9829,70.0739],[-143.9834,70.0741],[-143.9835,70.0744],[-143.9838,70.0747],[-143.984,70.0749],[-143.9842,70.0752],[-143.9842,70.0755],[-143.9843,70.0757],[-143.9842,70.0759],[-143.9839,70.076],[-143.9837,70.0763],[-143.9831,70.0768],[-143.983,70.077],[-143.9828,70.0772],[-143.9827,70.0774],[-143.9824,70.0776],[-143.9819,70.0779],[-143.9815,70.0781],[-143.981,70.0782],[-143.9804,70.0782],[-143.98,70.0783],[-143.979,70.0785],[-143.9776,70.0789],[-143.977,70.079],[-143.9767,70.0791],[-143.9756,70.0792],[-143.9752,70.0792],[-143.9749,70.0794],[-143.9748,70.0796],[-143.975,70.0798],[-143.9752,70.0799],[-143.9756,70.08],[-143.9758,70.0801],[-143.9766,70.08],[-143.9779,70.0799],[-143.9787,70.0799],[-143.9796,70.0802],[-143.9803,70.0803],[-143.9813,70.0804],[-143.9817,70.0804],[-143.9823,70.0803],[-143.9834,70.0802],[-143.9835,70.08],[-143.9838,70.0796],[-143.9841,70.0794],[-143.9848,70.079],[-143.9859,70.0787],[-143.9868,70.0785],[-143.9872,70.0784],[-143.9879,70.0781],[-143.9884,70.0778],[-143.9891,70.0775],[-143.9901,70.0775],[-143.991,70.0777],[-143.9921,70.0777],[-143.993,70.0777],[-143.9944,70.0776]]},"properties":{}},{"type":"Feature","geometry":{"type":"LineString","coordinates":[[-144.0098,70.0807],[-144.0183,70.0805],[-144.0274,70.0792],[-144.0307,70.0781],[-144.032,70.0766],[-144.0314,70.0754],[-144.0287,70.0735],[-144.0255,70.072],[-144.0227,70.0669],[-144.0201,70.0629],[-144.0193,70.0609],[-144.0147,70.0582],[-144.0114,70.0561],[-144.0094,70.0543],[-144.0069,70.052],[-144.0053,70.0507],[-144.0037,70.0499],[-144.0007,70.0491],[-143.9997,70.0489],[-143.9989,70.0479],[-143.9982,70.0478],[-143.9979,70.0502],[-143.9955,70.0521],[-143.9941,70.0525],[-143.9926,70.053],[-143.9913,70.0533],[-143.9906,70.0536],[-143.9904,70.0541],[-143.9894,70.0547],[-143.9888,70.0556],[-143.9887,70.057],[-143.9922,70.0599],[-143.9943,70.0625],[-143.9965,70.066],[-143.9998,70.0686],[-144.004,70.0714],[-144.0047,70.0723],[-144.0048,70.0729],[-144.0043,70.0742],[-144.0038,70.0757],[-144.0013,70.0786],[-144.0009,70.0791],[-144.0005,70.0795],[-144.0002,70.0798],[-144.0002,70.0803]]},"properties":{}},{"type":"Feature","geometry":{"type":"LineString","coordinates":[[-143.9853,70.0446],[-143.9867,70.0446],[-143.9878,70.0446],[-143.9892,70.0447],[-143.9905,70.0446],[-143.992,70.0446],[-143.9937,70.0446],[-143.9949,70.0446],[-143.9956,70.0447],[-143.9967,70.0449],[-143.9975,70.0452],[-143.9985,70.0455],[-143.9999,70.0458],[-144.0009,70.0463],[-144.0015,70.0463],[-144.002,70.0465],[-144.0033,70.0466],[-144.0045,70.0468],[-144.0058,70.047],[-144.0074,70.0476],[-144.0091,70.0481],[-144.0102,70.0486],[-144.0115,70.0494],[-144.0124,70.0504],[-144.014,70.0516],[-144.0146,70.052],[-144.0151,70.0524],[-144.0157,70.0529],[-144.0161,70.0533],[-144.017,70.054],[-144.0174,70.0541],[-144.022,70.0564],[-144.0239,70.0574],[-144.0248,70.058],[-144.026,70.0587],[-144.0278,70.0594],[-144.0294,70.0598],[-144.0301,70.0602],[-144.0313,70.0605],[-144.0327,70.0609],[-144.0344,70.0613],[-144.0351,70.0615],[-144.0357,70.0616],[-144.037,70.0618],[-144.0386,70.0619],[-144.0399,70.062],[-144.0416,70.0622],[-144.0438,70.0623],[-144.0457,70.0625],[-144.0482,70.0628],[-144.0493,70.063],[-144.0502,70.0633],[-144.0511,70.0636],[-144.0517,70.0637],[-144.0535,70.064],[-144.054,70.0642],[-144.0544,70.0643],[-144.0559,70.0646],[-144.0571,70.0648],[-144.0581,70.0648],[-144.0572,70.0639],[-144.0572,70.0637],[-144.0569,70.0634],[-144.0559,70.0631],[-144.0562,70.063],[-144.0555,70.0626],[-144.0548,70.0621],[-144.0537,70.0612],[-144.053,70.0609],[-144.0522,70.0606],[-144.051,70.0601],[-144.0501,70.0595],[-144.0461,70.0573],[-144.0428,70.0567],[-144.0343,70.0556],[-144.0325,70.0533],[-144.0307,70.0527],[-144.0311,70.0514],[-144.0303,70.0511],[-144.0298,70.0507],[-144.0286,70.0501],[-144.0278,70.0498],[-144.0269,70.0493],[-144.0268,70.0488],[-144.0267,70.0485],[-144.0261,70.048],[-144.025,70.0474],[-144.0244,70.047],[-144.0242,70.0465],[-144.0239,70.0457],[-144.023,70.0451],[-144.0227,70.045],[-144.0221,70.0447],[-144.0214,70.0445],[-144.0206,70.0443],[-144.02,70.0441],[-144.02,70.0439],[-144.0199,70.0437],[-144.0199,70.0434],[-144.0202,70.0432],[-144.0196,70.0429]]},"properties":{}},{"type":"Feature","geometry":{"type":"LineString","coordinates":[[-144.0196,70.0429],[-144.0207,70.0429],[-144.0298,70.0424]]},"properties":{}},{"type":"Feature","geometry":{"type":"LineString","coordinates":[[-143.9944,70.0776],[-143.9953,70.0771],[-143.9956,70.0767],[-143.9961,70.0764],[-143.9977,70.0748],[-143.9985,70.0738],[-143.9991,70.073],[-143.9989,70.0721],[-143.9983,70.0717],[-143.9974,70.0711],[-143.9965,70.0705],[-143.9957,70.0703],[-143.9943,70.07],[-143.9938,70.0697],[-143.9931,70.0689],[-143.9922,70.0685],[-143.99,70.0671],[-143.9892,70.0665],[-143.9872,70.065],[-143.9874,70.0646],[-143.9876,70.0632],[-143.9874,70.0627],[-143.9866,70.0618],[-143.9856,70.0603],[-143.9852,70.0595],[-143.9851,70.0592],[-143.9845,70.0589],[-143.9842,70.0582],[-143.9842,70.0578],[-143.9839,70.0576],[-143.9833,70.0573],[-143.9829,70.0571],[-143.9831,70.0567],[-143.9832,70.0565],[-143.9833,70.0561],[-143.9834,70.0558],[-143.9839,70.0555],[-143.984,70.0551],[-143.9839,70.0548],[-143.9839,70.0547],[-143.9839,70.0541],[-143.9843,70.0537],[-143.9848,70.0534],[-143.9859,70.0531],[-143.9872,70.0527],[-143.989,70.0515],[-143.9911,70.0507],[-143.9929,70.0501],[-143.9936,70.0497],[-143.9943,70.049],[-143.9944,70.0488],[-143.9942,70.0485],[-143.9939,70.0481],[-143.9927,70.0473],[-143.9922,70.047],[-143.9919,70.0467],[-143.9903,70.0464],[-143.9872,70.046],[-143.9858,70.046],[-143.985,70.046]]},"properties":{}},{"type":"Feature","geometry":{"type":"LineString","coordinates":[[-143.985,70.046],[-143.9853,70.0446]]},"properties":{}},{"type":"Feature","geometry":{"type":"LineString","coordinates":[[-152.3509,70.8177],[-152.3533,70.8177],[-152.354,70.8181],[-152.355,70.8185],[-152.3558,70.8187],[-152.3567,70.8189],[-152.3572,70.8199],[-152.358,70.8206],[-152.359,70.8213],[-152.3603,70.8225],[-152.3619,70.8241],[-152.3643,70.8267],[-152.3682,70.8318],[-152.3712,70.8359],[-152.3747,70.8409],[-152.3759,70.844],[-152.375,70.8461],[-152.3683,70.8468],[-152.3692,70.8471],[-152.3708,70.848],[-152.3705,70.8488],[-152.3699,70.8492],[-152.3705,70.8497],[-152.3727,70.8504],[-152.3746,70.8513],[-152.376,70.852],[-152.379,70.8528],[-152.3813,70.8533],[-152.3834,70.8537],[-152.3843,70.854],[-152.3854,70.8542],[-152.3873,70.8545],[-152.389,70.8549],[-152.3917,70.8555],[-152.3943,70.8559],[-152.3996,70.8569],[-152.403,70.8574],[-152.4052,70.8577],[-152.41,70.8582],[-152.4134,70.8584],[-152.4169,70.8585],[-152.4206,70.8593],[-152.4225,70.8598],[-152.4253,70.8603],[-152.4276,70.8606],[-152.4328,70.8613],[-152.4374,70.8618],[-152.4385,70.8618],[-152.4418,70.8619],[-152.4427,70.8619],[-152.4433,70.8619],[-152.4436,70.8618],[-152.4439,70.8617],[-152.4443,70.8616],[-152.4449,70.8615],[-152.4455,70.8614],[-152.4469,70.8614],[-152.4494,70.8615],[-152.4539,70.8618],[-152.4559,70.8619],[-152.459,70.8621],[-152.4629,70.8623],[-152.4666,70.8623],[-152.4701,70.8624],[-152.4706,70.8624],[-152.4722,70.8626],[-152.4745,70.8629],[-152.4773,70.8634],[-152.481,70.8641],[-152.487,70.8648],[-152.4885,70.865],[-152.4912,70.8653],[-152.4935,70.8656],[-152.4949,70.8659],[-152.496,70.8662],[-152.497,70.8665],[-152.498,70.8668],[-152.4998,70.8673],[-152.5009,70.8676],[-152.5021,70.8679],[-152.5034,70.8681],[-152.5051,70.8683],[-152.5091,70.8691],[-152.5118,70.8695],[-152.5146,70.8698],[-152.5199,70.8701],[-152.5242,70.8703],[-152.5254,70.8705],[-152.5304,70.8708],[-152.5324,70.871],[-152.5346,70.8713],[-152.5359,70.8718],[-152.54,70.8725],[-152.5449,70.8731],[-152.548,70.8737],[-152.5508,70.8743],[-152.5524,70.8749],[-152.5538,70.8753],[-152.5559,70.8757],[-152.558,70.8761],[-152.5601,70.8764],[-152.563,70.8768],[-152.567,70.8775],[-152.5708,70.8781],[-152.5765,70.8787],[-152.5814,70.879],[-152.5848,70.8795],[-152.5866,70.8798],[-152.5886,70.8801],[-152.59,70.8804],[-152.5926,70.8808],[-152.5954,70.8811],[-152.5969,70.8812],[-152.5992,70.8815],[-152.6021,70.8815],[-152.6042,70.8815],[-152.6085,70.8813],[-152.61,70.8812],[-152.6112,70.8807],[-152.611,70.88],[-152.6091,70.8805],[-152.6087,70.8807],[-152.6083,70.881],[-152.6076,70.8809],[-152.6075,70.8808],[-152.6075,70.8807],[-152.6077,70.8804],[-152.6079,70.8802],[-152.6084,70.8801],[-152.6087,70.88],[-152.6091,70.8795],[-152.61,70.8794],[-152.6112,70.8788],[-152.6128,70.8785],[-152.615,70.8782],[-152.6165,70.8778],[-152.6192,70.8774],[-152.622,70.877],[-152.628,70.8769],[-152.635,70.8767],[-152.6406,70.8766],[-152.6431,70.8768],[-152.6453,70.877],[-152.647,70.8771],[-152.6484,70.877],[-152.6492,70.877],[-152.6505,70.8771],[-152.652,70.8771],[-152.6529,70.8769],[-152.6536,70.8767],[-152.6561,70.8766],[-152.6639,70.8763],[-152.6656,70.8764],[-152.6679,70.8763],[-152.667,70.8759],[-152.6651,70.8753],[-152.663,70.8746],[-152.6616,70.8741],[-152.6587,70.8729],[-152.657,70.8718],[-152.6564,70.8708],[-152.6556,70.87],[-152.6547,70.8698],[-152.652,70.869],[-152.6517,70.8688],[-152.6496,70.8684],[-152.6471,70.8672],[-152.6457,70.8659],[-152.6429,70.8645],[-152.6414,70.8633],[-152.6387,70.8623],[-152.6371,70.8607],[-152.6353,70.8575],[-152.6328,70.8545],[-152.6315,70.853],[-152.6301,70.8507],[-152.629,70.8484],[-152.6279,70.8474],[-152.627,70.846],[-152.6261,70.8447],[-152.6243,70.843],[-152.6241,70.842],[-152.6233,70.8408],[-152.6228,70.8395],[-152.6208,70.8368],[-152.6174,70.8345],[-152.6142,70.8329],[-152.6124,70.8321],[-152.6129,70.8284],[-152.6125,70.8277],[-152.6129,70.8273],[-152.6126,70.8269],[-152.6132,70.8267],[-152.6127,70.8234],[-152.6122,70.8212],[-152.6121,70.82],[-152.6074,70.813],[-152.6045,70.8036],[-152.6037,70.7999],[-152.6032,70.7967],[-152.603,70.7917],[-152.6022,70.7883],[-152.6022,70.7878],[-152.6015,70.7855],[-152.6027,70.7823],[-152.6023,70.781],[-152.603,70.7789],[-152.6031,70.7775],[-152.6034,70.7762],[-152.6035,70.7755],[-152.6041,70.7749],[-152.6037,70.7736],[-152.6056,70.7715],[-152.6064,70.7702],[-152.6069,70.7694],[-152.6076,70.7687],[-152.6078,70.7673],[-152.6085,70.7662],[-152.6081,70.7645],[-152.609,70.762],[-152.6089,70.76],[-152.609,70.7581],[-152.6093,70.7567],[-152.6096,70.7561],[-152.6097,70.7553],[-152.6095,70.7543],[-152.6105,70.7534],[-152.6134,70.7528],[-152.612,70.7518],[-152.6131,70.7503],[-152.6139,70.7464],[-152.615,70.7446],[-152.6184,70.7416],[-152.6253,70.7397],[-152.6282,70.7391],[-152.6352,70.7385],[-152.6387,70.7379],[-152.6402,70.7377],[-152.6409,70.7374],[-152.6409,70.7373],[-152.6428,70.7357],[-152.6458,70.7354],[-152.6469,70.7366],[-152.6508,70.7366],[-152.6567,70.7354],[-152.6683,70.7353],[-152.6716,70.7356],[-152.6737,70.7362],[-152.6756,70.7365],[-152.6782,70.7373],[-152.6808,70.7384],[-152.6813,70.7386],[-152.6817,70.7389],[-152.6833,70.7394],[-152.685,70.7402],[-152.6875,70.7414],[-152.6881,70.742],[-152.6915,70.7438],[-152.6924,70.7445],[-152.6945,70.7456],[-152.6964,70.7466],[-152.6975,70.7479],[-152.6987,70.7489],[-152.7004,70.7505],[-152.7013,70.7521],[-152.7025,70.7532],[-152.7034,70.7546],[-152.7031,70.7552],[-152.704,70.7554],[-152.7054,70.7576],[-152.7061,70.7586],[-152.7064,70.7598],[-152.7103,70.7623],[-152.7109,70.7638],[-152.7151,70.7686],[-152.7192,70.7746],[-152.7233,70.7809],[-152.7261,70.7849],[-152.7284,70.788],[-152.7301,70.7899],[-152.7311,70.7914],[-152.7318,70.7924],[-152.7326,70.7938],[-152.733,70.7945],[-152.7334,70.795],[-152.7345,70.7966],[-152.7355,70.7984],[-152.7369,70.8003],[-152.7376,70.8033],[-152.7391,70.8053],[-152.7402,70.8079],[-152.7414,70.8106],[-152.7428,70.813],[-152.7439,70.8159],[-152.7456,70.819],[-152.7465,70.8224],[-152.7478,70.8258],[-152.7494,70.8264],[-152.7503,70.8297],[-152.7499,70.8317],[-152.7509,70.8363],[-152.7513,70.8389],[-152.7523,70.8448],[-152.7517,70.8514],[-152.7499,70.8566],[-152.7493,70.8573],[-152.7487,70.8584],[-152.7489,70.8596],[-152.7506,70.8598],[-152.7537,70.8585],[-152.7604,70.8579],[-152.7625,70.8582],[-152.7654,70.8589],[-152.7673,70.8614],[-152.7698,70.8642],[-152.7704,70.8666],[-152.7713,70.8672],[-152.7724,70.8676],[-152.7731,70.8682],[-152.776,70.8706],[-152.7783,70.8749]]},"properties":{}},{"type":"Feature","geometry":{"type":"LineString","coordinates":[[-153.1246,70.8963],[-153.1232,70.8956],[-153.1232,70.8949],[-153.1231,70.8947],[-153.1225,70.8943],[-153.1226,70.8938],[-153.1231,70.8935],[-153.1263,70.8936],[-153.1274,70.8939],[-153.1287,70.8944],[-153.1315,70.8954],[-153.1339,70.8956],[-153.1353,70.8961],[-153.1369,70.8961],[-153.139,70.8969],[-153.1388,70.8974],[-153.1395,70.8983],[-153.1399,70.8992],[-153.14,70.8994],[-153.1417,70.9],[-153.1419,70.9004],[-153.142,70.9006],[-153.1419,70.901],[-153.1423,70.9016],[-153.1424,70.9019],[-153.1416,70.9025],[-153.1416,70.9028],[-153.1416,70.9032],[-153.1422,70.904],[-153.1429,70.9043],[-153.1442,70.9065],[-153.1421,70.9081],[-153.1421,70.9105],[-153.1421,70.9115],[-153.1413,70.9136],[-153.1348,70.9137],[-153.1326,70.9138],[-153.1296,70.914],[-153.1255,70.9138],[-153.1233,70.9148],[-153.1188,70.9158],[-153.114,70.9159],[-153.109,70.9159],[-153.1025,70.9154],[-153.0979,70.9151],[-153.0963,70.9147],[-153.097,70.9142],[-153.0975,70.9139],[-153.0984,70.9134],[-153.1003,70.913],[-153.1007,70.9123],[-153.1005,70.9112],[-153.1007,70.9105],[-153.1012,70.9094],[-153.1004,70.909],[-153.0972,70.9082],[-153.0962,70.9078],[-153.0955,70.9068],[-153.0959,70.9065],[-153.0963,70.9063],[-153.0962,70.9057],[-153.0909,70.9053],[-153.0872,70.9038],[-153.0857,70.9036],[-153.0841,70.9033],[-153.0832,70.9032],[-153.0801,70.9024],[-153.0789,70.9018],[-153.075,70.9013],[-153.0734,70.9014],[-153.0725,70.9012],[-153.0715,70.9009],[-153.0694,70.9003],[-153.0691,70.8998],[-153.0715,70.899],[-153.074,70.8989],[-153.0746,70.8982],[-153.0742,70.898],[-153.0729,70.8978],[-153.0708,70.8979],[-153.0693,70.8978],[-153.0685,70.8978],[-153.0671,70.8976],[-153.0659,70.8975],[-153.0638,70.8974],[-153.0626,70.8973],[-153.0615,70.8978],[-153.0605,70.8984],[-153.0614,70.8994],[-153.0625,70.8997],[-153.0642,70.9],[-153.0642,70.9001],[-153.0655,70.9007],[-153.0657,70.901],[-153.0655,70.9019],[-153.0653,70.9022],[-153.0659,70.9028],[-153.0663,70.9033],[-153.0665,70.904],[-153.0667,70.905],[-153.0667,70.906],[-153.067,70.9081],[-153.066,70.9089],[-153.0651,70.9094],[-153.0635,70.9099],[-153.0625,70.91],[-153.062,70.9104],[-153.0632,70.9107],[-153.0655,70.9111],[-153.0665,70.9113],[-153.0675,70.9123],[-153.0708,70.913],[-153.0743,70.9134],[-153.0834,70.9143],[-153.0876,70.9146],[-153.0914,70.9149],[-153.0962,70.9154],[-153.1024,70.9158],[-153.1068,70.9162],[-153.11,70.9165],[-153.1143,70.9167],[-153.1164,70.9168],[-153.1204,70.917],[-153.1257,70.917],[-153.1337,70.9167],[-153.1363,70.9167],[-153.1391,70.9165],[-153.1424,70.9162],[-153.1501,70.9155],[-153.1605,70.9148],[-153.1612,70.9143],[-153.1615,70.9142],[-153.162,70.9141],[-153.1621,70.9139],[-153.1629,70.914],[-153.163,70.9141],[-153.1636,70.9143],[-153.1665,70.9148],[-153.1924,70.9157],[-153.2027,70.9164],[-153.2146,70.9166],[-153.2183,70.9167],[-153.2227,70.9165],[-153.2293,70.9166],[-153.2301,70.9165],[-153.2303,70.9165],[-153.2304,70.9163],[-153.2313,70.9162],[-153.2313,70.9163],[-153.2331,70.9162],[-153.2354,70.916],[-153.2395,70.9156],[-153.2421,70.9155]]},"properties":{}},{"type":"Feature","geometry":{"type":"LineString","coordinates":[[-152.9915,70.8906],[-152.9917,70.8908],[-152.9929,70.8912],[-152.9934,70.8915],[-152.9939,70.8916],[-152.9947,70.8917],[-152.9954,70.8918],[-152.9961,70.8919],[-152.9972,70.892],[-152.9981,70.8922],[-152.9984,70.8923],[-152.999,70.8925],[-153.0003,70.8928],[-153.0008,70.893],[-153.0015,70.8932],[-153.002,70.8934],[-153.0025,70.8937],[-153.0058,70.8943],[-153.0082,70.8947],[-153.01,70.895],[-153.0121,70.8954],[-153.013,70.8955],[-153.0148,70.8958],[-153.0172,70.8962],[-153.0179,70.8964],[-153.0192,70.8966],[-153.0199,70.8967],[-153.0204,70.8969],[-153.0214,70.8972],[-153.0223,70.8974],[-153.0245,70.8979],[-153.0251,70.898],[-153.0255,70.8981],[-153.0263,70.8983],[-153.027,70.8984],[-153.0277,70.8986],[-153.0283,70.8988],[-153.0298,70.8991],[-153.031,70.8992],[-153.0314,70.8993],[-153.0317,70.8994],[-153.0319,70.8994],[-153.0324,70.8993],[-153.032,70.8992],[-153.0314,70.8992],[-153.0307,70.8991],[-153.0299,70.899],[-153.028,70.8985],[-153.0274,70.8983],[-153.0268,70.8983],[-153.0258,70.8981],[-153.0252,70.898],[-153.0237,70.8976],[-153.0231,70.8974],[-153.0211,70.897],[-153.0205,70.8968],[-153.0188,70.8964],[-153.0183,70.8962],[-153.0178,70.8961],[-153.0167,70.8959],[-153.0152,70.8957],[-153.0137,70.8954],[-153.0127,70.8952],[-153.0112,70.8949],[-153.0101,70.8947],[-153.0092,70.8946],[-153.0083,70.8944],[-153.0069,70.8942],[-153.0052,70.894],[-153.0039,70.8937],[-153.0031,70.8935],[-153.0028,70.8931],[-153.0029,70.8928],[-153.0034,70.8925],[-153.0038,70.8921],[-153.0042,70.8916],[-153.0044,70.8911],[-153.0049,70.8907],[-153.0052,70.8903],[-153.0054,70.8897],[-153.0058,70.8892],[-153.0061,70.8888],[-153.0068,70.8883],[-153.0073,70.888],[-153.0076,70.8875],[-153.0081,70.8871],[-153.0083,70.8865],[-153.0109,70.8856],[-153.0129,70.8853],[-153.0142,70.8852],[-153.016,70.8847],[-153.0186,70.8843],[-153.0211,70.8841],[-153.0226,70.8842],[-153.0248,70.8845],[-153.0267,70.885],[-153.0278,70.8852],[-153.0297,70.8857],[-153.0311,70.8861],[-153.0325,70.8866],[-153.0338,70.8874],[-153.0347,70.8878],[-153.0359,70.8889],[-153.0373,70.8905],[-153.0383,70.8917],[-153.0393,70.8924],[-153.0395,70.8929],[-153.0401,70.8935],[-153.0412,70.8943],[-153.0415,70.8951],[-153.0423,70.8962],[-153.0429,70.897],[-153.0431,70.8979],[-153.0437,70.8989],[-153.0442,70.8994],[-153.0446,70.9],[-153.0462,70.9016],[-153.0468,70.9023],[-153.0471,70.903],[-153.0471,70.9035],[-153.0476,70.9039],[-153.0482,70.9042],[-153.048,70.9048],[-153.0482,70.9053],[-153.049,70.9054],[-153.0499,70.9053],[-153.0505,70.905],[-153.0512,70.9049],[-153.052,70.9045],[-153.0527,70.9042],[-153.053,70.9039],[-153.0534,70.9036],[-153.0534,70.9033],[-153.0526,70.9031],[-153.054,70.9027],[-153.0556,70.9027],[-153.0564,70.9029],[-153.0571,70.9025],[-153.057,70.9023],[-153.0568,70.902],[-153.0565,70.9017],[-153.0562,70.9012],[-153.0565,70.9006],[-153.057,70.9001],[-153.0567,70.8995],[-153.0568,70.8992],[-153.056,70.8987],[-153.0555,70.8983],[-153.0556,70.8972],[-153.0557,70.8969],[-153.0561,70.8963],[-153.0564,70.8959],[-153.0569,70.8954],[-153.0575,70.895],[-153.0586,70.8945],[-153.0585,70.894],[-153.0583,70.8936],[-153.0576,70.8929],[-153.0577,70.8926],[-153.0585,70.8921],[-153.0588,70.8917],[-153.0584,70.891],[-153.059,70.89],[-153.0595,70.8895],[-153.0593,70.8893],[-153.0592,70.889],[-153.0597,70.8883],[-153.0605,70.8879],[-153.0612,70.8876],[-153.0617,70.8872],[-153.0617,70.8866],[-153.0618,70.886],[-153.0621,70.8856],[-153.0641,70.8854],[-153.0652,70.8856],[-153.0659,70.8859],[-153.0659,70.8863],[-153.0664,70.8867],[-153.0665,70.8872],[-153.0675,70.8875],[-153.0674,70.8878],[-153.0673,70.8881],[-153.0672,70.8884],[-153.0673,70.8887],[-153.068,70.8892],[-153.0692,70.8898],[-153.0705,70.89],[-153.0711,70.8901],[-153.0715,70.89],[-153.0719,70.8897],[-153.0728,70.8895],[-153.0736,70.8896],[-153.0741,70.8902],[-153.0738,70.8912],[-153.0745,70.8919],[-153.0752,70.8927],[-153.0758,70.893],[-153.077,70.8933],[-153.0783,70.8937],[-153.0804,70.894],[-153.0817,70.8943],[-153.0845,70.8946],[-153.0858,70.8945],[-153.0868,70.8945],[-153.0878,70.8947],[-153.0885,70.895],[-153.0906,70.8955],[-153.0938,70.8961],[-153.0947,70.8963],[-153.097,70.896],[-153.0978,70.8958],[-153.0985,70.8955],[-153.0993,70.8946],[-153.1018,70.8938],[-153.1031,70.8932],[-153.105,70.893],[-153.1057,70.893],[-153.1082,70.893],[-153.1099,70.8932],[-153.1111,70.8934],[-153.1114,70.8936],[-153.1118,70.8939],[-153.1128,70.8944],[-153.1141,70.895],[-153.1149,70.8957],[-153.116,70.8965],[-153.1167,70.8974],[-153.123,70.8974],[-153.1241,70.897],[-153.125,70.8966],[-153.1246,70.8963]]},"properties":{}},{"type":"Feature","geometry":{"type":"LineString","coordinates":[[-152.7981,70.8917],[-152.7959,70.8905],[-152.7951,70.8899],[-152.794,70.8896],[-152.7938,70.8894],[-152.7937,70.8892],[-152.7935,70.8889],[-152.7936,70.8885],[-152.7941,70.888],[-152.7946,70.8879],[-152.7954,70.8876],[-152.7956,70.8874],[-152.7946,70.8876],[-152.7933,70.8881],[-152.7928,70.8886],[-152.7929,70.8892],[-152.7933,70.8896],[-152.7936,70.8899],[-152.7952,70.8904],[-152.7968,70.8915],[-152.7983,70.8925],[-152.8057,70.8951],[-152.8137,70.8969],[-152.8266,70.8984],[-152.8404,70.9005],[-152.8553,70.9022],[-152.8678,70.9039],[-152.8759,70.9049],[-152.8803,70.9053],[-152.8836,70.9056],[-152.8862,70.9058],[-152.8982,70.9067],[-152.9015,70.9067],[-152.9094,70.9065],[-152.916,70.9063],[-152.9191,70.9063],[-152.9262,70.9063],[-152.9284,70.9058],[-152.9305,70.9049],[-152.929,70.9047],[-152.9264,70.905],[-152.9226,70.9054],[-152.9197,70.9056],[-152.9175,70.9057],[-152.9132,70.9058],[-152.9084,70.9061],[-152.9019,70.9062],[-152.8983,70.9064],[-152.8909,70.9056],[-152.8869,70.9053],[-152.8826,70.9049],[-152.8794,70.9047],[-152.875,70.9042],[-152.872,70.9039],[-152.8682,70.9036],[-152.8638,70.903],[-152.8557,70.9019],[-152.8401,70.9001],[-152.8321,70.8989],[-152.8223,70.8976],[-152.814,70.8965],[-152.8042,70.8945],[-152.7995,70.8925],[-152.7981,70.8917]]},"properties":{}},{"type":"Feature","geometry":{"type":"LineString","coordinates":[[-152.7783,70.8749],[-152.7795,70.8759],[-152.7806,70.876],[-152.7816,70.8756],[-152.7824,70.8754],[-152.7835,70.8745],[-152.7848,70.8738],[-152.7853,70.8727],[-152.7864,70.872],[-152.7865,70.8714],[-152.7872,70.8709],[-152.7876,70.8704],[-152.7877,70.8699],[-152.7882,70.8696],[-152.789,70.8691],[-152.7898,70.8686],[-152.7904,70.8682],[-152.7912,70.8677],[-152.7916,70.8675],[-152.7927,70.8672],[-152.7938,70.8668],[-152.7957,70.8664],[-152.7966,70.8661],[-152.7971,70.8657],[-152.7992,70.8643],[-152.7998,70.8638],[-152.8018,70.8629],[-152.8026,70.8622],[-152.8032,70.8615],[-152.8041,70.8597],[-152.8043,70.8586],[-152.8047,70.8574],[-152.8056,70.8563],[-152.806,70.8553],[-152.8065,70.8546],[-152.8072,70.8537],[-152.8089,70.8524],[-152.8093,70.8517],[-152.8098,70.8511],[-152.8111,70.8503],[-152.8119,70.8497],[-152.8129,70.8489],[-152.8139,70.8483],[-152.8154,70.8473],[-152.8174,70.8467],[-152.8187,70.8463],[-152.8196,70.846],[-152.821,70.8456],[-152.8215,70.8454],[-152.8212,70.8451],[-152.8208,70.845],[-152.8206,70.8448],[-152.8209,70.8447],[-152.822,70.8448],[-152.8234,70.8451],[-152.8239,70.8451],[-152.8243,70.8452],[-152.8255,70.8453],[-152.8259,70.8452],[-152.8259,70.845],[-152.826,70.8448],[-152.8262,70.8447],[-152.8266,70.8446],[-152.8269,70.8444],[-152.8269,70.8441],[-152.8268,70.8437],[-152.8267,70.8432],[-152.8267,70.8428],[-152.827,70.8423],[-152.8275,70.8419],[-152.8279,70.842],[-152.8281,70.8423],[-152.8284,70.8425],[-152.8303,70.8433],[-152.8308,70.8435],[-152.8312,70.8437],[-152.8306,70.8439],[-152.8297,70.844],[-152.829,70.8441],[-152.8285,70.8443],[-152.8281,70.8449],[-152.828,70.8453],[-152.8272,70.8457],[-152.8261,70.8459],[-152.8257,70.8461],[-152.825,70.8462],[-152.8244,70.8463],[-152.8234,70.8463],[-152.8227,70.8464],[-152.8221,70.8464],[-152.8214,70.8469],[-152.8213,70.8472],[-152.8218,70.8475],[-152.8225,70.8474],[-152.8238,70.8475],[-152.8246,70.8474],[-152.8257,70.8474],[-152.8294,70.8471],[-152.8305,70.847],[-152.8321,70.8469],[-152.8332,70.8468],[-152.8354,70.8468],[-152.8371,70.8468],[-152.8394,70.847],[-152.8407,70.8472],[-152.8419,70.8474],[-152.8425,70.8477],[-152.8436,70.8479],[-152.8447,70.8483],[-152.8457,70.8483],[-152.8477,70.848],[-152.849,70.8481],[-152.8499,70.848],[-152.8506,70.848],[-152.8521,70.848],[-152.8537,70.8481],[-152.8548,70.8482],[-152.8553,70.8483],[-152.8556,70.8483],[-152.8564,70.8484],[-152.8572,70.8484],[-152.8573,70.8486],[-152.8571,70.848],[-152.8573,70.8478],[-152.8573,70.8474],[-152.8571,70.8471],[-152.8571,70.8468],[-152.8569,70.8466],[-152.8571,70.8462],[-152.8571,70.846],[-152.8574,70.8456],[-152.8577,70.8454],[-152.859,70.8451],[-152.8597,70.8451],[-152.8614,70.8451],[-152.8618,70.8453],[-152.8624,70.8457],[-152.8627,70.8461],[-152.8628,70.8464],[-152.8629,70.8467],[-152.863,70.8469],[-152.8629,70.8477],[-152.8631,70.8481],[-152.8632,70.8486],[-152.8633,70.849],[-152.8634,70.8491],[-152.8639,70.8494],[-152.8642,70.8497],[-152.8645,70.8501],[-152.8647,70.8502],[-152.865,70.8506],[-152.8657,70.8507],[-152.8667,70.8507],[-152.8673,70.8507],[-152.8679,70.8508],[-152.8687,70.8509],[-152.8702,70.8512],[-152.8714,70.8517],[-152.8724,70.8522],[-152.8732,70.8526],[-152.8744,70.8532],[-152.8749,70.8534],[-152.8763,70.854],[-152.877,70.8545],[-152.8784,70.8551],[-152.8788,70.8555],[-152.8792,70.8558],[-152.8795,70.8562],[-152.88,70.8565],[-152.8809,70.8571],[-152.8811,70.8573],[-152.8814,70.8576],[-152.8822,70.8579],[-152.8829,70.8582],[-152.8837,70.8585],[-152.8842,70.8588],[-152.8846,70.859],[-152.8852,70.8595],[-152.8858,70.8597],[-152.8862,70.86],[-152.8864,70.8601],[-152.8869,70.8603],[-152.8875,70.8607],[-152.8884,70.8611],[-152.8898,70.8616],[-152.8912,70.8622],[-152.8921,70.8627],[-152.8933,70.8634],[-152.8947,70.8641],[-152.8952,70.8643],[-152.8959,70.8646]]},"properties":{}},{"type":"Feature","geometry":{"type":"LineString","coordinates":[[-152.9592,70.8732],[-152.9597,70.8741],[-152.9592,70.8748],[-152.9596,70.876],[-152.9625,70.8772],[-152.9659,70.8792],[-152.9646,70.8797],[-152.9652,70.8818],[-152.9671,70.8834],[-152.967,70.8841],[-152.9674,70.8849],[-152.9659,70.8851],[-152.9618,70.8839],[-152.959,70.8826],[-152.9571,70.8812],[-152.9572,70.8804],[-152.96,70.8797],[-152.9594,70.8785],[-152.9555,70.8766],[-152.9497,70.8756],[-152.9486,70.875],[-152.9443,70.8736],[-152.9439,70.8728],[-152.9415,70.8723],[-152.9387,70.8703],[-152.9388,70.8687],[-152.9388,70.8673],[-152.9322,70.8655],[-152.9299,70.8659],[-152.9286,70.8666],[-152.9258,70.8678],[-152.9207,70.8685],[-152.9184,70.8685],[-152.9149,70.868],[-152.9122,70.8677],[-152.9112,70.8672],[-152.9086,70.8669],[-152.908,70.8668],[-152.9061,70.8666],[-152.905,70.8667],[-152.9028,70.8673],[-152.9011,70.8673],[-152.9008,70.8673],[-152.9012,70.8681],[-152.9021,70.8691],[-152.9032,70.8707],[-152.9041,70.8739],[-152.9051,70.8776],[-152.9049,70.8818],[-152.9038,70.8857],[-152.9056,70.8867],[-152.9068,70.8884],[-152.909,70.8891],[-152.9095,70.8891],[-152.9108,70.889],[-152.9132,70.8889],[-152.9159,70.8892],[-152.9188,70.8894],[-152.9217,70.8902],[-152.9222,70.8902],[-152.925,70.89],[-152.9291,70.8897],[-152.93,70.8898],[-152.9327,70.8897],[-152.9342,70.8896],[-152.9377,70.8895],[-152.9429,70.8894],[-152.9463,70.8894],[-152.9473,70.8895],[-152.948,70.8895],[-152.9527,70.8891],[-152.9543,70.8891],[-152.9557,70.8891],[-152.9566,70.8893],[-152.9575,70.8893],[-152.9586,70.8891],[-152.9606,70.889],[-152.964,70.8888],[-152.9686,70.8888],[-152.9702,70.8889],[-152.9751,70.8892],[-152.9788,70.8896],[-152.9809,70.8899],[-152.9824,70.8899],[-152.9832,70.8898],[-152.985,70.8898],[-152.9868,70.8899],[-152.9895,70.8902],[-152.9915,70.8906]]},"properties":{}},{"type":"Feature","geometry":{"type":"LineString","coordinates":[[-152.9458,70.8638],[-152.9463,70.8638],[-152.9475,70.8637],[-152.9484,70.8635],[-152.9505,70.8635],[-152.9526,70.8637],[-152.9542,70.8639],[-152.9569,70.864],[-152.9577,70.864],[-152.9596,70.8639],[-152.9626,70.8638],[-152.9645,70.8638],[-152.965,70.8637],[-152.9663,70.8636],[-152.9676,70.8634],[-152.9683,70.8632],[-152.9687,70.8629],[-152.9691,70.8622],[-152.9693,70.862],[-152.9693,70.8616],[-152.9693,70.8612],[-152.97,70.8607],[-152.9708,70.8606],[-152.9726,70.86],[-152.9731,70.8597],[-152.9746,70.8595],[-152.9752,70.8594],[-152.9762,70.8593],[-152.9772,70.8592],[-152.9782,70.8589],[-152.9799,70.859],[-152.9817,70.8592],[-152.9825,70.8595],[-152.9835,70.86],[-152.9846,70.86],[-152.9853,70.8598],[-152.9861,70.8596],[-152.9869,70.8594],[-152.9874,70.8592],[-152.988,70.8588],[-152.9877,70.8584],[-152.9879,70.858],[-152.9886,70.8576],[-152.9881,70.8571],[-152.9878,70.8567],[-152.9875,70.8562],[-152.9873,70.8559],[-152.9875,70.8554],[-152.9922,70.8556],[-152.9928,70.8562],[-152.9939,70.8566],[-152.9949,70.8572],[-152.9952,70.8575],[-152.9952,70.8579],[-152.9952,70.8583],[-152.9951,70.8586],[-152.9952,70.8589],[-152.9956,70.8591],[-152.9963,70.8595],[-152.9964,70.8599],[-152.9962,70.8604],[-152.9953,70.8608],[-152.9951,70.8612],[-152.9952,70.8616],[-152.9951,70.8619],[-152.9938,70.8622],[-152.9912,70.8624],[-152.9897,70.8628],[-152.9876,70.8632],[-152.9851,70.8631],[-152.9817,70.863],[-152.9783,70.8629],[-152.9758,70.8635],[-152.9748,70.8644],[-152.9746,70.8648],[-152.9726,70.8653],[-152.9718,70.8654],[-152.97,70.8665],[-152.9682,70.8667],[-152.9656,70.8669],[-152.9634,70.8669],[-152.9569,70.8669],[-152.9544,70.867],[-152.9526,70.8672],[-152.9496,70.8676],[-152.948,70.8682],[-152.9481,70.8689],[-152.9496,70.8703],[-152.9504,70.871],[-152.9517,70.8715],[-152.9528,70.8718],[-152.9542,70.8724],[-152.9577,70.8729],[-152.9592,70.8732]]},"properties":{}},{"type":"Feature","geometry":{"type":"LineString","coordinates":[[-152.8959,70.8646],[-152.8978,70.8655],[-152.9002,70.8662],[-152.9018,70.8662],[-152.9033,70.8658],[-152.9034,70.8656],[-152.9043,70.8655],[-152.9056,70.8656],[-152.9081,70.866],[-152.9102,70.8667],[-152.9105,70.8668],[-152.9113,70.8669],[-152.9117,70.8667],[-152.9119,70.8663],[-152.9124,70.8659],[-152.9128,70.8658],[-152.9137,70.8657],[-152.9149,70.8658],[-152.9159,70.866],[-152.9177,70.8662],[-152.9185,70.8664],[-152.9196,70.8669],[-152.9214,70.8664],[-152.9241,70.866],[-152.9244,70.8657],[-152.9247,70.8653],[-152.9249,70.8644],[-152.925,70.864],[-152.9247,70.8634],[-152.9247,70.863],[-152.9259,70.8625],[-152.9235,70.8625],[-152.9216,70.8623],[-152.9206,70.8633],[-152.9191,70.8637],[-152.9182,70.8635],[-152.9195,70.8626],[-152.9218,70.8616],[-152.9217,70.8605],[-152.9204,70.8602],[-152.9205,70.8595],[-152.9218,70.8584],[-152.9236,70.858],[-152.9249,70.8575],[-152.924,70.8567],[-152.9211,70.8569],[-152.9177,70.8567],[-152.9162,70.8563],[-152.9169,70.8556],[-152.9197,70.8558],[-152.9234,70.8562],[-152.9322,70.8546],[-152.9345,70.8546],[-152.9355,70.8542],[-152.9364,70.8542],[-152.9369,70.8543],[-152.9379,70.8549],[-152.9393,70.8567],[-152.942,70.8599],[-152.9445,70.8636],[-152.9458,70.8638]]},"properties":{}},{"type":"Feature","geometry":{"type":"LineString","coordinates":[[-152.8066,70.8858],[-152.8141,70.886],[-152.8198,70.8865],[-152.8246,70.8873],[-152.8281,70.8888],[-152.8358,70.893],[-152.8389,70.8948],[-152.8396,70.896],[-152.8423,70.8963],[-152.8469,70.896],[-152.8515,70.8953],[-152.8539,70.895],[-152.8543,70.8948],[-152.851,70.8934],[-152.849,70.8924],[-152.8456,70.8903],[-152.8419,70.8889],[-152.8398,70.8878],[-152.8357,70.8871],[-152.8307,70.8862],[-152.823,70.8862],[-152.819,70.8855],[-152.8143,70.8848],[-152.8104,70.8847],[-152.8087,70.885],[-152.8076,70.8854],[-152.8066,70.8858]]},"properties":{}},{"type":"Feature","geometry":{"type":"LineString","coordinates":[[-152.8466,70.8997],[-152.8477,70.8988],[-152.8498,70.8981],[-152.8542,70.8976],[-152.8552,70.8973],[-152.854,70.8973],[-152.8519,70.8974],[-152.8477,70.8975],[-152.8448,70.8979],[-152.8436,70.8984],[-152.8437,70.8988],[-152.8448,70.8992],[-152.8457,70.8996],[-152.8459,70.8997],[-152.8466,70.8997]]},"properties":{}},{"type":"Feature","geometry":{"type":"LineString","coordinates":[[-152.7442,70.8779],[-152.7513,70.8781],[-152.76,70.8784],[-152.7657,70.8792],[-152.7687,70.879],[-152.7712,70.8789],[-152.7731,70.8783],[-152.7727,70.8772],[-152.7716,70.8761],[-152.7707,70.8738],[-152.7695,70.8714],[-152.7579,70.8716],[-152.7538,70.8711],[-152.7459,70.871],[-152.7427,70.8723],[-152.7428,70.8739],[-152.744,70.8758],[-152.7436,70.8768],[-152.7442,70.8779]]},"properties":{}},{"type":"Feature","geometry":{"type":"LineString","coordinates":[[-152.7195,70.869],[-152.7212,70.8684],[-152.7239,70.8675],[-152.725,70.8669],[-152.727,70.8663],[-152.7291,70.8654],[-152.7279,70.8646],[-152.7224,70.8648],[-152.7185,70.8647],[-152.7175,70.8648],[-152.7179,70.8671],[-152.7181,70.8679],[-152.7181,70.8686],[-152.7183,70.8691],[-152.7186,70.8692],[-152.7195,70.869]]},"properties":{}},{"type":"Feature","geometry":{"type":"LineString","coordinates":[[-152.6905,70.8793],[-152.6909,70.8795],[-152.6914,70.8798],[-152.6921,70.8799],[-152.6934,70.8802],[-152.6944,70.8805],[-152.697,70.8809],[-152.6996,70.882],[-152.7022,70.8828],[-152.7049,70.883],[-152.7068,70.8828],[-152.7075,70.8822],[-152.7082,70.8816],[-152.7103,70.8809],[-152.7128,70.8802],[-152.7149,70.8794],[-152.7168,70.8787],[-152.7178,70.8783],[-152.7188,70.8772],[-152.7187,70.8768],[-152.719,70.8765],[-152.7193,70.8763],[-152.7196,70.8759],[-152.72,70.8753],[-152.7197,70.8749],[-152.7193,70.8747],[-152.7185,70.8748],[-152.7193,70.8754],[-152.7192,70.8756],[-152.7187,70.8761],[-152.7176,70.8768],[-152.7177,70.8773],[-152.716,70.8783],[-152.7159,70.8785],[-152.7149,70.879],[-152.7144,70.879],[-152.7153,70.8766],[-152.7155,70.8757],[-152.7165,70.8735],[-152.7162,70.8728],[-152.7151,70.8726],[-152.7145,70.8723],[-152.7134,70.8719],[-152.7132,70.8722],[-152.7135,70.8726],[-152.7136,70.8729],[-152.7135,70.8733],[-152.7115,70.8739],[-152.7068,70.8748],[-152.7031,70.8753],[-152.7015,70.8756],[-152.7002,70.8764],[-152.6994,70.8769],[-152.6976,70.8776],[-152.6956,70.8782],[-152.696,70.8788],[-152.6942,70.8796],[-152.6936,70.8799],[-152.6928,70.8799],[-152.6921,70.8798],[-152.6917,70.8797],[-152.6912,70.8795],[-152.6909,70.8793],[-152.6906,70.8792],[-152.6906,70.8791],[-152.6906,70.8789],[-152.6906,70.8787],[-152.6905,70.8787],[-152.6904,70.8786],[-152.6904,70.8784],[-152.6902,70.8785],[-152.6902,70.8786],[-152.6904,70.8787],[-152.6905,70.8788],[-152.6904,70.8789],[-152.6902,70.8791],[-152.6905,70.8793]]},"properties":{}},{"type":"Feature","geometry":{"type":"LineString","coordinates":[[-151.2437,70.3828],[-151.2443,70.3832],[-151.2449,70.3835],[-151.2455,70.3836],[-151.2462,70.3837],[-151.2465,70.3837],[-151.2468,70.3838],[-151.2477,70.3838],[-151.2475,70.3842],[-151.2473,70.3844],[-151.2475,70.3845],[-151.2476,70.3846],[-151.2476,70.3847],[-151.2478,70.3848],[-151.2482,70.3848],[-151.2483,70.3849],[-151.2487,70.385],[-151.249,70.385],[-151.2492,70.385],[-151.2497,70.385],[-151.2497,70.3851],[-151.2497,70.3852],[-151.2496,70.3853],[-151.2494,70.3854],[-151.2494,70.3855],[-151.2494,70.3856],[-151.2497,70.3857],[-151.25,70.3857],[-151.2502,70.3858],[-151.2504,70.3859],[-151.2505,70.386],[-151.2505,70.386],[-151.2506,70.3861],[-151.2508,70.3862],[-151.2509,70.3863],[-151.2513,70.3864],[-151.2514,70.3864],[-151.2516,70.3866],[-151.2515,70.3867],[-151.2514,70.3867],[-151.2514,70.3868],[-151.2516,70.3869],[-151.2519,70.387],[-151.252,70.3869],[-151.2523,70.3869],[-151.2525,70.3869],[-151.2527,70.387],[-151.2528,70.387],[-151.253,70.3871],[-151.2534,70.3872],[-151.2537,70.3873],[-151.2538,70.3874],[-151.2539,70.3874],[-151.2539,70.3875],[-151.2541,70.3876],[-151.2541,70.3877],[-151.2542,70.3878],[-151.2544,70.3879],[-151.2545,70.3879],[-151.2546,70.388],[-151.2547,70.3881],[-151.2548,70.3882],[-151.2548,70.3883],[-151.2551,70.3885],[-151.2554,70.3886],[-151.2555,70.3887],[-151.2555,70.3888],[-151.2555,70.3889],[-151.2557,70.389],[-151.2559,70.389],[-151.2559,70.3891],[-151.2557,70.3892],[-151.2556,70.3892],[-151.2557,70.3892],[-151.2559,70.3893],[-151.2561,70.3894],[-151.2565,70.3896],[-151.2567,70.3896],[-151.2569,70.3896],[-151.257,70.3896],[-151.2573,70.3895],[-151.2573,70.3896],[-151.2574,70.3896],[-151.2577,70.3896],[-151.258,70.3897],[-151.2582,70.3897],[-151.2582,70.3897],[-151.2585,70.3896],[-151.2587,70.3896],[-151.2588,70.3896],[-151.2587,70.3895],[-151.2587,70.3894],[-151.2588,70.3893],[-151.2589,70.3892],[-151.2591,70.3891],[-151.2593,70.3891],[-151.2594,70.3891],[-151.2595,70.3891],[-151.2595,70.3889],[-151.2596,70.3888],[-151.2596,70.3887],[-151.26,70.3887],[-151.2603,70.3887],[-151.2605,70.3888],[-151.2607,70.3888],[-151.2609,70.389],[-151.2611,70.389],[-151.2614,70.389],[-151.2616,70.389],[-151.2617,70.3889],[-151.2616,70.3888],[-151.2619,70.3887],[-151.2621,70.3887],[-151.2622,70.3886],[-151.2623,70.3885],[-151.2624,70.3884],[-151.2625,70.3883],[-151.2627,70.3882],[-151.2629,70.3881],[-151.268,70.3896],[-151.2679,70.3898],[-151.2679,70.39],[-151.2678,70.3902],[-151.2679,70.3904],[-151.2683,70.3907],[-151.2686,70.3909],[-151.2688,70.3911],[-151.2692,70.3913],[-151.2696,70.3914],[-151.2702,70.3915],[-151.2702,70.3917],[-151.2704,70.3919],[-151.2714,70.3923],[-151.2721,70.3924],[-151.2728,70.3926],[-151.2734,70.3926],[-151.274,70.3925],[-151.2745,70.3925],[-151.275,70.3925],[-151.2755,70.3925],[-151.2758,70.3926],[-151.2762,70.3927],[-151.2779,70.3933],[-151.2779,70.3936],[-151.2776,70.3937],[-151.2777,70.394],[-151.2781,70.3941],[-151.2786,70.3941],[-151.2791,70.394],[-151.2795,70.394],[-151.2798,70.394],[-151.2801,70.3941],[-151.2801,70.3942],[-151.2801,70.3945],[-151.2808,70.3952],[-151.2816,70.3951],[-151.2819,70.3951],[-151.2822,70.3953],[-151.2826,70.3954],[-151.2828,70.3955],[-151.2833,70.3958],[-151.2837,70.3959],[-151.2838,70.396],[-151.2842,70.3964],[-151.2846,70.3968],[-151.285,70.3971],[-151.2851,70.3972],[-151.2854,70.3974],[-151.2866,70.3976],[-151.2876,70.3975],[-151.2881,70.3975],[-151.2883,70.3976],[-151.2885,70.3977],[-151.2894,70.3977],[-151.2901,70.3979],[-151.2907,70.398],[-151.2912,70.3981],[-151.2921,70.3981],[-151.2927,70.3981],[-151.2932,70.398],[-151.2937,70.398],[-151.2943,70.398],[-151.2949,70.398],[-151.2947,70.3986],[-151.2944,70.3991],[-151.2947,70.3994],[-151.2962,70.3996],[-151.2973,70.3997],[-151.2975,70.3995],[-151.2998,70.3996],[-151.3001,70.3999],[-151.3001,70.4003],[-151.3001,70.4004],[-151.3003,70.4006],[-151.3006,70.4007],[-151.3009,70.4008],[-151.3017,70.4008],[-151.302,70.4007],[-151.3023,70.4007],[-151.3029,70.4005],[-151.3036,70.4003],[-151.3037,70.4001],[-151.3044,70.4001],[-151.3045,70.4002],[-151.3052,70.4001],[-151.3054,70.3999],[-151.3059,70.3998],[-151.3063,70.3998],[-151.3067,70.3998],[-151.3068,70.4001],[-151.3067,70.4004],[-151.3065,70.4005],[-151.3064,70.4007],[-151.3064,70.4008],[-151.3065,70.401],[-151.3077,70.4011],[-151.3082,70.4012],[-151.3088,70.4013],[-151.3094,70.4014],[-151.3099,70.4014],[-151.3104,70.4014],[-151.311,70.4014],[-151.3114,70.4016],[-151.3118,70.4017],[-151.3122,70.4018],[-151.3127,70.402],[-151.3128,70.4022],[-151.3128,70.4026],[-151.3129,70.4026],[-151.3141,70.4029],[-151.3152,70.4033],[-151.3166,70.4038],[-151.3172,70.4041],[-151.3171,70.4044],[-151.3172,70.4048],[-151.3162,70.4052],[-151.3147,70.4054],[-151.3135,70.4054],[-151.3124,70.4054],[-151.3118,70.4056],[-151.3114,70.4057],[-151.3112,70.4058],[-151.3115,70.4064],[-151.3121,70.4067],[-151.3129,70.4068],[-151.3133,70.4069],[-151.3137,70.407],[-151.3137,70.4072],[-151.3138,70.4074],[-151.3141,70.4076],[-151.3145,70.4078],[-151.3149,70.4079],[-151.3151,70.4081],[-151.3153,70.4084],[-151.3154,70.4086],[-151.3156,70.409],[-151.3163,70.409],[-151.3167,70.4091],[-151.3174,70.409],[-151.3178,70.4089],[-151.3181,70.4088],[-151.3184,70.4086],[-151.3185,70.4084],[-151.3184,70.4083],[-151.3183,70.408],[-151.3186,70.4079],[-151.3189,70.4078],[-151.3194,70.4077],[-151.3198,70.4077],[-151.3203,70.4074],[-151.3206,70.4071],[-151.3217,70.4068],[-151.3224,70.4067],[-151.3231,70.4067],[-151.3237,70.4067],[-151.3243,70.4068],[-151.3244,70.4068],[-151.3249,70.4068],[-151.325,70.4068],[-151.3251,70.4069],[-151.3252,70.407],[-151.3257,70.4071],[-151.3261,70.4071],[-151.3265,70.407],[-151.3267,70.4071],[-151.3269,70.4077],[-151.327,70.408],[-151.3272,70.4082],[-151.3273,70.4083],[-151.3269,70.4085],[-151.3261,70.4086],[-151.3253,70.4086],[-151.3246,70.4085],[-151.3234,70.4084],[-151.3227,70.4083],[-151.3223,70.4084],[-151.322,70.4084],[-151.3217,70.4084],[-151.3215,70.4085],[-151.3213,70.4086],[-151.322,70.4088],[-151.3227,70.409],[-151.3225,70.4093],[-151.3228,70.4096],[-151.3241,70.4097],[-151.3246,70.4097],[-151.3255,70.4098],[-151.3261,70.4099],[-151.327,70.4101],[-151.3278,70.4104],[-151.3282,70.4106],[-151.3289,70.4106],[-151.3298,70.4105],[-151.3304,70.4104],[-151.3314,70.4102],[-151.3326,70.4102],[-151.3336,70.4102],[-151.3343,70.4103],[-151.3356,70.4106],[-151.337,70.4108],[-151.3375,70.4109],[-151.3385,70.4109],[-151.3409,70.4107],[-151.3417,70.4105],[-151.3422,70.4103],[-151.3424,70.4103],[-151.3429,70.4101],[-151.3432,70.41],[-151.3439,70.41],[-151.3444,70.4101],[-151.345,70.4102],[-151.3455,70.4103],[-151.3459,70.4103],[-151.3463,70.4103],[-151.3466,70.4101],[-151.3466,70.41],[-151.3465,70.4099],[-151.3464,70.4098],[-151.3455,70.4092],[-151.3461,70.4093],[-151.3473,70.4094],[-151.3478,70.4095],[-151.3483,70.4097],[-151.3486,70.4097],[-151.3494,70.4098],[-151.35,70.4098],[-151.3499,70.41],[-151.3507,70.4102],[-151.3509,70.4103],[-151.3513,70.4104],[-151.3514,70.4106],[-151.3513,70.4108],[-151.3513,70.411],[-151.3516,70.4113],[-151.352,70.4114],[-151.3529,70.4117],[-151.3534,70.4117],[-151.3542,70.4117],[-151.3545,70.4117],[-151.3553,70.4116],[-151.3556,70.4115],[-151.3562,70.4112],[-151.3566,70.4111],[-151.3573,70.4112],[-151.3578,70.4111],[-151.3582,70.4109],[-151.3585,70.4109],[-151.3593,70.4109],[-151.3599,70.411],[-151.3602,70.4111],[-151.3605,70.4111],[-151.361,70.411],[-151.3613,70.4108],[-151.3614,70.4107],[-151.3612,70.4105],[-151.361,70.4102],[-151.3609,70.4099],[-151.3603,70.4096],[-151.3639,70.409],[-151.3648,70.4091],[-151.3657,70.4093],[-151.3658,70.4093],[-151.3661,70.4096],[-151.3671,70.4097],[-151.3675,70.4098],[-151.3684,70.4098],[-151.3687,70.4099],[-151.3694,70.4101],[-151.3701,70.4102],[-151.3708,70.4106],[-151.3713,70.4108],[-151.3717,70.4111],[-151.3723,70.4113],[-151.3726,70.4116],[-151.3728,70.4117],[-151.3731,70.4118],[-151.3731,70.4119],[-151.3732,70.4121],[-151.3737,70.4122],[-151.3742,70.4124],[-151.3745,70.4125],[-151.3751,70.4127],[-151.3757,70.4128],[-151.3771,70.4126],[-151.3781,70.4126],[-151.379,70.4126],[-151.3794,70.4126],[-151.3804,70.4128],[-151.3809,70.4128],[-151.3812,70.4129],[-151.3816,70.413],[-151.3822,70.4131],[-151.3826,70.4132],[-151.3825,70.4133],[-151.3823,70.4135],[-151.382,70.4136],[-151.3824,70.4138],[-151.3827,70.4138],[-151.3834,70.414],[-151.3836,70.4142],[-151.3836,70.4143],[-151.3836,70.4145],[-151.384,70.4148],[-151.384,70.415],[-151.3843,70.4153],[-151.3844,70.4154],[-151.385,70.4157],[-151.3858,70.4159],[-151.3861,70.416],[-151.3867,70.4161],[-151.3869,70.4162],[-151.3878,70.4162],[-151.3882,70.4162],[-151.3884,70.4162],[-151.3884,70.4164],[-151.3888,70.4165],[-151.3893,70.4166],[-151.3897,70.4168],[-151.39,70.417],[-151.3903,70.4171],[-151.3905,70.4172],[-151.3915,70.4172],[-151.3918,70.417],[-151.3918,70.4169],[-151.3918,70.4167],[-151.3922,70.4167],[-151.3926,70.4168],[-151.3933,70.417],[-151.3937,70.4169],[-151.3941,70.4168],[-151.3946,70.4168],[-151.395,70.4169],[-151.395,70.4171],[-151.3952,70.4172],[-151.3956,70.4173],[-151.3953,70.4174],[-151.3956,70.4175],[-151.3958,70.4173],[-151.396,70.4172],[-151.3962,70.4172],[-151.3965,70.4173],[-151.3968,70.4174],[-151.3969,70.4175],[-151.3968,70.4177],[-151.3966,70.4178],[-151.3963,70.4178],[-151.3962,70.418],[-151.3963,70.4181],[-151.3965,70.4182],[-151.3966,70.4181],[-151.3967,70.418],[-151.3968,70.4179],[-151.3972,70.4179],[-151.3975,70.418],[-151.3976,70.4181],[-151.3974,70.4182],[-151.3974,70.4183],[-151.3978,70.4182],[-151.3982,70.4181],[-151.3985,70.418],[-151.399,70.4179],[-151.3996,70.4178],[-151.3997,70.4179],[-151.3996,70.418],[-151.3996,70.4181],[-151.3998,70.4182],[-151.4002,70.4181],[-151.4004,70.4181],[-151.401,70.4181],[-151.4011,70.418],[-151.4013,70.418],[-151.4016,70.4181],[-151.402,70.4182],[-151.4025,70.4184],[-151.4029,70.4184],[-151.4032,70.4183],[-151.4035,70.4183],[-151.4041,70.4184],[-151.4041,70.4185],[-151.4041,70.4187],[-151.4046,70.4187],[-151.4048,70.4187],[-151.4051,70.4188],[-151.405,70.4189],[-151.4053,70.4191],[-151.4058,70.4192],[-151.4065,70.4192],[-151.4071,70.4192],[-151.4074,70.4192],[-151.4075,70.4192],[-151.4077,70.4191],[-151.4076,70.419],[-151.4075,70.4188],[-151.4073,70.4187],[-151.407,70.4187],[-151.4065,70.4186],[-151.4063,70.4185],[-151.4064,70.4184],[-151.4066,70.4184],[-151.407,70.4182],[-151.4073,70.4181],[-151.4077,70.418],[-151.408,70.418],[-151.4086,70.418],[-151.4102,70.418],[-151.4104,70.418],[-151.4112,70.4182],[-151.4116,70.4182],[-151.4123,70.4182],[-151.4129,70.4182],[-151.4134,70.4182],[-151.4137,70.4183],[-151.4135,70.4184],[-151.4132,70.4185],[-151.4131,70.4186],[-151.4134,70.4187],[-151.4135,70.4187],[-151.414,70.4188],[-151.4142,70.4188],[-151.4145,70.4189],[-151.4144,70.4191],[-151.4144,70.4194],[-151.4144,70.4195],[-151.4144,70.4197],[-151.4142,70.42],[-151.4139,70.4201],[-151.4136,70.4202],[-151.4132,70.4202],[-151.4128,70.4202],[-151.4122,70.4201],[-151.4117,70.42],[-151.4114,70.42],[-151.4111,70.42],[-151.4109,70.4201],[-151.4111,70.4202],[-151.4114,70.4203],[-151.4118,70.4206],[-151.412,70.4206],[-151.4126,70.4209],[-151.413,70.421],[-151.4134,70.4212],[-151.4139,70.4212],[-151.4142,70.4212],[-151.4145,70.4211],[-151.4149,70.4211],[-151.4153,70.421],[-151.4158,70.421],[-151.4167,70.421],[-151.417,70.4209],[-151.4172,70.4208],[-151.4176,70.4209],[-151.4178,70.421],[-151.4183,70.4209],[-151.4188,70.4207],[-151.4191,70.4206],[-151.4195,70.4205],[-151.42,70.4205],[-151.4205,70.4204],[-151.4209,70.4202],[-151.4207,70.42],[-151.421,70.4199],[-151.4214,70.4199],[-151.4217,70.42],[-151.4223,70.4201],[-151.4226,70.4202],[-151.423,70.4203],[-151.4236,70.4202],[-151.4242,70.4205],[-151.4236,70.4208],[-151.4232,70.421],[-151.423,70.4212],[-151.423,70.4213],[-151.423,70.4216],[-151.4236,70.4218],[-151.4243,70.4219],[-151.425,70.4219],[-151.4254,70.422],[-151.4255,70.4221],[-151.4255,70.4223],[-151.4251,70.4225],[-151.4248,70.4226],[-151.4244,70.4227],[-151.4244,70.4228],[-151.4246,70.423],[-151.4248,70.4231],[-151.4251,70.4232],[-151.4258,70.4235],[-151.4268,70.4235],[-151.4276,70.4236],[-151.4283,70.4237],[-151.4288,70.4238],[-151.4292,70.424],[-151.4298,70.4241],[-151.4302,70.4242],[-151.4316,70.4242],[-151.4325,70.4244],[-151.4329,70.4245],[-151.4332,70.4244],[-151.434,70.4244],[-151.4349,70.4246],[-151.4354,70.4247],[-151.436,70.4247],[-151.4367,70.4247],[-151.4376,70.4247],[-151.4381,70.4249],[-151.4386,70.4249],[-151.4395,70.4249],[-151.4406,70.4248],[-151.4422,70.4248],[-151.4432,70.4248],[-151.4438,70.4248],[-151.4444,70.4248],[-151.4449,70.4248],[-151.4455,70.4247],[-151.4467,70.4246],[-151.4478,70.4246],[-151.4485,70.4245],[-151.449,70.4244],[-151.4495,70.4244],[-151.4502,70.4244],[-151.4509,70.4244],[-151.4517,70.4246],[-151.4525,70.4247],[-151.4532,70.4248],[-151.4537,70.4249],[-151.454,70.425],[-151.4549,70.4251],[-151.4549,70.425],[-151.4551,70.425],[-151.4555,70.425],[-151.4557,70.4251],[-151.4563,70.425],[-151.4567,70.4251],[-151.4572,70.425],[-151.458,70.4251],[-151.4585,70.4251],[-151.4583,70.4249],[-151.4579,70.4248],[-151.4577,70.4247],[-151.4576,70.4245],[-151.4579,70.4244],[-151.4586,70.4246],[-151.4589,70.4247],[-151.4592,70.4247],[-151.4596,70.4247],[-151.4597,70.4246],[-151.4608,70.4247],[-151.461,70.4247],[-151.4615,70.4248],[-151.4624,70.4248],[-151.463,70.425],[-151.4638,70.4251],[-151.4645,70.4252],[-151.4656,70.4254],[-151.4666,70.4256],[-151.4669,70.4256],[-151.467,70.4256],[-151.4672,70.4255],[-151.4676,70.4255],[-151.4682,70.4254],[-151.4686,70.4254],[-151.469,70.4254],[-151.4694,70.4254],[-151.4702,70.4254],[-151.4709,70.4255],[-151.471,70.4254],[-151.4712,70.4253],[-151.4715,70.4251],[-151.472,70.425],[-151.4726,70.425],[-151.4727,70.4249],[-151.4727,70.4247],[-151.4729,70.4246],[-151.4734,70.4246],[-151.4737,70.4248],[-151.474,70.4249],[-151.4743,70.4251],[-151.4746,70.4252],[-151.4755,70.4254],[-151.4758,70.4254],[-151.4763,70.4253],[-151.4765,70.425],[-151.4769,70.4249],[-151.4773,70.4249],[-151.4778,70.425],[-151.4781,70.4252],[-151.4781,70.4254],[-151.479,70.4254],[-151.4796,70.4256],[-151.4798,70.4255],[-151.48,70.4254],[-151.4804,70.4251],[-151.4809,70.4251],[-151.4818,70.4251],[-151.4826,70.425],[-151.483,70.425],[-151.4837,70.425],[-151.4847,70.425],[-151.4861,70.425],[-151.4879,70.425],[-151.489,70.4251],[-151.4892,70.4251],[-151.4901,70.4251],[-151.4907,70.4252],[-151.4915,70.4253],[-151.4921,70.4255],[-151.4925,70.4255],[-151.4932,70.4257],[-151.4932,70.4257],[-151.4943,70.4261],[-151.4946,70.4263],[-151.4951,70.4264],[-151.4957,70.4265],[-151.496,70.4267],[-151.4968,70.4269],[-151.4972,70.427],[-151.4981,70.427],[-151.4992,70.427],[-151.4996,70.4269],[-151.4999,70.4265],[-151.5,70.4264],[-151.5003,70.4262],[-151.5009,70.4261],[-151.5015,70.4262],[-151.5028,70.4267],[-151.5032,70.4268],[-151.5039,70.4272],[-151.5043,70.4274],[-151.5047,70.4277],[-151.505,70.428],[-151.5054,70.4282],[-151.5058,70.4284],[-151.5066,70.4285],[-151.5073,70.4288],[-151.5078,70.4291],[-151.5087,70.4295],[-151.5091,70.4296],[-151.51,70.4297],[-151.5104,70.4298],[-151.5113,70.4299],[-151.5123,70.43],[-151.5133,70.4299],[-151.514,70.4296],[-151.5145,70.4294],[-151.5152,70.4293],[-151.5157,70.4291],[-151.5162,70.4287],[-151.5162,70.4285],[-151.5163,70.4282],[-151.5175,70.4282],[-151.518,70.4286],[-151.5183,70.4288],[-151.518,70.429],[-151.5197,70.4295],[-151.5199,70.4299],[-151.5198,70.4301],[-151.5193,70.4303],[-151.5193,70.4305],[-151.5189,70.4306],[-151.5184,70.4306],[-151.5177,70.4306],[-151.5173,70.4309],[-151.5163,70.4309],[-151.5159,70.431],[-151.5155,70.4311],[-151.5157,70.4314],[-151.5159,70.4314],[-151.5167,70.4314],[-151.5177,70.4316],[-151.5181,70.4319],[-151.5182,70.4322],[-151.5183,70.4324],[-151.5193,70.4328],[-151.5202,70.4331],[-151.5209,70.4332],[-151.5217,70.4335],[-151.5225,70.4339],[-151.5231,70.4342],[-151.5235,70.4344],[-151.5238,70.4346],[-151.5249,70.4347],[-151.5252,70.4348],[-151.5259,70.4347],[-151.5266,70.4346],[-151.5272,70.4347],[-151.528,70.4346],[-151.5288,70.4348],[-151.5295,70.4347],[-151.5307,70.4345],[-151.5317,70.4345],[-151.5324,70.4346],[-151.5334,70.4348],[-151.5345,70.4349],[-151.535,70.4347],[-151.5351,70.4345],[-151.535,70.4344],[-151.535,70.4342],[-151.535,70.434],[-151.5352,70.4338],[-151.5354,70.4337],[-151.5361,70.4338],[-151.5377,70.4333],[-151.5385,70.4333],[-151.5395,70.4331],[-151.5405,70.433],[-151.541,70.4333],[-151.5415,70.4334],[-151.5421,70.4334],[-151.5427,70.4332],[-151.5432,70.433],[-151.5443,70.433],[-151.5455,70.433],[-151.5466,70.4332],[-151.5485,70.4336],[-151.5495,70.434],[-151.5512,70.4343],[-151.5522,70.4346],[-151.5527,70.4348],[-151.5531,70.435],[-151.5535,70.4352],[-151.5541,70.4353],[-151.5545,70.4355],[-151.5556,70.436],[-151.5569,70.4366],[-151.5577,70.437],[-151.5593,70.4374],[-151.5605,70.4378],[-151.5609,70.4379],[-151.5617,70.4381],[-151.5628,70.4383],[-151.5636,70.4383],[-151.5647,70.4383],[-151.5655,70.4384],[-151.5665,70.4385],[-151.5679,70.4385],[-151.5694,70.4389],[-151.5708,70.439],[-151.5711,70.4391],[-151.5717,70.4391],[-151.5742,70.4392],[-151.5761,70.4391],[-151.5767,70.4391],[-151.5799,70.4389],[-151.581,70.4389],[-151.5816,70.4388],[-151.5822,70.4389],[-151.5828,70.4389],[-151.5835,70.4389],[-151.5845,70.4389],[-151.5858,70.4388],[-151.5868,70.4388],[-151.5877,70.4389],[-151.5887,70.4389],[-151.5898,70.4389],[-151.5908,70.4389],[-151.5916,70.4389],[-151.5923,70.439],[-151.5949,70.4391],[-151.5956,70.4391],[-151.598,70.4391],[-151.6003,70.439],[-151.6026,70.4388],[-151.6036,70.4387],[-151.6041,70.4386],[-151.6055,70.4382],[-151.6072,70.4376],[-151.6091,70.437],[-151.6124,70.4359],[-151.6156,70.435],[-151.618,70.4345],[-151.6199,70.4342],[-151.6224,70.4338],[-151.6245,70.4337],[-151.6272,70.4336],[-151.6292,70.4336],[-151.6309,70.4336],[-151.6327,70.4334],[-151.6351,70.4332],[-151.6371,70.433],[-151.6398,70.4329],[-151.6425,70.4329],[-151.6471,70.4333],[-151.6503,70.4337],[-151.6532,70.4342],[-151.6569,70.4348],[-151.6605,70.4354],[-151.6616,70.4355],[-151.6626,70.4357],[-151.6637,70.4358],[-151.6663,70.436],[-151.6685,70.4361],[-151.6712,70.436],[-151.6734,70.4356],[-151.6768,70.4353],[-151.6813,70.4347],[-151.6838,70.4343],[-151.6868,70.4337],[-151.6877,70.4335],[-151.689,70.4331],[-151.6916,70.4325],[-151.6944,70.4321],[-151.6971,70.4318],[-151.6998,70.4314],[-151.7031,70.4311],[-151.7049,70.431],[-151.7063,70.4311],[-151.7085,70.4313],[-151.71,70.4316],[-151.7123,70.4321],[-151.714,70.4323],[-151.7152,70.4327],[-151.7157,70.4329],[-151.7173,70.4331],[-151.7183,70.4332],[-151.7203,70.4331],[-151.7211,70.4332],[-151.7217,70.4333],[-151.7224,70.4332],[-151.7232,70.4332],[-151.7239,70.4332],[-151.7249,70.4332],[-151.7258,70.4334],[-151.727,70.4333],[-151.728,70.433],[-151.7289,70.4325],[-151.7299,70.432],[-151.7321,70.4317],[-151.7326,70.4319],[-151.7332,70.4319],[-151.7343,70.4318],[-151.7354,70.4322],[-151.7361,70.4324],[-151.7371,70.4326],[-151.7377,70.4328],[-151.7381,70.4329],[-151.7393,70.433],[-151.7411,70.4333],[-151.7428,70.4335],[-151.7442,70.4337],[-151.7455,70.4338],[-151.747,70.434],[-151.7487,70.4341],[-151.7517,70.4343],[-151.7531,70.4343],[-151.7552,70.4345],[-151.7562,70.4347],[-151.7569,70.4349],[-151.758,70.4352],[-151.7591,70.4354],[-151.7602,70.4356],[-151.7608,70.4357],[-151.763,70.436],[-151.764,70.4361],[-151.7653,70.4361],[-151.7663,70.4362],[-151.7672,70.4362],[-151.7679,70.4362],[-151.7684,70.4362],[-151.7693,70.4363],[-151.7699,70.4363],[-151.7703,70.4363],[-151.771,70.4363],[-151.7727,70.4363],[-151.7736,70.4363],[-151.7748,70.4363],[-151.7756,70.4363],[-151.7761,70.4363],[-151.7772,70.4362],[-151.7794,70.4363],[-151.781,70.4363],[-151.7821,70.4363],[-151.7829,70.4362],[-151.7858,70.4363],[-151.7892,70.4362],[-151.7916,70.4361],[-151.7929,70.4361],[-151.795,70.436],[-151.7966,70.4359],[-151.7993,70.4358],[-151.8008,70.4359],[-151.8021,70.4359],[-151.8035,70.436],[-151.805,70.4361],[-151.8065,70.4361],[-151.8072,70.4361],[-151.8076,70.4362],[-151.808,70.4362],[-151.8091,70.4362],[-151.8099,70.4362],[-151.8106,70.4362],[-151.8112,70.4362],[-151.8122,70.4362],[-151.8131,70.4362],[-151.8138,70.4361],[-151.8144,70.436],[-151.8153,70.436],[-151.816,70.4359],[-151.8168,70.4359],[-151.8177,70.4358],[-151.8182,70.4357],[-151.8189,70.4356],[-151.8195,70.4356],[-151.82,70.4355],[-151.8204,70.4354],[-151.8215,70.4352],[-151.8225,70.4351],[-151.8234,70.435],[-151.8238,70.4349],[-151.8244,70.4348],[-151.8249,70.4348],[-151.8263,70.4347],[-151.8274,70.4347],[-151.8283,70.4347],[-151.8288,70.4347],[-151.8294,70.4347],[-151.8301,70.4348],[-151.831,70.4348],[-151.832,70.4349],[-151.8332,70.435],[-151.8338,70.4351],[-151.8348,70.4351],[-151.8353,70.4351],[-151.8362,70.4352],[-151.8377,70.4351],[-151.8389,70.4352],[-151.8392,70.4352],[-151.8397,70.4352],[-151.8409,70.4351],[-151.8414,70.4351],[-151.8423,70.4351],[-151.8435,70.4351],[-151.8442,70.4351],[-151.8458,70.435],[-151.8479,70.4349],[-151.8482,70.4349],[-151.8491,70.4349],[-151.8507,70.4346],[-151.8529,70.4344],[-151.8537,70.4343],[-151.8548,70.4341],[-151.8588,70.4334],[-151.8611,70.433],[-151.863,70.4328],[-151.8641,70.4327],[-151.8668,70.4323],[-151.8685,70.432],[-151.8692,70.432],[-151.8704,70.432],[-151.8716,70.4319],[-151.873,70.4318],[-151.8753,70.4313],[-151.877,70.4311],[-151.879,70.4311],[-151.8812,70.4314],[-151.8821,70.4315],[-151.8837,70.4317],[-151.8856,70.4318],[-151.886,70.4318],[-151.8867,70.4317],[-151.8874,70.4318],[-151.8886,70.4318],[-151.8892,70.4318],[-151.8899,70.432],[-151.8909,70.4323],[-151.8925,70.4327],[-151.8939,70.4333],[-151.8949,70.4337],[-151.8956,70.4339],[-151.8961,70.434],[-151.8966,70.434],[-151.8973,70.434],[-151.8983,70.4341],[-151.8989,70.4341],[-151.8995,70.4342],[-151.9006,70.4343],[-151.9003,70.4343],[-151.9012,70.4348],[-151.9017,70.4352],[-151.9026,70.4357],[-151.9043,70.4368],[-151.9056,70.4377],[-151.9072,70.4388],[-151.9086,70.4395],[-151.9095,70.4402],[-151.9101,70.4406],[-151.9108,70.4411],[-151.9112,70.4414],[-151.9112,70.4416],[-151.9111,70.4418],[-151.9113,70.442],[-151.9115,70.4421],[-151.9124,70.4424],[-151.9128,70.4426],[-151.9131,70.4428],[-151.9136,70.4429],[-151.9144,70.443],[-151.9153,70.443],[-151.9155,70.443],[-151.9164,70.443],[-151.9168,70.443],[-151.9173,70.4432],[-151.9177,70.4434],[-151.9181,70.4435],[-151.9186,70.4436],[-151.9193,70.4436],[-151.9203,70.4436],[-151.9207,70.4437],[-151.921,70.4439],[-151.9214,70.444],[-151.9227,70.4444],[-151.9236,70.4449],[-151.9238,70.445],[-151.9241,70.4451],[-151.9246,70.4451],[-151.925,70.4451]]},"properties":{}},{"type":"Feature","geometry":{"type":"LineString","coordinates":[[-151.7584,70.5445],[-151.7584,70.5447],[-151.7583,70.5448],[-151.7581,70.5451],[-151.758,70.5454],[-151.7586,70.5459],[-151.7583,70.5462],[-151.7583,70.5465],[-151.7577,70.5469],[-151.7572,70.5469],[-151.7572,70.5471],[-151.7575,70.5473],[-151.7577,70.5475],[-151.7581,70.5478],[-151.7583,70.5481],[-151.7586,70.5483],[-151.7587,70.5486],[-151.7585,70.5488],[-151.759,70.549],[-151.7592,70.5491],[-151.7593,70.5493],[-151.7597,70.5494],[-151.7598,70.5494],[-151.7605,70.5496],[-151.7611,70.5497],[-151.7625,70.5502],[-151.7629,70.5503],[-151.7651,70.5504],[-151.7658,70.5504],[-151.7683,70.5502],[-151.7693,70.55],[-151.7701,70.5499],[-151.77,70.5495],[-151.7697,70.5493],[-151.7692,70.5497],[-151.769,70.5497],[-151.768,70.5497],[-151.7672,70.5498],[-151.7666,70.5496],[-151.7661,70.5494],[-151.7657,70.5491],[-151.7654,70.5488],[-151.7651,70.5484],[-151.7648,70.5479],[-151.7647,70.5476],[-151.765,70.5474],[-151.765,70.5472],[-151.7649,70.547],[-151.7647,70.547],[-151.764,70.547],[-151.7637,70.5469],[-151.7633,70.5469],[-151.7629,70.5469],[-151.7626,70.547],[-151.7622,70.547],[-151.762,70.5468],[-151.762,70.5467],[-151.7619,70.5465],[-151.7619,70.5463],[-151.7619,70.5461],[-151.762,70.5459],[-151.7622,70.5458],[-151.7622,70.5458],[-151.762,70.5457],[-151.7618,70.5455],[-151.7617,70.5454],[-151.7621,70.5453],[-151.7624,70.5453],[-151.7627,70.5455],[-151.7628,70.5456],[-151.7627,70.5457],[-151.7629,70.5459],[-151.7632,70.5459],[-151.7634,70.5459],[-151.7636,70.5458],[-151.7638,70.5457],[-151.7641,70.5456],[-151.7645,70.5456],[-151.765,70.5457],[-151.7653,70.5459],[-151.7657,70.546],[-151.7659,70.5463],[-151.7663,70.5465],[-151.7666,70.5464],[-151.7669,70.5463],[-151.7673,70.5462],[-151.7679,70.5461],[-151.7687,70.546],[-151.7692,70.5459],[-151.7695,70.5457],[-151.7702,70.5457],[-151.7714,70.5458],[-151.772,70.546],[-151.7722,70.5463],[-151.7724,70.5467],[-151.7727,70.5471],[-151.7731,70.5474],[-151.7738,70.5476],[-151.7745,70.5478],[-151.7749,70.5481],[-151.7749,70.5483],[-151.7747,70.5485],[-151.7746,70.5487],[-151.7744,70.5489],[-151.7742,70.549],[-151.7739,70.5491],[-151.7733,70.5491],[-151.7726,70.5491],[-151.7719,70.5491],[-151.7714,70.549],[-151.771,70.5489],[-151.7707,70.5488],[-151.7705,70.5487],[-151.7698,70.5487],[-151.7704,70.5489],[-151.7711,70.5491],[-151.7716,70.5492],[-151.7729,70.5493],[-151.7734,70.5496],[-151.7752,70.5495],[-151.777,70.5493],[-151.7777,70.5493],[-151.7786,70.5492],[-151.7803,70.5491],[-151.7809,70.5491],[-151.7816,70.5491],[-151.7828,70.5491],[-151.7841,70.549],[-151.7867,70.5491],[-151.7877,70.5491],[-151.7911,70.5491],[-151.7919,70.5491],[-151.7933,70.5492],[-151.795,70.5492],[-151.7969,70.5492],[-151.7994,70.5489],[-151.8032,70.5483],[-151.8085,70.5477],[-151.81,70.5476],[-151.8116,70.5474],[-151.8134,70.5475],[-151.8156,70.5475],[-151.8176,70.5473],[-151.8202,70.5473],[-151.8244,70.5474],[-151.8269,70.5477],[-151.8297,70.5479],[-151.8322,70.5482],[-151.8352,70.5484],[-151.8371,70.5489],[-151.8387,70.5493],[-151.8407,70.5499],[-151.8423,70.5504],[-151.8436,70.5507],[-151.8444,70.551],[-151.8455,70.5513],[-151.8465,70.5517],[-151.8492,70.5526],[-151.8519,70.5535],[-151.8545,70.5539],[-151.8547,70.5537],[-151.8555,70.5537],[-151.8573,70.5538],[-151.8584,70.5538],[-151.863,70.5532],[-151.866,70.5531],[-151.8695,70.5533],[-151.872,70.5536],[-151.8752,70.554],[-151.877,70.5541],[-151.8773,70.5541],[-151.8788,70.5543],[-151.8807,70.5548],[-151.8828,70.5552],[-151.8843,70.5556],[-151.8856,70.556],[-151.8874,70.5568],[-151.8886,70.5572],[-151.8895,70.5575],[-151.8907,70.5576],[-151.8914,70.5575],[-151.8931,70.557],[-151.8955,70.5564],[-151.8976,70.5557],[-151.899,70.5553],[-151.8998,70.5551],[-151.9012,70.5551],[-151.9028,70.555],[-151.9058,70.5548],[-151.9078,70.5544],[-151.91,70.5542],[-151.9101,70.5542],[-151.9115,70.5543],[-151.9128,70.5544],[-151.9156,70.5543],[-151.9182,70.5543],[-151.9196,70.5544],[-151.9218,70.5545],[-151.9246,70.555],[-151.9288,70.5556],[-151.9302,70.5558],[-151.9331,70.5563],[-151.9369,70.5567],[-151.9382,70.5571],[-151.9394,70.5574],[-151.94,70.5575],[-151.9405,70.5575],[-151.9415,70.5578],[-151.9424,70.5583],[-151.9435,70.5586],[-151.9444,70.559],[-151.9453,70.5593],[-151.946,70.5596],[-151.9465,70.5598],[-151.9473,70.5603],[-151.9479,70.5605],[-151.9502,70.5617],[-151.951,70.5621],[-151.9521,70.5624],[-151.9536,70.5623],[-151.9545,70.5622],[-151.9563,70.5621],[-151.9578,70.562],[-151.9597,70.562],[-151.9615,70.562],[-151.9623,70.562],[-151.9647,70.5622],[-151.9657,70.5622],[-151.9661,70.5622],[-151.9679,70.5623],[-151.9697,70.5625],[-151.9713,70.5626],[-151.9735,70.5629],[-151.9755,70.563],[-151.9767,70.5631],[-151.9787,70.5634],[-151.9806,70.5638],[-151.982,70.5643],[-151.9829,70.5647],[-151.9834,70.5647],[-151.9843,70.5643],[-151.9858,70.5636],[-151.9899,70.5624],[-151.9913,70.5621],[-151.992,70.5618],[-151.9917,70.5615],[-151.9917,70.5613],[-151.9917,70.5612],[-151.9916,70.5611],[-151.9909,70.5609],[-151.9917,70.5607],[-151.9933,70.5606],[-151.9955,70.5602],[-151.996,70.56],[-151.9965,70.5597],[-151.9965,70.5593],[-151.9965,70.5587],[-151.9965,70.5585],[-151.9961,70.5583],[-151.9951,70.5579],[-151.9946,70.5577],[-151.995,70.5571],[-151.9955,70.5565],[-151.9971,70.5562],[-151.9974,70.5556],[-151.9975,70.5552],[-151.998,70.5552],[-151.999,70.5556],[-151.9996,70.556],[-151.9994,70.5563],[-151.9991,70.5565],[-151.9985,70.5568],[-151.9973,70.5569],[-151.9972,70.5573],[-151.9968,70.5577],[-151.999,70.5587],[-151.9991,70.5591],[-151.9996,70.5596],[-151.9995,70.5601],[-151.9989,70.5604],[-151.9965,70.5606],[-151.9968,70.5612],[-151.997,70.5615],[-151.997,70.5617],[-151.997,70.5618],[-151.9968,70.5619],[-151.9956,70.5619],[-151.9946,70.5619],[-151.9937,70.5619],[-151.9931,70.5621],[-151.9933,70.5622],[-151.9939,70.5621],[-151.9946,70.5621],[-151.9953,70.5621],[-151.9963,70.5621],[-151.9969,70.5621],[-151.9987,70.562],[-152.0004,70.562],[-152.0007,70.5619],[-152.0022,70.5616],[-152.0039,70.5613],[-152.0068,70.5612],[-152.0083,70.5612],[-152.0093,70.5612],[-152.0115,70.5614],[-152.014,70.5613],[-152.0161,70.5611],[-152.0182,70.561],[-152.0219,70.5609],[-152.0236,70.5607],[-152.0273,70.5606],[-152.0288,70.5606],[-152.0296,70.5606],[-152.0301,70.5605],[-152.0316,70.5603],[-152.0323,70.5599],[-152.0324,70.5596],[-152.0325,70.5588],[-152.0326,70.5568],[-152.0329,70.556],[-152.0331,70.5555],[-152.0333,70.554],[-152.0331,70.5535],[-152.0326,70.553],[-152.0341,70.5521],[-152.0356,70.5517],[-152.0366,70.5512],[-152.0381,70.5503],[-152.0396,70.5496],[-152.0416,70.5486],[-152.0434,70.5479],[-152.0453,70.5472],[-152.0486,70.5462],[-152.0497,70.5458],[-152.0522,70.5453],[-152.0545,70.5452],[-152.0562,70.5452],[-152.0588,70.5454],[-152.0622,70.5458],[-152.0681,70.5464],[-152.0718,70.5469],[-152.0752,70.5475],[-152.0779,70.5481],[-152.0822,70.5488],[-152.0833,70.549],[-152.0844,70.549],[-152.0855,70.549],[-152.0864,70.5485],[-152.087,70.5478],[-152.0884,70.5473],[-152.0897,70.5467],[-152.0919,70.5459],[-152.0929,70.5458],[-152.0936,70.5458],[-152.0939,70.5455],[-152.0945,70.5452],[-152.0956,70.545],[-152.097,70.5448],[-152.0984,70.5447],[-152.0995,70.5447],[-152.1003,70.5448],[-152.102,70.5451],[-152.1068,70.5463],[-152.1121,70.5475],[-152.1145,70.548],[-152.1155,70.5483],[-152.1164,70.5487],[-152.1188,70.5488],[-152.1212,70.5499],[-152.122,70.5503],[-152.1226,70.5507],[-152.1235,70.551],[-152.1239,70.5512],[-152.1245,70.5514],[-152.1253,70.5516],[-152.1257,70.5516],[-152.1262,70.5516],[-152.1268,70.5511],[-152.1279,70.5508],[-152.1287,70.5507],[-152.1305,70.5505],[-152.132,70.5504],[-152.1333,70.5504],[-152.1344,70.5504],[-152.1357,70.5504],[-152.1367,70.5508],[-152.1369,70.5512],[-152.1386,70.551],[-152.14,70.5509],[-152.1412,70.5506],[-152.1426,70.5507],[-152.1452,70.5508],[-152.1465,70.5509],[-152.1476,70.5509],[-152.1489,70.5508],[-152.1494,70.5506],[-152.149,70.5502],[-152.1495,70.5499],[-152.1508,70.5496],[-152.1521,70.5494],[-152.1524,70.5476],[-152.1541,70.5474],[-152.1554,70.5476],[-152.1555,70.5478],[-152.1537,70.5481],[-152.1532,70.5489],[-152.1543,70.5492],[-152.155,70.5495],[-152.1554,70.5498],[-152.1557,70.5502],[-152.1555,70.5505],[-152.1552,70.5508],[-152.1554,70.5512],[-152.1559,70.5515],[-152.1558,70.5519],[-152.1558,70.5523],[-152.1571,70.5522],[-152.1587,70.5514],[-152.1608,70.551],[-152.1632,70.5508],[-152.1651,70.5506],[-152.1667,70.5506],[-152.1682,70.5506],[-152.1739,70.5514],[-152.1761,70.5516],[-152.1773,70.5516],[-152.1783,70.5515],[-152.1786,70.551],[-152.1798,70.5503],[-152.1816,70.5495],[-152.1836,70.549],[-152.1856,70.5486],[-152.187,70.5483],[-152.1905,70.5481],[-152.1918,70.5481],[-152.1931,70.5481],[-152.1952,70.5483],[-152.197,70.5482],[-152.198,70.5479],[-152.1999,70.5472],[-152.2015,70.5467],[-152.2032,70.5466],[-152.2041,70.5463],[-152.2055,70.546],[-152.2072,70.5452],[-152.2092,70.5441],[-152.2104,70.5432],[-152.212,70.5428],[-152.2138,70.542],[-152.2148,70.5417],[-152.2159,70.5412],[-152.2168,70.5409],[-152.2187,70.5404],[-152.2235,70.5397],[-152.2256,70.5396],[-152.2292,70.5396],[-152.2328,70.5397],[-152.2353,70.54],[-152.2367,70.5402],[-152.2382,70.5405],[-152.2392,70.5407],[-152.2395,70.5408],[-152.2406,70.5409],[-152.2418,70.5406],[-152.2429,70.5404],[-152.2445,70.5404],[-152.2465,70.5402],[-152.2493,70.5405],[-152.2523,70.5412],[-152.2548,70.5418],[-152.2585,70.5425],[-152.2606,70.5426],[-152.2624,70.5428],[-152.265,70.543],[-152.2675,70.5433],[-152.2696,70.5434],[-152.2707,70.5435],[-152.2733,70.5435],[-152.2752,70.5435],[-152.2773,70.5437],[-152.2807,70.5439],[-152.2823,70.5441],[-152.2841,70.5443],[-152.2855,70.5444],[-152.2873,70.5443],[-152.2896,70.5443],[-152.2931,70.5444],[-152.2946,70.5445],[-152.2966,70.5445],[-152.3008,70.5446],[-152.3052,70.5448],[-152.3107,70.5451],[-152.3132,70.5447],[-152.3154,70.5427],[-152.3165,70.542],[-152.3178,70.5413],[-152.3195,70.5408],[-152.322,70.5403],[-152.3232,70.5401],[-152.3257,70.5401],[-152.3276,70.5402],[-152.3287,70.5405],[-152.33,70.5405],[-152.3304,70.5404],[-152.3308,70.5401],[-152.3311,70.5395],[-152.3318,70.5394],[-152.3325,70.5394],[-152.3327,70.5403],[-152.334,70.5405],[-152.3352,70.5407],[-152.337,70.5407],[-152.3384,70.5407],[-152.3398,70.5408],[-152.3414,70.5409],[-152.3432,70.5413],[-152.3454,70.5414],[-152.346,70.5415],[-152.3466,70.5416],[-152.3469,70.5414],[-152.3499,70.5412],[-152.3507,70.5413],[-152.3515,70.5418],[-152.3533,70.5421],[-152.3544,70.5426],[-152.3562,70.5417],[-152.358,70.5408],[-152.3589,70.5401],[-152.3609,70.5381],[-152.3633,70.5367],[-152.3674,70.5362],[-152.3674,70.537],[-152.3666,70.5373],[-152.3669,70.5386],[-152.3678,70.5388],[-152.369,70.5393],[-152.3698,70.5396],[-152.3713,70.5405],[-152.3714,70.5408],[-152.3723,70.5415],[-152.3758,70.5424],[-152.3758,70.5456],[-152.376,70.5465],[-152.3775,70.5473],[-152.378,70.5499],[-152.3779,70.5504],[-152.3766,70.5506],[-152.3755,70.5508],[-152.3691,70.5509],[-152.3673,70.5508],[-152.3656,70.5508],[-152.3657,70.5507],[-152.3644,70.5502],[-152.3607,70.5499],[-152.3594,70.5495],[-152.357,70.5485],[-152.3562,70.548],[-152.3551,70.548],[-152.3541,70.548],[-152.3527,70.5481],[-152.3515,70.548],[-152.3508,70.5476],[-152.3495,70.5476],[-152.3464,70.5483],[-152.3443,70.5488],[-152.3435,70.5489],[-152.3422,70.549],[-152.3404,70.5491],[-152.3412,70.5498],[-152.3416,70.5502],[-152.3427,70.5509],[-152.3446,70.5512],[-152.3494,70.5509],[-152.3517,70.5507],[-152.3537,70.5507],[-152.3571,70.5507],[-152.3595,70.5509],[-152.3627,70.5512],[-152.3649,70.5514],[-152.3683,70.5514],[-152.3738,70.5513],[-152.3751,70.5513],[-152.3764,70.5512],[-152.3788,70.551],[-152.3802,70.5509],[-152.383,70.5509],[-152.3853,70.5508],[-152.3897,70.5505],[-152.3932,70.5505],[-152.4021,70.5512],[-152.4035,70.5519],[-152.4061,70.5519],[-152.4073,70.5516],[-152.4087,70.551],[-152.4122,70.5503],[-152.4154,70.55],[-152.417,70.5502],[-152.4192,70.5505],[-152.4209,70.5509],[-152.4234,70.5515],[-152.4248,70.5516],[-152.4264,70.552],[-152.4289,70.5531],[-152.4295,70.5535],[-152.4301,70.5537],[-152.4311,70.5542],[-152.4329,70.5542],[-152.4331,70.5534],[-152.4338,70.5528],[-152.4355,70.5522],[-152.4371,70.552],[-152.4384,70.5517],[-152.439,70.5514],[-152.4403,70.5512],[-152.4411,70.5509],[-152.4424,70.5506],[-152.4444,70.55],[-152.4457,70.5496],[-152.4468,70.5489],[-152.4477,70.5485],[-152.4484,70.5482],[-152.45,70.5476],[-152.4514,70.547],[-152.453,70.5461],[-152.4547,70.5447],[-152.4568,70.5442],[-152.4596,70.5436],[-152.4615,70.5432],[-152.4624,70.543],[-152.4635,70.5428],[-152.4678,70.5424],[-152.4703,70.5425],[-152.4731,70.5417],[-152.4738,70.5415],[-152.4784,70.5412],[-152.4799,70.5409],[-152.4817,70.5407],[-152.4848,70.5404],[-152.4874,70.5402],[-152.4901,70.5402],[-152.4925,70.5399],[-152.4935,70.5395],[-152.4958,70.5395],[-152.5058,70.5387],[-152.5084,70.5385],[-152.5108,70.5384],[-152.5147,70.5383],[-152.5178,70.5385],[-152.5201,70.5389],[-152.5224,70.5398],[-152.5251,70.5404],[-152.5287,70.5411],[-152.5302,70.5415],[-152.5313,70.542],[-152.5322,70.5424],[-152.5335,70.5429],[-152.5351,70.5431],[-152.5364,70.5441],[-152.5374,70.5447],[-152.5378,70.5454],[-152.539,70.5463],[-152.5399,70.5468],[-152.5404,70.547],[-152.5423,70.5474],[-152.5441,70.5476],[-152.5465,70.5494],[-152.547,70.5497],[-152.5479,70.5501],[-152.5484,70.5503],[-152.5498,70.5508],[-152.5504,70.5512],[-152.5512,70.5517],[-152.5531,70.553],[-152.5541,70.5539],[-152.5554,70.554],[-152.5551,70.553],[-152.5552,70.5526],[-152.5553,70.5522],[-152.5556,70.5517],[-152.5563,70.5512],[-152.5585,70.55],[-152.5611,70.5496],[-152.5621,70.5492],[-152.5632,70.549],[-152.5635,70.5486],[-152.566,70.5478],[-152.5677,70.5472],[-152.5698,70.5468],[-152.5717,70.5465],[-152.5732,70.5463],[-152.5744,70.5461],[-152.5766,70.5459],[-152.5775,70.5457],[-152.5784,70.5453],[-152.58,70.5452],[-152.5812,70.5451],[-152.5825,70.5452],[-152.5834,70.5452],[-152.584,70.545],[-152.5856,70.5445],[-152.5874,70.5443],[-152.5893,70.5438],[-152.5903,70.5434],[-152.592,70.5433],[-152.5935,70.5431],[-152.5948,70.5424],[-152.5964,70.5425],[-152.5992,70.5439],[-152.6013,70.5452],[-152.6035,70.5472],[-152.6056,70.5478],[-152.6082,70.55],[-152.6072,70.5504],[-152.6075,70.5509],[-152.609,70.5516],[-152.6084,70.5526],[-152.6093,70.5529],[-152.611,70.5529],[-152.6129,70.5526],[-152.6134,70.5524],[-152.6146,70.5525],[-152.6161,70.5531],[-152.6168,70.5528],[-152.6185,70.5527],[-152.6193,70.5518],[-152.6181,70.5515],[-152.6156,70.5505],[-152.6148,70.55],[-152.6163,70.5485],[-152.6173,70.5481],[-152.6171,70.5477],[-152.6149,70.5475],[-152.617,70.5467],[-152.6148,70.5463],[-152.6153,70.5459],[-152.6193,70.5453],[-152.6201,70.5444],[-152.6213,70.5453],[-152.624,70.547],[-152.6275,70.552],[-152.6279,70.5526],[-152.6294,70.5547],[-152.6293,70.5558],[-152.6249,70.5563],[-152.6227,70.5565],[-152.6186,70.5553],[-152.6191,70.5546],[-152.6186,70.5539],[-152.618,70.5537],[-152.617,70.5542],[-152.6156,70.5542],[-152.6143,70.5532],[-152.6135,70.5532],[-152.6127,70.5538],[-152.6112,70.5539],[-152.6092,70.5546],[-152.6098,70.5551],[-152.6094,70.5552],[-152.6087,70.5556],[-152.6098,70.5559],[-152.6103,70.5562],[-152.6106,70.5564],[-152.6115,70.5566],[-152.6117,70.5569],[-152.6114,70.5576],[-152.6116,70.5582],[-152.6128,70.5585],[-152.6128,70.5586],[-152.6118,70.5589],[-152.6115,70.5595],[-152.6124,70.5596],[-152.6126,70.5599],[-152.6127,70.5604],[-152.6126,70.5606],[-152.6117,70.5612],[-152.6109,70.5616],[-152.6107,70.5619],[-152.6104,70.5623],[-152.6075,70.5628],[-152.6067,70.5633],[-152.6059,70.5636],[-152.6053,70.564],[-152.6042,70.5648],[-152.6023,70.5651],[-152.6005,70.5653],[-152.5991,70.5654],[-152.5969,70.5658],[-152.5954,70.5659],[-152.5923,70.5662],[-152.5911,70.5662],[-152.5894,70.5662],[-152.5876,70.5662],[-152.5865,70.5659],[-152.5848,70.5661],[-152.5841,70.5659],[-152.5821,70.5656],[-152.5808,70.5657],[-152.58,70.5659],[-152.5784,70.5658],[-152.5767,70.5657],[-152.5759,70.5656],[-152.5745,70.5653],[-152.5732,70.565],[-152.5703,70.5647],[-152.5685,70.5638],[-152.5666,70.5635],[-152.5649,70.5627],[-152.5639,70.5611],[-152.5633,70.561],[-152.5624,70.561],[-152.562,70.5612],[-152.5622,70.5624],[-152.5622,70.563],[-152.5619,70.5635],[-152.5618,70.5638],[-152.5614,70.5642],[-152.5605,70.5645],[-152.5581,70.565],[-152.5573,70.5651],[-152.5563,70.5654],[-152.5557,70.5659],[-152.555,70.5666],[-152.5538,70.5673],[-152.552,70.5676],[-152.5502,70.5678],[-152.549,70.5688],[-152.5472,70.5706],[-152.5457,70.5715],[-152.5436,70.573],[-152.5423,70.574],[-152.5399,70.5748],[-152.5386,70.5753],[-152.5378,70.5757],[-152.5363,70.5762],[-152.5347,70.577],[-152.5329,70.5771],[-152.5315,70.5772],[-152.5303,70.5773],[-152.5299,70.5774],[-152.5288,70.5778],[-152.5278,70.5781],[-152.5271,70.5783],[-152.5263,70.5785],[-152.5249,70.5788],[-152.5238,70.5792],[-152.5221,70.5797],[-152.5197,70.5804],[-152.5173,70.5811],[-152.5148,70.5815],[-152.5123,70.5818],[-152.5087,70.5817],[-152.5034,70.5815],[-152.4997,70.5812],[-152.4874,70.5797],[-152.485,70.5794],[-152.4813,70.5789],[-152.4735,70.5775],[-152.4687,70.5766],[-152.4617,70.576],[-152.4601,70.5759],[-152.4581,70.5756],[-152.4566,70.5753],[-152.4552,70.5752],[-152.4543,70.5751],[-152.4521,70.5758],[-152.4499,70.576],[-152.4484,70.5768],[-152.4473,70.5773],[-152.4454,70.5772],[-152.4441,70.5775],[-152.4427,70.5776],[-152.4414,70.5776],[-152.4389,70.5773],[-152.4372,70.577],[-152.4346,70.5764],[-152.4295,70.5746],[-152.4266,70.5735],[-152.4228,70.5714],[-152.4196,70.569],[-152.4187,70.5681],[-152.4178,70.5681],[-152.416,70.5699],[-152.4151,70.5707],[-152.4124,70.5724],[-152.411,70.5728],[-152.41,70.5732],[-152.4081,70.5736],[-152.4066,70.5739],[-152.4057,70.574],[-152.4046,70.5742],[-152.404,70.5742],[-152.4026,70.5745],[-152.4017,70.5747],[-152.3999,70.5747],[-152.3988,70.5746],[-152.398,70.5746],[-152.3972,70.5747],[-152.3966,70.5748],[-152.3958,70.5751],[-152.3945,70.5754],[-152.3934,70.5755],[-152.3919,70.5757],[-152.3913,70.5758],[-152.3905,70.5759],[-152.3892,70.5758],[-152.3867,70.5755],[-152.3837,70.5754],[-152.3778,70.576],[-152.3707,70.5764],[-152.3682,70.5765],[-152.3645,70.5766],[-152.3623,70.5765],[-152.3593,70.5763],[-152.3555,70.5761],[-152.3487,70.5758],[-152.3445,70.5758],[-152.3396,70.5749],[-152.3366,70.5746],[-152.3342,70.5738],[-152.3325,70.5727],[-152.3315,70.5722],[-152.3307,70.5717],[-152.3298,70.5707],[-152.3278,70.5686],[-152.3268,70.5687],[-152.3265,70.569],[-152.326,70.5695],[-152.3239,70.5709],[-152.3209,70.5718],[-152.3201,70.572],[-152.3196,70.5721],[-152.3189,70.5723],[-152.318,70.5724],[-152.3171,70.5726],[-152.3157,70.5728],[-152.3148,70.573],[-152.3138,70.5732],[-152.3131,70.5732],[-152.3126,70.5733],[-152.3119,70.5733],[-152.3098,70.5734],[-152.3092,70.5735],[-152.3084,70.5735],[-152.3077,70.5736],[-152.3069,70.5737],[-152.3061,70.5739],[-152.3052,70.574],[-152.3042,70.5741],[-152.3034,70.5742],[-152.3029,70.5743],[-152.302,70.5744],[-152.3012,70.5744],[-152.3009,70.5745],[-152.3006,70.5745],[-152.3005,70.5744],[-152.3003,70.5744],[-152.3,70.5744],[-152.2998,70.5744],[-152.2996,70.5745],[-152.2993,70.5746],[-152.2986,70.5747],[-152.2978,70.5749],[-152.2975,70.5748],[-152.2972,70.5749],[-152.2969,70.5749],[-152.2965,70.5749],[-152.2963,70.5749],[-152.2958,70.575],[-152.2947,70.5751],[-152.2937,70.575],[-152.2927,70.5751],[-152.2916,70.5752],[-152.291,70.5751],[-152.2905,70.5751],[-152.2901,70.5751],[-152.2896,70.5752],[-152.2888,70.5752],[-152.2877,70.5752],[-152.2861,70.5751],[-152.2853,70.5751],[-152.2847,70.5751],[-152.2843,70.5752],[-152.284,70.5753],[-152.2834,70.5753],[-152.283,70.5752],[-152.2821,70.5752],[-152.2816,70.5752],[-152.2797,70.5752],[-152.2787,70.5752],[-152.278,70.5751],[-152.2774,70.5751],[-152.2766,70.5749],[-152.276,70.5748],[-152.2752,70.5747],[-152.2748,70.5747],[-152.2744,70.5747],[-152.2741,70.5747],[-152.2731,70.5745],[-152.2715,70.5743],[-152.269,70.5738],[-152.2679,70.5735],[-152.2666,70.5732],[-152.2639,70.5725],[-152.2631,70.5724],[-152.2623,70.5723],[-152.2613,70.5722],[-152.2604,70.5721],[-152.259,70.5719],[-152.2579,70.5715],[-152.2558,70.5709],[-152.2544,70.5703],[-152.2536,70.5708],[-152.2522,70.5713],[-152.2512,70.5715],[-152.2503,70.5718],[-152.2482,70.5725],[-152.245,70.5732],[-152.2416,70.5739],[-152.2387,70.5751],[-152.2369,70.5758],[-152.236,70.5762],[-152.2346,70.5764],[-152.2327,70.5765],[-152.2315,70.5765],[-152.2299,70.577],[-152.229,70.5774],[-152.228,70.5779],[-152.2266,70.5787],[-152.2246,70.5798],[-152.2225,70.5807],[-152.2212,70.5813],[-152.219,70.5821],[-152.217,70.5826],[-152.2159,70.5827],[-152.215,70.5828],[-152.2139,70.5828],[-152.2129,70.5829],[-152.2125,70.5829],[-152.2107,70.5828],[-152.2086,70.5826],[-152.2052,70.5825],[-152.2017,70.5822],[-152.1973,70.5815],[-152.1945,70.581],[-152.1893,70.5799],[-152.187,70.5794],[-152.1846,70.5788],[-152.1838,70.5788],[-152.1822,70.5785],[-152.1801,70.578],[-152.1778,70.5775],[-152.1762,70.5772],[-152.1737,70.5768],[-152.1726,70.5767],[-152.172,70.5767],[-152.1697,70.5766],[-152.168,70.5766],[-152.1663,70.5764],[-152.1643,70.576],[-152.1626,70.5758],[-152.1616,70.5757],[-152.1606,70.5757],[-152.1592,70.5756],[-152.1577,70.5754],[-152.1565,70.5752],[-152.1556,70.5752],[-152.1552,70.5752],[-152.1525,70.5746],[-152.1518,70.5746],[-152.1514,70.5745],[-152.1506,70.5743],[-152.1498,70.5741],[-152.1492,70.5739],[-152.148,70.5736],[-152.1472,70.5733],[-152.1463,70.5729],[-152.1456,70.5727],[-152.1448,70.5726],[-152.1447,70.5725],[-152.144,70.5724],[-152.1429,70.5722],[-152.1427,70.572],[-152.1417,70.5718],[-152.1411,70.5718],[-152.1406,70.5716],[-152.1403,70.5714],[-152.1399,70.5712],[-152.1392,70.5711],[-152.1386,70.5711],[-152.138,70.571],[-152.1374,70.5706],[-152.1369,70.5702],[-152.1359,70.5698],[-152.1356,70.5695],[-152.135,70.5691],[-152.1347,70.5687],[-152.1343,70.5684],[-152.1342,70.5683],[-152.1337,70.5681]]},"properties":{}},{"type":"Feature","geometry":{"type":"LineString","coordinates":[[-152.2423,70.591],[-152.2434,70.5912],[-152.2445,70.5914],[-152.2457,70.5916],[-152.2468,70.5918],[-152.2484,70.5919],[-152.2514,70.5921],[-152.2533,70.5923],[-152.2568,70.5925],[-152.2648,70.5933],[-152.2668,70.5936],[-152.27,70.5943],[-152.2735,70.5951],[-152.2753,70.5958],[-152.2775,70.5963],[-152.279,70.5968],[-152.2799,70.597],[-152.2811,70.5973],[-152.2819,70.5975],[-152.2841,70.598],[-152.2866,70.5985],[-152.2876,70.5988],[-152.2889,70.5991],[-152.29,70.5995],[-152.2925,70.6003],[-152.2951,70.6011],[-152.2999,70.6026],[-152.3017,70.6033],[-152.3028,70.6035],[-152.3043,70.604],[-152.3061,70.6048],[-152.3075,70.6053],[-152.3081,70.6055],[-152.3115,70.606],[-152.312,70.6057],[-152.3127,70.6051],[-152.3132,70.6047],[-152.3142,70.6042],[-152.3146,70.6039],[-152.3156,70.6035],[-152.3167,70.6031],[-152.318,70.6026],[-152.3196,70.6021],[-152.3211,70.6012],[-152.3246,70.6003],[-152.3272,70.5995],[-152.3299,70.5988],[-152.3329,70.5982],[-152.3365,70.5976],[-152.3416,70.5969],[-152.3482,70.5966],[-152.3485,70.5967],[-152.3505,70.5967],[-152.3527,70.5969],[-152.3566,70.5977],[-152.3584,70.5983],[-152.3599,70.5985],[-152.3609,70.599],[-152.3614,70.5994],[-152.3621,70.5998],[-152.3644,70.6007],[-152.3689,70.6015],[-152.37,70.6019],[-152.3712,70.6022],[-152.372,70.6025],[-152.374,70.6031],[-152.3758,70.6037],[-152.38,70.6042],[-152.3816,70.6046],[-152.3828,70.6051],[-152.3836,70.6054],[-152.3848,70.6057],[-152.3864,70.6061],[-152.3876,70.6065],[-152.3882,70.6068],[-152.3899,70.6073],[-152.4036,70.6072],[-152.4131,70.6067],[-152.4159,70.6071],[-152.4178,70.6079],[-152.4193,70.6082],[-152.4218,70.6085],[-152.4229,70.6092],[-152.4257,70.6106],[-152.4283,70.6121],[-152.4324,70.6148],[-152.4349,70.6171],[-152.4353,70.6175],[-152.4404,70.6226],[-152.4439,70.6265],[-152.4469,70.6297],[-152.4494,70.6319],[-152.4502,70.6323],[-152.4517,70.6327],[-152.4526,70.6333],[-152.456,70.6344],[-152.4602,70.635],[-152.4629,70.6353],[-152.4639,70.6355],[-152.4669,70.6356],[-152.469,70.6354],[-152.4687,70.6342],[-152.4687,70.633],[-152.4678,70.6312],[-152.468,70.6306],[-152.4684,70.6303],[-152.469,70.6302],[-152.4711,70.6301],[-152.4706,70.6296],[-152.471,70.6286],[-152.4703,70.6279],[-152.4704,70.6275],[-152.4713,70.6271],[-152.474,70.6259],[-152.4749,70.6249],[-152.478,70.6243],[-152.4791,70.6226],[-152.4799,70.6222],[-152.4806,70.6221],[-152.4821,70.622],[-152.4835,70.622],[-152.4851,70.6216],[-152.4869,70.6208],[-152.4969,70.6206],[-152.5035,70.6182],[-152.5117,70.6186],[-152.5191,70.6182],[-152.531,70.6182],[-152.5408,70.6243],[-152.5382,70.6295],[-152.5378,70.6308],[-152.5365,70.6313],[-152.5352,70.6316],[-152.5322,70.632],[-152.528,70.6326],[-152.5271,70.6326],[-152.5239,70.6322],[-152.5208,70.6321],[-152.5191,70.633],[-152.5211,70.6349],[-152.5229,70.6354],[-152.5275,70.6353],[-152.5315,70.6347],[-152.533,70.6337],[-152.536,70.6332],[-152.5375,70.6329],[-152.5394,70.6327],[-152.5421,70.6325],[-152.5453,70.6325],[-152.5475,70.6327],[-152.5483,70.6332],[-152.5494,70.6336],[-152.5504,70.6339],[-152.5533,70.6334],[-152.5552,70.633],[-152.558,70.6328],[-152.5663,70.6294],[-152.5663,70.6282],[-152.5656,70.6263],[-152.5678,70.6253],[-152.5704,70.6256],[-152.5743,70.6266],[-152.5771,70.6269],[-152.5798,70.6276],[-152.5834,70.628],[-152.5865,70.6277],[-152.5881,70.6279],[-152.5875,70.6286],[-152.5854,70.6294],[-152.5834,70.63],[-152.5795,70.6299],[-152.5763,70.6305],[-152.5739,70.6315],[-152.5733,70.6325],[-152.5709,70.6333],[-152.5697,70.6337],[-152.565,70.6354],[-152.5648,70.6355],[-152.5637,70.6357],[-152.562,70.6361],[-152.5605,70.6363],[-152.56,70.6364],[-152.5537,70.6365],[-152.5496,70.6366],[-152.5466,70.6367],[-152.5396,70.6364],[-152.5369,70.6364],[-152.5348,70.6365],[-152.5336,70.6366],[-152.5331,70.6369],[-152.5283,70.6412],[-152.5276,70.6419],[-152.5269,70.644],[-152.5272,70.6459],[-152.5279,70.6485],[-152.5287,70.6503],[-152.5301,70.6517],[-152.5302,70.6526],[-152.5305,70.6535],[-152.5324,70.6563],[-152.5327,70.657],[-152.5331,70.6577],[-152.534,70.6594],[-152.5345,70.6599],[-152.5347,70.6604],[-152.5342,70.6608],[-152.5342,70.6611],[-152.5326,70.6614],[-152.5303,70.6616],[-152.5292,70.6617],[-152.527,70.662],[-152.526,70.6621],[-152.5251,70.6623],[-152.5239,70.6623],[-152.5213,70.6615],[-152.5212,70.6612],[-152.5232,70.6609],[-152.5234,70.6606],[-152.5243,70.6604],[-152.5245,70.6601],[-152.524,70.6601],[-152.5228,70.6599],[-152.523,70.6594],[-152.5227,70.659],[-152.5227,70.6584],[-152.5224,70.6578],[-152.5221,70.6561],[-152.5218,70.6549],[-152.5215,70.6531],[-152.5197,70.6492],[-152.517,70.6446],[-152.5161,70.6434],[-152.5153,70.6428],[-152.5155,70.6427],[-152.5157,70.6425],[-152.5152,70.6411],[-152.5143,70.6404],[-152.5089,70.6412],[-152.5041,70.6411],[-152.5021,70.6416],[-152.5007,70.6418],[-152.4996,70.6418],[-152.4989,70.6415],[-152.4987,70.6412],[-152.4993,70.6404],[-152.5016,70.64],[-152.5027,70.6394],[-152.5039,70.639],[-152.5045,70.6383],[-152.5043,70.6376],[-152.5015,70.6374],[-152.5016,70.6372],[-152.5001,70.6365],[-152.4985,70.6334],[-152.496,70.6327],[-152.4964,70.6314],[-152.495,70.6307],[-152.4944,70.6306],[-152.4934,70.6308],[-152.4926,70.631],[-152.4904,70.6316],[-152.489,70.632],[-152.4859,70.6328],[-152.4844,70.6332],[-152.4829,70.6338],[-152.4824,70.6345],[-152.4816,70.6356],[-152.4811,70.636],[-152.4806,70.6363],[-152.4804,70.6364],[-152.4799,70.6372],[-152.4796,70.6376],[-152.4793,70.6381],[-152.4786,70.6384],[-152.4776,70.6388],[-152.4767,70.6391],[-152.4759,70.6397],[-152.474,70.6401],[-152.4731,70.6405],[-152.4717,70.6408],[-152.4709,70.6411],[-152.4702,70.6412],[-152.4689,70.6418],[-152.4675,70.6424],[-152.4669,70.643],[-152.4666,70.6435],[-152.4654,70.6447],[-152.4658,70.6455],[-152.4657,70.6459],[-152.4659,70.6463],[-152.466,70.6467],[-152.4656,70.647],[-152.4656,70.6475],[-152.466,70.648],[-152.4663,70.6486],[-152.4666,70.6493],[-152.4666,70.6496],[-152.4667,70.6506],[-152.4669,70.6512],[-152.4668,70.6516],[-152.4668,70.652],[-152.4666,70.6525],[-152.4668,70.653],[-152.4672,70.6531],[-152.4672,70.6533],[-152.4671,70.6535],[-152.4671,70.6536],[-152.4674,70.6541],[-152.4674,70.6543],[-152.4676,70.6545],[-152.4679,70.6547],[-152.4681,70.6554],[-152.4684,70.656],[-152.4685,70.6568],[-152.4689,70.6572],[-152.4691,70.658],[-152.4693,70.6583],[-152.4691,70.6588],[-152.4693,70.6593],[-152.4696,70.6602],[-152.4697,70.6609],[-152.4694,70.6614],[-152.4689,70.6618],[-152.4691,70.6623],[-152.469,70.6627],[-152.469,70.663],[-152.4691,70.6633],[-152.4694,70.6635],[-152.4698,70.6637],[-152.4699,70.6639],[-152.4701,70.6643],[-152.4706,70.6644],[-152.4708,70.6647],[-152.471,70.6652],[-152.472,70.6661],[-152.4733,70.6665],[-152.4741,70.6668],[-152.4744,70.667],[-152.4748,70.6673],[-152.4754,70.6675],[-152.4758,70.6678],[-152.4761,70.6682],[-152.4762,70.6685],[-152.4767,70.6692],[-152.4765,70.6693],[-152.4766,70.6695],[-152.4762,70.6697],[-152.4753,70.6697],[-152.4746,70.6697],[-152.4741,70.6699],[-152.4737,70.6703],[-152.4739,70.6706],[-152.4741,70.6708],[-152.4743,70.6709],[-152.4748,70.6711],[-152.4749,70.6713],[-152.4749,70.6714],[-152.4749,70.6715],[-152.4749,70.6718],[-152.4749,70.672],[-152.4752,70.6722],[-152.4754,70.6724],[-152.4758,70.673],[-152.4761,70.6736],[-152.4765,70.6741],[-152.4765,70.6746],[-152.477,70.6752],[-152.4769,70.6763],[-152.4773,70.6767],[-152.4779,70.6777],[-152.4818,70.6783],[-152.4831,70.6785],[-152.4853,70.6789],[-152.486,70.679],[-152.4863,70.6791],[-152.4866,70.6791],[-152.4881,70.6794],[-152.4881,70.6795],[-152.4878,70.6796],[-152.4868,70.6795],[-152.4859,70.6794],[-152.4848,70.6793],[-152.4843,70.6792],[-152.4805,70.6794],[-152.4796,70.6792],[-152.4777,70.6796],[-152.478,70.6799],[-152.4777,70.6803],[-152.4774,70.6805],[-152.4772,70.6808],[-152.4789,70.6841],[-152.4796,70.6856],[-152.4799,70.6866],[-152.4799,70.6874],[-152.4802,70.6896],[-152.4793,70.6904],[-152.4792,70.6912],[-152.4777,70.6917],[-152.4755,70.6923],[-152.4737,70.6925],[-152.4714,70.6929],[-152.4697,70.693],[-152.4675,70.6932],[-152.4663,70.6933],[-152.4653,70.6936],[-152.4648,70.6936],[-152.4637,70.6933],[-152.4538,70.6923],[-152.447,70.6927],[-152.446,70.6927],[-152.4441,70.6926],[-152.4432,70.6924],[-152.4419,70.692],[-152.4392,70.692],[-152.4377,70.6929],[-152.4366,70.6934],[-152.4357,70.694],[-152.4344,70.6943],[-152.4322,70.6968],[-152.4314,70.6981],[-152.4314,70.6989],[-152.4302,70.7],[-152.428,70.7004],[-152.4257,70.701],[-152.4246,70.7014],[-152.4245,70.7005],[-152.4248,70.6999],[-152.425,70.6995],[-152.4261,70.6989],[-152.43,70.6949],[-152.4296,70.6944],[-152.4301,70.6939],[-152.4283,70.6935],[-152.4271,70.6937],[-152.4259,70.6953],[-152.4225,70.6998],[-152.4215,70.701],[-152.4207,70.7022],[-152.4189,70.7031],[-152.4181,70.7038],[-152.4176,70.7041],[-152.4161,70.7046],[-152.4149,70.7049],[-152.4135,70.7049],[-152.4125,70.7051],[-152.4113,70.7053],[-152.4095,70.7056],[-152.4082,70.7057],[-152.407,70.7058],[-152.406,70.7059],[-152.4047,70.7062],[-152.4033,70.7065],[-152.4015,70.7074],[-152.4018,70.7078],[-152.4013,70.7086],[-152.401,70.7091],[-152.401,70.7096],[-152.4002,70.7108],[-152.3994,70.7113],[-152.3977,70.712],[-152.3937,70.7122],[-152.3925,70.7123],[-152.3916,70.7124],[-152.3897,70.7123],[-152.3882,70.7126],[-152.387,70.7129],[-152.3863,70.7133],[-152.3852,70.7137],[-152.3831,70.7142],[-152.3825,70.7147],[-152.3822,70.7152],[-152.3819,70.7158],[-152.3819,70.7163],[-152.3827,70.717],[-152.3849,70.718],[-152.3873,70.7182],[-152.3889,70.7186],[-152.3903,70.7192],[-152.3909,70.7199],[-152.3915,70.7204],[-152.3918,70.7215],[-152.3924,70.7225],[-152.3927,70.723],[-152.3932,70.7234],[-152.3932,70.7238],[-152.3938,70.7241],[-152.3952,70.7244],[-152.3972,70.724],[-152.3987,70.7237],[-152.4002,70.7237],[-152.4012,70.7237],[-152.404,70.7236],[-152.4054,70.7238],[-152.4067,70.7242],[-152.4083,70.7245],[-152.4107,70.725],[-152.4131,70.7252],[-152.415,70.726],[-152.4167,70.7266],[-152.419,70.7273],[-152.4196,70.728],[-152.4199,70.7284],[-152.4126,70.7308],[-152.4115,70.7308],[-152.4096,70.7307],[-152.408,70.7308],[-152.4075,70.7309],[-152.4062,70.731],[-152.4051,70.7312],[-152.4035,70.7316],[-152.4027,70.7319],[-152.402,70.7321],[-152.401,70.7322],[-152.4004,70.7324],[-152.4001,70.7324],[-152.3992,70.7325],[-152.3974,70.7329],[-152.3971,70.7331],[-152.3961,70.7332],[-152.3947,70.7336],[-152.3942,70.734],[-152.3933,70.7344],[-152.3924,70.7348],[-152.3914,70.7355],[-152.3908,70.7357],[-152.3903,70.736],[-152.3898,70.7364],[-152.3896,70.7367],[-152.3892,70.7369],[-152.3886,70.7371],[-152.3884,70.7372],[-152.3873,70.7375],[-152.3865,70.7376],[-152.3863,70.7378],[-152.3857,70.7381],[-152.3855,70.7383],[-152.3847,70.7387],[-152.3851,70.7391],[-152.3856,70.7395],[-152.3862,70.7398],[-152.3863,70.7401],[-152.3868,70.7404],[-152.3869,70.7406],[-152.3872,70.7408],[-152.3881,70.7409],[-152.3889,70.7409],[-152.3895,70.7409],[-152.3896,70.741],[-152.3897,70.7411],[-152.3897,70.7413],[-152.3897,70.7417],[-152.39,70.7419],[-152.39,70.742],[-152.3906,70.742],[-152.3908,70.7422],[-152.3908,70.7423],[-152.3906,70.7425],[-152.3905,70.7427],[-152.3905,70.7428],[-152.3911,70.7432],[-152.3924,70.7433],[-152.3932,70.7435],[-152.3941,70.7434],[-152.3955,70.7434],[-152.3965,70.7435],[-152.3971,70.7436],[-152.398,70.7438],[-152.3992,70.7442],[-152.4002,70.7444],[-152.4009,70.745],[-152.4021,70.7452],[-152.4028,70.7456],[-152.4034,70.746],[-152.4042,70.7463],[-152.4048,70.7466],[-152.4059,70.7475],[-152.4069,70.748],[-152.4084,70.7483],[-152.41,70.7485],[-152.4126,70.7486],[-152.4146,70.7486],[-152.4169,70.7486],[-152.4187,70.7485],[-152.4203,70.7485],[-152.4198,70.7488],[-152.419,70.7492],[-152.4182,70.7494],[-152.4175,70.7498],[-152.4165,70.7499],[-152.415,70.7499],[-152.4135,70.7498],[-152.4119,70.7497],[-152.4099,70.7496],[-152.4091,70.7496],[-152.4039,70.7489],[-152.4022,70.7481],[-152.4004,70.7476],[-152.3987,70.7472],[-152.3963,70.7469],[-152.3934,70.7471],[-152.3921,70.7453],[-152.3905,70.7448],[-152.3898,70.7451],[-152.3897,70.7453],[-152.388,70.7452],[-152.3875,70.7449],[-152.3858,70.7446],[-152.3841,70.7443],[-152.3822,70.744],[-152.382,70.7439],[-152.3813,70.7437],[-152.3803,70.7435],[-152.3799,70.7431],[-152.3798,70.743],[-152.3795,70.7429],[-152.3791,70.7427],[-152.3793,70.7422],[-152.3796,70.742],[-152.3796,70.7415],[-152.379,70.7412],[-152.3789,70.7409],[-152.3795,70.7404],[-152.3798,70.7403],[-152.3799,70.74],[-152.3796,70.7397],[-152.3794,70.7394],[-152.3793,70.739],[-152.3794,70.7387],[-152.3799,70.7382],[-152.3806,70.7379],[-152.381,70.7377],[-152.3815,70.7374],[-152.3817,70.7372],[-152.3816,70.737],[-152.3813,70.7369],[-152.3796,70.7366],[-152.3787,70.7365],[-152.3782,70.7363],[-152.3775,70.7361],[-152.3768,70.7357],[-152.3758,70.7354],[-152.3743,70.7351],[-152.3734,70.7348],[-152.3726,70.7346],[-152.3713,70.7343],[-152.3704,70.7342],[-152.3698,70.7343],[-152.3694,70.7344],[-152.3692,70.7345],[-152.368,70.7351],[-152.3662,70.7367],[-152.3648,70.7375],[-152.3637,70.7383],[-152.3626,70.7389],[-152.3626,70.7391],[-152.3625,70.7392],[-152.3622,70.7393],[-152.362,70.7393],[-152.3619,70.7394],[-152.362,70.7395],[-152.3619,70.7396],[-152.3616,70.7397],[-152.3613,70.7398],[-152.3611,70.7399],[-152.361,70.74],[-152.3608,70.74],[-152.3603,70.7402],[-152.3602,70.7403],[-152.3602,70.7404],[-152.3601,70.7404],[-152.3596,70.7406],[-152.3594,70.7408],[-152.3592,70.7409],[-152.3589,70.741],[-152.3587,70.7411],[-152.3586,70.7411],[-152.3584,70.7412],[-152.3585,70.7413],[-152.3596,70.7415],[-152.3603,70.7418],[-152.3609,70.7421],[-152.3619,70.7426],[-152.3623,70.7428],[-152.3627,70.7432],[-152.3633,70.7436],[-152.3634,70.7439],[-152.3638,70.7444],[-152.3649,70.7456],[-152.3655,70.7462],[-152.3659,70.7468],[-152.3659,70.7471],[-152.3659,70.7472],[-152.366,70.7476],[-152.3655,70.7477],[-152.3633,70.7481],[-152.3632,70.7486],[-152.3632,70.7489],[-152.3629,70.749],[-152.3621,70.749],[-152.3613,70.749],[-152.3599,70.749],[-152.3582,70.7493],[-152.357,70.7492],[-152.356,70.7487],[-152.3553,70.7485],[-152.3552,70.7482],[-152.3548,70.7475],[-152.3549,70.7469],[-152.3541,70.7456],[-152.3517,70.7455],[-152.3509,70.7457],[-152.3504,70.7455],[-152.3496,70.7452],[-152.3492,70.745],[-152.3484,70.7458],[-152.348,70.7463],[-152.3474,70.7468],[-152.3473,70.747],[-152.3461,70.748],[-152.3455,70.7485],[-152.345,70.7494],[-152.3443,70.7498],[-152.3439,70.7502],[-152.3427,70.7512],[-152.3421,70.7517],[-152.3413,70.7523],[-152.3409,70.7526],[-152.3404,70.753],[-152.3399,70.7537],[-152.3393,70.7541],[-152.3389,70.7543],[-152.3385,70.7546],[-152.3381,70.7548],[-152.3377,70.7551],[-152.3372,70.7554],[-152.3358,70.7567],[-152.3352,70.7574],[-152.3358,70.7572],[-152.3359,70.757],[-152.3362,70.7569],[-152.3363,70.7567],[-152.3367,70.7566],[-152.3373,70.7566],[-152.338,70.7566],[-152.3386,70.7566],[-152.3391,70.7566],[-152.3396,70.7566],[-152.3402,70.7567],[-152.3406,70.7571],[-152.3406,70.7574],[-152.3404,70.7576],[-152.3404,70.7576],[-152.3402,70.7578],[-152.3398,70.7578],[-152.3394,70.7579],[-152.3392,70.7579],[-152.3395,70.7581],[-152.3391,70.7583],[-152.3389,70.7584],[-152.3387,70.7587],[-152.3387,70.7588],[-152.3389,70.759],[-152.339,70.7592],[-152.3387,70.7593],[-152.3385,70.7593],[-152.3382,70.7592],[-152.3383,70.7591],[-152.338,70.7591],[-152.3378,70.759],[-152.3378,70.7589],[-152.3378,70.7587],[-152.3375,70.7588],[-152.3368,70.759],[-152.3365,70.759],[-152.3361,70.759],[-152.3357,70.7592],[-152.335,70.7592],[-152.3342,70.7592],[-152.3327,70.7592],[-152.332,70.7597],[-152.3314,70.7602],[-152.3307,70.7606],[-152.3303,70.7608],[-152.3294,70.7613],[-152.3287,70.7614],[-152.3285,70.7616],[-152.3279,70.7618],[-152.3273,70.762],[-152.327,70.7621],[-152.3265,70.7625],[-152.3263,70.7628],[-152.3258,70.7631],[-152.3256,70.7632],[-152.3255,70.7634],[-152.3252,70.7636],[-152.3249,70.764],[-152.3246,70.7643],[-152.3242,70.7646],[-152.3241,70.7647],[-152.3237,70.765],[-152.3228,70.7659],[-152.3221,70.7665],[-152.3216,70.7668],[-152.3213,70.767],[-152.3212,70.7671],[-152.3209,70.7676],[-152.3205,70.768],[-152.3201,70.7682],[-152.3196,70.7684],[-152.3194,70.7686],[-152.3191,70.769],[-152.3187,70.7692],[-152.3183,70.7696],[-152.318,70.77],[-152.3176,70.7704],[-152.3175,70.7706],[-152.3169,70.7715],[-152.316,70.7724],[-152.3155,70.7727],[-152.3149,70.773],[-152.3138,70.7732],[-152.3128,70.7732],[-152.3124,70.7736],[-152.3122,70.774],[-152.3117,70.7745],[-152.3115,70.7749],[-152.3113,70.7752],[-152.3109,70.7755],[-152.3106,70.7758],[-152.3102,70.776],[-152.3097,70.7762],[-152.3091,70.7763],[-152.3088,70.7764],[-152.308,70.7773],[-152.307,70.7784],[-152.3064,70.7788],[-152.3054,70.7797],[-152.3043,70.7802],[-152.3035,70.7805],[-152.3026,70.7809],[-152.3015,70.7812],[-152.3001,70.7814],[-152.2993,70.7816],[-152.2991,70.7819],[-152.2985,70.7825],[-152.2976,70.7831],[-152.297,70.7835],[-152.296,70.784],[-152.2948,70.7847],[-152.2936,70.7854],[-152.2927,70.786],[-152.2918,70.7863],[-152.2911,70.7867],[-152.2906,70.7869],[-152.2903,70.7871],[-152.29,70.7874],[-152.2893,70.7877],[-152.2888,70.7878],[-152.2886,70.7879],[-152.2885,70.788],[-152.288,70.7881],[-152.2876,70.7882],[-152.2873,70.7883],[-152.2867,70.7884],[-152.286,70.7884],[-152.2856,70.7885],[-152.2849,70.7887],[-152.2836,70.789],[-152.2822,70.7893],[-152.2805,70.7897],[-152.2795,70.79],[-152.2791,70.7901],[-152.2786,70.7901],[-152.2784,70.7901],[-152.278,70.7902],[-152.2778,70.7903],[-152.2776,70.7904],[-152.2772,70.7904],[-152.2765,70.7905],[-152.276,70.7906],[-152.2755,70.7907],[-152.2747,70.7909],[-152.2739,70.7911],[-152.2734,70.7914],[-152.2726,70.7916],[-152.2719,70.7917],[-152.2714,70.7918],[-152.2712,70.7919],[-152.271,70.7919],[-152.2698,70.792],[-152.2695,70.7921],[-152.2692,70.7922],[-152.2684,70.7923],[-152.2674,70.7924],[-152.2669,70.7926],[-152.2664,70.7928],[-152.2658,70.7929],[-152.2652,70.793],[-152.2641,70.7931],[-152.2635,70.7933],[-152.2626,70.7934],[-152.261,70.7937],[-152.2601,70.7938],[-152.2583,70.794],[-152.2567,70.7942],[-152.2549,70.7943],[-152.2535,70.7943],[-152.2524,70.7944],[-152.2496,70.7947],[-152.2489,70.7949],[-152.2474,70.795],[-152.2448,70.7952],[-152.2428,70.7954],[-152.2416,70.7954],[-152.2409,70.7955],[-152.2401,70.7955],[-152.2378,70.7956],[-152.2355,70.7957],[-152.2333,70.7958],[-152.2327,70.7958],[-152.2295,70.7959],[-152.2275,70.796],[-152.2263,70.7961],[-152.2252,70.796],[-152.2243,70.796],[-152.2219,70.7958],[-152.2203,70.7959],[-152.2188,70.7962],[-152.2167,70.7965],[-152.2155,70.7966],[-152.2151,70.7967],[-152.2134,70.7967],[-152.2116,70.7967],[-152.21,70.7967],[-152.2086,70.7968],[-152.2077,70.797],[-152.2063,70.7974],[-152.2059,70.7978],[-152.2057,70.798],[-152.2058,70.7985],[-152.2056,70.7993],[-152.2059,70.7999],[-152.2061,70.8004],[-152.2064,70.8008],[-152.2068,70.8019],[-152.2076,70.8026],[-152.2077,70.8031],[-152.2078,70.8037],[-152.2078,70.8049],[-152.209,70.8069],[-152.2091,70.809],[-152.2085,70.811],[-152.2078,70.8117],[-152.2073,70.8127],[-152.2066,70.8131],[-152.2058,70.8134],[-152.2056,70.8139],[-152.2057,70.8144],[-152.2067,70.8152],[-152.2083,70.8163],[-152.2078,70.817],[-152.2066,70.817],[-152.2055,70.8165],[-152.2045,70.8162],[-152.2039,70.8158],[-152.2024,70.8149],[-152.2013,70.8143],[-152.2007,70.814],[-152.2002,70.8137],[-152.1999,70.8133],[-152.1997,70.813],[-152.1987,70.8124],[-152.1984,70.8121],[-152.198,70.8118],[-152.1974,70.811],[-152.1972,70.8107],[-152.1969,70.8103],[-152.1961,70.8097],[-152.1956,70.8094],[-152.1953,70.8091],[-152.1951,70.8088],[-152.1946,70.8083]]},"properties":{}},{"type":"Feature","geometry":{"type":"LineString","coordinates":[[-151.925,70.4451],[-151.9256,70.4451],[-151.9258,70.445],[-151.9259,70.445],[-151.9262,70.4448],[-151.9265,70.4447],[-151.9274,70.4446],[-151.9281,70.4444],[-151.9281,70.4443],[-151.9279,70.4441],[-151.9277,70.444],[-151.927,70.4435],[-151.9267,70.4424],[-151.9267,70.4419],[-151.9276,70.4408],[-151.9295,70.4386],[-151.9335,70.4356],[-151.9339,70.4353],[-151.9346,70.4351],[-151.935,70.4347],[-151.9359,70.4339],[-151.9367,70.4336],[-151.9372,70.4334],[-151.9389,70.4319],[-151.9435,70.4294],[-151.9465,70.4283],[-151.9493,70.4277],[-151.9497,70.4277],[-151.9512,70.4276],[-151.954,70.4278],[-151.9565,70.4279],[-151.9577,70.428],[-151.9583,70.4281],[-151.9596,70.4283],[-151.9606,70.428],[-151.9615,70.4275],[-151.9616,70.4269],[-151.9623,70.4257],[-151.9637,70.4255],[-151.9646,70.4254],[-151.9655,70.4255],[-151.9668,70.4256],[-151.9684,70.4261],[-151.9692,70.4262],[-151.9693,70.4264],[-151.9695,70.4267],[-151.97,70.427],[-151.9707,70.4274],[-151.9715,70.4277],[-151.9717,70.4281],[-151.9714,70.4284],[-151.9717,70.4286],[-151.9719,70.4289],[-151.9724,70.4291],[-151.9729,70.4294],[-151.9726,70.4296],[-151.9725,70.4298],[-151.9729,70.4302],[-151.9727,70.4304],[-151.973,70.4306],[-151.9734,70.4308],[-151.9734,70.4311],[-151.9736,70.4314],[-151.9739,70.4315],[-151.974,70.4317],[-151.9736,70.4319],[-151.9741,70.4322],[-151.9742,70.4326],[-151.9747,70.4329],[-151.975,70.4331],[-151.9752,70.4335],[-151.9754,70.4337],[-151.976,70.434],[-151.9757,70.4342],[-151.9749,70.4345],[-151.9743,70.4346],[-151.9737,70.4346],[-151.9724,70.4344],[-151.9721,70.434],[-151.9712,70.4339],[-151.9713,70.4343],[-151.9712,70.4344],[-151.9707,70.4345],[-151.97,70.4347],[-151.9697,70.4349],[-151.9698,70.4349],[-151.9702,70.4353],[-151.9694,70.4354],[-151.9691,70.4356],[-151.9688,70.4359],[-151.9682,70.4361],[-151.9677,70.436],[-151.9669,70.4356],[-151.9666,70.4354],[-151.9659,70.4351],[-151.9647,70.4345],[-151.9653,70.434],[-151.9657,70.4338],[-151.9654,70.4335],[-151.9635,70.4333],[-151.9623,70.433],[-151.9615,70.4328],[-151.9612,70.4326],[-151.9606,70.4324],[-151.9605,70.4322],[-151.9597,70.4319],[-151.9594,70.4319],[-151.9594,70.432],[-151.9585,70.4324],[-151.9589,70.4327],[-151.9595,70.4328],[-151.9603,70.4329],[-151.9605,70.433],[-151.9604,70.4331],[-151.9595,70.4332],[-151.9587,70.4331],[-151.9582,70.4331],[-151.958,70.4331],[-151.958,70.4333],[-151.9588,70.4334],[-151.9597,70.4334],[-151.9601,70.4336],[-151.9609,70.4337],[-151.9624,70.4338],[-151.9633,70.4338],[-151.9634,70.434],[-151.9628,70.4341],[-151.9615,70.434],[-151.9608,70.434],[-151.9598,70.434],[-151.9592,70.4342],[-151.9567,70.4344],[-151.9562,70.4345],[-151.9552,70.4342],[-151.9547,70.4343],[-151.9536,70.4346],[-151.9525,70.4347],[-151.9512,70.4349],[-151.9494,70.4349],[-151.9478,70.4348],[-151.9474,70.4349],[-151.9473,70.4351],[-151.948,70.4352],[-151.9486,70.4354],[-151.9484,70.4357],[-151.9478,70.4359],[-151.9481,70.436],[-151.9487,70.4361],[-151.9481,70.4363],[-151.9474,70.4364],[-151.9465,70.4367],[-151.9473,70.4368],[-151.9477,70.4371],[-151.9473,70.4372],[-151.9465,70.4373],[-151.9464,70.4376],[-151.9469,70.438],[-151.9473,70.4385],[-151.9488,70.4385],[-151.9496,70.4387],[-151.9509,70.4392],[-151.952,70.4396],[-151.9517,70.4397],[-151.9512,70.44],[-151.951,70.4405],[-151.9513,70.441],[-151.9512,70.4413],[-151.9517,70.4421],[-151.9531,70.4429],[-151.9542,70.4437],[-151.9539,70.4439],[-151.9532,70.4441],[-151.9522,70.4442],[-151.9513,70.4444],[-151.9509,70.4447],[-151.9501,70.445],[-151.9495,70.4453],[-151.9487,70.4455],[-151.9472,70.446],[-151.9463,70.446],[-151.9442,70.446],[-151.9425,70.446],[-151.9419,70.4458],[-151.9412,70.4458],[-151.9406,70.4458],[-151.9407,70.446],[-151.9411,70.4463],[-151.9412,70.4467],[-151.9406,70.447],[-151.9406,70.4473],[-151.9413,70.448],[-151.9417,70.4487],[-151.9425,70.4496],[-151.9431,70.4507],[-151.9439,70.4522],[-151.9444,70.4531],[-151.9444,70.4535],[-151.9444,70.4539],[-151.9452,70.4546],[-151.9457,70.4547],[-151.9461,70.455],[-151.9463,70.4551],[-151.9471,70.4555],[-151.9478,70.4555],[-151.9493,70.4555],[-151.9498,70.4559],[-151.9511,70.4573],[-151.9511,70.4576],[-151.9516,70.4581],[-151.9525,70.4584],[-151.9531,70.4587],[-151.9542,70.4588],[-151.9554,70.4584],[-151.9565,70.4582],[-151.9573,70.4582],[-151.9584,70.458],[-151.9596,70.4579],[-151.9606,70.4578],[-151.9616,70.4576],[-151.9626,70.4575],[-151.9633,70.4574],[-151.9641,70.4573],[-151.9651,70.4575],[-151.9657,70.4578],[-151.9663,70.458],[-151.967,70.4582],[-151.9678,70.4585],[-151.9697,70.4587],[-151.9708,70.4586],[-151.9722,70.4584],[-151.9729,70.4584],[-151.9742,70.4587],[-151.9736,70.459],[-151.9734,70.4594],[-151.9734,70.4596],[-151.9732,70.4597],[-151.9716,70.46],[-151.9703,70.4602],[-151.9696,70.4607],[-151.9684,70.4608],[-151.9676,70.4608],[-151.9665,70.4607],[-151.9658,70.4606],[-151.9652,70.4602],[-151.9641,70.4601],[-151.9626,70.46],[-151.9616,70.46],[-151.9606,70.4599],[-151.9602,70.4599],[-151.9594,70.46],[-151.9589,70.4603],[-151.9588,70.4606],[-151.959,70.4608],[-151.959,70.4611],[-151.959,70.4612],[-151.9578,70.4611],[-151.9568,70.4607],[-151.9557,70.4609],[-151.9549,70.4612],[-151.9542,70.4614],[-151.953,70.4614],[-151.952,70.4614],[-151.9517,70.4615],[-151.9509,70.4618],[-151.9507,70.4623],[-151.9504,70.4624],[-151.9491,70.4625],[-151.9478,70.4624],[-151.9462,70.4626],[-151.9438,70.4627],[-151.9424,70.4628],[-151.942,70.4628],[-151.9408,70.4632],[-151.94,70.464],[-151.9396,70.4646],[-151.9391,70.4649],[-151.9384,70.4655],[-151.9381,70.4658],[-151.9377,70.466],[-151.9371,70.4662],[-151.935,70.4665],[-151.9342,70.4668],[-151.933,70.467],[-151.9326,70.4672],[-151.932,70.4676],[-151.9307,70.4679],[-151.9296,70.4679],[-151.9282,70.4681],[-151.9283,70.4684],[-151.928,70.4685],[-151.9274,70.4686],[-151.9271,70.4689],[-151.9274,70.4691],[-151.9272,70.4694],[-151.9263,70.4695],[-151.9256,70.4696],[-151.9254,70.4698],[-151.9245,70.4703],[-151.9239,70.4708],[-151.9236,70.4712],[-151.9229,70.4717],[-151.9222,70.4723],[-151.9216,70.4731],[-151.9212,70.4734],[-151.9206,70.4737],[-151.92,70.4739],[-151.9195,70.4741],[-151.9185,70.4747],[-151.9177,70.4747],[-151.9171,70.4751],[-151.9167,70.4753],[-151.9159,70.4754],[-151.9141,70.4757],[-151.9128,70.4758],[-151.9111,70.4758],[-151.91,70.4757],[-151.9096,70.4756],[-151.9093,70.4756],[-151.9088,70.4758],[-151.9083,70.476],[-151.9075,70.4761],[-151.9065,70.476],[-151.9062,70.4763],[-151.9052,70.4765],[-151.9031,70.4766],[-151.9024,70.4768],[-151.9016,70.477],[-151.901,70.4773],[-151.9005,70.4773],[-151.8999,70.4774],[-151.8992,70.4774],[-151.8989,70.4777],[-151.8981,70.4777],[-151.8973,70.4777],[-151.8965,70.4776],[-151.8955,70.4776],[-151.8948,70.4775],[-151.8943,70.4774],[-151.8938,70.4771],[-151.8936,70.4769],[-151.8936,70.4767],[-151.8941,70.4765],[-151.8944,70.4764],[-151.8943,70.4762],[-151.8935,70.4763],[-151.8927,70.4766],[-151.8918,70.4768],[-151.8918,70.4771],[-151.8925,70.4774],[-151.8923,70.4778],[-151.8909,70.4784],[-151.8899,70.4789],[-151.8885,70.4794],[-151.8877,70.4796],[-151.8866,70.4798],[-151.8855,70.4799],[-151.8843,70.48],[-151.8836,70.4801],[-151.8823,70.4803],[-151.8815,70.4802],[-151.8806,70.4802],[-151.8789,70.48],[-151.878,70.4801],[-151.8777,70.4801],[-151.877,70.4802],[-151.8764,70.4801],[-151.876,70.4799],[-151.8762,70.4797],[-151.8766,70.4796],[-151.8762,70.4793],[-151.8749,70.4791],[-151.874,70.4792],[-151.873,70.4792],[-151.8719,70.4789],[-151.8709,70.4788],[-151.8696,70.4788],[-151.8688,70.4789],[-151.8683,70.479],[-151.8674,70.4787],[-151.866,70.4784],[-151.8655,70.4781],[-151.865,70.4777],[-151.8644,70.4774],[-151.8637,70.4771],[-151.8627,70.4768],[-151.8619,70.4767],[-151.8611,70.4767],[-151.8602,70.4767],[-151.8589,70.4769],[-151.8576,70.4771],[-151.8565,70.4774],[-151.8558,70.4777],[-151.8545,70.478],[-151.8537,70.4785],[-151.8524,70.4788],[-151.8521,70.4791],[-151.8515,70.4795],[-151.8504,70.4799],[-151.8498,70.4803],[-151.8493,70.4807],[-151.8486,70.481],[-151.8475,70.4814],[-151.8466,70.4819],[-151.8457,70.4823],[-151.8448,70.4826],[-151.8439,70.4827],[-151.8418,70.483],[-151.8408,70.4833],[-151.8404,70.4835],[-151.8402,70.4837],[-151.8396,70.4839],[-151.8387,70.4839],[-151.8375,70.484],[-151.8366,70.484],[-151.8354,70.4842],[-151.8344,70.4846],[-151.8337,70.4849],[-151.833,70.4852],[-151.8324,70.4853],[-151.8307,70.4856],[-151.83,70.4856],[-151.8285,70.4857],[-151.8272,70.4857],[-151.8264,70.4857],[-151.8257,70.4856],[-151.8245,70.4856],[-151.8222,70.4856],[-151.8194,70.4856],[-151.818,70.4855],[-151.8168,70.4854],[-151.8158,70.4853],[-151.815,70.4852],[-151.8142,70.4852],[-151.814,70.4852],[-151.8134,70.4857],[-151.8129,70.486],[-151.8121,70.4862],[-151.8116,70.4865],[-151.8114,70.4866],[-151.8125,70.4868],[-151.8129,70.4871],[-151.8128,70.4876],[-151.8129,70.4881],[-151.813,70.4886],[-151.8131,70.4889],[-151.8132,70.4892],[-151.8134,70.4896],[-151.8129,70.4897],[-151.8125,70.4899],[-151.8118,70.4898],[-151.8108,70.49],[-151.8097,70.4901],[-151.8087,70.4901],[-151.8081,70.4902],[-151.8077,70.4902],[-151.8059,70.4899],[-151.8054,70.4898],[-151.8043,70.4898],[-151.8039,70.4896],[-151.8037,70.4894],[-151.8029,70.4891],[-151.8029,70.4889],[-151.8027,70.4884],[-151.8023,70.4881],[-151.802,70.4878],[-151.802,70.4875],[-151.8024,70.4872],[-151.803,70.4871],[-151.8034,70.4869],[-151.8035,70.4866],[-151.8029,70.4865],[-151.8024,70.4864],[-151.8018,70.4865],[-151.8002,70.4868],[-151.7993,70.4869],[-151.7985,70.4869],[-151.7968,70.4871],[-151.796,70.4873],[-151.7954,70.4875],[-151.7954,70.4877],[-151.7952,70.4879],[-151.7942,70.4878],[-151.7942,70.4876],[-151.7935,70.4876],[-151.7921,70.4875],[-151.7908,70.4874],[-151.7888,70.487],[-151.787,70.4864],[-151.7864,70.4862],[-151.786,70.486],[-151.7857,70.4859],[-151.7848,70.4861],[-151.783,70.4862],[-151.7821,70.4862],[-151.7818,70.4862],[-151.7795,70.4865],[-151.7778,70.4867],[-151.7759,70.4871],[-151.7747,70.4875],[-151.7728,70.4879],[-151.7709,70.4886],[-151.7697,70.4888],[-151.7684,70.4893],[-151.7662,70.4898],[-151.7647,70.4901],[-151.7636,70.4903],[-151.7627,70.4905],[-151.7607,70.4908],[-151.7586,70.491],[-151.7573,70.491],[-151.7556,70.4912],[-151.7538,70.4914],[-151.7527,70.4915],[-151.7517,70.4917],[-151.7509,70.492],[-151.7496,70.4922],[-151.7488,70.4924],[-151.7475,70.4928],[-151.7463,70.4933],[-151.7454,70.4936],[-151.7445,70.4939],[-151.7432,70.4944],[-151.7418,70.4949],[-151.7395,70.4955],[-151.7386,70.4955],[-151.736,70.4956],[-151.7354,70.4957],[-151.7344,70.4958],[-151.7325,70.4959],[-151.7304,70.4962],[-151.7294,70.4965],[-151.7292,70.4968],[-151.7299,70.4974],[-151.7304,70.4977],[-151.731,70.498],[-151.7316,70.4984],[-151.733,70.4992],[-151.7335,70.4995],[-151.7346,70.4999],[-151.7355,70.5003],[-151.7363,70.5007],[-151.7368,70.501],[-151.7371,70.5012],[-151.7378,70.5014],[-151.7381,70.5017],[-151.7386,70.5021],[-151.7393,70.5021],[-151.7399,70.502],[-151.7405,70.5021],[-151.7409,70.5024],[-151.7413,70.5027],[-151.7419,70.5029],[-151.7428,70.5029],[-151.7441,70.5022],[-151.7449,70.502],[-151.7452,70.5019],[-151.7452,70.5016],[-151.7452,70.5011],[-151.746,70.501],[-151.7469,70.5009],[-151.7474,70.5007],[-151.7499,70.5001],[-151.751,70.4998],[-151.7521,70.4995],[-151.7533,70.4989],[-151.7541,70.4982],[-151.755,70.4976],[-151.756,70.497],[-151.7569,70.4967],[-151.7586,70.496],[-151.7599,70.4953],[-151.7615,70.4947],[-151.7634,70.4941],[-151.7666,70.4934],[-151.768,70.4932],[-151.7697,70.4932],[-151.771,70.4932],[-151.772,70.4932],[-151.7729,70.4933],[-151.7734,70.4933],[-151.7759,70.4935],[-151.7781,70.4939],[-151.7801,70.4945],[-151.7821,70.4951],[-151.7833,70.4957],[-151.7848,70.4963],[-151.7863,70.4969],[-151.7871,70.4973],[-151.7875,70.4976],[-151.7876,70.4978],[-151.7876,70.4979],[-151.7875,70.4981],[-151.7881,70.4984],[-151.7891,70.4989],[-151.7892,70.499],[-151.7894,70.4992],[-151.7899,70.4994],[-151.7903,70.4996],[-151.7905,70.4997],[-151.7906,70.4999],[-151.7908,70.5],[-151.7919,70.5002],[-151.7926,70.5002],[-151.7935,70.5003],[-151.7934,70.5004],[-151.7934,70.5006],[-151.7937,70.5008],[-151.7941,70.501],[-151.7946,70.5009],[-151.7949,70.5008],[-151.7951,70.5008],[-151.7955,70.5008],[-151.7966,70.5013],[-151.7976,70.502],[-151.7985,70.5029],[-151.7989,70.5033],[-151.7989,70.5037],[-151.7994,70.5039],[-151.7994,70.5041],[-151.7995,70.5042],[-151.7997,70.5044],[-151.8,70.5044],[-151.8001,70.5042],[-151.8007,70.5039],[-151.801,70.5038],[-151.8012,70.5036],[-151.8007,70.5035],[-151.8001,70.5034],[-151.7996,70.5033],[-151.7994,70.5032],[-151.8,70.5029],[-151.8002,70.5026],[-151.8007,70.5021],[-151.8009,70.502],[-151.8013,70.5017],[-151.802,70.5016],[-151.8027,70.5016],[-151.8035,70.5017],[-151.8041,70.5017],[-151.8044,70.5017],[-151.805,70.5018],[-151.8055,70.5019],[-151.8058,70.502],[-151.8069,70.502],[-151.8078,70.5022],[-151.8085,70.5024],[-151.809,70.5025],[-151.8095,70.5025],[-151.8099,70.5025],[-151.8106,70.5025],[-151.8114,70.5024],[-151.8122,70.5024],[-151.8136,70.5024],[-151.8144,70.5023],[-151.8154,70.502],[-151.8158,70.5019],[-151.8163,70.5017],[-151.8164,70.5015],[-151.8167,70.5013],[-151.8167,70.5011],[-151.8165,70.5009],[-151.8159,70.5008],[-151.8153,70.5006],[-151.8151,70.5005],[-151.8152,70.5003],[-151.8162,70.5],[-151.817,70.4998],[-151.8174,70.499],[-151.8174,70.4987],[-151.8174,70.4984],[-151.8174,70.4982],[-151.8176,70.498],[-151.8179,70.4978],[-151.8185,70.4977],[-151.8192,70.4977],[-151.8196,70.4977],[-151.8201,70.4979],[-151.8206,70.4981],[-151.8211,70.4982],[-151.8215,70.4984],[-151.822,70.4986],[-151.822,70.4987],[-151.8216,70.4989],[-151.8213,70.4993],[-151.8207,70.4998],[-151.8192,70.5002],[-151.8188,70.5003],[-151.8185,70.5004],[-151.8189,70.5007],[-151.8196,70.5007],[-151.8205,70.5006],[-151.8213,70.5007],[-151.8217,70.5007],[-151.8224,70.5011],[-151.823,70.5012],[-151.8235,70.5014],[-151.824,70.5016],[-151.8244,70.5017],[-151.8246,70.5017],[-151.8255,70.5015],[-151.8258,70.5014],[-151.8263,70.5013],[-151.8273,70.501],[-151.8282,70.501],[-151.8288,70.501],[-151.8296,70.501],[-151.8311,70.5012],[-151.8317,70.5014],[-151.8327,70.5016],[-151.8333,70.5017],[-151.8342,70.5017],[-151.8349,70.5016],[-151.836,70.5015],[-151.8366,70.5015],[-151.8373,70.5014],[-151.8381,70.5015],[-151.8385,70.5016],[-151.839,70.5017],[-151.8395,70.5017],[-151.8404,70.5017],[-151.8413,70.5017],[-151.8424,70.502],[-151.8429,70.5022],[-151.8439,70.5025],[-151.8446,70.503],[-151.8453,70.5033],[-151.8455,70.5034],[-151.8458,70.5035],[-151.8467,70.5036],[-151.8475,70.5034],[-151.848,70.5032],[-151.8487,70.503],[-151.8502,70.5029],[-151.8515,70.5029],[-151.8523,70.5029],[-151.8532,70.5028],[-151.854,70.5028],[-151.8546,70.5028],[-151.8559,70.5028],[-151.857,70.5029],[-151.858,70.5028],[-151.8589,70.5027],[-151.8593,70.5026],[-151.8608,70.5023],[-151.8612,70.5021],[-151.8618,70.5019],[-151.8625,70.5019],[-151.8634,70.502],[-151.8641,70.502],[-151.8646,70.5021],[-151.8651,70.5021],[-151.8658,70.5021],[-151.8664,70.5021],[-151.8673,70.5027],[-151.8678,70.5027],[-151.8688,70.5027],[-151.8693,70.5029],[-151.8695,70.503],[-151.8706,70.5033],[-151.8711,70.5034],[-151.8714,70.5035],[-151.8716,70.5036],[-151.8717,70.5037],[-151.8708,70.5039],[-151.8703,70.5042],[-151.8696,70.5045],[-151.8692,70.5046],[-151.8685,70.5048],[-151.8676,70.5049],[-151.867,70.505],[-151.8665,70.5051],[-151.8661,70.5052],[-151.8658,70.5053],[-151.8652,70.5055],[-151.8647,70.5057],[-151.8636,70.506],[-151.8625,70.5062],[-151.8621,70.5064],[-151.8617,70.5065],[-151.8603,70.5068],[-151.8602,70.507],[-151.8596,70.5072],[-151.8588,70.5074],[-151.8582,70.5074],[-151.8578,70.5074],[-151.8572,70.5073],[-151.8564,70.5074],[-151.8559,70.5075],[-151.8556,70.5075],[-151.8548,70.5076],[-151.8543,70.5079],[-151.8538,70.5079],[-151.8534,70.5079],[-151.8529,70.508],[-151.8527,70.5082],[-151.8522,70.5084],[-151.8519,70.5085],[-151.8519,70.5086],[-151.8523,70.5089],[-151.8531,70.5091],[-151.8535,70.5091],[-151.8545,70.5094],[-151.8556,70.5094],[-151.8558,70.5095],[-151.8564,70.5098],[-151.8576,70.5102],[-151.8575,70.5105],[-151.8573,70.5107],[-151.8563,70.5107],[-151.8555,70.5107],[-151.8551,70.5106],[-151.8536,70.5105],[-151.8526,70.5106],[-151.8523,70.5107],[-151.8517,70.5109],[-151.8509,70.5112],[-151.8508,70.5115],[-151.8512,70.5119],[-151.852,70.512],[-151.8525,70.5124],[-151.8526,70.5127],[-151.8531,70.513],[-151.8539,70.513],[-151.8541,70.5131],[-151.8558,70.5129],[-151.8564,70.5129],[-151.8567,70.5131],[-151.8564,70.5134],[-151.8558,70.5137],[-151.855,70.5139],[-151.854,70.514],[-151.8522,70.5139],[-151.8516,70.5139],[-151.851,70.5139],[-151.8502,70.5138],[-151.8493,70.5135],[-151.8484,70.5134],[-151.8474,70.5132],[-151.8468,70.513],[-151.8468,70.5127],[-151.8465,70.5122],[-151.8465,70.512],[-151.8466,70.5118],[-151.8465,70.5117],[-151.8457,70.5114],[-151.845,70.5114],[-151.8444,70.511],[-151.8432,70.5109],[-151.8423,70.5109],[-151.8411,70.5108],[-151.8399,70.5108],[-151.839,70.5107],[-151.8371,70.5106],[-151.8356,70.5105],[-151.8348,70.5103],[-151.8342,70.5101],[-151.8335,70.5101],[-151.8327,70.5101],[-151.832,70.5099],[-151.8313,70.5098],[-151.8305,70.5099],[-151.8301,70.51],[-151.8295,70.51],[-151.829,70.51],[-151.8278,70.5097],[-151.8264,70.509],[-151.8256,70.5085],[-151.8254,70.508],[-151.8249,70.5074],[-151.8248,70.5069],[-151.8245,70.5063],[-151.8244,70.5054],[-151.8247,70.5045],[-151.825,70.5041],[-151.8251,70.5038],[-151.8252,70.5034],[-151.8251,70.5031],[-151.8249,70.503],[-151.824,70.503],[-151.8234,70.5029],[-151.8227,70.5028],[-151.8217,70.5027],[-151.8206,70.5027],[-151.8201,70.5029],[-151.82,70.503],[-151.8196,70.5032],[-151.8188,70.5033],[-151.8179,70.5033],[-151.8173,70.5034],[-151.8167,70.5034],[-151.8165,70.5034],[-151.8164,70.5034],[-151.8162,70.5036],[-151.8158,70.5038],[-151.8154,70.504],[-151.8149,70.5041],[-151.8143,70.5041],[-151.813,70.5041],[-151.8122,70.5042],[-151.8115,70.5042],[-151.8109,70.5041],[-151.8106,70.5041],[-151.8104,70.5042],[-151.8102,70.5044],[-151.8097,70.5047],[-151.8094,70.5049],[-151.8092,70.505],[-151.8085,70.5052],[-151.807,70.5054],[-151.806,70.5056],[-151.8054,70.5056],[-151.8051,70.5056],[-151.8046,70.5055],[-151.8036,70.5056],[-151.8026,70.5056],[-151.8018,70.5057],[-151.8013,70.5059],[-151.8006,70.5061],[-151.8002,70.5061],[-151.7993,70.5062],[-151.7987,70.5063],[-151.798,70.5063],[-151.7974,70.5062],[-151.7967,70.506],[-151.796,70.5057],[-151.7956,70.5055],[-151.7951,70.5052],[-151.7939,70.5049],[-151.7936,70.5049],[-151.7928,70.5049],[-151.7923,70.505],[-151.7922,70.5051],[-151.7919,70.5056],[-151.7917,70.506],[-151.7912,70.5061],[-151.7907,70.5063],[-151.7901,70.5065],[-151.7896,70.5066],[-151.7889,70.5067],[-151.7878,70.5067],[-151.7869,70.5067],[-151.7863,70.5067],[-151.7853,70.5068],[-151.785,70.5068],[-151.7847,70.5069],[-151.785,70.5074],[-151.7856,70.5081],[-151.7858,70.5087],[-151.7857,70.5089],[-151.7859,70.5094],[-151.7859,70.5096],[-151.7857,70.5098],[-151.7853,70.5099],[-151.7848,70.51],[-151.7845,70.5102],[-151.7845,70.5104],[-151.784,70.5109],[-151.784,70.5111],[-151.7841,70.5113],[-151.7843,70.5115],[-151.7846,70.5121],[-151.785,70.5125],[-151.7852,70.5128],[-151.7855,70.5131],[-151.7854,70.5133],[-151.7854,70.5135],[-151.7856,70.5137],[-151.7856,70.5138],[-151.7855,70.514],[-151.7852,70.5141],[-151.7847,70.5143],[-151.7844,70.5143],[-151.784,70.5144],[-151.7836,70.5144],[-151.7832,70.5145],[-151.7829,70.5146],[-151.7823,70.5148],[-151.7818,70.5148],[-151.7813,70.5149],[-151.7807,70.5149],[-151.7801,70.5149],[-151.7794,70.5149],[-151.779,70.5148],[-151.7785,70.5147],[-151.778,70.5146],[-151.7775,70.5144],[-151.7769,70.5144],[-151.7755,70.5143],[-151.7755,70.5145],[-151.7753,70.5146],[-151.7749,70.5148],[-151.7748,70.515],[-151.7747,70.5152],[-151.7746,70.5155],[-151.7743,70.5158],[-151.7742,70.516],[-151.7739,70.5162],[-151.7738,70.5163],[-151.7736,70.5165],[-151.7734,70.5166],[-151.7726,70.5171],[-151.7725,70.5172],[-151.7722,70.5173],[-151.7715,70.5175],[-151.7699,70.5177],[-151.7691,70.5177],[-151.7685,70.5178],[-151.768,70.5177],[-151.7676,70.5177],[-151.767,70.5176],[-151.7663,70.5175],[-151.7659,70.5175],[-151.7655,70.5175],[-151.7653,70.5175],[-151.7649,70.5176],[-151.7647,70.5178],[-151.765,70.518],[-151.7654,70.5182],[-151.7655,70.5184],[-151.7655,70.5186],[-151.7652,70.5187],[-151.7647,70.5188],[-151.7644,70.5189],[-151.7643,70.519],[-151.7647,70.5193],[-151.7652,70.5198],[-151.7656,70.5202],[-151.7657,70.5205],[-151.7657,70.5208],[-151.7653,70.5213],[-151.7651,70.5216],[-151.765,70.5218],[-151.7649,70.522],[-151.7646,70.5222],[-151.764,70.5224],[-151.7639,70.5225],[-151.7636,70.5226],[-151.7628,70.5228],[-151.7619,70.5228],[-151.7612,70.5228],[-151.7605,70.5228],[-151.76,70.5228],[-151.7588,70.5228],[-151.7585,70.5228],[-151.7583,70.5228],[-151.758,70.5228],[-151.7582,70.523],[-151.7584,70.5236],[-151.7588,70.5243],[-151.7589,70.5248],[-151.7587,70.5255],[-151.7583,70.5261],[-151.7579,70.5264],[-151.7583,70.5266],[-151.7588,70.5268],[-151.7592,70.527],[-151.7593,70.5271],[-151.7598,70.5273],[-151.7602,70.5274],[-151.7602,70.5275],[-151.76,70.5277],[-151.7596,70.5279],[-151.7595,70.528],[-151.7593,70.5282],[-151.7589,70.5283],[-151.7582,70.5283],[-151.7579,70.5284],[-151.7576,70.5284],[-151.7565,70.5288],[-151.7557,70.5288],[-151.7552,70.5287],[-151.7546,70.5286],[-151.7544,70.5286],[-151.7541,70.5286],[-151.7538,70.5288],[-151.7537,70.5291],[-151.7536,70.5292],[-151.7537,70.5295],[-151.7539,70.5297],[-151.754,70.5298],[-151.7552,70.5309],[-151.7553,70.5311],[-151.7556,70.5313],[-151.7558,70.5315],[-151.7557,70.5317],[-151.7545,70.5316],[-151.7542,70.5316],[-151.7535,70.5316],[-151.7525,70.5315],[-151.7522,70.5313],[-151.7521,70.5312],[-151.7518,70.531],[-151.7516,70.5308],[-151.7515,70.5306],[-151.7518,70.5303],[-151.7515,70.5301],[-151.751,70.5301],[-151.7505,70.5297],[-151.7502,70.5294],[-151.7501,70.5291],[-151.7499,70.5289],[-151.7497,70.5289],[-151.7492,70.5289],[-151.7492,70.529],[-151.7491,70.5292],[-151.749,70.5293],[-151.7486,70.5295],[-151.7485,70.5296],[-151.7485,70.5298],[-151.7485,70.5301],[-151.7485,70.5302],[-151.7484,70.5304],[-151.7483,70.5305],[-151.7481,70.5307],[-151.7481,70.5309],[-151.7483,70.5311],[-151.7485,70.5314],[-151.7485,70.5316],[-151.7485,70.5318],[-151.7483,70.532],[-151.7479,70.5322],[-151.7473,70.5325],[-151.7464,70.5328],[-151.7461,70.5329],[-151.7457,70.5331],[-151.7452,70.5332],[-151.7448,70.5334],[-151.7447,70.5336],[-151.7446,70.5337],[-151.7446,70.5338],[-151.7447,70.534],[-151.7454,70.5345],[-151.7466,70.5349],[-151.7488,70.5354],[-151.7501,70.5361],[-151.7508,70.5365],[-151.7515,70.5368],[-151.7529,70.5375],[-151.7543,70.5381],[-151.7546,70.5384],[-151.7548,70.5387],[-151.7554,70.539],[-151.7557,70.5393],[-151.7559,70.5395],[-151.7559,70.5397],[-151.7565,70.5399],[-151.7571,70.5402],[-151.7574,70.5406],[-151.7576,70.5411],[-151.7578,70.5413],[-151.7581,70.5417],[-151.7584,70.542],[-151.7584,70.5424],[-151.7592,70.543],[-151.7588,70.5435],[-151.7592,70.5436],[-151.7595,70.5438],[-151.76,70.544],[-151.7602,70.5441],[-151.7604,70.5443],[-151.7604,70.5445],[-151.7602,70.5445],[-151.7599,70.5446],[-151.7594,70.5445],[-151.7593,70.5445],[-151.7594,70.5444],[-151.7594,70.5443],[-151.759,70.5441],[-151.7588,70.5441],[-151.7583,70.5438],[-151.7579,70.5437],[-151.7576,70.5438],[-151.7575,70.5439],[-151.7576,70.5441],[-151.7577,70.5442],[-151.7579,70.5443],[-151.7584,70.5445]]},"properties":{}},{"type":"Feature","geometry":{"type":"LineString","coordinates":[[-152.3467,70.6087],[-152.3481,70.6079],[-152.3481,70.6072],[-152.3476,70.607],[-152.3478,70.6064],[-152.3473,70.606],[-152.347,70.6056],[-152.3477,70.6052],[-152.3493,70.6044],[-152.3499,70.6036],[-152.349,70.6028],[-152.3488,70.6024],[-152.3488,70.6019],[-152.3496,70.601],[-152.35,70.6002],[-152.3475,70.6005],[-152.3452,70.601],[-152.343,70.6017],[-152.3396,70.6017],[-152.3364,70.601],[-152.3345,70.6009],[-152.3327,70.6013],[-152.334,70.6026],[-152.3352,70.6041],[-152.3349,70.6048],[-152.3316,70.6055],[-152.33,70.6062],[-152.3308,70.6071],[-152.3319,70.6078],[-152.3332,70.6081],[-152.3341,70.6082],[-152.3355,70.6077],[-152.3382,70.6076],[-152.3413,70.6079],[-152.3429,70.6082],[-152.3443,70.6085],[-152.3454,70.6086],[-152.3467,70.6087]]},"properties":{}},{"type":"Feature","geometry":{"type":"LineString","coordinates":[[-152.1946,70.8083],[-152.1946,70.8086],[-152.1949,70.809],[-152.1951,70.8092],[-152.1955,70.8095],[-152.1957,70.8096],[-152.1961,70.8099],[-152.1966,70.8104],[-152.1969,70.8107],[-152.1971,70.8111],[-152.1974,70.8114],[-152.1981,70.8122],[-152.1986,70.8126],[-152.1988,70.8129],[-152.1994,70.8135],[-152.2001,70.814],[-152.201,70.8145],[-152.2021,70.8152],[-152.2026,70.8156],[-152.2041,70.8164],[-152.2057,70.8172],[-152.2072,70.8181],[-152.2096,70.8192],[-152.2127,70.8206],[-152.214,70.8212],[-152.2163,70.8221],[-152.2178,70.8228],[-152.2203,70.8236],[-152.2224,70.8243],[-152.2247,70.825],[-152.2264,70.8256],[-152.2281,70.8261],[-152.2312,70.8269],[-152.2326,70.8271],[-152.2337,70.827],[-152.2351,70.827],[-152.236,70.827],[-152.2377,70.8269],[-152.2397,70.8269],[-152.2407,70.8269],[-152.2418,70.827],[-152.2426,70.8272],[-152.2439,70.8277],[-152.2467,70.8282],[-152.2497,70.8285],[-152.2513,70.8288],[-152.2536,70.8292],[-152.2548,70.8294],[-152.2572,70.8297],[-152.2586,70.8299],[-152.2606,70.8301],[-152.2644,70.8303],[-152.2659,70.8305],[-152.2681,70.8309],[-152.2706,70.8313],[-152.2721,70.8318],[-152.2733,70.8321],[-152.2743,70.832],[-152.2747,70.8319],[-152.2749,70.8318],[-152.2754,70.8317],[-152.2758,70.8315],[-152.2752,70.8308],[-152.277,70.8301],[-152.2785,70.8297],[-152.2796,70.8297],[-152.2813,70.83],[-152.2809,70.8305],[-152.2803,70.8309],[-152.2801,70.8312],[-152.2804,70.8316],[-152.2809,70.8321],[-152.2818,70.8324],[-152.2835,70.8328],[-152.2853,70.8331],[-152.2876,70.8338],[-152.2893,70.8343],[-152.2909,70.8348],[-152.292,70.8353],[-152.2928,70.8359],[-152.2951,70.8366],[-152.2972,70.8371],[-152.2998,70.8377],[-152.3013,70.8379],[-152.3036,70.8381],[-152.306,70.8384],[-152.3076,70.8388],[-152.3105,70.8394],[-152.3132,70.8398],[-152.3151,70.8402],[-152.3181,70.8409],[-152.3228,70.8415],[-152.3283,70.8415],[-152.3322,70.8415],[-152.3392,70.8422],[-152.3417,70.8427],[-152.3431,70.8427],[-152.3411,70.8386],[-152.3407,70.8373],[-152.3403,70.8361],[-152.3394,70.8284],[-152.3399,70.8265],[-152.3398,70.8243],[-152.3403,70.823],[-152.3411,70.8217],[-152.3414,70.8209],[-152.342,70.8199],[-152.342,70.8194],[-152.3433,70.8183],[-152.3473,70.8179],[-152.3495,70.8177],[-152.3509,70.8177]]},"properties":{}},{"type":"Feature","geometry":{"type":"LineString","coordinates":[[-152.1337,70.5681],[-152.132,70.5682],[-152.1309,70.5689],[-152.13,70.5691],[-152.128,70.5693],[-152.1266,70.5694],[-152.1256,70.5694],[-152.1245,70.5693],[-152.1235,70.5694],[-152.123,70.5694],[-152.1226,70.5696],[-152.1225,70.5702],[-152.1223,70.5705],[-152.1207,70.5707],[-152.1211,70.5709],[-152.1212,70.5711],[-152.1212,70.5713],[-152.1212,70.5713],[-152.1207,70.5714],[-152.1201,70.5713],[-152.1199,70.5709],[-152.1197,70.5706],[-152.1197,70.5704],[-152.1199,70.5702],[-152.1202,70.5702],[-152.1195,70.57],[-152.1184,70.5698],[-152.1168,70.5698],[-152.1166,70.5698],[-152.1155,70.5697],[-152.113,70.5692],[-152.1114,70.5688],[-152.1095,70.5681],[-152.1091,70.568],[-152.1083,70.5678],[-152.1079,70.5679],[-152.106,70.5679],[-152.1068,70.5681],[-152.1071,70.5683],[-152.1072,70.5684],[-152.1074,70.5687],[-152.1076,70.5688],[-152.1078,70.5691],[-152.108,70.5694],[-152.108,70.5697],[-152.1078,70.5698],[-152.1073,70.5699],[-152.1049,70.57],[-152.1039,70.5697],[-152.103,70.5694],[-152.1024,70.5692],[-152.102,70.5686],[-152.1028,70.5683],[-152.1028,70.568],[-152.1031,70.5679],[-152.1038,70.5678],[-152.1043,70.5677],[-152.1037,70.5677],[-152.1032,70.5675],[-152.103,70.5673],[-152.1027,70.5671],[-152.1025,70.5667],[-152.102,70.5663],[-152.1015,70.5657],[-152.1,70.5627],[-152.0998,70.5626],[-152.0995,70.5627],[-152.0993,70.5628],[-152.0988,70.563],[-152.098,70.5634],[-152.0975,70.5636],[-152.0972,70.5637],[-152.0963,70.5638],[-152.0955,70.5641],[-152.0947,70.5645],[-152.094,70.5649],[-152.0936,70.565],[-152.0934,70.5651],[-152.0931,70.5652],[-152.0922,70.5655],[-152.0904,70.5657],[-152.0891,70.5662],[-152.0886,70.5663],[-152.0879,70.5665],[-152.0873,70.5666],[-152.0866,70.5667],[-152.085,70.567],[-152.0838,70.5672],[-152.083,70.5672],[-152.0821,70.5672],[-152.0814,70.5672],[-152.0803,70.5672],[-152.0792,70.5671],[-152.077,70.5669],[-152.0763,70.567],[-152.0757,70.5669],[-152.0753,70.5668],[-152.0741,70.5665],[-152.0722,70.566],[-152.0714,70.5656],[-152.0708,70.5654],[-152.0703,70.5651],[-152.0694,70.5647],[-152.069,70.5644],[-152.0684,70.5646],[-152.0685,70.5646],[-152.0687,70.5648],[-152.0686,70.5651],[-152.0684,70.5654],[-152.0683,70.5657],[-152.0683,70.5658],[-152.0681,70.5661],[-152.068,70.5663],[-152.0681,70.5668],[-152.068,70.5672],[-152.0678,70.568],[-152.0675,70.5688],[-152.0674,70.5693],[-152.0672,70.5701],[-152.0672,70.5712],[-152.0668,70.5722],[-152.0665,70.5735],[-152.0659,70.5745],[-152.0657,70.5747],[-152.0654,70.5755],[-152.065,70.5765],[-152.0642,70.5776],[-152.0635,70.5783],[-152.0632,70.5785],[-152.0631,70.5786],[-152.0621,70.5789],[-152.0615,70.5791],[-152.0613,70.5794],[-152.061,70.5795],[-152.0604,70.5796],[-152.0594,70.5797],[-152.0579,70.5799],[-152.0582,70.58],[-152.0595,70.5804],[-152.0598,70.5804],[-152.0602,70.5805],[-152.0605,70.5806],[-152.0609,70.5806],[-152.0612,70.5808],[-152.0617,70.5809],[-152.0627,70.5811],[-152.0635,70.5814],[-152.0652,70.5818],[-152.0661,70.5821],[-152.0681,70.5825],[-152.0704,70.583],[-152.0722,70.5833],[-152.075,70.5837],[-152.0765,70.5839],[-152.0785,70.5842],[-152.0798,70.5844],[-152.0817,70.5845],[-152.0824,70.5845],[-152.0837,70.5846],[-152.0856,70.5847],[-152.0867,70.5849],[-152.089,70.5852],[-152.0916,70.5855],[-152.0924,70.5856],[-152.094,70.5858],[-152.0949,70.5859],[-152.0967,70.5863],[-152.0998,70.5869],[-152.1029,70.5874],[-152.1049,70.5877],[-152.1062,70.5878],[-152.1086,70.5879],[-152.1096,70.588],[-152.1106,70.5881],[-152.1115,70.5882],[-152.114,70.5885],[-152.1158,70.5887],[-152.1192,70.5893],[-152.1223,70.5898],[-152.1237,70.59],[-152.1244,70.5901],[-152.1259,70.5902],[-152.1272,70.5902],[-152.1293,70.5902],[-152.1304,70.5902],[-152.1314,70.5901],[-152.1323,70.59],[-152.1346,70.5899],[-152.1368,70.5898],[-152.1399,70.5896],[-152.1421,70.5895],[-152.143,70.5894],[-152.1463,70.589],[-152.1489,70.5887],[-152.1505,70.5884],[-152.1535,70.5879],[-152.1557,70.5876],[-152.1577,70.5872],[-152.1596,70.5869],[-152.1615,70.5866],[-152.1637,70.5862],[-152.1655,70.586],[-152.1672,70.5858],[-152.171,70.5856],[-152.1789,70.5852],[-152.1823,70.585],[-152.1854,70.5848],[-152.1873,70.5848],[-152.1897,70.5851],[-152.1907,70.5851],[-152.1915,70.5851],[-152.1921,70.5852],[-152.194,70.5853],[-152.196,70.5853],[-152.1975,70.5855],[-152.1988,70.5856],[-152.2014,70.5861],[-152.2039,70.5864],[-152.2049,70.5865],[-152.2063,70.5865],[-152.207,70.5866],[-152.2077,70.5866],[-152.2083,70.5867],[-152.2093,70.5869],[-152.2106,70.587],[-152.212,70.5873],[-152.2136,70.5876],[-152.2147,70.5878],[-152.2153,70.5879],[-152.2162,70.588],[-152.2175,70.5882],[-152.2179,70.5884],[-152.219,70.5884],[-152.2201,70.5883],[-152.221,70.5884],[-152.2217,70.5884],[-152.223,70.5884],[-152.2243,70.5884],[-152.2256,70.5885],[-152.2267,70.5886],[-152.229,70.589],[-152.2328,70.5895],[-152.2344,70.5898],[-152.2357,70.59],[-152.2393,70.5906],[-152.2411,70.5908],[-152.2423,70.591]]},"properties":{}},{"type":"Feature","geometry":{"type":"LineString","coordinates":[[-151.9926,70.5831],[-151.9941,70.5827],[-151.9955,70.5823],[-151.9957,70.582],[-151.9947,70.5818],[-151.9939,70.5811],[-151.9935,70.5812],[-151.9935,70.5817],[-151.9929,70.5817],[-151.9918,70.5815],[-151.9891,70.5812],[-151.9858,70.5813],[-151.9833,70.5814],[-151.9807,70.5822],[-151.9796,70.5823],[-151.9783,70.5822],[-151.9751,70.5815],[-151.9725,70.5807],[-151.9693,70.5794],[-151.9668,70.578],[-151.9648,70.5765],[-151.9632,70.5759],[-151.9615,70.5757],[-151.9632,70.5761],[-151.9646,70.5767],[-151.9643,70.5772],[-151.9633,70.5779],[-151.9617,70.5784],[-151.9601,70.5784],[-151.9594,70.5786],[-151.9583,70.5793],[-151.9578,70.5793],[-151.9575,70.579],[-151.9573,70.5788],[-151.9563,70.5781],[-151.9553,70.5775],[-151.9544,70.5768],[-151.9545,70.5762],[-151.9553,70.5752],[-151.9541,70.576],[-151.9543,70.5765],[-151.954,70.5768],[-151.9547,70.5775],[-151.9553,70.5779],[-151.9562,70.5787],[-151.958,70.5796],[-151.9634,70.5809],[-151.9702,70.5818],[-151.9792,70.5826],[-151.987,70.5832],[-151.9926,70.5831]]},"properties":{}},{"type":"Feature","geometry":{"type":"LineString","coordinates":[[-151.9315,70.5772],[-151.9319,70.5771],[-151.9324,70.5769],[-151.9331,70.5765],[-151.931,70.5767],[-151.9292,70.5772],[-151.9276,70.5775],[-151.9267,70.5774],[-151.9259,70.5772],[-151.9245,70.5766],[-151.9227,70.5757],[-151.9207,70.5746],[-151.9202,70.5745],[-151.9193,70.5744],[-151.9185,70.5744],[-151.9179,70.5747],[-151.9166,70.5751],[-151.9155,70.5752],[-151.9141,70.575],[-151.9127,70.5748],[-151.9109,70.5748],[-151.9074,70.5752],[-151.9058,70.5753],[-151.9035,70.5753],[-151.9013,70.5752],[-151.8993,70.5749],[-151.8966,70.5744],[-151.8939,70.5737],[-151.8912,70.573],[-151.8898,70.5728],[-151.8886,70.5726],[-151.8861,70.5717],[-151.8836,70.5716],[-151.882,70.5713],[-151.8799,70.5708],[-151.8788,70.5706],[-151.8775,70.5705],[-151.8739,70.5708],[-151.8713,70.571],[-151.8694,70.5709],[-151.8685,70.5704],[-151.8677,70.5696],[-151.8666,70.5686],[-151.8664,70.5678],[-151.8662,70.5675],[-151.8658,70.5684],[-151.8666,70.5695],[-151.8671,70.5704],[-151.8675,70.5712],[-151.8701,70.5729],[-151.8732,70.5742],[-151.8769,70.5753],[-151.882,70.5762],[-151.8871,70.5766],[-151.8941,70.5768],[-151.9022,70.577],[-151.91,70.5773],[-151.9168,70.578],[-151.9218,70.5783],[-151.9252,70.5781],[-151.9315,70.5772]]},"properties":{}},{"type":"Feature","geometry":{"type":"LineString","coordinates":[[-151.1124,70.403],[-151.1142,70.4038],[-151.1155,70.4042],[-151.1177,70.4047],[-151.1196,70.4051],[-151.1228,70.406],[-151.1244,70.4066],[-151.1263,70.4072],[-151.1288,70.4076],[-151.1319,70.4082],[-151.1348,70.4086],[-151.1361,70.4087],[-151.1386,70.4089],[-151.14,70.4089],[-151.1422,70.4091],[-151.1477,70.4097],[-151.1497,70.41],[-151.1517,70.4106],[-151.153,70.4109],[-151.1538,70.4111],[-151.1565,70.4118],[-151.1585,70.4124],[-151.1608,70.4129],[-151.1632,70.4134],[-151.1666,70.4138],[-151.169,70.4139],[-151.1723,70.4136],[-151.1759,70.413],[-151.1776,70.4128],[-151.1808,70.4124],[-151.1846,70.4124],[-151.1859,70.4125],[-151.1869,70.4126],[-151.188,70.4127],[-151.1925,70.4131],[-151.1929,70.4127],[-151.1928,70.4122],[-151.1924,70.4114],[-151.1914,70.4107],[-151.1903,70.4102],[-151.1898,70.4099],[-151.1889,70.4092],[-151.1883,70.4088],[-151.188,70.4082],[-151.1869,70.4069],[-151.1866,70.4057],[-151.1866,70.4037],[-151.1864,70.4024],[-151.186,70.3996],[-151.1853,70.3971],[-151.1851,70.3959],[-151.185,70.395],[-151.1848,70.3936],[-151.1851,70.3891],[-151.1846,70.3881],[-151.1839,70.3871],[-151.183,70.3863],[-151.1823,70.3852],[-151.182,70.3835],[-151.1812,70.3827],[-151.1795,70.3821],[-151.1779,70.3816],[-151.1754,70.3809],[-151.1741,70.3806],[-151.1723,70.3802],[-151.1682,70.3796],[-151.1654,70.3792],[-151.1609,70.3787],[-151.1589,70.3784],[-151.1553,70.3784],[-151.1505,70.3775],[-151.1497,70.3775],[-151.1484,70.3779],[-151.1486,70.3784],[-151.1472,70.3782],[-151.1466,70.3777],[-151.1445,70.3773],[-151.1433,70.3757],[-151.143,70.3752],[-151.1414,70.3749],[-151.1405,70.3744],[-151.14,70.374],[-151.136,70.3744],[-151.1367,70.3739],[-151.1385,70.373],[-151.1398,70.3726],[-151.1406,70.3723],[-151.1416,70.3719],[-151.1425,70.3709],[-151.1431,70.3706],[-151.1438,70.3695],[-151.1445,70.3689],[-151.1458,70.3682],[-151.1465,70.368],[-151.1474,70.368],[-151.1481,70.3681],[-151.1493,70.3682],[-151.1528,70.3673],[-151.1527,70.3668],[-151.153,70.3666],[-151.1537,70.3666],[-151.1547,70.3667],[-151.1554,70.3668],[-151.1559,70.3669],[-151.1565,70.367],[-151.1571,70.3671],[-151.1575,70.3672],[-151.1578,70.3672],[-151.1581,70.3671],[-151.1581,70.367],[-151.1582,70.3668],[-151.1587,70.3667],[-151.1595,70.3668],[-151.1601,70.3668],[-151.1604,70.3668],[-151.1611,70.3669],[-151.1627,70.3672],[-151.1636,70.3673],[-151.164,70.3674],[-151.1647,70.3676],[-151.1651,70.3676],[-151.1655,70.3677],[-151.1659,70.3677],[-151.166,70.3675],[-151.1661,70.3675],[-151.1664,70.3674],[-151.167,70.3674],[-151.1672,70.3673],[-151.1676,70.367],[-151.1679,70.3669],[-151.168,70.3668],[-151.1678,70.3666],[-151.1678,70.3664],[-151.1679,70.3663],[-151.1682,70.3664],[-151.1686,70.3664],[-151.1689,70.3665],[-151.169,70.3666],[-151.1698,70.3666],[-151.1703,70.3666],[-151.1707,70.3667],[-151.1713,70.3666],[-151.1719,70.3666],[-151.1723,70.3665],[-151.1727,70.3664],[-151.1732,70.3665],[-151.1738,70.3665],[-151.1742,70.3666],[-151.1744,70.3667],[-151.1746,70.3668],[-151.1748,70.3668],[-151.1757,70.3669],[-151.1761,70.3667],[-151.1761,70.3666],[-151.1758,70.3665],[-151.1756,70.3664],[-151.1755,70.3663],[-151.1757,70.3661],[-151.176,70.3661],[-151.1762,70.3662],[-151.1764,70.3663],[-151.1768,70.3664],[-151.177,70.3663],[-151.1771,70.3662],[-151.177,70.3661],[-151.177,70.366],[-151.1772,70.366],[-151.1775,70.366],[-151.1778,70.3661],[-151.1782,70.366],[-151.1785,70.366],[-151.1789,70.3659],[-151.1791,70.3658],[-151.1795,70.3657],[-151.1798,70.3656],[-151.1804,70.3656],[-151.1807,70.3656],[-151.1809,70.3657],[-151.181,70.3657],[-151.1813,70.3657],[-151.1816,70.3656],[-151.182,70.3656],[-151.1825,70.3656],[-151.1828,70.3656],[-151.1831,70.3656],[-151.1835,70.3655],[-151.1839,70.3654],[-151.1844,70.3654],[-151.1849,70.3654],[-151.1852,70.3654],[-151.1853,70.3655],[-151.1857,70.3657],[-151.1863,70.3659],[-151.1869,70.366],[-151.1881,70.3672],[-151.1888,70.3678],[-151.1885,70.3679],[-151.1883,70.368],[-151.1884,70.3682],[-151.1894,70.3682],[-151.19,70.3684],[-151.1897,70.3685],[-151.1898,70.3686],[-151.1899,70.3688],[-151.19,70.369],[-151.1903,70.3693],[-151.1907,70.3695],[-151.1909,70.3697],[-151.1908,70.3698],[-151.1906,70.3699],[-151.19,70.3701],[-151.1897,70.3702],[-151.1895,70.3703],[-151.1891,70.3706],[-151.1895,70.3706],[-151.1897,70.3706],[-151.1901,70.3706],[-151.1905,70.3706],[-151.1903,70.3707],[-151.1901,70.3709],[-151.19,70.371],[-151.1903,70.3711],[-151.1907,70.3712],[-151.191,70.3711],[-151.1914,70.371],[-151.1919,70.371],[-151.1925,70.3711],[-151.1928,70.3712],[-151.1935,70.3713],[-151.1937,70.3712],[-151.1935,70.371],[-151.1934,70.3709],[-151.1933,70.3707],[-151.1932,70.3706],[-151.1929,70.3704],[-151.1927,70.3704],[-151.1927,70.3702],[-151.1931,70.37],[-151.1933,70.3699],[-151.1934,70.3695],[-151.1935,70.3694],[-151.1937,70.3691],[-151.1942,70.3684],[-151.1944,70.3683],[-151.1949,70.3681],[-151.1956,70.3679],[-151.1962,70.3679],[-151.1967,70.368],[-151.197,70.3681],[-151.1974,70.3682],[-151.1976,70.3683],[-151.198,70.3683],[-151.198,70.3682],[-151.1979,70.368],[-151.1975,70.368],[-151.197,70.3678],[-151.1967,70.3677],[-151.1965,70.3674],[-151.1965,70.3672],[-151.1965,70.3671],[-151.1967,70.367],[-151.1969,70.3669],[-151.1965,70.3668],[-151.1967,70.3665],[-151.1972,70.3665],[-151.1974,70.3664],[-151.1976,70.3662],[-151.198,70.3661],[-151.1983,70.366],[-151.1988,70.366],[-151.199,70.3658],[-151.1991,70.3657],[-151.1991,70.3655],[-151.1991,70.3653],[-151.1995,70.3652],[-151.2,70.3652],[-151.2009,70.3653],[-151.2015,70.3653],[-151.2021,70.3653],[-151.2034,70.3652],[-151.2039,70.3652],[-151.2043,70.365],[-151.2044,70.3649],[-151.2046,70.3648],[-151.2048,70.3647],[-151.205,70.3645],[-151.2052,70.3643],[-151.2061,70.3643],[-151.2071,70.3641],[-151.2075,70.364],[-151.2081,70.364],[-151.2086,70.364],[-151.2097,70.364],[-151.2106,70.3639],[-151.2112,70.3638],[-151.2117,70.3638],[-151.2128,70.3638],[-151.2138,70.3637],[-151.2145,70.3635],[-151.2145,70.3632],[-151.2144,70.363],[-151.2144,70.3627],[-151.2143,70.3625],[-151.2138,70.3623],[-151.2137,70.3622],[-151.2137,70.362],[-151.2136,70.3615],[-151.2138,70.3613],[-151.214,70.3612],[-151.214,70.361],[-151.2138,70.3605],[-151.2137,70.3602],[-151.2135,70.36],[-151.2129,70.3598],[-151.2123,70.3596],[-151.212,70.3594],[-151.2117,70.3591],[-151.2114,70.3589],[-151.2111,70.3588],[-151.2108,70.3587],[-151.21,70.3586],[-151.2081,70.3587],[-151.2065,70.3586],[-151.2051,70.3586],[-151.2044,70.3587],[-151.2035,70.3588],[-151.2029,70.3588],[-151.2024,70.3588],[-151.201,70.3588],[-151.2003,70.3587],[-151.2,70.3588],[-151.1996,70.3587],[-151.1995,70.3586],[-151.1991,70.3585],[-151.1985,70.3583],[-151.1976,70.3581],[-151.1969,70.3579],[-151.1963,70.3579],[-151.1948,70.3578],[-151.1945,70.3578],[-151.1941,70.3577],[-151.1935,70.3575],[-151.1925,70.3573],[-151.1919,70.3572],[-151.1916,70.3572],[-151.1908,70.3573],[-151.1901,70.3574],[-151.1895,70.3577],[-151.189,70.3578],[-151.1884,70.358],[-151.1882,70.3581],[-151.1883,70.3583],[-151.1883,70.3585],[-151.1882,70.3586],[-151.188,70.3586],[-151.1878,70.3587],[-151.1877,70.3589],[-151.1877,70.3591],[-151.1876,70.3593],[-151.1875,70.3594],[-151.1875,70.3596],[-151.1874,70.3598],[-151.1874,70.36],[-151.1875,70.3601],[-151.1877,70.3603],[-151.188,70.3603],[-151.1894,70.3606],[-151.1896,70.3607],[-151.1899,70.3608],[-151.1897,70.3609],[-151.1884,70.361],[-151.1882,70.3611],[-151.1881,70.3613],[-151.1885,70.3613],[-151.1888,70.3613],[-151.1897,70.3612],[-151.1895,70.3614],[-151.1894,70.3616],[-151.1892,70.3617],[-151.189,70.3618],[-151.1889,70.3619],[-151.1896,70.3622],[-151.19,70.3623],[-151.1893,70.3624],[-151.1887,70.3624],[-151.1882,70.3624],[-151.188,70.3624],[-151.1876,70.3626],[-151.1867,70.3625],[-151.1863,70.3624],[-151.1859,70.3623],[-151.1858,70.3622],[-151.1859,70.3619],[-151.1856,70.3615],[-151.1855,70.3611],[-151.1852,70.3609],[-151.185,70.3607],[-151.185,70.3606],[-151.1851,70.3605],[-151.1854,70.3602],[-151.1855,70.36],[-151.1851,70.3597],[-151.185,70.3597],[-151.185,70.3596],[-151.1852,70.3594],[-151.1855,70.3593],[-151.1856,70.3593],[-151.1855,70.3591],[-151.1853,70.3589],[-151.185,70.3588],[-151.1849,70.3588],[-151.1852,70.3586],[-151.1854,70.3585],[-151.1854,70.3585],[-151.1851,70.3583],[-151.1847,70.3583],[-151.1843,70.3583],[-151.1841,70.3583],[-151.1835,70.358],[-151.1837,70.3579],[-151.1836,70.3577],[-151.1836,70.3575],[-151.1834,70.3573],[-151.1833,70.3571],[-151.1832,70.357],[-151.1832,70.3568],[-151.1832,70.3566],[-151.1836,70.3564],[-151.1839,70.3563],[-151.1842,70.3561],[-151.1845,70.356],[-151.1854,70.3557],[-151.1858,70.3555],[-151.186,70.3554],[-151.186,70.3551],[-151.1861,70.3549],[-151.1859,70.3545],[-151.1857,70.3542],[-151.1856,70.3537],[-151.1856,70.3534],[-151.1853,70.3532],[-151.1852,70.3531],[-151.1852,70.3531],[-151.1856,70.353],[-151.1858,70.3528],[-151.1861,70.3527],[-151.1864,70.3526],[-151.1865,70.3525],[-151.1866,70.3525],[-151.187,70.3525],[-151.1875,70.3524],[-151.1879,70.3523],[-151.1883,70.3523],[-151.1891,70.3523],[-151.1897,70.3522],[-151.1901,70.3522],[-151.1907,70.3522],[-151.1909,70.3522],[-151.1914,70.3522],[-151.1921,70.3522],[-151.1927,70.3523],[-151.1929,70.3522],[-151.1933,70.3522],[-151.1937,70.3521],[-151.1941,70.352],[-151.1944,70.352],[-151.1948,70.3521],[-151.1952,70.352],[-151.1955,70.352],[-151.1959,70.352],[-151.1962,70.3519],[-151.1966,70.3517],[-151.1969,70.3517],[-151.1972,70.3517],[-151.1975,70.3517],[-151.198,70.3518],[-151.1983,70.3519],[-151.1983,70.352],[-151.1984,70.352],[-151.1989,70.3521],[-151.1995,70.3521],[-151.2001,70.3521],[-151.2004,70.3521],[-151.2007,70.3522],[-151.201,70.3522],[-151.2014,70.3523],[-151.2017,70.3523],[-151.2018,70.3524],[-151.202,70.3524],[-151.202,70.3526],[-151.2022,70.3527],[-151.2024,70.3528],[-151.2026,70.3529],[-151.2031,70.353],[-151.2034,70.3531],[-151.2037,70.3532],[-151.204,70.3532],[-151.2047,70.3533],[-151.2051,70.3533],[-151.2055,70.3533],[-151.2056,70.3533],[-151.2058,70.3534],[-151.2062,70.3533],[-151.2063,70.3532],[-151.2063,70.3531],[-151.2063,70.353],[-151.2067,70.3529],[-151.2072,70.3529],[-151.2075,70.3529],[-151.2077,70.3529],[-151.2082,70.3529],[-151.209,70.353],[-151.2094,70.353],[-151.2099,70.3531],[-151.2103,70.3533],[-151.2107,70.3534],[-151.2108,70.3536],[-151.2112,70.3538],[-151.2114,70.354],[-151.2117,70.3541],[-151.2118,70.3541],[-151.212,70.3542],[-151.2125,70.3542],[-151.213,70.3544],[-151.2133,70.3544],[-151.2134,70.3546],[-151.2137,70.3548],[-151.2141,70.3549],[-151.2147,70.3554],[-151.2151,70.3557],[-151.2156,70.356],[-151.2159,70.3562],[-151.2159,70.3564],[-151.2163,70.3567],[-151.2164,70.3568],[-151.2165,70.357],[-151.2168,70.357],[-151.2169,70.357],[-151.2174,70.3572],[-151.2176,70.3573],[-151.2178,70.3573],[-151.2184,70.3572],[-151.2189,70.3573],[-151.2188,70.3574],[-151.2183,70.3574],[-151.2179,70.3574],[-151.2178,70.3575],[-151.2179,70.3576],[-151.2184,70.3577],[-151.2188,70.3579],[-151.2191,70.358],[-151.2195,70.3582],[-151.2198,70.3583],[-151.22,70.3584],[-151.2204,70.3587],[-151.2205,70.3589],[-151.2204,70.359],[-151.2206,70.3591],[-151.2207,70.3593],[-151.2206,70.3594],[-151.2204,70.3595],[-151.2203,70.3596],[-151.2204,70.3597],[-151.2206,70.3598],[-151.2208,70.3598],[-151.221,70.3599],[-151.2214,70.3602],[-151.222,70.3603],[-151.2221,70.3604],[-151.2224,70.3605],[-151.2226,70.3606],[-151.2227,70.3608],[-151.2229,70.361],[-151.2233,70.3612],[-151.2233,70.3614],[-151.2234,70.3615],[-151.2238,70.3615],[-151.2239,70.3617],[-151.2238,70.3618],[-151.2236,70.3621],[-151.2238,70.3622],[-151.224,70.3622],[-151.2242,70.3623],[-151.2241,70.3625],[-151.2243,70.3627],[-151.2245,70.3629],[-151.2248,70.363],[-151.2253,70.3631],[-151.2255,70.3633],[-151.2258,70.3633],[-151.2261,70.3634],[-151.2266,70.3637],[-151.2267,70.3637],[-151.2268,70.3639],[-151.227,70.364],[-151.2271,70.3641],[-151.2274,70.3641],[-151.2278,70.3642],[-151.2282,70.3643],[-151.228,70.3644],[-151.2281,70.3646],[-151.2282,70.3647],[-151.2285,70.3648],[-151.2288,70.3649],[-151.2291,70.3652],[-151.2296,70.3653],[-151.2297,70.3653],[-151.23,70.3653],[-151.2304,70.3653],[-151.231,70.3654],[-151.2315,70.3655],[-151.2322,70.3655],[-151.2325,70.3656],[-151.233,70.3657],[-151.2332,70.3658],[-151.2336,70.3659],[-151.2336,70.366],[-151.2334,70.3661],[-151.2336,70.3661],[-151.2339,70.3662],[-151.2341,70.3663],[-151.2343,70.3664],[-151.2347,70.3665],[-151.2352,70.3665],[-151.2352,70.3666],[-151.2351,70.3667],[-151.2353,70.3667],[-151.2359,70.3668],[-151.236,70.3668],[-151.2364,70.3667],[-151.237,70.3667],[-151.2379,70.3668],[-151.238,70.3669],[-151.2389,70.3669],[-151.2392,70.3671],[-151.2397,70.367],[-151.2398,70.3669],[-151.2402,70.3669],[-151.2411,70.3668],[-151.2417,70.3668],[-151.2424,70.367],[-151.2434,70.3673],[-151.2441,70.3675],[-151.2443,70.3677],[-151.2446,70.3678],[-151.2447,70.3679],[-151.2449,70.368],[-151.2447,70.3682],[-151.2439,70.3683],[-151.2436,70.3683],[-151.2432,70.3683],[-151.2428,70.3682],[-151.2423,70.368],[-151.2418,70.3679],[-151.2417,70.3678],[-151.2409,70.3676],[-151.2402,70.3676],[-151.2398,70.3676],[-151.2394,70.3675],[-151.2389,70.3675],[-151.2387,70.3675],[-151.2385,70.3677],[-151.2384,70.3678],[-151.2384,70.368],[-151.2387,70.3684],[-151.2387,70.3686],[-151.2388,70.3687],[-151.239,70.3689],[-151.2393,70.3692],[-151.2394,70.3693],[-151.2396,70.3695],[-151.2394,70.3696],[-151.239,70.3695],[-151.2386,70.3692],[-151.2382,70.369],[-151.2379,70.3688],[-151.2377,70.3687],[-151.2376,70.3685],[-151.2367,70.3683],[-151.2357,70.3683],[-151.2343,70.3683],[-151.2328,70.3685],[-151.231,70.3688],[-151.2295,70.3686],[-151.2281,70.3684],[-151.2277,70.3686],[-151.2268,70.3688],[-151.2265,70.3688],[-151.2263,70.3689],[-151.2262,70.3691],[-151.2257,70.3691],[-151.2253,70.3694],[-151.2253,70.3695],[-151.2252,70.3698],[-151.2251,70.3702],[-151.2251,70.3705],[-151.2245,70.3706],[-151.2248,70.3709],[-151.2257,70.3713],[-151.226,70.3716],[-151.2267,70.3719]]},"properties":{}},{"type":"Feature","geometry":{"type":"LineString","coordinates":[[-151.2281,70.3731],[-151.2282,70.3732],[-151.2281,70.3735],[-151.2279,70.3736],[-151.228,70.3738],[-151.228,70.3739],[-151.2281,70.3739],[-151.228,70.3741],[-151.2278,70.3742],[-151.2279,70.3744],[-151.228,70.3745],[-151.2279,70.3746],[-151.2278,70.3747],[-151.2279,70.3747],[-151.2278,70.3748],[-151.2278,70.3748],[-151.2279,70.3749],[-151.2277,70.375],[-151.2273,70.3752],[-151.2273,70.3752],[-151.2269,70.3753],[-151.2265,70.3754],[-151.2263,70.3754],[-151.2259,70.3755],[-151.2257,70.3756],[-151.2256,70.3757],[-151.2256,70.3758],[-151.2253,70.3759],[-151.2252,70.376],[-151.225,70.3761],[-151.2248,70.3761],[-151.2247,70.3762],[-151.2247,70.3762],[-151.2247,70.3763],[-151.2249,70.3763],[-151.225,70.3764],[-151.2249,70.3765],[-151.2249,70.3765],[-151.2249,70.3766],[-151.2249,70.3767],[-151.2249,70.3768],[-151.2249,70.3769],[-151.225,70.3769],[-151.2251,70.377],[-151.2252,70.3771],[-151.2253,70.3772],[-151.2255,70.3773],[-151.2257,70.3773],[-151.2259,70.3774],[-151.2259,70.3775],[-151.226,70.3776],[-151.226,70.3776],[-151.2262,70.3777],[-151.2263,70.3778],[-151.2264,70.3778],[-151.2265,70.3779],[-151.2267,70.3779],[-151.2268,70.3778],[-151.227,70.3778],[-151.2272,70.3779],[-151.2275,70.3779]]},"properties":{}},{"type":"Feature","geometry":{"type":"LineString","coordinates":[[-151.2267,70.3719],[-151.2281,70.3731]]},"properties":{}},{"type":"Feature","geometry":{"type":"LineString","coordinates":[[-151.2369,70.3801],[-151.2371,70.3802],[-151.2372,70.3802],[-151.2374,70.3802],[-151.2376,70.3803],[-151.2377,70.3803],[-151.2375,70.3804],[-151.2375,70.3804],[-151.2376,70.3805],[-151.2376,70.3806],[-151.2378,70.3807],[-151.2377,70.3807],[-151.2378,70.3808],[-151.2379,70.3809],[-151.2382,70.3809],[-151.2383,70.3809],[-151.2384,70.3809],[-151.2387,70.381],[-151.2388,70.3811],[-151.2388,70.3812],[-151.2386,70.3812],[-151.2385,70.3813],[-151.2384,70.3814],[-151.2383,70.3815],[-151.2383,70.3815],[-151.2383,70.3815],[-151.2385,70.3816]]},"properties":{}},{"type":"Feature","geometry":{"type":"LineString","coordinates":[[-151.2275,70.3779],[-151.2305,70.3786],[-151.2369,70.3801]]},"properties":{}},{"type":"Feature","geometry":{"type":"LineString","coordinates":[[-151.2385,70.3816],[-151.2437,70.3828]]},"properties":{}},{"type":"Feature","geometry":{"type":"LineString","coordinates":[[-150.9983,70.4245],[-151.0056,70.428],[-151.0146,70.4275],[-151.017,70.4268],[-151.0217,70.426],[-151.0253,70.4256],[-151.03,70.4254],[-151.0333,70.4257],[-151.038,70.4254],[-151.0408,70.4256],[-151.0436,70.4255],[-151.0483,70.4253],[-151.053,70.4248],[-151.0558,70.4242],[-151.0583,70.4236],[-151.0594,70.423],[-151.0606,70.422],[-151.0624,70.4207],[-151.0639,70.4197],[-151.0678,70.416],[-151.0685,70.4154],[-151.0693,70.415],[-151.0697,70.4145],[-151.0708,70.4136],[-151.0714,70.4132],[-151.0726,70.4123],[-151.0738,70.4111],[-151.0771,70.4095],[-151.0779,70.4088],[-151.0798,70.4076],[-151.0798,70.4072],[-151.0811,70.4066],[-151.0826,70.4049],[-151.0834,70.4045],[-151.0837,70.4042],[-151.0843,70.4038],[-151.0847,70.4035],[-151.085,70.4032],[-151.0852,70.4028],[-151.085,70.4023],[-151.0849,70.4017],[-151.0857,70.4008],[-151.086,70.3999],[-151.0882,70.398],[-151.0885,70.3973],[-151.0894,70.3958],[-151.101,70.3956],[-151.1018,70.3959],[-151.1017,70.3973],[-151.1017,70.3988],[-151.1051,70.401],[-151.1124,70.403]]},"properties":{}},{"type":"Feature","geometry":{"type":"LineString","coordinates":[[-151.1016,70.4053],[-151.0998,70.4056],[-151.0994,70.4065],[-151.0997,70.4074],[-151.0997,70.4088],[-151.0989,70.4098],[-151.1009,70.4123],[-151.1026,70.4134],[-151.1092,70.4154],[-151.1176,70.4186],[-151.1207,70.4196],[-151.1233,70.4207],[-151.1248,70.4217],[-151.1254,70.422],[-151.1267,70.4224],[-151.1283,70.4229],[-151.1308,70.4239],[-151.1332,70.4246],[-151.1348,70.4251],[-151.1365,70.4256],[-151.1389,70.4263],[-151.1407,70.4272],[-151.1423,70.4278],[-151.1447,70.4281],[-151.1499,70.4287],[-151.1537,70.429],[-151.1577,70.4289],[-151.1596,70.4285],[-151.1606,70.4278],[-151.1621,70.4275],[-151.165,70.4267],[-151.1656,70.4262],[-151.1686,70.4248],[-151.1712,70.4237],[-151.1721,70.4222],[-151.1733,70.4215],[-151.1744,70.4206],[-151.1781,70.4191],[-151.18,70.4188],[-151.1818,70.4183],[-151.1834,70.4187],[-151.1858,70.4184],[-151.1892,70.4176],[-151.1912,70.4167],[-151.1918,70.4163],[-151.1923,70.415],[-151.1911,70.4147],[-151.1903,70.4146],[-151.1838,70.4136],[-151.1783,70.4137],[-151.1757,70.4142],[-151.1726,70.4145],[-151.1706,70.4146],[-151.1692,70.4147],[-151.1675,70.4147],[-151.1625,70.4145],[-151.1586,70.4139],[-151.1546,70.4127],[-151.1508,70.412],[-151.1504,70.4113],[-151.1502,70.4112],[-151.1498,70.411],[-151.1491,70.4107],[-151.1484,70.4106],[-151.1466,70.4102],[-151.144,70.41],[-151.1389,70.4095],[-151.1374,70.4095],[-151.1359,70.4094],[-151.134,70.4091],[-151.1329,70.409],[-151.132,70.4092],[-151.1311,70.4092],[-151.1298,70.4093],[-151.1284,70.4092],[-151.1255,70.409],[-151.123,70.4085],[-151.1211,70.4082],[-151.12,70.4077],[-151.1172,70.4072],[-151.1154,70.4069],[-151.1115,70.4062],[-151.1105,70.4059],[-151.1085,70.4054],[-151.1043,70.4053],[-151.103,70.4052],[-151.1016,70.4053]]},"properties":{}},{"type":"Feature","geometry":{"type":"LineString","coordinates":[[-150.9961,70.4374],[-150.9967,70.4367],[-150.9974,70.436],[-150.9978,70.4354],[-150.998,70.4346],[-150.9971,70.433],[-150.997,70.4322],[-150.9967,70.4314],[-150.9965,70.4305],[-150.9958,70.4299],[-150.9943,70.4292],[-150.9928,70.4284],[-150.9915,70.4277],[-150.9898,70.4272],[-150.9868,70.4266],[-150.9846,70.4265],[-150.9819,70.4263],[-150.9793,70.426],[-150.977,70.4258],[-150.9736,70.4257],[-150.9718,70.4258],[-150.9712,70.426],[-150.9704,70.4264],[-150.9695,70.4269],[-150.9692,70.4272],[-150.9676,70.4285],[-150.9665,70.4292],[-150.9654,70.43],[-150.9652,70.4308],[-150.9651,70.4316],[-150.9666,70.4326],[-150.9672,70.4335],[-150.9678,70.4341],[-150.9685,70.4345],[-150.9718,70.4361],[-150.9731,70.4363],[-150.9749,70.4366],[-150.9758,70.4368],[-150.9776,70.437],[-150.9793,70.4372],[-150.9815,70.4375],[-150.9828,70.4376],[-150.9851,70.4376],[-150.9873,70.4376],[-150.9903,70.4376],[-150.9925,70.4377],[-150.9934,70.4379],[-150.9946,70.4379],[-150.9954,70.4379],[-150.9956,70.4377],[-150.9961,70.4374]]},"properties":{}},{"type":"Feature","geometry":{"type":"LineString","coordinates":[[-150.9582,70.4246],[-150.9983,70.4245]]},"properties":{}},{"type":"Feature","geometry":{"type":"LineString","coordinates":[[-150.9881,70.4379],[-150.9857,70.438],[-150.985,70.4381],[-150.9835,70.4382],[-150.9813,70.4381],[-150.9786,70.4379],[-150.9761,70.4377],[-150.9738,70.4376],[-150.9718,70.4376],[-150.9705,70.4379],[-150.9707,70.4383],[-150.9712,70.4386],[-150.9717,70.4392],[-150.973,70.4413],[-150.9735,70.442],[-150.9744,70.443],[-150.9753,70.4439],[-150.9787,70.4462],[-150.9794,70.4468],[-150.9799,70.4478],[-150.9809,70.4484],[-150.9849,70.45],[-150.9862,70.4504],[-150.989,70.4506],[-150.9907,70.4504],[-150.9924,70.4504],[-150.9938,70.4504],[-150.9955,70.4503],[-150.9973,70.4503],[-150.9992,70.4501],[-151.0002,70.4499],[-151.0018,70.4496],[-151.0022,70.4492],[-151.0023,70.4488],[-151.0033,70.4484],[-151.0048,70.448],[-151.0058,70.4477],[-151.0057,70.4472],[-151.0056,70.4468],[-151.0047,70.4463],[-151.0042,70.4461],[-151.0043,70.4458],[-151.0041,70.4452],[-151.0029,70.4449],[-151.0011,70.4444],[-151.0007,70.4439],[-151.0003,70.4433],[-150.9993,70.4429],[-150.9993,70.4426],[-150.9993,70.4421],[-150.9987,70.4417],[-150.999,70.4413],[-150.9991,70.4407],[-150.999,70.4405],[-150.9975,70.4393],[-150.9963,70.4389],[-150.995,70.4384],[-150.9932,70.4382],[-150.9918,70.438],[-150.9898,70.4379],[-150.9881,70.4379]]},"properties":{}},{"type":"Feature","geometry":{"type":"LineString","coordinates":[[-151.0041,70.4337],[-151.0108,70.4343],[-151.0142,70.4343],[-151.0174,70.4342],[-151.0197,70.434],[-151.0208,70.4331],[-151.0198,70.4323],[-151.0176,70.4316],[-151.014,70.4313],[-151.0108,70.4308],[-151.0069,70.4305],[-151.0045,70.4311],[-151.0033,70.4319],[-151.0029,70.4324],[-151.0025,70.433],[-151.0027,70.4333],[-151.0041,70.4337]]},"properties":{}},{"type":"Feature","geometry":{"type":"LineString","coordinates":[[-151.7346,70.5066],[-151.7353,70.5066],[-151.736,70.5066],[-151.7368,70.5066],[-151.7372,70.5065],[-151.7376,70.5064],[-151.7377,70.5062],[-151.7379,70.5061],[-151.738,70.5059],[-151.738,70.5058],[-151.738,70.5055],[-151.7375,70.5055],[-151.7371,70.5055],[-151.7368,70.5054],[-151.7366,70.5054],[-151.7367,70.5052],[-151.7368,70.5051],[-151.7373,70.505],[-151.7378,70.505],[-151.7381,70.5049],[-151.7384,70.5048],[-151.7391,70.5046],[-151.7393,70.5045],[-151.7394,70.5043],[-151.7385,70.5041],[-151.7374,70.504],[-151.7366,70.5041],[-151.7361,70.5044],[-151.7355,70.5045],[-151.7352,70.5046],[-151.7349,70.5046],[-151.7345,70.5048],[-151.7341,70.5049],[-151.7339,70.5049],[-151.7339,70.5053],[-151.7338,70.5055],[-151.7337,70.5057],[-151.7338,70.5059],[-151.7341,70.5061],[-151.7343,70.5062],[-151.7344,70.5064],[-151.7344,70.5065],[-151.7344,70.5066],[-151.7346,70.5066]]},"properties":{}},{"type":"Feature","geometry":{"type":"LineString","coordinates":[[-151.7556,70.5535],[-151.7562,70.5534],[-151.7577,70.553],[-151.7575,70.5525],[-151.7587,70.552],[-151.7581,70.5513],[-151.7577,70.5507],[-151.7558,70.5504],[-151.7547,70.5503],[-151.753,70.5502],[-151.7514,70.5502],[-151.7505,70.5501],[-151.749,70.5496],[-151.749,70.5492],[-151.7478,70.5488],[-151.7438,70.5488],[-151.7415,70.5487],[-151.738,70.5491],[-151.7372,70.5492],[-151.7348,70.5493],[-151.7299,70.5483],[-151.7302,70.5478],[-151.7303,70.5475],[-151.7304,70.5473],[-151.7305,70.5471],[-151.7311,70.5469],[-151.7313,70.5468],[-151.7315,70.5465],[-151.7313,70.5463],[-151.7312,70.5461],[-151.7314,70.5452],[-151.7315,70.5449],[-151.7315,70.5447],[-151.7317,70.5445],[-151.732,70.5444],[-151.7325,70.5439],[-151.7327,70.5436],[-151.733,70.5433],[-151.733,70.5432],[-151.733,70.543],[-151.7327,70.5428],[-151.7323,70.5427],[-151.732,70.5429],[-151.7318,70.5431],[-151.7314,70.5434],[-151.7311,70.5435],[-151.7306,70.5436],[-151.7304,70.5436],[-151.7298,70.5438],[-151.729,70.5441],[-151.7281,70.5443],[-151.7277,70.5445],[-151.7274,70.5445],[-151.7266,70.5447],[-151.7252,70.5449],[-151.7244,70.5451],[-151.7218,70.5454],[-151.7214,70.5461],[-151.7214,70.5465],[-151.7215,70.5467],[-151.7215,70.5469],[-151.7211,70.5472],[-151.7199,70.5471],[-151.7192,70.5472],[-151.7186,70.5473],[-151.717,70.5475],[-151.7161,70.5478],[-151.7158,70.548],[-151.7152,70.5481],[-151.7147,70.5481],[-151.7138,70.5484],[-151.7136,70.5486],[-151.7135,70.5488],[-151.7135,70.5491],[-151.7137,70.5492],[-151.7144,70.5494],[-151.7147,70.5496],[-151.7148,70.5499],[-151.715,70.55],[-151.7155,70.55],[-151.7158,70.5499],[-151.7163,70.5497],[-151.7163,70.5495],[-151.7167,70.5493],[-151.717,70.5492],[-151.7175,70.549],[-151.7183,70.5489],[-151.7188,70.5489],[-151.7191,70.5488],[-151.7194,70.5487],[-151.7204,70.5487],[-151.7208,70.5486],[-151.7215,70.5485],[-151.722,70.5485],[-151.7228,70.5485],[-151.7238,70.5486],[-151.7239,70.5488],[-151.7241,70.5489],[-151.7248,70.5492],[-151.7252,70.5492],[-151.7259,70.5494],[-151.726,70.5496],[-151.7263,70.5499],[-151.7264,70.5501],[-151.7265,70.5502],[-151.7267,70.5504],[-151.7275,70.5506],[-151.7281,70.5506],[-151.7285,70.5507],[-151.7286,70.5509],[-151.7279,70.5509],[-151.726,70.5509],[-151.7239,70.551],[-151.7228,70.5517],[-151.7228,70.553],[-151.7242,70.5535],[-151.7253,70.554],[-151.7254,70.5546],[-151.7239,70.5544],[-151.723,70.5537],[-151.7208,70.5533],[-151.7187,70.5526],[-151.7162,70.5521],[-151.7155,70.5528],[-151.7145,70.553],[-151.7116,70.5533],[-151.7094,70.5533],[-151.7064,70.5529],[-151.7038,70.552],[-151.7038,70.5506],[-151.7025,70.5514],[-151.7028,70.552],[-151.7033,70.5526],[-151.7045,70.553],[-151.705,70.5533],[-151.7059,70.5536],[-151.7066,70.5542],[-151.7074,70.5545],[-151.71,70.555],[-151.7127,70.5555],[-151.7154,70.5559],[-151.7162,70.556],[-151.7168,70.556],[-151.7174,70.5561],[-151.7185,70.5561],[-151.7201,70.5562],[-151.7219,70.5561],[-151.7227,70.5561],[-151.7228,70.5561],[-151.7232,70.5561],[-151.7264,70.5559],[-151.7287,70.5557],[-151.7304,70.5556],[-151.7308,70.5556],[-151.7313,70.5556],[-151.7324,70.5556],[-151.733,70.5556],[-151.7336,70.5554],[-151.7369,70.5552],[-151.7386,70.5552],[-151.741,70.5549],[-151.7439,70.5548],[-151.746,70.5545],[-151.7496,70.5544],[-151.752,70.5541],[-151.7556,70.5535]]},"properties":{}},{"type":"Feature","geometry":{"type":"LineString","coordinates":[[-151.7565,70.5481],[-151.7573,70.5483],[-151.758,70.5486],[-151.7583,70.5485],[-151.7583,70.5484],[-151.7582,70.5482],[-151.7579,70.548],[-151.7577,70.5478],[-151.7573,70.5476],[-151.7565,70.5472],[-151.7563,70.547],[-151.7554,70.5467],[-151.7549,70.5465],[-151.7546,70.5463],[-151.7543,70.5463],[-151.7541,70.5462],[-151.7536,70.5461],[-151.7534,70.5461],[-151.7533,70.5462],[-151.7533,70.5463],[-151.7533,70.5464],[-151.7532,70.5464],[-151.7533,70.5465],[-151.7535,70.5466],[-151.7537,70.5466],[-151.7537,70.5466],[-151.7536,70.5468],[-151.7536,70.5468],[-151.7536,70.5469],[-151.7535,70.547],[-151.7535,70.5471],[-151.7534,70.5472],[-151.7535,70.5472],[-151.7535,70.5474],[-151.7536,70.5475],[-151.7539,70.5476],[-151.7549,70.5477],[-151.7558,70.5479],[-151.7565,70.5481]]},"properties":{}},{"type":"Feature","geometry":{"type":"LineString","coordinates":[[-151.7457,70.5369],[-151.7459,70.5371],[-151.7461,70.5373],[-151.7463,70.5375],[-151.7462,70.5376],[-151.7461,70.5378],[-151.7459,70.5379],[-151.7457,70.538],[-151.7455,70.5382],[-151.7454,70.5384],[-151.7453,70.5386],[-151.7451,70.5386],[-151.7446,70.539],[-151.7444,70.5391],[-151.744,70.5394],[-151.7438,70.5396],[-151.7438,70.5398],[-151.7439,70.5399],[-151.7437,70.5401],[-151.7435,70.5402],[-151.7437,70.5403],[-151.744,70.5404],[-151.7447,70.5404],[-151.745,70.5404],[-151.7454,70.5406],[-151.7454,70.5407],[-151.7452,70.5409],[-151.7456,70.5411],[-151.7458,70.5412],[-151.7463,70.5413],[-151.7468,70.5415],[-151.7467,70.5416],[-151.747,70.5419],[-151.747,70.542],[-151.747,70.5423],[-151.7471,70.5424],[-151.747,70.5426],[-151.7473,70.5429],[-151.7473,70.543],[-151.7472,70.5432],[-151.7472,70.5434],[-151.7476,70.5435],[-151.748,70.5435],[-151.7484,70.5435],[-151.7488,70.5436],[-151.7488,70.5437],[-151.7489,70.5438],[-151.749,70.544],[-151.7493,70.5441],[-151.7494,70.5443],[-151.7496,70.5445],[-151.7502,70.5446],[-151.7505,70.5447],[-151.7508,70.5448],[-151.7515,70.5449],[-151.752,70.545],[-151.7524,70.5453],[-151.7528,70.5455],[-151.7538,70.5455],[-151.7541,70.5454],[-151.7541,70.5452],[-151.7542,70.545],[-151.7545,70.5448],[-151.7544,70.5446],[-151.7543,70.5445],[-151.7542,70.5444],[-151.7547,70.544],[-151.7549,70.544],[-151.7552,70.5441],[-151.7553,70.5442],[-151.7554,70.5444],[-151.7556,70.5447],[-151.756,70.5448],[-151.7563,70.5448],[-151.7566,70.5447],[-151.7567,70.5446],[-151.7566,70.5444],[-151.7562,70.5442],[-151.7559,70.544],[-151.7555,70.5439],[-151.7551,70.5437],[-151.755,70.5436],[-151.7546,70.5435],[-151.7538,70.5435],[-151.7535,70.5431],[-151.7533,70.543],[-151.7531,70.5427],[-151.7531,70.5426],[-151.7535,70.5423],[-151.7535,70.5421],[-151.7533,70.542],[-151.7529,70.5418],[-151.7527,70.5416],[-151.7525,70.5415],[-151.7522,70.5413],[-151.7521,70.5415],[-151.7524,70.5417],[-151.7522,70.5418],[-151.752,70.5419],[-151.7519,70.542],[-151.7526,70.5422],[-151.7523,70.5424],[-151.7521,70.5424],[-151.7515,70.5424],[-151.7514,70.5422],[-151.7512,70.542],[-151.7511,70.5419],[-151.7514,70.5415],[-151.7514,70.5413],[-151.7512,70.5411],[-151.7508,70.5409],[-151.7506,70.5408],[-151.7503,70.5406],[-151.7499,70.5405],[-151.75,70.5403],[-151.7503,70.5402],[-151.7503,70.54],[-151.7502,70.5398],[-151.7501,70.5397],[-151.7497,70.5395],[-151.7497,70.5394],[-151.7497,70.5391],[-151.7497,70.539],[-151.7495,70.5388],[-151.7492,70.5387],[-151.7489,70.5385],[-151.7488,70.5384],[-151.7487,70.5381],[-151.7487,70.5378],[-151.7487,70.5376],[-151.7484,70.5373],[-151.7482,70.537],[-151.748,70.5368],[-151.7473,70.5364],[-151.7467,70.5361],[-151.7463,70.536],[-151.7458,70.5359],[-151.7454,70.5359],[-151.7453,70.536],[-151.7451,70.5362],[-151.7448,70.5363],[-151.7444,70.5362],[-151.7441,70.5361],[-151.7438,70.5359],[-151.7436,70.5358],[-151.7428,70.5358],[-151.7424,70.5358],[-151.7422,70.5358],[-151.7424,70.536],[-151.7427,70.5361],[-151.7431,70.5363],[-151.7434,70.5365],[-151.7437,70.5365],[-151.7442,70.5366],[-151.7446,70.5366],[-151.745,70.5367],[-151.7457,70.5369]]},"properties":{}},{"type":"Feature","geometry":{"type":"LineString","coordinates":[[-151.7434,70.537],[-151.7426,70.5369],[-151.7427,70.537],[-151.7427,70.5371],[-151.7427,70.5372],[-151.7423,70.5374],[-151.7423,70.5376],[-151.7425,70.5377],[-151.7429,70.5379],[-151.7431,70.538],[-151.743,70.5381],[-151.7427,70.5383],[-151.743,70.5384],[-151.7429,70.5386],[-151.743,70.5387],[-151.7435,70.5388],[-151.7438,70.5386],[-151.7442,70.5384],[-151.7445,70.5383],[-151.745,70.538],[-151.7451,70.5378],[-151.7453,70.5376],[-151.7454,70.5375],[-151.7451,70.5372],[-151.7448,70.5371],[-151.7441,70.537],[-151.7434,70.537]]},"properties":{}},{"type":"Feature","geometry":{"type":"LineString","coordinates":[[-151.7334,70.5422],[-151.7336,70.5421],[-151.7343,70.542],[-151.7348,70.542],[-151.7353,70.5419],[-151.7355,70.5417],[-151.7359,70.5415],[-151.7364,70.5414],[-151.7366,70.5413],[-151.737,70.5411],[-151.7371,70.5408],[-151.7372,70.5406],[-151.7375,70.5404],[-151.7377,70.5402],[-151.738,70.5397],[-151.738,70.5394],[-151.7382,70.5393],[-151.7382,70.5388],[-151.7382,70.5385],[-151.7384,70.5383],[-151.7385,70.5381],[-151.7384,70.538],[-151.738,70.538],[-151.737,70.5381],[-151.7361,70.5381],[-151.7354,70.5382],[-151.7347,70.5382],[-151.7336,70.5383],[-151.733,70.5384],[-151.7326,70.5386],[-151.7324,70.5388],[-151.7322,70.539],[-151.7322,70.5393],[-151.7322,70.5397],[-151.7322,70.5399],[-151.7323,70.5402],[-151.7323,70.5404],[-151.7324,70.5406],[-151.7324,70.5408],[-151.7325,70.5411],[-151.7327,70.5413],[-151.7327,70.5415],[-151.7328,70.5419],[-151.7328,70.5421],[-151.7328,70.5422],[-151.7329,70.5423],[-151.7331,70.5423],[-151.7332,70.5423],[-151.7334,70.5422]]},"properties":{}},{"type":"Feature","geometry":{"type":"LineString","coordinates":[[-150.2921,70.4186],[-150.296,70.418],[-150.2984,70.4177],[-150.2999,70.4171],[-150.3008,70.4171],[-150.3018,70.4169],[-150.302,70.4167],[-150.3027,70.4166],[-150.3037,70.4162],[-150.304,70.4161],[-150.3045,70.416],[-150.3058,70.4161],[-150.3069,70.4163],[-150.3073,70.4166],[-150.3078,70.4167],[-150.3089,70.4166],[-150.3098,70.4163],[-150.3107,70.4161],[-150.3119,70.4159],[-150.3125,70.4159],[-150.3131,70.4156],[-150.3135,70.4152],[-150.3148,70.4148],[-150.316,70.4148],[-150.3175,70.4149],[-150.3184,70.4149],[-150.3193,70.4149],[-150.3204,70.4146],[-150.3212,70.4143],[-150.3222,70.4134],[-150.3244,70.4133],[-150.3257,70.4137],[-150.3266,70.4135],[-150.3271,70.4134],[-150.3283,70.4131],[-150.3296,70.4129],[-150.3298,70.4128],[-150.3308,70.4127],[-150.3313,70.4122],[-150.332,70.4122],[-150.3323,70.4121],[-150.3327,70.412],[-150.3336,70.4118],[-150.3342,70.4115],[-150.3349,70.4113],[-150.3353,70.4113],[-150.3357,70.4112],[-150.3368,70.4111],[-150.3368,70.4111],[-150.3371,70.4112],[-150.3373,70.4113],[-150.3379,70.4111],[-150.3382,70.4109],[-150.3387,70.4107],[-150.3394,70.4104],[-150.3402,70.4101],[-150.3405,70.4099],[-150.3407,70.4098],[-150.3412,70.4098],[-150.3418,70.4097],[-150.3426,70.4092],[-150.3431,70.4088],[-150.3443,70.4087],[-150.3438,70.4056],[-150.3445,70.4056],[-150.3459,70.4073],[-150.3467,70.4073],[-150.3471,70.4074],[-150.3474,70.4075],[-150.3477,70.4076],[-150.3481,70.4077],[-150.3486,70.4079],[-150.349,70.408],[-150.3492,70.4082],[-150.3493,70.4083],[-150.349,70.4086],[-150.3496,70.4088],[-150.3502,70.4091],[-150.3503,70.4093],[-150.3511,70.4095],[-150.352,70.4095],[-150.3535,70.4094],[-150.3544,70.4091],[-150.3559,70.4091],[-150.3567,70.4091],[-150.358,70.4092],[-150.359,70.4093],[-150.3597,70.4094],[-150.3612,70.4096],[-150.3625,70.4096],[-150.3647,70.4095],[-150.366,70.4093],[-150.3688,70.409],[-150.3737,70.4081],[-150.3753,70.4076],[-150.3784,70.4075],[-150.3797,70.4078],[-150.3808,70.4079],[-150.3842,70.4075],[-150.3871,70.4074],[-150.3885,70.4072],[-150.3909,70.4067],[-150.3916,70.4066],[-150.3924,70.4065],[-150.3932,70.4064],[-150.3942,70.4065],[-150.3947,70.4066],[-150.3954,70.4066],[-150.3965,70.4065],[-150.398,70.4061],[-150.3989,70.4057],[-150.3994,70.4055],[-150.3997,70.4053],[-150.4,70.4052],[-150.4006,70.405],[-150.4027,70.4046],[-150.4036,70.4045],[-150.4052,70.4041],[-150.406,70.4038],[-150.4078,70.4033],[-150.4094,70.4031],[-150.41,70.4029],[-150.4214,70.4009],[-150.432,70.3998],[-150.4379,70.3986],[-150.4445,70.3974],[-150.4541,70.3954],[-150.4557,70.3955],[-150.4556,70.395],[-150.4579,70.395],[-150.4578,70.3945],[-150.4593,70.3946],[-150.4645,70.3938],[-150.4651,70.3931],[-150.4719,70.3924],[-150.4812,70.3909],[-150.4897,70.3893],[-150.4985,70.3875],[-150.5028,70.3862],[-150.5079,70.3848],[-150.5117,70.3832],[-150.5158,70.3811],[-150.5158,70.3795],[-150.5212,70.3789],[-150.5262,70.3783],[-150.5264,70.3784],[-150.5289,70.3777],[-150.5297,70.3774],[-150.5305,70.3773],[-150.5322,70.3769],[-150.5336,70.3765],[-150.5352,70.3762],[-150.5398,70.3754],[-150.5489,70.3732],[-150.5547,70.3721],[-150.5582,70.3715],[-150.5604,70.3711],[-150.5618,70.3707],[-150.5641,70.3703],[-150.5655,70.3699],[-150.5721,70.3687],[-150.5777,70.3677],[-150.5811,70.3668],[-150.5869,70.3654],[-150.5894,70.3647],[-150.5906,70.3644],[-150.5918,70.3641],[-150.5931,70.3638],[-150.5949,70.3635],[-150.5966,70.363],[-150.5988,70.3622],[-150.5998,70.3619],[-150.6016,70.361],[-150.6049,70.3598],[-150.607,70.3591],[-150.6103,70.3581],[-150.6117,70.3576],[-150.6139,70.3568],[-150.6153,70.3563],[-150.6175,70.3554],[-150.6189,70.3549],[-150.6203,70.3544],[-150.6217,70.3536],[-150.6227,70.3531],[-150.6238,70.3527],[-150.6249,70.3524],[-150.6259,70.352],[-150.627,70.3513],[-150.6283,70.3504],[-150.633,70.3498],[-150.6363,70.3487],[-150.6372,70.3485],[-150.6386,70.3484],[-150.6398,70.3485],[-150.6409,70.3486],[-150.6424,70.3487],[-150.6432,70.3485],[-150.6445,70.3483],[-150.6448,70.3483],[-150.6461,70.3482],[-150.6474,70.3481],[-150.6487,70.3479],[-150.6506,70.3475],[-150.6511,70.3471],[-150.652,70.3466],[-150.6536,70.3465],[-150.655,70.3464],[-150.656,70.3461],[-150.6597,70.3455],[-150.6637,70.3448],[-150.6653,70.3442],[-150.6663,70.3439],[-150.6676,70.3436],[-150.6695,70.3431],[-150.6716,70.3424],[-150.6743,70.3426],[-150.6778,70.3428],[-150.6782,70.3435],[-150.6804,70.3435],[-150.6818,70.3431],[-150.6834,70.3428],[-150.6853,70.3423],[-150.693,70.3404],[-150.6966,70.3392],[-150.7023,70.3381],[-150.7039,70.3376],[-150.7097,70.3359],[-150.7296,70.3375],[-150.7535,70.3395],[-150.7508,70.3425],[-150.7488,70.3431],[-150.7465,70.3453],[-150.7463,70.347],[-150.7462,70.3494],[-150.7461,70.3535],[-150.7466,70.3555],[-150.7479,70.357],[-150.7493,70.3602],[-150.7479,70.3621],[-150.7454,70.3667],[-150.7436,70.3678],[-150.7407,70.3697],[-150.7391,70.3719],[-150.7367,70.3729],[-150.7348,70.3735],[-150.7337,70.3739],[-150.7321,70.3744],[-150.7303,70.375],[-150.7291,70.3758],[-150.728,70.3764],[-150.7263,70.3768],[-150.7255,70.3772],[-150.7238,70.3775],[-150.7219,70.378],[-150.719,70.3788],[-150.7145,70.3786],[-150.713,70.3789],[-150.7119,70.3794],[-150.7104,70.3798],[-150.7087,70.3798],[-150.7064,70.3802],[-150.7056,70.3802],[-150.7053,70.3807],[-150.7054,70.381],[-150.7061,70.3814],[-150.7071,70.382],[-150.7086,70.3828],[-150.7096,70.3833],[-150.7126,70.3838],[-150.7145,70.3846],[-150.7161,70.3855],[-150.718,70.3859],[-150.7204,70.3867],[-150.7211,70.3862],[-150.7206,70.3853],[-150.7212,70.3841],[-150.7225,70.3833],[-150.7244,70.3828],[-150.7253,70.382],[-150.7304,70.3814],[-150.7333,70.381],[-150.7375,70.3805],[-150.7418,70.3805],[-150.748,70.3797],[-150.7524,70.3797],[-150.7546,70.3796],[-150.7554,70.3789],[-150.757,70.3789],[-150.7566,70.3795],[-150.7566,70.3802],[-150.7566,70.3811],[-150.7561,70.3816],[-150.7541,70.3823],[-150.753,70.3835],[-150.7556,70.3857],[-150.7552,70.3869],[-150.7521,70.3876],[-150.7494,70.388],[-150.7465,70.3885],[-150.7454,70.3888],[-150.7449,70.3892],[-150.745,70.3898],[-150.747,70.3905],[-150.7485,70.3908],[-150.7471,70.3921],[-150.7457,70.3928],[-150.7445,70.3932],[-150.7429,70.3938],[-150.7392,70.3961],[-150.7388,70.3972],[-150.7387,70.3982],[-150.7389,70.3992],[-150.7409,70.4004],[-150.743,70.4023],[-150.7442,70.4036],[-150.7443,70.4045],[-150.7458,70.4045],[-150.7468,70.404],[-150.7481,70.4036],[-150.7498,70.4032],[-150.7516,70.4028],[-150.7551,70.4026],[-150.7567,70.4026],[-150.7582,70.4024],[-150.7595,70.4023],[-150.7616,70.4022],[-150.7638,70.4022],[-150.7636,70.4017],[-150.7561,70.398],[-150.7553,70.3939],[-150.7578,70.3927],[-150.7658,70.391],[-150.7674,70.3911],[-150.7673,70.3906],[-150.771,70.3903],[-150.7709,70.3898],[-150.7687,70.3899],[-150.7679,70.3897],[-150.7664,70.3898],[-150.7666,70.3888],[-150.7692,70.3885],[-150.7691,70.388],[-150.7714,70.3883],[-150.7728,70.3875],[-150.7747,70.3876],[-150.7759,70.3877],[-150.7795,70.3869],[-150.781,70.3868],[-150.7814,70.3864],[-150.7747,70.3851],[-150.773,70.3846],[-150.7715,70.3848],[-150.7692,70.3844],[-150.7689,70.3831],[-150.7712,70.383],[-150.7748,70.3832],[-150.7762,70.3832],[-150.7782,70.3832],[-150.7803,70.3833],[-150.7822,70.3836],[-150.7837,70.3838],[-150.7852,70.3838],[-150.7862,70.3836],[-150.788,70.3834],[-150.7889,70.3834],[-150.7903,70.3839],[-150.7926,70.3849],[-150.7937,70.3854],[-150.7957,70.3858],[-150.8025,70.3849],[-150.8042,70.3847],[-150.8055,70.3846],[-150.8074,70.3845],[-150.8103,70.3843],[-150.8121,70.3855],[-150.8126,70.3861],[-150.8127,70.3863],[-150.8117,70.3868],[-150.81,70.3874],[-150.8139,70.3878],[-150.8189,70.388],[-150.8225,70.3881],[-150.8255,70.3879],[-150.8273,70.3873],[-150.8306,70.387],[-150.8295,70.3852],[-150.8307,70.3854],[-150.8329,70.3872],[-150.8294,70.3882],[-150.8283,70.3885],[-150.8302,70.3888],[-150.8324,70.3903],[-150.8324,70.3911],[-150.8315,70.3918],[-150.8285,70.3926],[-150.8279,70.3936],[-150.829,70.3944],[-150.8312,70.3974],[-150.8313,70.3981],[-150.8328,70.4003],[-150.8323,70.4012],[-150.8321,70.4016],[-150.8297,70.4023],[-150.827,70.4033],[-150.8262,70.404],[-150.8244,70.4042],[-150.8225,70.4046],[-150.8193,70.4049],[-150.8173,70.4054],[-150.8159,70.4056],[-150.8146,70.4059],[-150.8136,70.4063],[-150.8121,70.4066],[-150.8106,70.4065],[-150.809,70.406],[-150.8056,70.4066],[-150.8047,70.4068],[-150.8023,70.4069],[-150.7994,70.4071],[-150.7988,70.4071],[-150.7975,70.4071],[-150.7961,70.407],[-150.7942,70.4069],[-150.7915,70.4066],[-150.7888,70.406],[-150.7858,70.4047],[-150.7836,70.4032],[-150.783,70.4022],[-150.7825,70.4016],[-150.7825,70.4011],[-150.7821,70.4007],[-150.7815,70.4005],[-150.7807,70.399],[-150.7808,70.3975],[-150.7812,70.3968],[-150.7818,70.3961],[-150.7834,70.3948],[-150.7855,70.3944],[-150.7879,70.3941],[-150.7895,70.394],[-150.791,70.394],[-150.7938,70.394],[-150.7958,70.3933],[-150.7968,70.3927],[-150.7979,70.3916],[-150.8024,70.3904],[-150.8042,70.3895],[-150.8052,70.3888],[-150.805,70.3883],[-150.802,70.3887],[-150.7976,70.3885],[-150.7953,70.3895],[-150.7938,70.3901],[-150.7916,70.3904],[-150.7861,70.3911],[-150.7846,70.3914],[-150.7838,70.3916],[-150.7828,70.3918],[-150.7804,70.392],[-150.7776,70.3927],[-150.7754,70.3933],[-150.7764,70.3939],[-150.7764,70.3944],[-150.7755,70.395],[-150.7752,70.3954],[-150.7758,70.3963],[-150.7764,70.3967],[-150.7767,70.3969],[-150.7773,70.3975],[-150.7771,70.3988],[-150.7763,70.3996],[-150.775,70.4008],[-150.7741,70.402],[-150.7752,70.4039],[-150.7752,70.405],[-150.7758,70.4061],[-150.776,70.4066],[-150.7763,70.4072],[-150.7766,70.4077],[-150.7766,70.4083],[-150.7767,70.4086],[-150.7769,70.409],[-150.7776,70.4096],[-150.7765,70.4103],[-150.7756,70.4109],[-150.7718,70.411],[-150.772,70.4102],[-150.7731,70.4099],[-150.7741,70.4093],[-150.7743,70.409],[-150.7743,70.4085],[-150.7739,70.408],[-150.7735,70.4077],[-150.7731,70.4074],[-150.7734,70.407],[-150.7738,70.4065],[-150.7736,70.406],[-150.7728,70.4055],[-150.7723,70.405],[-150.7728,70.4024],[-150.7705,70.4014],[-150.7695,70.4008],[-150.7721,70.4],[-150.772,70.3995],[-150.7735,70.3994],[-150.7734,70.3989],[-150.7689,70.3997],[-150.766,70.4],[-150.7644,70.3999],[-150.7641,70.4004],[-150.7676,70.4008],[-150.7678,70.4018],[-150.7655,70.4019],[-150.7658,70.4024],[-150.7666,70.4026],[-150.7672,70.4031],[-150.7669,70.4035],[-150.7658,70.404],[-150.7638,70.4048],[-150.7595,70.4058],[-150.7564,70.4062],[-150.7529,70.4065],[-150.7508,70.4067],[-150.7491,70.4066],[-150.7465,70.4065],[-150.7445,70.4062],[-150.7439,70.4075],[-150.7436,70.408],[-150.7431,70.4084],[-150.742,70.409],[-150.7412,70.4097],[-150.7421,70.411],[-150.7439,70.4115],[-150.7451,70.4119],[-150.7467,70.4121],[-150.7483,70.4123],[-150.7546,70.4129],[-150.7557,70.4132],[-150.7578,70.4136],[-150.7592,70.4143],[-150.7606,70.4151],[-150.7613,70.4155],[-150.7614,70.4159],[-150.7615,70.4163],[-150.761,70.4168],[-150.7599,70.418],[-150.7584,70.4184],[-150.7572,70.4187],[-150.756,70.4191],[-150.7547,70.4196],[-150.7523,70.4209],[-150.7512,70.4213],[-150.7508,70.4217],[-150.7516,70.4222],[-150.7529,70.422],[-150.7551,70.4213],[-150.7568,70.4211],[-150.7586,70.4211],[-150.7631,70.4215],[-150.7692,70.4223],[-150.7709,70.4225],[-150.7722,70.4224],[-150.7744,70.4222],[-150.7762,70.4224],[-150.7779,70.423],[-150.7872,70.4227],[-150.7877,70.4224],[-150.787,70.422],[-150.7867,70.4214],[-150.7852,70.4215],[-150.7842,70.4202],[-150.7827,70.4202],[-150.7826,70.4197],[-150.7797,70.4207],[-150.7787,70.4208],[-150.7783,70.4211],[-150.7755,70.4202],[-150.7732,70.42],[-150.7712,70.4199],[-150.7698,70.4198],[-150.7673,70.4195],[-150.7665,70.4185],[-150.766,70.4173],[-150.7661,70.4165],[-150.7677,70.4158],[-150.7677,70.4156],[-150.7685,70.4136],[-150.7715,70.4133],[-150.7714,70.4128],[-150.7726,70.4125],[-150.7738,70.4122],[-150.776,70.4121],[-150.7811,70.4119],[-150.7835,70.4123],[-150.785,70.4128],[-150.7864,70.4133],[-150.7873,70.4145],[-150.7893,70.4148],[-150.7922,70.4138],[-150.7937,70.4134],[-150.7962,70.4132],[-150.7981,70.413],[-150.799,70.4132],[-150.8002,70.413],[-150.8005,70.4129],[-150.8033,70.413],[-150.8047,70.4131],[-150.8065,70.4131],[-150.8073,70.4135],[-150.8083,70.414],[-150.8106,70.4142],[-150.8121,70.4147],[-150.8127,70.4151],[-150.8128,70.4156],[-150.8129,70.4159],[-150.814,70.4164],[-150.8142,70.4169],[-150.8147,70.4173],[-150.8147,70.418],[-150.8146,70.4185],[-150.8183,70.4187],[-150.8193,70.4182],[-150.8203,70.4184],[-150.8191,70.4189],[-150.8172,70.4194],[-150.8154,70.4198],[-150.8143,70.4201],[-150.8133,70.4202],[-150.8115,70.4207],[-150.8094,70.4213],[-150.8063,70.4219],[-150.8053,70.4219],[-150.8045,70.422],[-150.8016,70.422],[-150.8013,70.4216],[-150.7998,70.4219],[-150.7984,70.4221],[-150.7975,70.4223],[-150.7943,70.4223],[-150.7925,70.4224],[-150.7893,70.4228],[-150.7875,70.4235],[-150.7885,70.4243],[-150.7891,70.425],[-150.7898,70.4256],[-150.7907,70.4263],[-150.7914,70.4268],[-150.792,70.4272],[-150.792,70.4283],[-150.7918,70.429],[-150.7911,70.4296],[-150.7898,70.4298],[-150.7896,70.4307],[-150.7883,70.432],[-150.7868,70.4332],[-150.7874,70.4339],[-150.7897,70.434],[-150.7904,70.4345],[-150.7883,70.4348],[-150.7869,70.435],[-150.7838,70.4354],[-150.7821,70.436],[-150.7815,70.4366],[-150.7821,70.4373],[-150.7871,70.4385],[-150.7895,70.4392],[-150.7909,70.4398],[-150.7946,70.4415],[-150.7957,70.4419],[-150.7962,70.4422],[-150.7987,70.4431],[-150.8018,70.4437],[-150.8027,70.4439],[-150.804,70.4444],[-150.8061,70.4452],[-150.8078,70.4456],[-150.8086,70.4461],[-150.8088,70.4464],[-150.8088,70.4471],[-150.8092,70.4478],[-150.8093,70.4486],[-150.8091,70.4492],[-150.8093,70.4495],[-150.8096,70.4498],[-150.8098,70.4501],[-150.8106,70.4507],[-150.8125,70.4514],[-150.8146,70.4521],[-150.8151,70.4527],[-150.8156,70.4531],[-150.8174,70.4544],[-150.8182,70.4548],[-150.8198,70.4552],[-150.8206,70.4555],[-150.8237,70.456]]},"properties":{}},{"type":"Feature","geometry":{"type":"LineString","coordinates":[[-149.2881,70.4891],[-149.2894,70.4891],[-149.2911,70.489],[-149.2933,70.4892],[-149.2945,70.4893],[-149.2956,70.4895],[-149.2968,70.4899],[-149.3001,70.4903],[-149.3017,70.4904],[-149.3029,70.4905],[-149.3039,70.4907],[-149.3049,70.4909],[-149.3061,70.491],[-149.307,70.4912],[-149.3093,70.4915],[-149.3109,70.4919],[-149.3125,70.4922],[-149.314,70.4928],[-149.3151,70.4931],[-149.3161,70.4937],[-149.3171,70.4942],[-149.3177,70.4945],[-149.3192,70.4955],[-149.3208,70.4966],[-149.3219,70.4976],[-149.3231,70.4988],[-149.3247,70.5002],[-149.3251,70.5011],[-149.3257,70.5016],[-149.3262,70.5023],[-149.3283,70.5023],[-149.3302,70.502],[-149.3323,70.5014],[-149.3344,70.5007],[-149.3361,70.5002],[-149.337,70.4996],[-149.3419,70.4984],[-149.3426,70.4981],[-149.3444,70.4974],[-149.3457,70.4965],[-149.3463,70.4957],[-149.3465,70.4951],[-149.3465,70.4946],[-149.3464,70.4943],[-149.346,70.494],[-149.3458,70.4939],[-149.3452,70.4937],[-149.3451,70.4936],[-149.3455,70.4934],[-149.3454,70.4932],[-149.3449,70.4931],[-149.3447,70.4931],[-149.3443,70.493],[-149.3432,70.4923],[-149.3421,70.4918],[-149.3404,70.4909],[-149.3394,70.4908],[-149.3384,70.4911],[-149.3367,70.4911],[-149.3337,70.4912],[-149.3327,70.4913],[-149.3318,70.4911],[-149.3289,70.4911],[-149.3272,70.4908],[-149.3265,70.4906],[-149.3261,70.49],[-149.3254,70.4895],[-149.3241,70.4892],[-149.3231,70.4884],[-149.3223,70.4878],[-149.3213,70.4875],[-149.3199,70.4874],[-149.3181,70.4877],[-149.3172,70.4878],[-149.3143,70.4877],[-149.3134,70.488],[-149.3129,70.4883],[-149.3113,70.4883],[-149.3097,70.4882],[-149.309,70.488],[-149.3088,70.4877],[-149.308,70.4867],[-149.309,70.4858],[-149.3098,70.4854],[-149.3105,70.4851],[-149.3099,70.4833],[-149.312,70.4834],[-149.3135,70.4837],[-149.3145,70.4842],[-149.3151,70.4846],[-149.3154,70.4848],[-149.3143,70.4854],[-149.3149,70.4857],[-149.3163,70.4857],[-149.3171,70.4861],[-149.3179,70.4866],[-149.3192,70.4865],[-149.3201,70.4865],[-149.3209,70.4864],[-149.322,70.4864],[-149.3228,70.4864],[-149.3236,70.4864],[-149.325,70.4866],[-149.3258,70.4868],[-149.3271,70.4871],[-149.3279,70.4878],[-149.3281,70.4882],[-149.329,70.4883],[-149.3306,70.4884],[-149.3321,70.4884],[-149.3338,70.4883],[-149.3364,70.488],[-149.337,70.4878],[-149.3377,70.4873],[-149.3382,70.4871],[-149.3388,70.4869],[-149.3395,70.4869],[-149.3402,70.487],[-149.3407,70.4869],[-149.3411,70.4868],[-149.342,70.4867],[-149.3426,70.4867],[-149.3432,70.4867],[-149.3436,70.4869],[-149.3443,70.487],[-149.3452,70.487],[-149.3455,70.4869],[-149.3459,70.4867],[-149.3472,70.4862],[-149.3478,70.486],[-149.3481,70.4859],[-149.3489,70.4858],[-149.3492,70.4857],[-149.3503,70.4857],[-149.351,70.4856],[-149.3517,70.4855],[-149.3531,70.4854],[-149.3545,70.4853],[-149.3549,70.4849],[-149.3549,70.4847],[-149.3552,70.4845],[-149.3553,70.4845],[-149.3558,70.4844],[-149.3562,70.4843],[-149.357,70.4844],[-149.3574,70.4845],[-149.3577,70.4845],[-149.3582,70.4845],[-149.36,70.4842],[-149.3608,70.484],[-149.3615,70.4837],[-149.362,70.4833],[-149.3623,70.483],[-149.3625,70.4826],[-149.3626,70.4824],[-149.3627,70.4821],[-149.3627,70.4818],[-149.3625,70.4812],[-149.3624,70.4809],[-149.362,70.4807],[-149.3616,70.4806],[-149.3603,70.4804],[-149.3593,70.4803],[-149.3586,70.4802],[-149.3577,70.48],[-149.3572,70.4799],[-149.3566,70.4798],[-149.3555,70.4797],[-149.3546,70.4796],[-149.3541,70.4793],[-149.3536,70.4791],[-149.3532,70.4786],[-149.353,70.4781],[-149.3527,70.4774],[-149.3527,70.4772],[-149.3527,70.477],[-149.3529,70.4768],[-149.353,70.4765],[-149.3532,70.4762],[-149.3535,70.4758],[-149.3538,70.4756],[-149.3542,70.4754],[-149.3543,70.4753],[-149.355,70.475],[-149.3559,70.4747],[-149.3566,70.4743],[-149.357,70.4741],[-149.3577,70.474],[-149.3587,70.4737],[-149.3578,70.4733],[-149.3566,70.4732],[-149.356,70.473],[-149.355,70.4728],[-149.354,70.4727],[-149.3531,70.4727],[-149.3525,70.4726],[-149.3513,70.4724],[-149.3505,70.4722],[-149.3502,70.4721],[-149.3498,70.4719],[-149.3491,70.4715],[-149.3489,70.4712],[-149.3486,70.471],[-149.348,70.4705],[-149.348,70.4703],[-149.3479,70.4701],[-149.3477,70.4696],[-149.348,70.4692],[-149.3485,70.4687],[-149.3489,70.4684],[-149.3492,70.4681],[-149.3497,70.4678],[-149.3507,70.4677],[-149.3518,70.4676],[-149.3522,70.4675],[-149.3527,70.4674],[-149.3529,70.4673],[-149.3537,70.4669],[-149.3536,70.4663],[-149.3518,70.4661],[-149.3513,70.466],[-149.3509,70.4659],[-149.3497,70.4657],[-149.3494,70.4655],[-149.3492,70.4653],[-149.3491,70.4651],[-149.349,70.465],[-149.3488,70.4648],[-149.3488,70.4647],[-149.3485,70.4642],[-149.3485,70.4639],[-149.3491,70.4636],[-149.3501,70.4634],[-149.3504,70.4631],[-149.3506,70.4624],[-149.3509,70.4623],[-149.3511,70.4621],[-149.3511,70.4616],[-149.3504,70.4613],[-149.3496,70.4607],[-149.3494,70.4604],[-149.3492,70.4602],[-149.3492,70.4595],[-149.3492,70.4593],[-149.349,70.4589],[-149.3489,70.4586],[-149.3489,70.4583],[-149.3489,70.458],[-149.3494,70.4578],[-149.3497,70.4573],[-149.3512,70.4573],[-149.3511,70.4577],[-149.351,70.4579],[-149.3509,70.4582],[-149.351,70.459],[-149.3512,70.4594],[-149.3513,70.4596],[-149.3514,70.4599],[-149.3517,70.4606],[-149.3523,70.4608],[-149.3528,70.461],[-149.3533,70.4614],[-149.3534,70.4615],[-149.3536,70.4617],[-149.3535,70.4624],[-149.3531,70.4628],[-149.3531,70.4628],[-149.3535,70.463],[-149.3537,70.4631],[-149.3538,70.4633],[-149.3533,70.4635],[-149.3526,70.4638],[-149.3524,70.464],[-149.3523,70.4642],[-149.3521,70.4645],[-149.3521,70.4649],[-149.3523,70.4651],[-149.3527,70.4652],[-149.3542,70.4654],[-149.3557,70.4657],[-149.3566,70.4658],[-149.3574,70.4659],[-149.3577,70.4659],[-149.3587,70.4659],[-149.3592,70.4661],[-149.3592,70.4663],[-149.3588,70.4666],[-149.3579,70.4669],[-149.3568,70.4673],[-149.3568,70.4674],[-149.3566,70.4675],[-149.3564,70.4676],[-149.3563,70.4677],[-149.3561,70.4678],[-149.3556,70.4679],[-149.3553,70.468],[-149.3548,70.4684],[-149.3543,70.4685],[-149.3528,70.469],[-149.3527,70.4692],[-149.3528,70.4693],[-149.353,70.4695],[-149.3539,70.4698],[-149.3543,70.47],[-149.3548,70.4702],[-149.3554,70.4705],[-149.3556,70.4707],[-149.356,70.4707],[-149.3571,70.471],[-149.3587,70.4714],[-149.3593,70.4716],[-149.3598,70.4718],[-149.3605,70.472],[-149.3615,70.4722],[-149.3622,70.4724],[-149.3627,70.4725],[-149.363,70.4726],[-149.3633,70.4726],[-149.3636,70.4726],[-149.3639,70.4725],[-149.3641,70.4725],[-149.3641,70.4726],[-149.3639,70.4727],[-149.3638,70.4727],[-149.3638,70.4728],[-149.3639,70.473],[-149.3642,70.4731],[-149.3645,70.4731],[-149.3644,70.4733],[-149.3644,70.4735],[-149.3646,70.4737],[-149.3644,70.4739],[-149.3642,70.4741],[-149.3642,70.4742],[-149.3644,70.4743],[-149.3645,70.4745],[-149.3639,70.475],[-149.3637,70.4751],[-149.3635,70.4753],[-149.363,70.4755],[-149.3626,70.4757],[-149.3624,70.4759],[-149.3622,70.476],[-149.3615,70.4762],[-149.3611,70.4763],[-149.3603,70.4766],[-149.3602,70.477],[-149.3602,70.4772],[-149.3605,70.4774],[-149.3606,70.4775],[-149.3615,70.4779],[-149.3624,70.478],[-149.3627,70.4781],[-149.3635,70.4781],[-149.3642,70.4782],[-149.365,70.4783],[-149.3654,70.4783],[-149.366,70.4785],[-149.3664,70.4785],[-149.3666,70.4786],[-149.3672,70.4786],[-149.3678,70.4787],[-149.3682,70.4787],[-149.3687,70.4787],[-149.3704,70.4788],[-149.3706,70.4788],[-149.3706,70.479],[-149.3712,70.4791],[-149.3712,70.4791],[-149.3717,70.4793],[-149.372,70.4795],[-149.3724,70.4797],[-149.3727,70.4798],[-149.3727,70.4799],[-149.373,70.4801],[-149.3732,70.4803],[-149.3733,70.4804],[-149.3734,70.4806],[-149.3734,70.4811],[-149.3734,70.4812],[-149.3737,70.4814],[-149.3741,70.4816],[-149.375,70.4823],[-149.3755,70.4828],[-149.3756,70.4831],[-149.3756,70.4834],[-149.3756,70.4836],[-149.3755,70.4838],[-149.3752,70.484],[-149.3748,70.4842],[-149.3745,70.4844],[-149.3743,70.4848],[-149.3742,70.485],[-149.3741,70.4854],[-149.3741,70.4857],[-149.3741,70.486],[-149.3739,70.4863],[-149.3735,70.4865],[-149.373,70.4868],[-149.3728,70.487],[-149.3726,70.4872],[-149.3722,70.4876],[-149.372,70.4878],[-149.3716,70.488],[-149.3706,70.4882],[-149.3699,70.4883],[-149.369,70.4885],[-149.3687,70.4886],[-149.3682,70.4889],[-149.368,70.4891],[-149.3675,70.4892],[-149.367,70.4893],[-149.366,70.4895],[-149.3654,70.4894],[-149.365,70.4894],[-149.3647,70.4894],[-149.3645,70.4895],[-149.3646,70.4896],[-149.365,70.4898],[-149.3655,70.4897],[-149.3664,70.4898],[-149.367,70.4898],[-149.3676,70.4898],[-149.368,70.4899],[-149.3685,70.4899],[-149.3691,70.4898],[-149.3694,70.4897],[-149.3697,70.4896],[-149.3702,70.4895],[-149.3709,70.4895],[-149.3715,70.4894],[-149.3722,70.4893],[-149.3727,70.4891],[-149.374,70.4889],[-149.3772,70.4883],[-149.3782,70.4881],[-149.3785,70.488],[-149.3791,70.4879],[-149.3795,70.4879],[-149.3804,70.4879],[-149.3807,70.4877],[-149.382,70.4875],[-149.3826,70.4874],[-149.3833,70.4872],[-149.3843,70.4871],[-149.3852,70.487],[-149.386,70.4869],[-149.3871,70.4869],[-149.3882,70.4869],[-149.389,70.487],[-149.3896,70.4871],[-149.3902,70.4871],[-149.3911,70.4872],[-149.3921,70.4873],[-149.3928,70.4873],[-149.393,70.4873],[-149.3932,70.4874],[-149.3943,70.4874],[-149.3953,70.4874],[-149.3962,70.4875],[-149.3969,70.4877],[-149.3973,70.4879],[-149.3974,70.488],[-149.3986,70.4882],[-149.3995,70.4883],[-149.4005,70.4885],[-149.4014,70.4886],[-149.4019,70.4887],[-149.4025,70.4888],[-149.4031,70.4889],[-149.4034,70.489],[-149.4043,70.4891],[-149.4047,70.4892],[-149.4058,70.4894],[-149.4065,70.4895],[-149.4072,70.4896],[-149.408,70.4896],[-149.4087,70.4897],[-149.4092,70.4899],[-149.4094,70.4899],[-149.4107,70.4902],[-149.4128,70.4903],[-149.4135,70.4903],[-149.414,70.4902],[-149.4152,70.4902],[-149.416,70.4904],[-149.4171,70.4905],[-149.4181,70.4905],[-149.4204,70.4904],[-149.4213,70.4901],[-149.4218,70.4899],[-149.4225,70.4896],[-149.4236,70.4892],[-149.424,70.489],[-149.4246,70.4882],[-149.4262,70.4876],[-149.4284,70.4874],[-149.4297,70.4872],[-149.4308,70.4872],[-149.4318,70.4872],[-149.4328,70.4873],[-149.4337,70.4872],[-149.4346,70.4872],[-149.4357,70.4871],[-149.4362,70.487],[-149.4366,70.487],[-149.4377,70.4869],[-149.4383,70.4868],[-149.4387,70.4868],[-149.4398,70.4869],[-149.4405,70.4869],[-149.442,70.487],[-149.4424,70.4868],[-149.443,70.4867],[-149.4441,70.4867],[-149.445,70.4865],[-149.4486,70.4863],[-149.451,70.4861],[-149.454,70.4859],[-149.4556,70.4854],[-149.4571,70.4849],[-149.4577,70.4845],[-149.458,70.484],[-149.4582,70.4836],[-149.4572,70.4833],[-149.4563,70.4829],[-149.4554,70.4824],[-149.4547,70.4821],[-149.4548,70.4816],[-149.455,70.4815],[-149.4552,70.4812],[-149.4554,70.4808],[-149.4556,70.4804],[-149.4564,70.48],[-149.4567,70.4797],[-149.4577,70.4792],[-149.4579,70.4787],[-149.458,70.4781],[-149.4577,70.478],[-149.4581,70.4777],[-149.4585,70.4775],[-149.4585,70.4771],[-149.4582,70.4769],[-149.4576,70.4767],[-149.4572,70.4765],[-149.4568,70.4762],[-149.4577,70.4761],[-149.4583,70.4761],[-149.4585,70.4761],[-149.4587,70.4761],[-149.4595,70.4755],[-149.4603,70.4747],[-149.4608,70.4746],[-149.4618,70.4744],[-149.4623,70.4743],[-149.4635,70.4742],[-149.4639,70.4741],[-149.4644,70.4742],[-149.465,70.4745],[-149.4642,70.4747],[-149.463,70.475],[-149.4624,70.4753],[-149.4615,70.4757],[-149.4613,70.4762],[-149.4614,70.4765],[-149.4615,70.4769],[-149.4615,70.4776],[-149.4616,70.478],[-149.4616,70.4783],[-149.4615,70.4785],[-149.4613,70.4787],[-149.4611,70.4792],[-149.4615,70.4794],[-149.4617,70.4796],[-149.4616,70.4798],[-149.4614,70.48],[-149.4609,70.4802],[-149.4606,70.4805],[-149.4599,70.4809],[-149.4599,70.481],[-149.4599,70.4812],[-149.4597,70.4814],[-149.4595,70.4815],[-149.4601,70.482],[-149.4606,70.4823],[-149.4614,70.4824],[-149.4618,70.4825],[-149.4629,70.4827],[-149.4633,70.4827],[-149.4635,70.4828],[-149.4636,70.483],[-149.4646,70.483],[-149.4653,70.483],[-149.4655,70.483],[-149.4673,70.4826],[-149.4681,70.4823],[-149.469,70.4821],[-149.4699,70.4819],[-149.4706,70.4819],[-149.4717,70.4818],[-149.4729,70.4818],[-149.4752,70.4812],[-149.4772,70.4811],[-149.4778,70.4807],[-149.4783,70.4806],[-149.4792,70.4805],[-149.4796,70.4805],[-149.4818,70.4802],[-149.4821,70.48],[-149.4827,70.4799],[-149.4833,70.4799],[-149.4839,70.4798],[-149.4834,70.4801],[-149.4824,70.4803],[-149.4823,70.4805],[-149.4822,70.4806],[-149.4817,70.4807],[-149.4803,70.4809],[-149.4795,70.4814],[-149.4779,70.4818],[-149.4765,70.4822],[-149.4749,70.4826],[-149.4735,70.483],[-149.4712,70.4832],[-149.4693,70.4835],[-149.4692,70.4838],[-149.469,70.4841],[-149.469,70.4844],[-149.4689,70.4849],[-149.4689,70.4852],[-149.4688,70.4854],[-149.4685,70.4856],[-149.4678,70.4859],[-149.4651,70.4864],[-149.4638,70.4868],[-149.4634,70.4872],[-149.4618,70.4876],[-149.4607,70.4877],[-149.4597,70.4881],[-149.4597,70.4885],[-149.4577,70.489],[-149.4569,70.4891],[-149.456,70.4891],[-149.4543,70.4894],[-149.4533,70.4895],[-149.4514,70.4895],[-149.4503,70.4896],[-149.4491,70.4896],[-149.4481,70.4899],[-149.4475,70.4902],[-149.4464,70.4903],[-149.444,70.4904],[-149.4431,70.4906],[-149.4426,70.4908],[-149.442,70.4913],[-149.4415,70.4916],[-149.4409,70.4916],[-149.439,70.4921],[-149.4372,70.4923],[-149.4345,70.4922],[-149.432,70.4922],[-149.4309,70.4921],[-149.4296,70.4918],[-149.4283,70.4919],[-149.4272,70.4924],[-149.4252,70.4928],[-149.4232,70.493],[-149.4222,70.4933],[-149.4225,70.4937],[-149.424,70.4947],[-149.4249,70.4951],[-149.4256,70.4956],[-149.4262,70.4962],[-149.4268,70.4968],[-149.4277,70.4974],[-149.4291,70.4987],[-149.4302,70.499],[-149.4313,70.5002],[-149.433,70.5013],[-149.4338,70.5019],[-149.4353,70.5026],[-149.4362,70.5032],[-149.438,70.5039],[-149.4388,70.5043],[-149.4406,70.5052],[-149.4417,70.5057],[-149.4425,70.5062],[-149.4437,70.5066],[-149.4446,70.5068],[-149.4455,70.5072],[-149.4466,70.5074],[-149.4476,70.5078],[-149.449,70.5083],[-149.4494,70.5084],[-149.4499,70.5086],[-149.4499,70.5087],[-149.451,70.509],[-149.4518,70.5091],[-149.4529,70.5093],[-149.4538,70.5094],[-149.4546,70.5096],[-149.4552,70.5099],[-149.4556,70.5101],[-149.4559,70.5103],[-149.4568,70.5109],[-149.4571,70.5111],[-149.4575,70.5116],[-149.4576,70.512],[-149.4579,70.5123],[-149.459,70.5133],[-149.4594,70.5139],[-149.4596,70.5143],[-149.4596,70.5147],[-149.4595,70.5154],[-149.4597,70.5157],[-149.46,70.5158],[-149.4602,70.5159],[-149.4609,70.5158],[-149.4614,70.5158],[-149.4628,70.5157],[-149.4633,70.5155],[-149.4637,70.5155],[-149.4647,70.5155],[-149.4652,70.5153],[-149.4656,70.5153],[-149.4662,70.5153],[-149.4669,70.5153],[-149.4672,70.5152],[-149.4676,70.5151],[-149.4683,70.5148],[-149.469,70.5145],[-149.4702,70.5142],[-149.4712,70.514],[-149.4716,70.5138],[-149.4729,70.5135],[-149.4737,70.5134],[-149.4758,70.5128],[-149.477,70.5125],[-149.478,70.5119],[-149.4795,70.5112],[-149.4802,70.5107],[-149.4806,70.5104],[-149.4817,70.5099],[-149.4822,70.5094],[-149.4832,70.509],[-149.4849,70.5089],[-149.4861,70.509],[-149.4872,70.5091],[-149.4885,70.5091],[-149.4894,70.5089],[-149.4906,70.5087],[-149.4922,70.5086],[-149.4932,70.5087],[-149.4936,70.5088],[-149.4944,70.5088],[-149.4952,70.5087],[-149.4958,70.5087],[-149.4972,70.5085],[-149.4986,70.5078],[-149.4997,70.5074],[-149.5013,70.5069],[-149.5015,70.5067],[-149.5025,70.5067],[-149.5032,70.5067],[-149.5037,70.5068],[-149.5047,70.5069],[-149.5052,70.5069],[-149.5064,70.5067],[-149.507,70.5063],[-149.5078,70.5063],[-149.5088,70.5059],[-149.5097,70.5056],[-149.5102,70.5053],[-149.5109,70.505],[-149.5115,70.5048],[-149.5123,70.5046],[-149.5131,70.5044],[-149.5137,70.5043],[-149.516,70.5036],[-149.5174,70.5028],[-149.5179,70.5026],[-149.5186,70.5022],[-149.5195,70.5014],[-149.5199,70.5011],[-149.5204,70.5004],[-149.5208,70.5],[-149.5214,70.4997],[-149.5227,70.4995],[-149.5244,70.4994],[-149.5274,70.4994],[-149.5289,70.4997],[-149.5304,70.4999],[-149.5316,70.5],[-149.5321,70.4999],[-149.5327,70.5001],[-149.5333,70.5002],[-149.5339,70.5],[-149.5347,70.4994],[-149.5338,70.4985],[-149.5328,70.4978],[-149.5331,70.4972],[-149.5331,70.4966],[-149.5323,70.4959],[-149.5317,70.4952],[-149.5332,70.4952],[-149.5354,70.4967],[-149.536,70.497],[-149.5366,70.4973],[-149.5381,70.4978],[-149.5394,70.4981],[-149.5425,70.4976],[-149.5446,70.4978],[-149.5458,70.4981],[-149.5467,70.4987],[-149.5485,70.4987],[-149.5492,70.4987],[-149.5497,70.4985],[-149.5502,70.4986],[-149.5508,70.4987],[-149.5523,70.4983],[-149.5541,70.4979],[-149.5558,70.4973],[-149.5571,70.4969],[-149.5589,70.4964],[-149.5598,70.496],[-149.5617,70.4958],[-149.5624,70.4958],[-149.5648,70.4956],[-149.5655,70.4954],[-149.5667,70.4953],[-149.5684,70.4953],[-149.5714,70.4955],[-149.5727,70.4957],[-149.5732,70.4957],[-149.5743,70.4955],[-149.5749,70.4954],[-149.5757,70.4953],[-149.5772,70.4953],[-149.5781,70.4953],[-149.5792,70.4953],[-149.5799,70.4955],[-149.5815,70.4957],[-149.5821,70.4959],[-149.5826,70.4961],[-149.5833,70.4962],[-149.5855,70.4964],[-149.5869,70.4965],[-149.5889,70.4967],[-149.5899,70.497],[-149.5905,70.4973],[-149.5914,70.4977],[-149.5926,70.4978],[-149.5935,70.498],[-149.5945,70.4981],[-149.5952,70.4982],[-149.5971,70.4982],[-149.6002,70.4983],[-149.6018,70.4983],[-149.6028,70.4984],[-149.6047,70.4989],[-149.6058,70.499],[-149.6075,70.4992],[-149.6082,70.4992],[-149.6102,70.4994],[-149.6125,70.4997],[-149.6136,70.4997],[-149.6145,70.4998],[-149.6148,70.4999],[-149.6154,70.4999],[-149.6159,70.4999],[-149.6166,70.5],[-149.618,70.5],[-149.6196,70.5002],[-149.6202,70.5002],[-149.6219,70.5001],[-149.6234,70.5003],[-149.6247,70.5007],[-149.626,70.5009],[-149.6273,70.501],[-149.6291,70.5011],[-149.6298,70.5012],[-149.6304,70.5013],[-149.6318,70.5014],[-149.6348,70.5018],[-149.6373,70.5025],[-149.6395,70.5034],[-149.6421,70.504],[-149.6456,70.5039],[-149.6475,70.504],[-149.6492,70.5045],[-149.6512,70.5055],[-149.6529,70.5065],[-149.6544,70.5075],[-149.6552,70.5076],[-149.6565,70.5081],[-149.6567,70.5084],[-149.6583,70.509],[-149.6601,70.5094],[-149.6609,70.5094],[-149.6651,70.5074],[-149.667,70.5061],[-149.6683,70.5058],[-149.6693,70.5057],[-149.6702,70.5059],[-149.671,70.506],[-149.6725,70.5057],[-149.6736,70.5054],[-149.6748,70.5048],[-149.6757,70.504],[-149.6762,70.5036],[-149.6768,70.5033],[-149.6773,70.5028],[-149.678,70.5026],[-149.6783,70.502],[-149.68,70.5018],[-149.6834,70.5017],[-149.6848,70.5012],[-149.684,70.501],[-149.684,70.5007],[-149.6824,70.5007],[-149.6824,70.5005],[-149.6862,70.4999],[-149.6861,70.4996],[-149.6853,70.4993],[-149.6845,70.499],[-149.684,70.4988],[-149.6842,70.4985],[-149.6844,70.4984],[-149.6868,70.4982],[-149.6881,70.4982],[-149.6897,70.4981],[-149.6905,70.4983],[-149.6921,70.499],[-149.6925,70.4994],[-149.6929,70.4995],[-149.6935,70.4995],[-149.6942,70.4994],[-149.6948,70.4992],[-149.696,70.499],[-149.6962,70.4986],[-149.6974,70.4985],[-149.6982,70.4983],[-149.6995,70.4983],[-149.7014,70.4981],[-149.7022,70.4977],[-149.7031,70.4975],[-149.7043,70.4976],[-149.7047,70.4977],[-149.7052,70.4979],[-149.7059,70.4979],[-149.7071,70.4978],[-149.7084,70.4976],[-149.7092,70.4977],[-149.7099,70.4978],[-149.7107,70.4981],[-149.7115,70.4985],[-149.7119,70.4988],[-149.7119,70.499],[-149.7114,70.4992],[-149.7099,70.4993],[-149.7095,70.4994],[-149.7089,70.4996],[-149.7089,70.4997],[-149.7106,70.4998],[-149.7122,70.4998],[-149.7125,70.5],[-149.7137,70.5003],[-149.7138,70.5005],[-149.7137,70.5009],[-149.717,70.5015],[-149.7176,70.5007],[-149.7192,70.5007],[-149.7197,70.5017],[-149.7178,70.502],[-149.7172,70.503],[-149.7157,70.5034],[-149.7141,70.5036],[-149.7125,70.5038],[-149.7131,70.5039],[-149.7138,70.5039],[-149.7141,70.5039],[-149.7145,70.5038],[-149.7151,70.5037],[-149.7159,70.5038],[-149.7165,70.5038],[-149.7168,70.5041],[-149.7174,70.5045],[-149.7183,70.5045],[-149.7196,70.5043],[-149.7206,70.503],[-149.7241,70.5032],[-149.7263,70.5028],[-149.7254,70.5023],[-149.7254,70.5016],[-149.7253,70.5014],[-149.7258,70.5012],[-149.7273,70.5015],[-149.7276,70.5015],[-149.7281,70.5015],[-149.7284,70.5014],[-149.7303,70.5014],[-149.7306,70.5009],[-149.7305,70.5007],[-149.7309,70.5003],[-149.7317,70.4998],[-149.733,70.4992],[-149.734,70.4989],[-149.7351,70.4987],[-149.7357,70.4984],[-149.7375,70.4982],[-149.7385,70.4981],[-149.7397,70.4979],[-149.7403,70.4979],[-149.7412,70.4979],[-149.742,70.4979],[-149.7419,70.4977],[-149.7415,70.4976],[-149.7405,70.4973],[-149.7403,70.4969],[-149.7404,70.4967],[-149.7406,70.4966],[-149.7411,70.4963],[-149.7415,70.4963],[-149.7438,70.4962],[-149.7449,70.4955],[-149.7461,70.4951],[-149.7476,70.4949],[-149.7481,70.4947],[-149.7479,70.4943],[-149.7464,70.4941],[-149.7456,70.494],[-149.7461,70.4935],[-149.7479,70.4932],[-149.7496,70.4934],[-149.7511,70.4936],[-149.7517,70.4939],[-149.7522,70.4942],[-149.751,70.4951],[-149.7508,70.4956],[-149.7517,70.4959],[-149.753,70.4959],[-149.7537,70.4958],[-149.7543,70.4957],[-149.7555,70.4956],[-149.7565,70.4957],[-149.7575,70.4959],[-149.7583,70.4959],[-149.7583,70.4956],[-149.759,70.4955],[-149.7594,70.4949],[-149.7601,70.4944],[-149.7607,70.4941],[-149.7613,70.4938],[-149.7618,70.4936],[-149.7628,70.4925],[-149.763,70.492],[-149.7631,70.4913],[-149.7641,70.4907],[-149.7659,70.49],[-149.7672,70.4894],[-149.7676,70.4884],[-149.7675,70.4879],[-149.7675,70.4874],[-149.7676,70.4872],[-149.7737,70.4861],[-149.7755,70.4863],[-149.7762,70.4864],[-149.7771,70.4866],[-149.7785,70.4867],[-149.7807,70.4867],[-149.7815,70.4867],[-149.7823,70.4867],[-149.7839,70.4869],[-149.7846,70.4872],[-149.7858,70.4877],[-149.7876,70.4884],[-149.7885,70.4888],[-149.7895,70.4895],[-149.7894,70.4899],[-149.7903,70.4904],[-149.7913,70.4909],[-149.7922,70.4911],[-149.7937,70.4915],[-149.7948,70.4918],[-149.7958,70.4922],[-149.7971,70.4921],[-149.7984,70.4919],[-149.8,70.4917],[-149.8018,70.4915],[-149.8038,70.4913],[-149.8044,70.4912],[-149.8062,70.4911],[-149.8069,70.491],[-149.8078,70.4908],[-149.8085,70.4908],[-149.8101,70.491],[-149.8114,70.4911],[-149.8125,70.4912],[-149.814,70.4913],[-149.8154,70.4915],[-149.8189,70.4918],[-149.8199,70.4921],[-149.8208,70.4924],[-149.8219,70.4928],[-149.8238,70.4935],[-149.8249,70.4941],[-149.8255,70.4943],[-149.8266,70.4949],[-149.8271,70.4952],[-149.829,70.4968],[-149.8297,70.497],[-149.8304,70.4974],[-149.8325,70.4985],[-149.8333,70.4986],[-149.8335,70.4986],[-149.834,70.4985],[-149.8346,70.4984],[-149.8358,70.4984],[-149.8364,70.4984],[-149.8371,70.4984],[-149.8382,70.4985],[-149.8401,70.4986],[-149.8406,70.4988],[-149.8413,70.499],[-149.8423,70.4993],[-149.843,70.4995],[-149.8439,70.4998],[-149.8453,70.5004],[-149.8463,70.5008],[-149.8494,70.5022],[-149.8503,70.5026],[-149.8526,70.5037],[-149.855,70.505],[-149.8558,70.5056],[-149.8568,70.5061],[-149.8589,70.5074],[-149.8604,70.5082],[-149.8611,70.5087],[-149.8618,70.5093],[-149.8664,70.5122],[-149.8691,70.5124],[-149.8707,70.5127],[-149.8718,70.5124],[-149.8718,70.5109],[-149.8714,70.5105],[-149.8719,70.51],[-149.8682,70.5077],[-149.8723,70.5051],[-149.8733,70.5047],[-149.8752,70.5036],[-149.876,70.5033],[-149.8765,70.5032],[-149.8778,70.5027],[-149.8794,70.5021],[-149.8819,70.5015],[-149.8824,70.5013],[-149.8865,70.5002],[-149.887,70.5],[-149.8878,70.4998],[-149.8882,70.4996],[-149.8941,70.4987],[-149.8946,70.4984],[-149.8974,70.4977],[-149.898,70.4975],[-149.899,70.4973],[-149.8994,70.4971],[-149.9003,70.4968],[-149.9008,70.4966],[-149.9085,70.4947],[-149.909,70.4945],[-149.9105,70.494],[-149.9111,70.4936],[-149.9156,70.4925],[-149.9163,70.4923],[-149.9187,70.4917],[-149.9192,70.4915],[-149.9203,70.4912],[-149.9207,70.4909],[-149.9285,70.4886],[-149.9289,70.4883],[-149.9306,70.4878],[-149.9311,70.4875],[-149.9318,70.4872],[-149.9345,70.4861],[-149.9355,70.4858],[-149.9385,70.4846],[-149.9399,70.484],[-149.9432,70.4824],[-149.9453,70.4813],[-149.9482,70.48],[-149.9518,70.4787],[-149.9533,70.4781],[-149.9598,70.476],[-149.9613,70.4754],[-149.9627,70.4749],[-149.9649,70.4741],[-149.9666,70.4736],[-149.9709,70.4723],[-149.9746,70.471],[-149.9789,70.4697],[-149.9802,70.4694],[-149.9822,70.469],[-149.9836,70.4687],[-149.9848,70.4682],[-149.9881,70.4674],[-149.9899,70.4667],[-149.994,70.4655],[-149.9954,70.4651],[-149.9979,70.4645],[-150.0002,70.4638],[-150.0025,70.4631],[-150.0052,70.4622],[-150.0075,70.4614],[-150.0088,70.4611],[-150.0109,70.4605],[-150.0138,70.4593],[-150.016,70.4584],[-150.0172,70.4578],[-150.019,70.4571],[-150.0207,70.4563],[-150.0228,70.4554],[-150.0255,70.4544],[-150.0278,70.4529],[-150.0305,70.4519],[-150.0316,70.4518],[-150.0331,70.4516],[-150.0356,70.4506],[-150.0384,70.4495],[-150.0408,70.4486],[-150.0449,70.4472],[-150.0516,70.4455],[-150.0577,70.444],[-150.0642,70.4424],[-150.0657,70.4418],[-150.0677,70.441],[-150.0696,70.4402],[-150.0706,70.4396],[-150.0751,70.4383],[-150.0775,70.4377],[-150.0799,70.4369],[-150.0835,70.4361],[-150.0867,70.4354],[-150.0891,70.4347],[-150.093,70.4338],[-150.0991,70.4323],[-150.1003,70.432],[-150.1025,70.4313],[-150.1044,70.4304],[-150.1043,70.4297],[-150.1041,70.4296],[-150.1043,70.4294],[-150.1042,70.4292],[-150.1095,70.4282],[-150.1114,70.4283],[-150.1126,70.4286],[-150.1134,70.4288],[-150.1152,70.4293],[-150.1173,70.4298],[-150.1193,70.4304],[-150.1214,70.4307],[-150.1254,70.4313],[-150.1296,70.4319],[-150.1334,70.4325],[-150.1348,70.4328],[-150.1364,70.433],[-150.1382,70.4331],[-150.1399,70.4331],[-150.1408,70.4331],[-150.1419,70.433],[-150.1444,70.433],[-150.1463,70.4331],[-150.1473,70.4329],[-150.1488,70.4328],[-150.151,70.4324],[-150.1516,70.4323],[-150.1522,70.4322],[-150.153,70.4322],[-150.1543,70.432],[-150.1548,70.432],[-150.1561,70.4319],[-150.1576,70.4323],[-150.1591,70.4323],[-150.1601,70.432],[-150.162,70.4318],[-150.1646,70.4318],[-150.1659,70.4318],[-150.1673,70.4318],[-150.1683,70.4318],[-150.1692,70.4317],[-150.1699,70.4317],[-150.172,70.4315],[-150.1747,70.4317],[-150.1765,70.4319],[-150.1779,70.4321],[-150.1792,70.4322],[-150.181,70.4326],[-150.1835,70.4332],[-150.1849,70.4336],[-150.1863,70.4341],[-150.189,70.435],[-150.1897,70.4352]]},"properties":{}},{"type":"Feature","geometry":{"type":"LineString","coordinates":[[-150.8642,70.4511],[-150.866,70.4498],[-150.8673,70.4514],[-150.8655,70.4524],[-150.8647,70.4532],[-150.8628,70.4544],[-150.8632,70.455],[-150.8651,70.4553],[-150.8698,70.4548],[-150.8742,70.4546],[-150.8782,70.4541],[-150.8805,70.4539],[-150.882,70.4535],[-150.8826,70.4526],[-150.8846,70.4518],[-150.887,70.4518],[-150.8891,70.4515],[-150.893,70.4515],[-150.8957,70.4513],[-150.8989,70.4511],[-150.9017,70.4511],[-150.9047,70.4515],[-150.9052,70.4522],[-150.9041,70.4533],[-150.9027,70.4537],[-150.8999,70.4543],[-150.8988,70.4546],[-150.901,70.4554],[-150.9034,70.4557],[-150.9038,70.4563],[-150.9041,70.4568],[-150.905,70.4571],[-150.9088,70.4571],[-150.9135,70.4571],[-150.9162,70.4566],[-150.9172,70.456],[-150.9179,70.4555],[-150.9182,70.4548],[-150.9184,70.4533],[-150.9184,70.4522],[-150.9184,70.4513],[-150.9193,70.4503],[-150.9195,70.4496],[-150.9187,70.4483],[-150.9177,70.4475],[-150.9163,70.4469],[-150.9156,70.4466],[-150.9153,70.4461],[-150.9148,70.4454],[-150.9135,70.4448],[-150.9117,70.4447],[-150.9096,70.4446],[-150.9087,70.4442],[-150.9079,70.4437],[-150.9075,70.4434],[-150.9073,70.4426],[-150.9091,70.4422],[-150.9107,70.4416],[-150.911,70.4404],[-150.9126,70.4403],[-150.915,70.4398],[-150.916,70.4394],[-150.9163,70.439],[-150.9153,70.4384],[-150.913,70.4379],[-150.9104,70.4376],[-150.9078,70.4372],[-150.9054,70.4367],[-150.9045,70.4355],[-150.9057,70.4353],[-150.9088,70.4357],[-150.9131,70.4361],[-150.9172,70.4358],[-150.9199,70.435],[-150.917,70.4348],[-150.9149,70.4339],[-150.9175,70.4339],[-150.9196,70.4337],[-150.922,70.4338],[-150.923,70.4339],[-150.9248,70.4338],[-150.9265,70.4336],[-150.9284,70.4336],[-150.9307,70.4335],[-150.9317,70.4333],[-150.9334,70.4332],[-150.9351,70.4334],[-150.9365,70.4336],[-150.9379,70.4334],[-150.9391,70.4332],[-150.9399,70.4332],[-150.9409,70.4335],[-150.9424,70.4338],[-150.943,70.4344],[-150.9445,70.4348],[-150.9444,70.4339],[-150.9443,70.4328],[-150.9472,70.4314],[-150.9495,70.4304],[-150.9523,70.429],[-150.9562,70.4274],[-150.9577,70.4262],[-150.9577,70.4255],[-150.9582,70.4246]]},"properties":{}},{"type":"Feature","geometry":{"type":"LineString","coordinates":[[-150.7488,70.4203],[-150.7505,70.4197],[-150.7512,70.4192],[-150.7527,70.4191],[-150.7554,70.4184],[-150.7578,70.4177],[-150.7586,70.4159],[-150.7572,70.4146],[-150.7423,70.4124],[-150.7394,70.4109],[-150.7417,70.407],[-150.7373,70.3997],[-150.736,70.3989],[-150.7345,70.3988],[-150.7278,70.3999],[-150.7272,70.4009],[-150.7257,70.4009],[-150.7251,70.4017],[-150.7169,70.4029],[-150.717,70.4032],[-150.722,70.4036],[-150.7231,70.4056],[-150.7221,70.4064],[-150.7109,70.4074],[-150.711,70.4079],[-150.71,70.4069],[-150.6993,70.4069],[-150.6986,70.4051],[-150.7011,70.4041],[-150.7042,70.4042],[-150.7041,70.4037],[-150.7147,70.4031],[-150.7156,70.3999],[-150.7111,70.4003],[-150.7081,70.4003],[-150.7088,70.3999],[-150.7103,70.3998],[-150.7109,70.3989],[-150.7064,70.3995],[-150.7065,70.4001],[-150.693,70.4013],[-150.6931,70.4019],[-150.6862,70.4017],[-150.6861,70.4012],[-150.6844,70.4013],[-150.6833,70.4016],[-150.6822,70.4022],[-150.6808,70.403],[-150.68,70.4037],[-150.6795,70.4042],[-150.6785,70.4047],[-150.6777,70.4051],[-150.677,70.4058],[-150.6749,70.4076],[-150.6734,70.4084],[-150.6728,70.4093],[-150.6723,70.41],[-150.6689,70.4128],[-150.6682,70.4138],[-150.668,70.415],[-150.6679,70.4158],[-150.6666,70.4168],[-150.6646,70.4177],[-150.6628,70.4185],[-150.6615,70.4195],[-150.6604,70.4202],[-150.6597,70.4206],[-150.6578,70.4216],[-150.6556,70.423],[-150.6509,70.4283],[-150.6519,70.43],[-150.6534,70.4313],[-150.6556,70.4325],[-150.6598,70.4337],[-150.6619,70.4342],[-150.6642,70.4345],[-150.6662,70.4347],[-150.6685,70.4346],[-150.6691,70.4338],[-150.6707,70.434],[-150.6744,70.4365],[-150.6767,70.438],[-150.6823,70.4413],[-150.6857,70.444],[-150.6892,70.4477],[-150.6915,70.4484],[-150.6976,70.4491],[-150.7038,70.449],[-150.7093,70.449],[-150.7143,70.4492],[-150.7196,70.45],[-150.7246,70.451],[-150.7278,70.4518],[-150.7301,70.4531],[-150.7293,70.4545],[-150.7311,70.4553],[-150.7308,70.4559],[-150.7423,70.462],[-150.7461,70.4622],[-150.7453,70.4617],[-150.7438,70.4617],[-150.7428,70.4607],[-150.7451,70.4609],[-150.7442,70.4599],[-150.742,70.4602],[-150.743,70.4597],[-150.7425,70.4592],[-150.7448,70.4592],[-150.7449,70.4599],[-150.748,70.4599],[-150.7489,70.4609],[-150.7513,70.4611],[-150.7507,70.4618],[-150.7476,70.4619],[-150.7485,70.4624],[-150.7523,70.4626],[-150.7524,70.4631],[-150.7539,70.4631],[-150.7565,70.4643],[-150.7656,70.4642],[-150.7678,70.4637],[-150.7841,70.4649],[-150.7848,70.4647],[-150.7874,70.4643],[-150.7905,70.4644],[-150.7931,70.4644],[-150.7962,70.4643],[-150.7983,70.464],[-150.7979,70.4627],[-150.7992,70.4609],[-150.7989,70.4593],[-150.798,70.4572],[-150.7956,70.4553],[-150.7942,70.4529],[-150.7937,70.4504],[-150.793,70.4488],[-150.7947,70.4474],[-150.7945,70.4467],[-150.7945,70.4457],[-150.7887,70.4442],[-150.7866,70.4439],[-150.7846,70.4437],[-150.7817,70.4435],[-150.7797,70.4433],[-150.7779,70.4429],[-150.7749,70.4426],[-150.7727,70.4423],[-150.7702,70.4422],[-150.7658,70.4421],[-150.7637,70.4421],[-150.7622,70.442],[-150.7599,70.4418],[-150.7579,70.4415],[-150.7561,70.4412],[-150.7534,70.4404],[-150.7516,70.4396],[-150.7505,70.4388],[-150.75,70.4379],[-150.7496,70.4374],[-150.7495,70.4368],[-150.749,70.4352],[-150.7497,70.4343],[-150.7497,70.4336],[-150.7499,70.4329],[-150.7506,70.4321],[-150.7521,70.4298],[-150.7531,70.4287],[-150.7532,70.4281],[-150.7522,70.4271],[-150.7491,70.4263],[-150.7478,70.4262],[-150.7437,70.4262],[-150.7427,70.4259],[-150.7414,70.4253],[-150.7407,70.4248],[-150.7411,70.4238],[-150.7419,70.423],[-150.743,70.4224],[-150.7458,70.4219],[-150.7468,70.4214],[-150.7474,70.4209],[-150.7488,70.4203]]},"properties":{}},{"type":"Feature","geometry":{"type":"LineString","coordinates":[[-150.9304,70.443],[-150.9338,70.4425],[-150.9346,70.4422],[-150.9357,70.4416],[-150.9367,70.4409],[-150.9375,70.4405],[-150.9383,70.4397],[-150.9393,70.4389],[-150.9417,70.438],[-150.9429,70.4376],[-150.9442,70.4371],[-150.9451,70.4367],[-150.9453,70.4363],[-150.9452,70.4358],[-150.9446,70.4357],[-150.9445,70.4362],[-150.9438,70.4368],[-150.9428,70.4372],[-150.9412,70.4375],[-150.9395,70.4379],[-150.9376,70.4382],[-150.9353,70.4384],[-150.9334,70.4386],[-150.9314,70.4387],[-150.9294,70.4387],[-150.9276,70.4388],[-150.9263,70.4389],[-150.9252,70.4389],[-150.9242,70.4391],[-150.924,70.4393],[-150.9243,70.4397],[-150.9256,70.4401],[-150.9262,70.4404],[-150.9267,70.441],[-150.9272,70.4415],[-150.9279,70.4416],[-150.9279,70.442],[-150.9278,70.4423],[-150.9284,70.4427],[-150.9293,70.4429],[-150.9304,70.443]]},"properties":{}},{"type":"Feature","geometry":{"type":"LineString","coordinates":[[-150.9009,70.4596],[-150.8981,70.4596],[-150.8978,70.4601],[-150.8991,70.4604],[-150.9,70.4605],[-150.902,70.4608],[-150.9034,70.461],[-150.9051,70.4611],[-150.9063,70.4613],[-150.9076,70.462],[-150.9071,70.4625],[-150.9083,70.4639],[-150.91,70.4639],[-150.9109,70.4636],[-150.916,70.4631],[-150.9185,70.4629],[-150.9205,70.4628],[-150.9218,70.4622],[-150.9226,70.461],[-150.9241,70.4609],[-150.9256,70.4606],[-150.9273,70.4602],[-150.9284,70.4601],[-150.9316,70.4601],[-150.9322,70.4603],[-150.9335,70.4603],[-150.9352,70.4604],[-150.937,70.4604],[-150.9387,70.4602],[-150.938,70.4596],[-150.9374,70.4592],[-150.9379,70.4589],[-150.9384,70.4588],[-150.9381,70.4579],[-150.9403,70.4574],[-150.9422,70.4574],[-150.9432,70.4575],[-150.9457,70.458],[-150.9484,70.4587],[-150.9524,70.4586],[-150.954,70.4584],[-150.9552,70.4584],[-150.9563,70.4583],[-150.9577,70.4577],[-150.9585,70.4569],[-150.9605,70.4562],[-150.9607,70.4555],[-150.9609,70.4551],[-150.9605,70.4544],[-150.9602,70.454],[-150.9602,70.4538],[-150.9612,70.4533],[-150.961,70.4519],[-150.9608,70.4516],[-150.9602,70.451],[-150.9602,70.4506],[-150.9608,70.4499],[-150.9606,70.4493],[-150.9599,70.4482],[-150.9589,70.4469],[-150.9571,70.4458],[-150.9546,70.4444],[-150.954,70.4436],[-150.9542,70.4429],[-150.9526,70.4414],[-150.9518,70.4409],[-150.9494,70.4399],[-150.948,70.4391],[-150.947,70.4382],[-150.9445,70.4383],[-150.9409,70.44],[-150.94,70.4408],[-150.9384,70.4417],[-150.9366,70.4424],[-150.9337,70.4433],[-150.9308,70.4443],[-150.9286,70.4447],[-150.9276,70.445],[-150.924,70.4466],[-150.9224,70.4473],[-150.9215,70.4477],[-150.9211,70.4505],[-150.9206,70.4518],[-150.9206,70.4525],[-150.9213,70.4543],[-150.9212,70.4556],[-150.9206,70.4564],[-150.9198,70.4568],[-150.9163,70.4576],[-150.9133,70.4582],[-150.911,70.4586],[-150.9075,70.4592],[-150.9059,70.4596],[-150.9046,70.4597],[-150.9035,70.4597],[-150.9009,70.4596]]},"properties":{}},{"type":"Feature","geometry":{"type":"LineString","coordinates":[[-150.8237,70.456],[-150.8267,70.4557],[-150.8291,70.4551],[-150.8304,70.4547],[-150.8332,70.4537],[-150.8353,70.4527],[-150.8364,70.4518],[-150.8376,70.4512],[-150.8374,70.4503],[-150.8382,70.4495],[-150.8386,70.4491]]},"properties":{}},{"type":"Feature","geometry":{"type":"LineString","coordinates":[[-150.8451,70.4484],[-150.847,70.4491],[-150.8486,70.4499],[-150.8505,70.4505],[-150.852,70.4515],[-150.8545,70.4528],[-150.8568,70.453],[-150.8603,70.4523],[-150.8642,70.4511]]},"properties":{}},{"type":"Feature","geometry":{"type":"LineString","coordinates":[[-150.8386,70.4491],[-150.8451,70.4484]]},"properties":{}},{"type":"Feature","geometry":{"type":"LineString","coordinates":[[-150.8095,70.4559],[-150.811,70.4554],[-150.8113,70.4548],[-150.8112,70.4541],[-150.8085,70.4534],[-150.8075,70.4534],[-150.8054,70.4534],[-150.8045,70.4538],[-150.8037,70.4546],[-150.8046,70.4554],[-150.8061,70.4558],[-150.8076,70.456],[-150.8089,70.4559],[-150.8095,70.4559]]},"properties":{}},{"type":"Feature","geometry":{"type":"LineString","coordinates":[[-150.8011,70.4513],[-150.8025,70.4509],[-150.8035,70.4504],[-150.8039,70.4496],[-150.8035,70.4487],[-150.8022,70.4478],[-150.8002,70.4467],[-150.7993,70.4464],[-150.7978,70.4461],[-150.7973,70.447],[-150.7971,70.4475],[-150.7966,70.4479],[-150.7959,70.4488],[-150.7963,70.4496],[-150.7971,70.4504],[-150.7982,70.4511],[-150.7989,70.4513],[-150.8011,70.4513]]},"properties":{}},{"type":"Feature","geometry":{"type":"LineString","coordinates":[[-150.689,70.3814],[-150.6879,70.3817],[-150.6781,70.383],[-150.6731,70.3841],[-150.6713,70.3845],[-150.6695,70.3849],[-150.6668,70.3858],[-150.6645,70.3871],[-150.6656,70.3876],[-150.6686,70.3879],[-150.6727,70.3875],[-150.6774,70.3869],[-150.6843,70.3872],[-150.6869,70.3879],[-150.6881,70.3883],[-150.6888,70.389],[-150.6894,70.3899],[-150.6904,70.3932],[-150.6861,70.3989],[-150.6868,70.4007],[-150.6891,70.401],[-150.6919,70.4011],[-150.6971,70.4005],[-150.701,70.3997],[-150.7033,70.3994],[-150.7049,70.399],[-150.7044,70.3987],[-150.7025,70.3988],[-150.7015,70.3987],[-150.7001,70.3986],[-150.6975,70.3982],[-150.6961,70.3979],[-150.6954,70.3974],[-150.6953,70.3969],[-150.6963,70.3966],[-150.6971,70.3958],[-150.6975,70.3947],[-150.6999,70.3937],[-150.7037,70.3933],[-150.7097,70.3931],[-150.7103,70.3946],[-150.7134,70.395],[-150.7173,70.3969],[-150.7209,70.3994],[-150.7246,70.3992],[-150.724,70.3976],[-150.7286,70.3959],[-150.7317,70.3962],[-150.7334,70.3971],[-150.7351,70.3978],[-150.7368,70.3957],[-150.739,70.3942],[-150.741,70.3927],[-150.7443,70.3919],[-150.7448,70.391],[-150.7431,70.3903],[-150.7407,70.3898],[-150.7373,70.3892],[-150.736,70.3889],[-150.7348,70.3885],[-150.7337,70.3882],[-150.7307,70.3875],[-150.7257,70.3875],[-150.723,70.3875],[-150.7211,70.3877],[-150.7192,70.3879],[-150.7159,70.3878],[-150.7124,70.3876],[-150.7114,70.3872],[-150.7105,70.3866],[-150.7097,70.386],[-150.7084,70.3849],[-150.7072,70.384],[-150.7058,70.3828],[-150.7051,70.3821],[-150.7041,70.3815],[-150.7029,70.3808],[-150.7031,70.3804],[-150.7043,70.3795],[-150.7024,70.3794],[-150.7011,70.3793],[-150.6969,70.3797],[-150.6945,70.3801],[-150.6924,70.3806],[-150.6908,70.3809],[-150.689,70.3814]]},"properties":{}},{"type":"Feature","geometry":{"type":"LineString","coordinates":[[-150.5811,70.4728],[-150.5824,70.4715],[-150.5846,70.4702],[-150.587,70.4688],[-150.5893,70.4677],[-150.5917,70.4669],[-150.5951,70.4661],[-150.5994,70.4653],[-150.6024,70.4649],[-150.6071,70.4647],[-150.6113,70.4646],[-150.6138,70.4643],[-150.622,70.4639],[-150.6251,70.4632],[-150.6265,70.4625],[-150.6282,70.4614],[-150.6296,70.4602],[-150.6323,70.4582],[-150.633,70.4563],[-150.633,70.455],[-150.6301,70.4527],[-150.629,70.4518],[-150.6276,70.4511],[-150.6244,70.4496],[-150.6232,70.4489],[-150.6219,70.4482],[-150.6189,70.4472],[-150.6158,70.4461],[-150.6154,70.4455],[-150.6145,70.4441],[-150.6147,70.4434],[-150.6118,70.4429],[-150.6103,70.4423],[-150.6095,70.4414],[-150.6089,70.441],[-150.606,70.4411],[-150.6032,70.4417],[-150.6034,70.4423],[-150.6043,70.4427],[-150.6044,70.4433],[-150.6042,70.444],[-150.6017,70.4463],[-150.6016,70.4469],[-150.6012,70.4474],[-150.5999,70.4478],[-150.5981,70.448],[-150.5962,70.4481],[-150.5946,70.4479],[-150.593,70.4475],[-150.5912,70.4476],[-150.5893,70.4481],[-150.5885,70.4488],[-150.5883,70.4492],[-150.5874,70.4496],[-150.5854,70.4499],[-150.5831,70.4504],[-150.5825,70.4509],[-150.581,70.4512],[-150.5791,70.4513],[-150.577,70.4509],[-150.5759,70.4503],[-150.5742,70.449],[-150.5724,70.4483],[-150.5702,70.4482],[-150.5678,70.4487],[-150.5664,70.4491],[-150.5652,70.4494],[-150.5634,70.45],[-150.5614,70.4506],[-150.5613,70.4511],[-150.5617,70.4521],[-150.5626,70.4528],[-150.5618,70.4533],[-150.5606,70.4546],[-150.5612,70.4554],[-150.5605,70.456],[-150.5591,70.4565],[-150.5587,70.4571],[-150.5581,70.4596],[-150.5581,70.4604],[-150.5581,70.461],[-150.5597,70.4629],[-150.5604,70.4636],[-150.5622,70.4644],[-150.5637,70.465],[-150.5643,70.4657],[-150.5652,70.4663],[-150.5664,70.4668],[-150.5672,70.4674],[-150.5692,70.4692],[-150.5706,70.47],[-150.5714,70.4705],[-150.5722,70.4708],[-150.5733,70.4709],[-150.5742,70.4713],[-150.5759,70.472],[-150.5767,70.4723],[-150.5781,70.4727],[-150.5794,70.4729],[-150.5803,70.473],[-150.5811,70.4728]]},"properties":{}},{"type":"Feature","geometry":{"type":"LineString","coordinates":[[-150.5547,70.4075],[-150.5551,70.4077],[-150.555,70.408],[-150.5545,70.4082],[-150.5536,70.4083],[-150.5525,70.4082],[-150.552,70.408],[-150.5518,70.4077],[-150.5521,70.4074],[-150.5515,70.4073],[-150.5507,70.4073],[-150.5493,70.4074],[-150.547,70.4078],[-150.5449,70.4085],[-150.5437,70.4091],[-150.5423,70.4099],[-150.5409,70.4105],[-150.5398,70.4111],[-150.5382,70.4118],[-150.5368,70.4124],[-150.5357,70.4129],[-150.5307,70.4146],[-150.5294,70.4151],[-150.5281,70.4158],[-150.5263,70.4165],[-150.5247,70.4171],[-150.5218,70.418],[-150.5205,70.4186],[-150.5178,70.4198],[-150.513,70.4218],[-150.5108,70.4225],[-150.5097,70.423],[-150.5084,70.4237],[-150.506,70.425],[-150.5044,70.4262],[-150.5037,70.4271],[-150.5029,70.428],[-150.502,70.429],[-150.5012,70.4298],[-150.4988,70.4324],[-150.4982,70.4331],[-150.4982,70.4337],[-150.4982,70.4344],[-150.4977,70.4351],[-150.4949,70.4368],[-150.4944,70.4376],[-150.494,70.4386],[-150.4929,70.4407],[-150.4925,70.4418],[-150.4924,70.4428],[-150.4927,70.4434],[-150.494,70.4436],[-150.4954,70.4427],[-150.4962,70.4417],[-150.4972,70.4405],[-150.4984,70.4392],[-150.4999,70.4379],[-150.5003,70.437],[-150.5007,70.4364],[-150.5012,70.4364],[-150.5014,70.4369],[-150.5014,70.4376],[-150.5012,70.439],[-150.5009,70.4403],[-150.4999,70.4414],[-150.4983,70.4426],[-150.4975,70.4435],[-150.4978,70.4441],[-150.498,70.4445],[-150.498,70.4453],[-150.4974,70.4458],[-150.4964,70.4461],[-150.4947,70.4467],[-150.4938,70.4471],[-150.492,70.4484],[-150.4911,70.4493],[-150.4905,70.4497],[-150.4892,70.4504],[-150.4883,70.4518],[-150.4878,70.4525],[-150.4872,70.4531],[-150.4864,70.4537],[-150.4859,70.4542],[-150.485,70.4548],[-150.4845,70.4552],[-150.4834,70.4567],[-150.4827,70.4573],[-150.483,70.4576],[-150.4834,70.4579],[-150.4832,70.4582],[-150.4828,70.4583],[-150.4818,70.4582],[-150.4814,70.458],[-150.4794,70.4588],[-150.4782,70.4596],[-150.4773,70.4602],[-150.4763,70.4609],[-150.4755,70.4616],[-150.4752,70.4621],[-150.4747,70.4626],[-150.4728,70.464],[-150.4721,70.4645],[-150.4711,70.4651],[-150.4708,70.4655],[-150.4708,70.4658],[-150.4702,70.4664],[-150.4694,70.4669],[-150.4696,70.4671],[-150.4704,70.4671],[-150.4713,70.4671],[-150.4724,70.4668],[-150.4732,70.4665],[-150.475,70.4658],[-150.4763,70.4658],[-150.4774,70.4651],[-150.4794,70.4642],[-150.4805,70.4632],[-150.4808,70.4628],[-150.4815,70.4624],[-150.4825,70.4621],[-150.4839,70.4616],[-150.4853,70.4611],[-150.4864,70.4607],[-150.4873,70.46],[-150.4895,70.4584],[-150.49,70.458],[-150.491,70.4572],[-150.4923,70.4564],[-150.4928,70.4562],[-150.4939,70.4556],[-150.4954,70.4551],[-150.4964,70.4546],[-150.4973,70.454],[-150.4979,70.4534],[-150.4995,70.4524],[-150.5,70.4517],[-150.5018,70.45],[-150.5026,70.4494],[-150.5034,70.4489],[-150.504,70.4483],[-150.5059,70.4474],[-150.5079,70.4465],[-150.5095,70.4456],[-150.5104,70.4449],[-150.5121,70.4439],[-150.5136,70.4432],[-150.5153,70.4425],[-150.5162,70.4422],[-150.5172,70.4419],[-150.5197,70.4409],[-150.5217,70.4401],[-150.523,70.4396],[-150.5243,70.439],[-150.5258,70.4385],[-150.5273,70.4379],[-150.5287,70.4374],[-150.5304,70.4367],[-150.5324,70.436],[-150.5342,70.4354],[-150.5352,70.4348],[-150.5381,70.4337],[-150.5388,70.4332],[-150.5403,70.4325],[-150.5415,70.4318],[-150.5428,70.4308],[-150.5439,70.4298],[-150.5449,70.4283],[-150.5455,70.4272],[-150.5464,70.4249],[-150.5466,70.4239],[-150.5446,70.4239],[-150.5433,70.4241],[-150.5415,70.4244],[-150.5411,70.4246],[-150.5407,70.4252],[-150.5385,70.4257],[-150.5382,70.426],[-150.5373,70.4264],[-150.5367,70.4268],[-150.5352,70.4272],[-150.5351,70.4274],[-150.535,70.428],[-150.5347,70.4283],[-150.5331,70.4287],[-150.5312,70.429],[-150.5297,70.4291],[-150.5254,70.4294],[-150.5231,70.4299],[-150.5208,70.4302],[-150.5204,70.4301],[-150.5227,70.4296],[-150.5232,70.4295],[-150.5225,70.4291],[-150.5203,70.4291],[-150.5177,70.4289],[-150.5158,70.4288],[-150.5144,70.4282],[-150.5133,70.4272],[-150.513,70.4264],[-150.5141,70.4258],[-150.5174,70.4254],[-150.5191,70.4249],[-150.5206,70.4246],[-150.5227,70.4242],[-150.5243,70.4239],[-150.5279,70.4235],[-150.5308,70.4232],[-150.5316,70.4226],[-150.533,70.422],[-150.535,70.4212],[-150.5368,70.421],[-150.5403,70.421],[-150.5415,70.4212],[-150.5425,70.4214],[-150.5444,70.4219],[-150.5454,70.4222],[-150.5458,70.4224],[-150.5464,70.4225],[-150.5474,70.4222],[-150.5486,70.4204],[-150.5498,70.4191],[-150.551,70.4183],[-150.5529,70.4172],[-150.5557,70.4152],[-150.5569,70.4143],[-150.5583,70.4132],[-150.5589,70.4127],[-150.5595,70.4119],[-150.5598,70.4107],[-150.5605,70.41],[-150.563,70.4088],[-150.5668,70.4082],[-150.5697,70.4078],[-150.5737,70.4074],[-150.5752,70.4073],[-150.5793,70.407],[-150.582,70.4068],[-150.5873,70.4068],[-150.59,70.4068],[-150.5923,70.4066],[-150.5951,70.4062],[-150.5967,70.4057],[-150.5972,70.405],[-150.5958,70.4041],[-150.5939,70.4036],[-150.5911,70.4034],[-150.5881,70.4032],[-150.5847,70.403],[-150.5803,70.403],[-150.5778,70.4032],[-150.5768,70.4034],[-150.5741,70.4038],[-150.5721,70.404],[-150.5697,70.4043],[-150.5672,70.4047],[-150.5663,70.4048],[-150.5646,70.4054],[-150.5645,70.4059],[-150.5642,70.4064],[-150.5634,70.4068],[-150.5622,70.4071],[-150.56,70.4076],[-150.5589,70.4077],[-150.5571,70.4074],[-150.5561,70.4071],[-150.5544,70.4072],[-150.5536,70.4073],[-150.5534,70.4074],[-150.5536,70.4074],[-150.5543,70.4075],[-150.5547,70.4075]]},"properties":{}},{"type":"Feature","geometry":{"type":"LineString","coordinates":[[-150.6692,70.3884],[-150.6673,70.3888],[-150.6666,70.3891],[-150.6659,70.3895],[-150.664,70.3903],[-150.6622,70.3915],[-150.6604,70.3924],[-150.6571,70.394],[-150.6546,70.395],[-150.653,70.3958],[-150.6516,70.3964],[-150.6485,70.3981],[-150.6468,70.3993],[-150.6462,70.4001],[-150.6438,70.4015],[-150.6387,70.4049],[-150.6346,70.4074],[-150.6317,70.4094],[-150.6285,70.4121],[-150.6278,70.4149],[-150.6277,70.4164],[-150.6282,70.4181],[-150.6298,70.42],[-150.6333,70.4233],[-150.6346,70.4245],[-150.6377,70.4249],[-150.6415,70.4249],[-150.6438,70.4218],[-150.6447,70.4208],[-150.6457,70.4204],[-150.6471,70.42],[-150.6483,70.4196],[-150.6503,70.4183],[-150.6507,70.4177],[-150.6519,70.4169],[-150.6534,70.416],[-150.6545,70.415],[-150.6551,70.4145],[-150.6574,70.413],[-150.6587,70.4123],[-150.6595,70.412],[-150.6618,70.4113],[-150.6644,70.4106],[-150.6669,70.4094],[-150.6684,70.4085],[-150.6717,70.4067],[-150.6728,70.4059],[-150.6746,70.4048],[-150.6768,70.4033],[-150.6789,70.4022],[-150.6803,70.4019],[-150.6814,70.4015],[-150.6826,70.4012],[-150.6848,70.3976],[-150.6853,70.3949],[-150.6834,70.3882],[-150.6821,70.3875],[-150.673,70.3877],[-150.6692,70.3884]]},"properties":{}},{"type":"Feature","geometry":{"type":"LineString","coordinates":[[-150.6055,70.3847],[-150.6085,70.3847],[-150.6115,70.3844],[-150.6139,70.3841],[-150.6179,70.3839],[-150.6206,70.3836],[-150.622,70.3832],[-150.6243,70.3831],[-150.6254,70.3827],[-150.6306,70.3821],[-150.633,70.3826],[-150.6364,70.3832],[-150.6399,70.3832],[-150.6451,70.3825],[-150.6475,70.3821],[-150.6508,70.3814],[-150.6563,70.3808],[-150.6621,70.3798],[-150.6644,70.3793],[-150.6724,70.3777],[-150.6752,70.3771],[-150.6779,70.3764],[-150.6816,70.3753],[-150.6841,70.3742],[-150.6881,70.3731],[-150.6935,70.3708],[-150.6957,70.37],[-150.698,70.3689],[-150.7011,70.3675],[-150.7022,70.3668],[-150.7092,70.3637],[-150.7112,70.3624],[-150.713,70.3611],[-150.7151,70.3594],[-150.7164,70.3581],[-150.7167,70.3574],[-150.7187,70.355],[-150.7185,70.3537],[-150.7176,70.3528],[-150.7169,70.3521],[-150.7148,70.3514],[-150.7101,70.351],[-150.7065,70.3514],[-150.703,70.352],[-150.6997,70.3529],[-150.6971,70.354],[-150.6947,70.3552],[-150.6935,70.3558],[-150.6915,70.3566],[-150.6892,70.3578],[-150.6864,70.3585],[-150.6817,70.3588],[-150.6787,70.3588],[-150.6715,70.3589],[-150.6576,70.3617],[-150.6505,70.3638],[-150.6409,70.3667],[-150.6353,70.3686],[-150.6308,70.3703],[-150.6248,70.3735],[-150.6221,70.3749],[-150.6177,70.3771],[-150.6149,70.3785],[-150.6137,70.3793],[-150.6113,70.3807],[-150.6101,70.3813],[-150.6055,70.3835],[-150.6045,70.3841],[-150.6042,70.3843],[-150.6046,70.3847],[-150.6055,70.3847]]},"properties":{}},{"type":"Feature","geometry":{"type":"LineString","coordinates":[[-150.577,70.3779],[-150.5737,70.3786],[-150.5709,70.3791],[-150.5681,70.3797],[-150.5656,70.3803],[-150.5615,70.3813],[-150.5586,70.382],[-150.5567,70.3825],[-150.5544,70.3831],[-150.5523,70.3837],[-150.5488,70.3843],[-150.5465,70.3848],[-150.5446,70.3851],[-150.5417,70.3857],[-150.5378,70.3863],[-150.536,70.3867],[-150.5284,70.3884],[-150.5252,70.3891],[-150.5221,70.3901],[-150.5204,70.3905],[-150.5194,70.3909],[-150.518,70.3916],[-150.5139,70.393],[-150.5101,70.3941],[-150.5076,70.395],[-150.503,70.3978],[-150.5018,70.3985],[-150.4994,70.3995],[-150.4978,70.4001],[-150.4939,70.4015],[-150.4927,70.4023],[-150.4924,70.4031],[-150.4933,70.4037],[-150.4957,70.4045],[-150.4987,70.4047],[-150.5024,70.4048],[-150.5053,70.4048],[-150.5075,70.4044],[-150.5095,70.4041],[-150.5141,70.4039],[-150.518,70.4033],[-150.5198,70.4029],[-150.5215,70.4024],[-150.5254,70.4009],[-150.5273,70.4002],[-150.5288,70.3996],[-150.5308,70.3989],[-150.5333,70.398],[-150.5381,70.3965],[-150.5404,70.3965],[-150.549,70.3961],[-150.5515,70.3957],[-150.5527,70.3954],[-150.5557,70.3946],[-150.5587,70.3937],[-150.5619,70.3929],[-150.5654,70.3921],[-150.575,70.3898],[-150.577,70.3887],[-150.5788,70.3875],[-150.5799,70.3861],[-150.5809,70.385],[-150.5811,70.3839],[-150.5824,70.3822],[-150.5829,70.3812],[-150.5825,70.3802],[-150.5814,70.3793],[-150.5804,70.3786],[-150.5793,70.3779],[-150.5787,70.3778],[-150.577,70.3779]]},"properties":{}},{"type":"Feature","geometry":{"type":"LineString","coordinates":[[-150.7108,70.3759],[-150.7145,70.3752],[-150.7176,70.3746],[-150.7224,70.3733],[-150.7262,70.3715],[-150.728,70.37],[-150.7281,70.3686],[-150.7274,70.3669],[-150.7253,70.3665],[-150.7187,70.3681],[-150.7143,70.3697],[-150.7094,70.3717],[-150.7058,70.3734],[-150.7026,70.3748],[-150.7019,70.3756],[-150.7027,70.3763],[-150.7057,70.3766],[-150.7085,70.3762],[-150.7108,70.3759]]},"properties":{}},{"type":"Feature","geometry":{"type":"LineString","coordinates":[[-150.6833,70.3578],[-150.686,70.3571],[-150.6878,70.3561],[-150.6904,70.355],[-150.6935,70.3538],[-150.6962,70.3529],[-150.6999,70.352],[-150.7044,70.351],[-150.7097,70.3502],[-150.7123,70.3496],[-150.7138,70.3479],[-150.7107,70.3468],[-150.7047,70.3465],[-150.6971,70.3473],[-150.69,70.3483],[-150.6834,70.3494],[-150.6785,70.3509],[-150.6736,70.3522],[-150.6699,70.3534],[-150.6662,70.355],[-150.6629,70.3556],[-150.6615,70.3545],[-150.66,70.3526],[-150.6581,70.3516],[-150.6486,70.352],[-150.6435,70.353],[-150.6359,70.3547],[-150.6336,70.3554],[-150.6308,70.357],[-150.6335,70.3576],[-150.6389,70.3572],[-150.646,70.3569],[-150.6531,70.3568],[-150.6552,70.3575],[-150.6587,70.3572],[-150.6616,70.3572],[-150.6666,70.3574],[-150.6704,70.3576],[-150.6743,70.3579],[-150.6774,70.358],[-150.6805,70.358],[-150.6833,70.3578]]},"properties":{}},{"type":"Feature","geometry":{"type":"LineString","coordinates":[[-150.6294,70.367],[-150.632,70.3661],[-150.6353,70.3649],[-150.6408,70.3637],[-150.6432,70.3629],[-150.6468,70.3615],[-150.6494,70.3602],[-150.652,70.3587],[-150.6523,70.3578],[-150.6487,70.3577],[-150.6434,70.3585],[-150.6384,70.3596],[-150.6351,70.3605],[-150.6316,70.3618],[-150.6276,70.3633],[-150.6241,70.3646],[-150.62,70.366],[-150.618,70.3667],[-150.6201,70.367],[-150.6219,70.3667],[-150.6249,70.3666],[-150.6272,70.3668],[-150.6286,70.3672],[-150.6294,70.367]]},"properties":{}},{"type":"Feature","geometry":{"type":"LineString","coordinates":[[-150.5905,70.385],[-150.5924,70.3843],[-150.5935,70.3838],[-150.5954,70.3829],[-150.5971,70.3821],[-150.6001,70.381],[-150.6017,70.3803],[-150.6042,70.3788],[-150.6101,70.376],[-150.6117,70.3752],[-150.6138,70.3742],[-150.6167,70.3727],[-150.6191,70.3715],[-150.6211,70.3706],[-150.623,70.3696],[-150.6246,70.3691],[-150.6257,70.3685],[-150.6268,70.3678],[-150.6256,70.3673],[-150.6228,70.3674],[-150.6188,70.3676],[-150.6157,70.3681],[-150.6123,70.369],[-150.6095,70.3704],[-150.6062,70.3724],[-150.6038,70.3744],[-150.6017,70.3759],[-150.5994,70.3772],[-150.5977,70.3783],[-150.5969,70.379],[-150.5933,70.3809],[-150.5909,70.3823],[-150.5903,70.3828],[-150.5903,70.3834],[-150.5897,70.3839],[-150.589,70.3843],[-150.5887,70.3846],[-150.5887,70.3852],[-150.5894,70.3854],[-150.5905,70.385]]},"properties":{}},{"type":"Feature","geometry":{"type":"LineString","coordinates":[[-150.5859,70.3786],[-150.5868,70.378],[-150.5877,70.377],[-150.5883,70.3765],[-150.5893,70.3756],[-150.5897,70.3748],[-150.5884,70.3743],[-150.5867,70.3752],[-150.585,70.3758],[-150.5838,70.3764],[-150.5836,70.3769],[-150.5835,70.3776],[-150.5835,70.3784],[-150.5842,70.3787],[-150.5852,70.3788],[-150.5859,70.3786]]},"properties":{}},{"type":"Feature","geometry":{"type":"LineString","coordinates":[[-150.7507,70.4353],[-150.7516,70.4361],[-150.7516,70.4364],[-150.7519,70.437],[-150.7532,70.4379],[-150.7565,70.4386],[-150.7583,70.4388],[-150.7606,70.4392],[-150.7624,70.4393],[-150.7645,70.4395],[-150.767,70.4398],[-150.7699,70.4399],[-150.7717,70.4399],[-150.7763,70.4397],[-150.7786,70.4395],[-150.7811,70.4391],[-150.7807,70.4382],[-150.7787,70.4373],[-150.7774,70.4363],[-150.7756,70.4357],[-150.7748,70.4351],[-150.7717,70.4349],[-150.7707,70.4348],[-150.7697,70.4354],[-150.7681,70.4355],[-150.7696,70.4364],[-150.77,70.4368],[-150.7709,70.4371],[-150.7715,70.4374],[-150.7709,70.4376],[-150.7698,70.4375],[-150.7684,70.4379],[-150.7677,70.438],[-150.7671,70.4378],[-150.767,70.4375],[-150.7663,70.4371],[-150.7646,70.437],[-150.7635,70.4366],[-150.7621,70.4356],[-150.7607,70.4351],[-150.7634,70.4341],[-150.7622,70.4335],[-150.7586,70.4325],[-150.7568,70.4311],[-150.7578,70.4305],[-150.757,70.4279],[-150.76,70.4256],[-150.7696,70.4238],[-150.7655,70.4224],[-150.7609,70.422],[-150.7579,70.4217],[-150.7559,70.4216],[-150.7543,70.4222],[-150.7534,70.4224],[-150.7521,70.4227],[-150.7507,70.4227],[-150.749,70.4224],[-150.7472,70.4227],[-150.7459,70.423],[-150.745,70.4233],[-150.7436,70.4236],[-150.743,70.4238],[-150.7423,70.4241],[-150.742,70.4244],[-150.7419,70.4246],[-150.7422,70.4252],[-150.7433,70.4256],[-150.7447,70.4259],[-150.7463,70.426],[-150.7477,70.426],[-150.749,70.4259],[-150.7512,70.426],[-150.7529,70.4262],[-150.754,70.4264],[-150.7547,70.4267],[-150.7554,70.4271],[-150.7558,70.4277],[-150.7561,70.4281],[-150.756,70.4284],[-150.7555,70.4288],[-150.7553,70.429],[-150.7548,70.4295],[-150.7543,70.4301],[-150.754,70.4303],[-150.7531,70.4312],[-150.7525,70.4318],[-150.7521,70.4323],[-150.7516,70.4336],[-150.7508,70.4347],[-150.7507,70.4353]]},"properties":{}},{"type":"Feature","geometry":{"type":"LineString","coordinates":[[-150.6573,70.4368],[-150.6551,70.4363],[-150.6527,70.4357],[-150.6512,70.4348],[-150.6489,70.4338],[-150.6467,70.4329],[-150.6452,70.4323],[-150.6431,70.4313],[-150.6421,70.4305],[-150.6415,70.4289],[-150.6405,70.4281],[-150.6396,70.4272],[-150.6377,70.4264],[-150.636,70.4262],[-150.6345,70.4265],[-150.6343,70.427],[-150.6347,70.4282],[-150.6349,70.429],[-150.636,70.4299],[-150.6374,70.4308],[-150.6391,70.4324],[-150.6399,70.4332],[-150.6409,70.4342],[-150.6425,70.4356],[-150.6441,70.4366],[-150.6457,70.4376],[-150.6475,70.4387],[-150.6496,70.4394],[-150.6534,70.4414],[-150.6558,70.4423],[-150.6574,70.443],[-150.6595,70.4443],[-150.6641,70.4469],[-150.6669,70.4476],[-150.6708,70.4482],[-150.6751,70.4488],[-150.6787,70.4491],[-150.6795,70.4489],[-150.6798,70.4483],[-150.6804,70.447],[-150.679,70.4451],[-150.6783,70.4439],[-150.6776,70.4428],[-150.6765,70.4418],[-150.6753,70.4402],[-150.6738,70.4394],[-150.6703,70.4383],[-150.6674,70.4379],[-150.6646,70.4376],[-150.662,70.4373],[-150.6602,70.4372],[-150.6581,70.4369],[-150.6573,70.4368]]},"properties":{}},{"type":"Feature","geometry":{"type":"LineString","coordinates":[[-150.715,70.4523],[-150.7174,70.4521],[-150.7204,70.4517],[-150.7214,70.4515],[-150.7191,70.4508],[-150.716,70.4502],[-150.7137,70.4497],[-150.7108,70.4495],[-150.7083,70.4496],[-150.7057,70.4497],[-150.704,70.4497],[-150.701,70.4498],[-150.6996,70.45],[-150.7005,70.4504],[-150.7033,70.4509],[-150.7048,70.4513],[-150.7074,70.4519],[-150.7092,70.4522],[-150.7109,70.4524],[-150.7128,70.4524],[-150.715,70.4523]]},"properties":{}},{"type":"Feature","geometry":{"type":"LineString","coordinates":[[-150.6678,70.4506],[-150.6672,70.4508],[-150.6667,70.451],[-150.6676,70.4522],[-150.6694,70.4533],[-150.6717,70.4546],[-150.6727,70.4557],[-150.6746,70.4576],[-150.676,70.4591],[-150.6782,70.4605],[-150.6805,70.4611],[-150.6818,70.4608],[-150.6819,70.4602],[-150.6809,70.4591],[-150.6797,70.4578],[-150.6789,70.4561],[-150.6788,70.4549],[-150.6784,70.4541],[-150.6773,70.4522],[-150.6762,70.4513],[-150.6752,70.4508],[-150.6739,70.4505],[-150.6724,70.4503],[-150.6704,70.4503],[-150.6691,70.4503],[-150.6678,70.4506]]},"properties":{}},{"type":"Feature","geometry":{"type":"LineString","coordinates":[[-150.7286,70.4699],[-150.7303,70.4696],[-150.7313,70.4694],[-150.7325,70.4688],[-150.7327,70.4683],[-150.7327,70.4674],[-150.7322,70.4667],[-150.7309,70.4657],[-150.7287,70.4651],[-150.7265,70.4649],[-150.7246,70.4651],[-150.7231,70.4655],[-150.7228,70.466],[-150.7227,70.4666],[-150.7218,70.4675],[-150.7211,70.4683],[-150.7211,70.469],[-150.7225,70.4697],[-150.7238,70.47],[-150.7254,70.4701],[-150.7266,70.47],[-150.7286,70.4699]]},"properties":{}},{"type":"Feature","geometry":{"type":"LineString","coordinates":[[-150.7245,70.4717],[-150.7251,70.4714],[-150.7251,70.471],[-150.7245,70.4706],[-150.7228,70.4702],[-150.7206,70.47],[-150.7201,70.4701],[-150.7197,70.4707],[-150.7197,70.4711],[-150.7203,70.4716],[-150.7221,70.4718],[-150.7233,70.4718],[-150.7245,70.4717]]},"properties":{}},{"type":"Feature","geometry":{"type":"LineString","coordinates":[[-150.6881,70.4599],[-150.6863,70.4603],[-150.6854,70.461],[-150.685,70.4619],[-150.685,70.4632],[-150.686,70.4649],[-150.6869,70.4659],[-150.6876,70.4668],[-150.6887,70.468],[-150.6894,70.4689],[-150.6908,70.4699],[-150.6917,70.4704],[-150.6932,70.4707],[-150.6942,70.4711],[-150.697,70.4718],[-150.6992,70.4725],[-150.7022,70.4731],[-150.7036,70.4723],[-150.7023,70.4717],[-150.7012,70.4712],[-150.6981,70.47],[-150.697,70.4696],[-150.6963,70.4693],[-150.6989,70.4687],[-150.6996,70.4678],[-150.6995,70.4664],[-150.6954,70.4657],[-150.6953,70.4654],[-150.6942,70.4638],[-150.6954,70.463],[-150.6961,70.4624],[-150.6942,70.4607],[-150.6914,70.4602],[-150.6898,70.46],[-150.6881,70.4599]]},"properties":{}},{"type":"Feature","geometry":{"type":"LineString","coordinates":[[-150.6416,70.3998],[-150.6423,70.3985],[-150.6434,70.3978],[-150.6444,70.3967],[-150.6454,70.396],[-150.647,70.3954],[-150.6507,70.3943],[-150.6517,70.3939],[-150.6526,70.3934],[-150.6537,70.3927],[-150.6555,70.3917],[-150.6573,70.3913],[-150.6594,70.3908],[-150.6602,70.3901],[-150.6613,70.3893],[-150.6621,70.3888],[-150.6618,70.3885],[-150.6612,70.3882],[-150.6611,70.3874],[-150.6587,70.3873],[-150.6557,70.3877],[-150.6524,70.3883],[-150.6501,70.3894],[-150.6477,70.3909],[-150.6442,70.3922],[-150.6423,70.3935],[-150.6409,70.3947],[-150.6405,70.3963],[-150.64,70.3984],[-150.6405,70.4],[-150.641,70.4006],[-150.6416,70.3998]]},"properties":{}},{"type":"Feature","geometry":{"type":"LineString","coordinates":[[-150.61,70.4066],[-150.6132,70.4063],[-150.6154,70.4057],[-150.6173,70.4048],[-150.6186,70.4039],[-150.6201,70.4029],[-150.6216,70.4017],[-150.6242,70.4003],[-150.628,70.3984],[-150.6295,70.3975],[-150.6314,70.3963],[-150.6333,70.3951],[-150.6348,70.394],[-150.6355,70.3927],[-150.6345,70.3914],[-150.6315,70.3911],[-150.6281,70.3912],[-150.6231,70.3913],[-150.621,70.3915],[-150.6075,70.3943],[-150.6054,70.3949],[-150.603,70.3954],[-150.5998,70.3961],[-150.5968,70.3969],[-150.5935,70.3979],[-150.5924,70.3985],[-150.5902,70.4],[-150.5899,70.4008],[-150.5899,70.402],[-150.5908,70.4025],[-150.5942,70.403],[-150.5978,70.4035],[-150.6001,70.4041],[-150.6049,70.4055],[-150.6061,70.4058],[-150.6078,70.4062],[-150.61,70.4066]]},"properties":{}},{"type":"Feature","geometry":{"type":"LineString","coordinates":[[-150.6471,70.4211],[-150.6455,70.4222],[-150.6451,70.4226],[-150.6443,70.4236],[-150.6436,70.4249],[-150.644,70.4263],[-150.6447,70.4269],[-150.6457,70.4277],[-150.6469,70.4287],[-150.6472,70.4298],[-150.6472,70.4303],[-150.6472,70.4307],[-150.6483,70.4322],[-150.6498,70.4317],[-150.6496,70.4314],[-150.6494,70.4308],[-150.6493,70.43],[-150.6488,70.4285],[-150.6486,70.4276],[-150.6489,70.4267],[-150.6497,70.426],[-150.6517,70.4219],[-150.6526,70.4207],[-150.6521,70.4201],[-150.6511,70.4198],[-150.65,70.4199],[-150.6486,70.4199],[-150.6471,70.4211]]},"properties":{}},{"type":"Feature","geometry":{"type":"LineString","coordinates":[[-150.6063,70.4084],[-150.6079,70.408],[-150.6087,70.4075],[-150.6066,70.4065],[-150.6035,70.4058],[-150.6011,70.4059],[-150.5984,70.4067],[-150.5958,70.4072],[-150.5931,70.4075],[-150.5907,70.4077],[-150.5864,70.4077],[-150.5823,70.408],[-150.5799,70.4083],[-150.5716,70.4091],[-150.5692,70.4096],[-150.5659,70.4109],[-150.5644,70.4116],[-150.5625,70.4125],[-150.5617,70.4139],[-150.5605,70.4147],[-150.5577,70.416],[-150.5563,70.4167],[-150.5523,70.4193],[-150.5513,70.4208],[-150.5512,70.4219],[-150.5494,70.4246],[-150.5495,70.4258],[-150.5494,70.4285],[-150.549,70.4299],[-150.548,70.4308],[-150.547,70.4316],[-150.5465,70.4325],[-150.5495,70.4319],[-150.552,70.4315],[-150.5552,70.4307],[-150.559,70.4299],[-150.5629,70.4291],[-150.5669,70.4283],[-150.5702,70.4276],[-150.5755,70.4271],[-150.5872,70.4265],[-150.5897,70.4261],[-150.5959,70.4249],[-150.5997,70.424],[-150.6024,70.4227],[-150.6042,70.4218],[-150.6099,70.4194],[-150.6114,70.4184],[-150.6125,70.417],[-150.6128,70.4149],[-150.6129,70.4135],[-150.6128,70.4119],[-150.6123,70.4109],[-150.6107,70.4095],[-150.6097,70.4087],[-150.6083,70.4096],[-150.6066,70.4107],[-150.604,70.4118],[-150.601,70.4133],[-150.5972,70.415],[-150.5943,70.4162],[-150.5925,70.4172],[-150.5899,70.4182],[-150.5874,70.4191],[-150.5865,70.4197],[-150.5838,70.4208],[-150.5816,70.4213],[-150.5758,70.4219],[-150.5733,70.4217],[-150.5703,70.4216],[-150.5671,70.4215],[-150.5655,70.4212],[-150.5634,70.4208],[-150.5626,70.4205],[-150.5631,70.4199],[-150.5646,70.4193],[-150.567,70.4185],[-150.5692,70.4175],[-150.5722,70.4165],[-150.5732,70.4168],[-150.5755,70.4158],[-150.5771,70.4149],[-150.5773,70.4138],[-150.5774,70.413],[-150.5774,70.412],[-150.5776,70.4108],[-150.5783,70.4101],[-150.5808,70.4091],[-150.5834,70.4089],[-150.5857,70.4089],[-150.5859,70.4092],[-150.5854,70.4095],[-150.5865,70.4099],[-150.5871,70.4102],[-150.5873,70.4105],[-150.5858,70.4113],[-150.5854,70.4117],[-150.5851,70.4131],[-150.5859,70.4137],[-150.5874,70.4138],[-150.5896,70.4134],[-150.5939,70.4125],[-150.5975,70.4114],[-150.6005,70.4105],[-150.6025,70.4094],[-150.6036,70.409],[-150.6051,70.4086],[-150.6063,70.4084]]},"properties":{}},{"type":"Feature","geometry":{"type":"LineString","coordinates":[[-150.6009,70.4382],[-150.6026,70.4377],[-150.6046,70.4374],[-150.606,70.437],[-150.6073,70.4364],[-150.609,70.4358],[-150.6102,70.4357],[-150.6118,70.4357],[-150.613,70.4354],[-150.6139,70.4343],[-150.6148,70.4335],[-150.6158,70.433],[-150.6185,70.4325],[-150.6206,70.4321],[-150.6208,70.4324],[-150.6219,70.4325],[-150.6233,70.4324],[-150.6247,70.4319],[-150.6259,70.4313],[-150.6276,70.4309],[-150.6272,70.4303],[-150.6262,70.4296],[-150.6252,70.4278],[-150.6247,70.4267],[-150.6233,70.425],[-150.6228,70.4239],[-150.6224,70.4226],[-150.6215,70.4213],[-150.6211,70.4207],[-150.6196,70.4201],[-150.6182,70.4201],[-150.617,70.4206],[-150.6154,70.4216],[-150.6138,70.4225],[-150.6117,70.4236],[-150.6083,70.425],[-150.6058,70.4255],[-150.6042,70.4258],[-150.6002,70.4267],[-150.5963,70.4274],[-150.594,70.4279],[-150.5906,70.4283],[-150.5886,70.4286],[-150.5863,70.4291],[-150.5839,70.4295],[-150.5799,70.4299],[-150.579,70.4299],[-150.5745,70.4302],[-150.572,70.4306],[-150.5694,70.4311],[-150.5664,70.4318],[-150.5631,70.4338],[-150.5611,70.4357],[-150.5606,70.4369],[-150.5602,70.4377],[-150.5593,70.4389],[-150.558,70.4394],[-150.5567,70.441],[-150.5568,70.4421],[-150.5571,70.4427],[-150.558,70.4433],[-150.5592,70.4438],[-150.5601,70.4443],[-150.5602,70.4457],[-150.56,70.4463],[-150.5601,70.4473],[-150.5605,70.4481],[-150.5606,70.4486],[-150.5609,70.4493],[-150.5613,70.4497],[-150.5627,70.4496],[-150.5634,70.4491],[-150.5658,70.4488],[-150.5669,70.4483],[-150.5678,70.4478],[-150.5701,70.4475],[-150.5723,70.4475],[-150.5743,70.4481],[-150.5747,70.4483],[-150.5769,70.4497],[-150.5774,70.4501],[-150.5785,70.4506],[-150.5795,70.4508],[-150.5805,70.4505],[-150.5815,70.4501],[-150.583,70.4496],[-150.5847,70.4494],[-150.5868,70.4494],[-150.5875,70.4491],[-150.5881,70.4485],[-150.5886,70.4481],[-150.5896,70.4475],[-150.5911,70.4471],[-150.5924,70.447],[-150.5933,70.4473],[-150.5942,70.4475],[-150.5951,70.4477],[-150.5963,70.4477],[-150.5976,70.4474],[-150.5988,70.4469],[-150.5995,70.4465],[-150.5979,70.4465],[-150.5965,70.4466],[-150.5958,70.4465],[-150.5961,70.4461],[-150.5954,70.4458],[-150.594,70.4454],[-150.5923,70.4454],[-150.5913,70.4454],[-150.5899,70.4446],[-150.5889,70.4447],[-150.5884,70.4451],[-150.5872,70.4456],[-150.5869,70.4452],[-150.5874,70.4448],[-150.5887,70.4443],[-150.5891,70.444],[-150.5913,70.4434],[-150.5942,70.4431],[-150.5951,70.4429],[-150.5952,70.4424],[-150.5961,70.442],[-150.5963,70.4414],[-150.5972,70.441],[-150.5976,70.4407],[-150.5981,70.4403],[-150.5984,70.4399],[-150.5987,70.4396],[-150.5998,70.4389],[-150.6002,70.4385],[-150.6009,70.4382]]},"properties":{}},{"type":"Feature","geometry":{"type":"LineString","coordinates":[[-150.5658,70.3994],[-150.5666,70.3995],[-150.5676,70.3994],[-150.5687,70.3989],[-150.5702,70.3985],[-150.5719,70.3981],[-150.5737,70.3976],[-150.5753,70.397],[-150.5775,70.3963],[-150.5783,70.3959],[-150.5796,70.3954],[-150.5809,70.3948],[-150.5825,70.3943],[-150.5833,70.394],[-150.5846,70.3937],[-150.5858,70.3934],[-150.5888,70.3929],[-150.5903,70.3925],[-150.5912,70.3919],[-150.5926,70.3913],[-150.5932,70.3908],[-150.5941,70.3901],[-150.5952,70.3895],[-150.5961,70.3891],[-150.597,70.3885],[-150.5975,70.3881],[-150.5971,70.3878],[-150.5953,70.3884],[-150.5942,70.3888],[-150.5918,70.3894],[-150.5884,70.3904],[-150.5867,70.391],[-150.585,70.3917],[-150.583,70.3923],[-150.5808,70.3928],[-150.5792,70.3933],[-150.5769,70.3942],[-150.5753,70.3949],[-150.5734,70.3956],[-150.5721,70.3963],[-150.5681,70.3978],[-150.5672,70.3983],[-150.5662,70.3988],[-150.5657,70.3991],[-150.5658,70.3994]]},"properties":{}},{"type":"Feature","geometry":{"type":"LineString","coordinates":[[-150.6168,70.4118],[-150.6177,70.4111],[-150.6188,70.4102],[-150.6201,70.4092],[-150.6223,70.4074],[-150.6241,70.4063],[-150.6258,70.4051],[-150.6269,70.4041],[-150.6269,70.4033],[-150.6258,70.4031],[-150.6235,70.404],[-150.6219,70.4049],[-150.6194,70.4059],[-150.6168,70.4069],[-150.6153,70.4078],[-150.6144,70.4086],[-150.614,70.4098],[-150.6141,70.4107],[-150.6143,70.4115],[-150.6146,70.4118],[-150.6155,70.412],[-150.6168,70.4118]]},"properties":{}},{"type":"Feature","geometry":{"type":"LineString","coordinates":[[-150.6348,70.4368],[-150.6332,70.4371],[-150.6305,70.4377],[-150.6286,70.4382],[-150.6269,70.4388],[-150.626,70.4393],[-150.6249,70.4398],[-150.6227,70.4407],[-150.6212,70.4414],[-150.6199,70.4423],[-150.6193,70.4428],[-150.6187,70.4435],[-150.6185,70.444],[-150.6185,70.4452],[-150.6192,70.4461],[-150.6201,70.4465],[-150.6223,70.4472],[-150.6246,70.448],[-150.626,70.4488],[-150.6282,70.4497],[-150.6299,70.4505],[-150.631,70.4512],[-150.6326,70.4525],[-150.633,70.4528],[-150.6337,70.4541],[-150.6339,70.455],[-150.634,70.4557],[-150.634,70.4564],[-150.634,70.4571],[-150.6335,70.4585],[-150.6334,70.4591],[-150.6327,70.4598],[-150.6319,70.4605],[-150.6314,70.4611],[-150.6302,70.462],[-150.6286,70.4632],[-150.6267,70.4636],[-150.6244,70.4639],[-150.6233,70.464],[-150.6218,70.4643],[-150.6198,70.4646],[-150.6179,70.4648],[-150.6114,70.4655],[-150.609,70.4659],[-150.6074,70.4662],[-150.6052,70.4666],[-150.6024,70.4669],[-150.6005,70.467],[-150.5972,70.4673],[-150.5938,70.4677],[-150.5921,70.4682],[-150.5904,70.4687],[-150.5891,70.4693],[-150.5873,70.4707],[-150.5865,70.4718],[-150.5864,70.4728],[-150.5866,70.4733],[-150.5876,70.4739],[-150.59,70.4753],[-150.5912,70.476],[-150.5923,70.4765],[-150.5933,70.4772],[-150.5941,70.4778],[-150.5948,70.4788],[-150.5965,70.4791],[-150.5985,70.4792],[-150.6011,70.4791],[-150.6037,70.479],[-150.6052,70.4786],[-150.6082,70.4783],[-150.6124,70.4782],[-150.6141,70.4783],[-150.6176,70.479],[-150.6191,70.4795],[-150.6205,70.4798],[-150.6234,70.4801],[-150.6255,70.4796],[-150.6265,70.4794],[-150.6279,70.479],[-150.6306,70.4785],[-150.6339,70.4781],[-150.6371,70.478],[-150.6397,70.4781],[-150.6424,70.4784],[-150.6437,70.4786],[-150.6469,70.4789],[-150.6503,70.4791],[-150.6523,70.479],[-150.6598,70.4784],[-150.6626,70.479],[-150.6663,70.4797],[-150.6692,70.48],[-150.6722,70.48],[-150.6733,70.4796],[-150.6743,70.4789],[-150.6749,70.478],[-150.6757,70.4761],[-150.6762,70.4747],[-150.6753,70.4729],[-150.6752,70.4722],[-150.6748,70.4712],[-150.673,70.4698],[-150.672,70.4691],[-150.6717,70.4679],[-150.6712,70.4662],[-150.6712,70.4648],[-150.6714,70.4643],[-150.672,70.4637],[-150.6716,70.4625],[-150.6694,70.4607],[-150.6686,70.4599],[-150.6679,70.4596],[-150.6671,70.4581],[-150.6662,70.457],[-150.6653,70.4559],[-150.6644,70.4549],[-150.6628,70.4539],[-150.6611,70.4529],[-150.6596,70.4519],[-150.6571,70.4502],[-150.6554,70.4493],[-150.6539,70.4488],[-150.6537,70.4482],[-150.6513,70.4471],[-150.6507,70.4463],[-150.6486,70.4455],[-150.6473,70.4449],[-150.6447,70.4428],[-150.643,70.4418],[-150.6416,70.4407],[-150.64,70.4399],[-150.6386,70.439],[-150.6377,70.4386],[-150.6368,70.438],[-150.6356,70.4373],[-150.6348,70.4368]]},"properties":{}},{"type":"Feature","geometry":{"type":"LineString","coordinates":[[-150.6159,70.4425],[-150.6174,70.442],[-150.6183,70.4415],[-150.6194,70.4409],[-150.6205,70.4404],[-150.6223,70.4396],[-150.6239,70.4387],[-150.6248,70.4382],[-150.6279,70.437],[-150.6312,70.4359],[-150.6321,70.4354],[-150.6324,70.4347],[-150.6317,70.4334],[-150.6309,70.4326],[-150.6302,70.4318],[-150.6297,70.4314],[-150.6283,70.4314],[-150.6284,70.4319],[-150.6287,70.4324],[-150.6287,70.4328],[-150.6288,70.4336],[-150.6286,70.4342],[-150.6274,70.4346],[-150.6254,70.4351],[-150.624,70.4356],[-150.6222,70.436],[-150.6201,70.4363],[-150.6182,70.4366],[-150.6172,70.437],[-150.6181,70.4375],[-150.6194,70.4384],[-150.6206,70.4389],[-150.6208,70.4395],[-150.6201,70.4398],[-150.618,70.4403],[-150.6168,70.4408],[-150.6166,70.4412],[-150.6155,70.4417],[-150.6142,70.4419],[-150.6123,70.4422],[-150.6119,70.4423],[-150.6127,70.4425],[-150.6139,70.4426],[-150.6153,70.4428],[-150.6157,70.4427],[-150.6159,70.4425]]},"properties":{}},{"type":"Feature","geometry":{"type":"LineString","coordinates":[[-150.5867,70.4815],[-150.5866,70.4806],[-150.5854,70.4796],[-150.5834,70.4781],[-150.5816,70.477],[-150.5794,70.4759],[-150.576,70.475],[-150.5756,70.4752],[-150.5751,70.476],[-150.5763,70.4772],[-150.5778,70.4785],[-150.5797,70.4799],[-150.5815,70.4811],[-150.5835,70.4821],[-150.5862,70.4822],[-150.5869,70.4817],[-150.5867,70.4815]]},"properties":{}},{"type":"Feature","geometry":{"type":"LineString","coordinates":[[-150.4428,70.4173],[-150.4409,70.4177],[-150.4386,70.4182],[-150.4375,70.4188],[-150.4343,70.4196],[-150.4329,70.42],[-150.4325,70.4203],[-150.4324,70.4206],[-150.4283,70.4222],[-150.4266,70.4227],[-150.4257,70.4228],[-150.4238,70.4229],[-150.421,70.4229],[-150.419,70.4232],[-150.4122,70.4247],[-150.4075,70.4257],[-150.404,70.4264],[-150.4023,70.4267],[-150.4003,70.4274],[-150.3989,70.4278],[-150.3982,70.4282],[-150.3977,70.4286],[-150.3969,70.4289],[-150.3965,70.4291],[-150.3949,70.4293],[-150.3931,70.4296],[-150.3921,70.43],[-150.3902,70.4304],[-150.3858,70.4312],[-150.3849,70.4315],[-150.384,70.4317],[-150.3838,70.4319],[-150.3836,70.4321],[-150.3836,70.4323],[-150.3835,70.4324],[-150.3829,70.4327],[-150.3823,70.4328],[-150.3821,70.433],[-150.3817,70.4332],[-150.381,70.4335],[-150.3798,70.4343],[-150.3792,70.4347],[-150.3787,70.4351],[-150.3786,70.4354],[-150.3784,70.4357],[-150.3782,70.436],[-150.3782,70.4361],[-150.3776,70.4368],[-150.3774,70.437],[-150.3772,70.4372],[-150.3771,70.4375],[-150.377,70.4377],[-150.3767,70.4378],[-150.3767,70.4378],[-150.3771,70.4378],[-150.3772,70.4379],[-150.3775,70.4381],[-150.3781,70.4388],[-150.3783,70.4393],[-150.3783,70.4396],[-150.3777,70.4404],[-150.3767,70.4412],[-150.3753,70.442],[-150.373,70.4429],[-150.3718,70.4434],[-150.3714,70.4438],[-150.371,70.4441],[-150.3711,70.4441],[-150.3713,70.4441],[-150.3721,70.444],[-150.3734,70.4437],[-150.3744,70.4435],[-150.3756,70.4432],[-150.3771,70.443],[-150.3789,70.4427],[-150.3805,70.4424],[-150.3816,70.442],[-150.3827,70.4417],[-150.3851,70.4408],[-150.3859,70.4405],[-150.3875,70.4401],[-150.3885,70.4397],[-150.3892,70.4395],[-150.3898,70.4393],[-150.3907,70.4391],[-150.3915,70.4391],[-150.3924,70.439],[-150.3937,70.4389],[-150.3953,70.4388],[-150.396,70.4387],[-150.3963,70.4386],[-150.3972,70.4384],[-150.3993,70.4379],[-150.401,70.4375],[-150.4028,70.4372],[-150.4043,70.4368],[-150.4055,70.4367],[-150.4072,70.4365],[-150.4083,70.4364],[-150.4092,70.4363],[-150.4105,70.4358],[-150.4115,70.4355],[-150.413,70.435],[-150.4138,70.4345],[-150.4143,70.4344],[-150.4157,70.4342],[-150.4171,70.4338],[-150.4182,70.4333],[-150.419,70.433],[-150.4206,70.4325],[-150.4222,70.4322],[-150.4233,70.4319],[-150.4241,70.4314],[-150.427,70.4289],[-150.4288,70.4274],[-150.4316,70.4261],[-150.4336,70.4251],[-150.4362,70.4244],[-150.4378,70.424],[-150.4388,70.4237],[-150.4417,70.4225],[-150.4456,70.4213],[-150.4482,70.421],[-150.4496,70.4207],[-150.4514,70.4202],[-150.4532,70.4196],[-150.4559,70.4189],[-150.459,70.4182],[-150.4618,70.4177],[-150.468,70.4166],[-150.471,70.416],[-150.4786,70.4144],[-150.4837,70.413],[-150.4883,70.4117],[-150.4923,70.4104],[-150.4952,70.4093],[-150.4962,70.4088],[-150.4967,70.4085],[-150.4967,70.4083],[-150.4963,70.4082],[-150.4905,70.4078],[-150.4865,70.4076],[-150.4844,70.4075],[-150.4833,70.4077],[-150.4827,70.4079],[-150.4821,70.4081],[-150.481,70.4085],[-150.4796,70.4089],[-150.4781,70.4093],[-150.4754,70.4098],[-150.4733,70.4104],[-150.469,70.4116],[-150.4652,70.4124],[-150.4627,70.4128],[-150.4602,70.4133],[-150.4566,70.4139],[-150.4553,70.4142],[-150.4526,70.4146],[-150.451,70.4151],[-150.4486,70.4159],[-150.4464,70.4164],[-150.4448,70.4167],[-150.4439,70.417],[-150.4428,70.4173]]},"properties":{}},{"type":"Feature","geometry":{"type":"LineString","coordinates":[[-150.4283,70.4109],[-150.4301,70.4113],[-150.4311,70.4117],[-150.4322,70.4123],[-150.4332,70.4127],[-150.4344,70.4132],[-150.4356,70.4134],[-150.4377,70.4132],[-150.44,70.4129],[-150.4425,70.4123],[-150.4449,70.4117],[-150.4466,70.4111],[-150.4484,70.4105],[-150.4497,70.4098],[-150.4511,70.4094],[-150.4545,70.4086],[-150.4563,70.4082],[-150.4573,70.4081],[-150.4579,70.4079],[-150.4586,70.4077],[-150.4604,70.4074],[-150.4613,70.4071],[-150.462,70.407],[-150.4642,70.4067],[-150.4648,70.4065],[-150.4654,70.4063],[-150.4659,70.406],[-150.4685,70.4052],[-150.4696,70.4049],[-150.4709,70.4045],[-150.472,70.4043],[-150.4732,70.4041],[-150.4746,70.4038],[-150.4763,70.4035],[-150.4771,70.4032],[-150.4784,70.4028],[-150.4792,70.4024],[-150.4808,70.4017],[-150.4814,70.4014],[-150.4828,70.4009],[-150.4831,70.4006],[-150.4831,70.4003],[-150.4816,70.3997],[-150.4803,70.3994],[-150.4785,70.3993],[-150.4755,70.3992],[-150.475,70.3993],[-150.4743,70.3994],[-150.4723,70.3996],[-150.4709,70.3998],[-150.4682,70.4003],[-150.4662,70.4008],[-150.4648,70.4011],[-150.4636,70.4013],[-150.4624,70.4014],[-150.4613,70.4016],[-150.46,70.4019],[-150.4592,70.402],[-150.4542,70.4028],[-150.4522,70.4032],[-150.4501,70.4037],[-150.4469,70.4044],[-150.4436,70.4052],[-150.4418,70.4057],[-150.4409,70.4059],[-150.4401,70.4062],[-150.4382,70.4067],[-150.4348,70.4077],[-150.4327,70.4083],[-150.4292,70.4091],[-150.4247,70.4104],[-150.4189,70.4119],[-150.4161,70.413],[-150.4101,70.415],[-150.4063,70.416],[-150.4051,70.4166],[-150.4051,70.4168],[-150.4059,70.4171],[-150.4072,70.4171],[-150.4086,70.4171],[-150.4105,70.4164],[-150.411,70.4162],[-150.4126,70.4159],[-150.4137,70.4155],[-150.4142,70.4153],[-150.4156,70.4149],[-150.4163,70.4147],[-150.4172,70.4144],[-150.4177,70.4141],[-150.4185,70.4137],[-150.4192,70.4134],[-150.4197,70.413],[-150.4203,70.4129],[-150.4209,70.4127],[-150.4217,70.4124],[-150.4222,70.4122],[-150.4231,70.412],[-150.4236,70.4119],[-150.4243,70.4119],[-150.426,70.4113],[-150.4266,70.4111],[-150.427,70.411],[-150.4283,70.4109]]},"properties":{}},{"type":"Feature","geometry":{"type":"LineString","coordinates":[[-150.3581,70.4219],[-150.3607,70.4216],[-150.3629,70.4213],[-150.366,70.4207],[-150.3672,70.4205],[-150.3697,70.4201],[-150.3714,70.4197],[-150.3729,70.4194],[-150.3747,70.4189],[-150.3762,70.4186],[-150.3771,70.4185],[-150.3779,70.4183],[-150.3802,70.4178],[-150.3812,70.4175],[-150.3822,70.4172],[-150.3832,70.4168],[-150.3848,70.4165],[-150.3861,70.4163],[-150.3871,70.4162],[-150.3886,70.4161],[-150.3896,70.4161],[-150.3908,70.416],[-150.3913,70.4159],[-150.395,70.4147],[-150.3967,70.4143],[-150.3983,70.4139],[-150.3996,70.4135],[-150.4006,70.4131],[-150.402,70.4128],[-150.4039,70.4123],[-150.405,70.412],[-150.4069,70.4114],[-150.4103,70.4103],[-150.4136,70.4094],[-150.4153,70.4089],[-150.4166,70.4085],[-150.4182,70.4081],[-150.4191,70.4078],[-150.4187,70.4076],[-150.4169,70.4078],[-150.4129,70.4084],[-150.409,70.409],[-150.4058,70.4098],[-150.4025,70.4106],[-150.4002,70.411],[-150.3991,70.4114],[-150.397,70.4118],[-150.3961,70.412],[-150.3912,70.4128],[-150.3873,70.4134],[-150.3841,70.4139],[-150.381,70.4144],[-150.3786,70.4148],[-150.3748,70.4157],[-150.3653,70.4182],[-150.3625,70.4195],[-150.3606,70.4201],[-150.3584,70.4207],[-150.3576,70.4212],[-150.3572,70.4216],[-150.3572,70.4218],[-150.3574,70.4219],[-150.3581,70.4219]]},"properties":{}},{"type":"Feature","geometry":{"type":"LineString","coordinates":[[-150.4301,70.4356],[-150.4333,70.4353],[-150.4363,70.435],[-150.4394,70.4349],[-150.4418,70.4349],[-150.4452,70.4343],[-150.4476,70.4336],[-150.4502,70.433],[-150.4528,70.4324],[-150.4546,70.432],[-150.457,70.4315],[-150.4605,70.4306],[-150.4625,70.4301],[-150.4649,70.4292],[-150.4663,70.4287],[-150.4712,70.4268],[-150.473,70.4263],[-150.4742,70.4254],[-150.4761,70.4247],[-150.4791,70.4241],[-150.4815,70.4236],[-150.4832,70.4231],[-150.4847,70.4225],[-150.4871,70.4215],[-150.489,70.4205],[-150.4907,70.4195],[-150.4939,70.4179],[-150.4957,70.4171],[-150.498,70.416],[-150.501,70.4149],[-150.5029,70.4138],[-150.5043,70.4132],[-150.5069,70.4121],[-150.5106,70.4114],[-150.5141,70.4106],[-150.5158,70.41],[-150.5167,70.4092],[-150.5144,70.4091],[-150.5112,70.4093],[-150.5066,70.4097],[-150.5026,70.4102],[-150.4994,70.4109],[-150.496,70.4121],[-150.4928,70.4133],[-150.4897,70.4143],[-150.4869,70.4151],[-150.4838,70.4159],[-150.4816,70.4164],[-150.4766,70.4175],[-150.4722,70.4185],[-150.4692,70.4191],[-150.466,70.4196],[-150.4624,70.4201],[-150.4587,70.4207],[-150.4552,70.4217],[-150.4521,70.4225],[-150.4499,70.4231],[-150.4471,70.424],[-150.4445,70.4252],[-150.4425,70.4262],[-150.4389,70.4277],[-150.4371,70.4292],[-150.4356,70.4304],[-150.4332,70.432],[-150.4299,70.4339],[-150.429,70.4344],[-150.4279,70.435],[-150.4279,70.4354],[-150.4286,70.4356],[-150.4301,70.4356]]},"properties":{}},{"type":"Feature","geometry":{"type":"LineString","coordinates":[[-150.5438,70.4625],[-150.5442,70.4616],[-150.5442,70.4598],[-150.5442,70.4586],[-150.5445,70.4567],[-150.5457,70.4546],[-150.5464,70.4537],[-150.5476,70.452],[-150.5482,70.4512],[-150.5488,70.4503],[-150.5488,70.4488],[-150.5489,70.4479],[-150.5496,70.4462],[-150.5502,70.4445],[-150.551,70.4429],[-150.5522,70.4409],[-150.5527,70.4389],[-150.554,70.4377],[-150.5551,70.4365],[-150.5558,70.4357],[-150.5568,70.4347],[-150.5569,70.4338],[-150.5567,70.4334],[-150.554,70.4336],[-150.5526,70.4339],[-150.5478,70.435],[-150.5433,70.436],[-150.5395,70.4373],[-150.536,70.4385],[-150.5348,70.439],[-150.5343,70.4397],[-150.5338,70.4404],[-150.5311,70.4414],[-150.5302,70.4419],[-150.5282,70.443],[-150.5266,70.4436],[-150.5252,70.4442],[-150.5242,70.4449],[-150.5236,70.4455],[-150.5221,70.4464],[-150.5209,70.4471],[-150.5199,70.4476],[-150.519,70.4482],[-150.5174,70.4488],[-150.5163,70.4493],[-150.5159,70.4496],[-150.5134,70.451],[-150.512,70.452],[-150.5104,70.4533],[-150.508,70.455],[-150.5072,70.4558],[-150.5067,70.4565],[-150.5062,70.4571],[-150.5055,70.4584],[-150.5057,70.4591],[-150.5062,70.4597],[-150.5064,70.4605],[-150.5064,70.4608],[-150.5062,70.4612],[-150.5041,70.4626],[-150.5027,70.4632],[-150.501,70.4639],[-150.4984,70.4646],[-150.4961,70.4654],[-150.4957,70.466],[-150.4955,70.4669],[-150.495,70.468],[-150.4938,70.469],[-150.4929,70.4695],[-150.4918,70.4702],[-150.4927,70.4716],[-150.4936,70.4723],[-150.4949,70.4733],[-150.4961,70.474],[-150.4987,70.4752],[-150.5001,70.4757],[-150.5006,70.4761],[-150.5013,70.4768],[-150.5024,70.4778],[-150.5031,70.4783],[-150.5041,70.4789],[-150.505,70.4796],[-150.5057,70.48],[-150.5066,70.4804],[-150.5071,70.4811],[-150.508,70.4827],[-150.5086,70.4832],[-150.5098,70.4836],[-150.5122,70.4839],[-150.5154,70.484],[-150.5188,70.484],[-150.5211,70.484],[-150.5231,70.4838],[-150.526,70.4837],[-150.5271,70.4834],[-150.5287,70.4837],[-150.5297,70.4839],[-150.5311,70.4837],[-150.532,70.4838],[-150.5348,70.4836],[-150.5363,70.4832],[-150.5374,70.4831],[-150.5389,70.4829],[-150.5389,70.4824],[-150.5401,70.4822],[-150.5415,70.4817],[-150.5423,70.4816],[-150.5435,70.4814],[-150.544,70.4811],[-150.5458,70.4807],[-150.547,70.4801],[-150.5476,70.4794],[-150.5461,70.4776],[-150.5457,70.477],[-150.5455,70.4759],[-150.5438,70.4745],[-150.5438,70.4738],[-150.543,70.4725],[-150.5429,70.4709],[-150.5426,70.4695],[-150.5429,70.4682],[-150.5433,70.4669],[-150.5434,70.4645],[-150.5437,70.4636],[-150.5438,70.4625]]},"properties":{}},{"type":"Feature","geometry":{"type":"LineString","coordinates":[[-150.5692,70.4787],[-150.5716,70.4781],[-150.5717,70.4773],[-150.5712,70.476],[-150.5702,70.475],[-150.5689,70.4734],[-150.5669,70.4715],[-150.5632,70.4694],[-150.5614,70.4676],[-150.5581,70.4661],[-150.5547,70.465],[-150.5501,70.4633],[-150.5476,70.462],[-150.5463,70.4625],[-150.5467,70.4642],[-150.5472,70.4661],[-150.5471,70.4675],[-150.5461,70.4693],[-150.5462,70.4709],[-150.5474,70.4729],[-150.5529,70.4751],[-150.5546,70.4755],[-150.5594,70.4774],[-150.5625,70.4784],[-150.5652,70.4789],[-150.5674,70.479],[-150.5692,70.4787]]},"properties":{}},{"type":"Feature","geometry":{"type":"LineString","coordinates":[[-150.5587,70.4454],[-150.559,70.4451],[-150.5591,70.4449],[-150.5588,70.4446],[-150.5582,70.4441],[-150.5577,70.4439],[-150.5567,70.4438],[-150.5564,70.444],[-150.5563,70.4444],[-150.5566,70.4449],[-150.5571,70.4453],[-150.5577,70.4455],[-150.5582,70.4455],[-150.5587,70.4454]]},"properties":{}},{"type":"Feature","geometry":{"type":"LineString","coordinates":[[-150.5584,70.4493],[-150.558,70.4489],[-150.5573,70.4485],[-150.5574,70.4483],[-150.5574,70.4477],[-150.5578,70.4472],[-150.5575,70.4467],[-150.5559,70.4462],[-150.555,70.4463],[-150.5544,70.4468],[-150.5542,70.4475],[-150.5543,70.4482],[-150.5552,70.4489],[-150.5565,70.4494],[-150.5575,70.4495],[-150.5581,70.4495],[-150.5584,70.4493]]},"properties":{}},{"type":"Feature","geometry":{"type":"LineString","coordinates":[[-150.5533,70.4616],[-150.5536,70.4605],[-150.5542,70.4595],[-150.5551,70.4587],[-150.5554,70.4567],[-150.5562,70.4557],[-150.5572,70.4549],[-150.5581,70.4534],[-150.5586,70.4527],[-150.5587,70.452],[-150.558,70.4511],[-150.5556,70.4501],[-150.554,70.4499],[-150.5525,70.4499],[-150.5518,70.4507],[-150.5515,70.4516],[-150.5506,70.4528],[-150.5494,70.4545],[-150.5492,70.456],[-150.5483,70.4581],[-150.5482,70.459],[-150.5481,70.4599],[-150.5501,70.4608],[-150.5519,70.4613],[-150.5524,70.4615],[-150.5533,70.4616]]},"properties":{}},{"type":"Feature","geometry":{"type":"LineString","coordinates":[[-150.4987,70.4633],[-150.5004,70.4629],[-150.5023,70.4623],[-150.5034,70.4618],[-150.5046,70.4612],[-150.505,70.4604],[-150.5045,70.4593],[-150.5042,70.4586],[-150.5022,70.459],[-150.5004,70.4598],[-150.4982,70.4609],[-150.4967,70.4617],[-150.4963,70.4625],[-150.4961,70.4633],[-150.496,70.4639],[-150.4973,70.4637],[-150.4987,70.4633]]},"properties":{}},{"type":"Feature","geometry":{"type":"LineString","coordinates":[[-150.4877,70.4722],[-150.4864,70.4727],[-150.4857,70.4731],[-150.4855,70.4737],[-150.4857,70.4748],[-150.4861,70.4756],[-150.4865,70.4763],[-150.4868,70.4771],[-150.4869,70.4779],[-150.4869,70.4783],[-150.4871,70.4792],[-150.4875,70.4797],[-150.4882,70.4803],[-150.4901,70.4816],[-150.4927,70.4826],[-150.4944,70.4833],[-150.4975,70.4846],[-150.4987,70.4854],[-150.5009,70.4858],[-150.5019,70.4845],[-150.5021,70.4833],[-150.5026,70.4814],[-150.5014,70.4802],[-150.4998,70.4792],[-150.4976,70.4782],[-150.4961,70.4776],[-150.4934,70.4759],[-150.4915,70.4747],[-150.4907,70.474],[-150.49,70.4731],[-150.4893,70.4725],[-150.4885,70.4721],[-150.488,70.4721],[-150.4877,70.4722]]},"properties":{}},{"type":"Feature","geometry":{"type":"LineString","coordinates":[[-150.4878,70.4715],[-150.4893,70.4716],[-150.4898,70.4709],[-150.4894,70.4707],[-150.4879,70.4707],[-150.4872,70.471],[-150.4871,70.4713],[-150.4878,70.4715]]},"properties":{}},{"type":"Feature","geometry":{"type":"LineString","coordinates":[[-150.3554,70.4285],[-150.3557,70.4283],[-150.3561,70.4282],[-150.3565,70.4279],[-150.3571,70.4278],[-150.3577,70.4277],[-150.3581,70.4276],[-150.359,70.4275],[-150.3594,70.4273],[-150.3614,70.427],[-150.362,70.4267],[-150.3625,70.4266],[-150.3636,70.4263],[-150.3642,70.4261],[-150.3648,70.426],[-150.3665,70.4259],[-150.367,70.4259],[-150.3677,70.4259],[-150.3683,70.4258],[-150.3691,70.4256],[-150.3694,70.4254],[-150.3703,70.4253],[-150.3707,70.4253],[-150.3713,70.4252],[-150.3716,70.425],[-150.3722,70.4248],[-150.3728,70.4246],[-150.3736,70.4245],[-150.374,70.4244],[-150.3746,70.4245],[-150.3748,70.4245],[-150.3754,70.4245],[-150.376,70.4244],[-150.3763,70.4243],[-150.3774,70.424],[-150.378,70.4238],[-150.3789,70.4237],[-150.3792,70.4236],[-150.3796,70.4234],[-150.3803,70.4234],[-150.3809,70.4232],[-150.3815,70.4231],[-150.3821,70.423],[-150.3832,70.423],[-150.3836,70.4228],[-150.3844,70.4227],[-150.3851,70.4226],[-150.3865,70.4223],[-150.3871,70.4222],[-150.3884,70.422],[-150.389,70.422],[-150.3896,70.4219],[-150.3899,70.4217],[-150.3906,70.4215],[-150.3911,70.4214],[-150.392,70.4213],[-150.3932,70.4211],[-150.394,70.421],[-150.3948,70.4208],[-150.3955,70.4207],[-150.3967,70.4205],[-150.3975,70.4203],[-150.3984,70.4202],[-150.3988,70.42],[-150.3994,70.4196],[-150.3993,70.4195],[-150.3986,70.4194],[-150.3975,70.4194],[-150.3964,70.4195],[-150.3948,70.4196],[-150.3939,70.4197],[-150.393,70.4199],[-150.3919,70.4201],[-150.3904,70.4203],[-150.3897,70.4205],[-150.3887,70.4208],[-150.3874,70.421],[-150.3861,70.4212],[-150.3847,70.4214],[-150.3833,70.4216],[-150.3819,70.4218],[-150.3805,70.4221],[-150.3798,70.4223],[-150.3791,70.4224],[-150.3771,70.4227],[-150.3762,70.4229],[-150.3753,70.423],[-150.3747,70.423],[-150.3738,70.4233],[-150.3734,70.4234],[-150.3729,70.4236],[-150.3715,70.4238],[-150.3704,70.424],[-150.3697,70.4242],[-150.3692,70.4242],[-150.3684,70.4243],[-150.3682,70.4245],[-150.3679,70.4247],[-150.3674,70.4248],[-150.3667,70.4249],[-150.3663,70.4251],[-150.3657,70.4252],[-150.3649,70.4253],[-150.3625,70.4257],[-150.3602,70.4259],[-150.359,70.4261],[-150.3579,70.4263],[-150.357,70.4265],[-150.3561,70.4266],[-150.3553,70.4267],[-150.3544,70.4269],[-150.3529,70.4272],[-150.3521,70.4275],[-150.3502,70.4281],[-150.3494,70.4283],[-150.3486,70.4286],[-150.3478,70.4289],[-150.3473,70.429],[-150.3466,70.4292],[-150.3465,70.4294],[-150.347,70.4295],[-150.3479,70.4295],[-150.3486,70.4294],[-150.3496,70.4293],[-150.3506,70.4292],[-150.3516,70.4292],[-150.3524,70.4292],[-150.3533,70.4292],[-150.3537,70.429],[-150.3542,70.4289],[-150.355,70.4288],[-150.3552,70.4287],[-150.3553,70.4286],[-150.3554,70.4285]]},"properties":{}},{"type":"Feature","geometry":{"type":"LineString","coordinates":[[-150.4302,70.4565],[-150.4295,70.4562],[-150.4288,70.4561],[-150.4281,70.4561],[-150.4261,70.4562],[-150.4252,70.4562],[-150.4231,70.4561],[-150.4212,70.4558],[-150.42,70.4557],[-150.4185,70.4556],[-150.4169,70.4556],[-150.4152,70.4556],[-150.4136,70.4557],[-150.4125,70.4558],[-150.4117,70.456],[-150.4107,70.4564],[-150.4094,70.4571],[-150.409,70.4574],[-150.4084,70.4581],[-150.4082,70.4585],[-150.4078,70.4591],[-150.4079,70.4602],[-150.4075,70.4608],[-150.4071,70.4612],[-150.4059,70.462],[-150.4033,70.4627],[-150.4024,70.463],[-150.4018,70.4634],[-150.4008,70.4639],[-150.3991,70.4645],[-150.3967,70.4657],[-150.3951,70.4663],[-150.3939,70.4667],[-150.3915,70.4674],[-150.3891,70.4681],[-150.3879,70.4686],[-150.3881,70.469],[-150.3893,70.4693],[-150.3913,70.4693],[-150.3936,70.4691],[-150.396,70.469],[-150.3997,70.4686],[-150.4011,70.4683],[-150.4022,70.4681],[-150.4045,70.468],[-150.4064,70.4676],[-150.4071,70.4674],[-150.4079,70.4671],[-150.4082,70.4668],[-150.4084,70.4666],[-150.4086,70.4663],[-150.4093,70.4662],[-150.4105,70.4662],[-150.4112,70.4659],[-150.4115,70.4656],[-150.4119,70.4654],[-150.4128,70.4651],[-150.414,70.4648],[-150.4148,70.4645],[-150.4157,70.4642],[-150.4163,70.4639],[-150.4176,70.4633],[-150.4185,70.4629],[-150.4186,70.4625],[-150.4167,70.4618],[-150.4169,70.4617],[-150.4173,70.4615],[-150.4175,70.4615],[-150.418,70.4615],[-150.4187,70.4615],[-150.4189,70.4614],[-150.4188,70.4613],[-150.4185,70.4611],[-150.4185,70.4609],[-150.4187,70.4608],[-150.4201,70.4606],[-150.4207,70.4605],[-150.421,70.4604],[-150.4215,70.4603],[-150.4218,70.4602],[-150.4221,70.4602],[-150.4229,70.46],[-150.4231,70.46],[-150.4234,70.4601],[-150.4236,70.4602],[-150.4237,70.4603],[-150.4238,70.4603],[-150.424,70.4603],[-150.4242,70.4602],[-150.4244,70.4601],[-150.4246,70.46],[-150.4251,70.4598],[-150.4252,70.4597],[-150.4255,70.4594],[-150.4257,70.4592],[-150.4266,70.4588],[-150.427,70.4585],[-150.4273,70.4582],[-150.4279,70.4579],[-150.4282,70.4578],[-150.4286,70.4575],[-150.429,70.4572],[-150.4294,70.457],[-150.4297,70.4567],[-150.4302,70.4565]]},"properties":{}},{"type":"Feature","geometry":{"type":"LineString","coordinates":[[-150.4256,70.4539],[-150.4262,70.4537],[-150.4269,70.4536],[-150.4276,70.4533],[-150.4284,70.4529],[-150.4288,70.4524],[-150.4289,70.4519],[-150.4292,70.4513],[-150.4302,70.4509],[-150.4313,70.4507],[-150.4332,70.4509],[-150.4334,70.4511],[-150.4333,70.4512],[-150.4329,70.4515],[-150.4327,70.452],[-150.432,70.4524],[-150.431,70.453],[-150.4291,70.4541],[-150.4286,70.4545],[-150.4278,70.455],[-150.4279,70.4553],[-150.4287,70.4554],[-150.4294,70.4557],[-150.4298,70.4558],[-150.4302,70.4559],[-150.4311,70.4563],[-150.4321,70.4562],[-150.4328,70.4561],[-150.4337,70.456],[-150.435,70.4558],[-150.4357,70.4555],[-150.4362,70.455],[-150.4369,70.4544],[-150.4378,70.4535],[-150.4384,70.4529],[-150.4393,70.4522],[-150.4399,70.4515],[-150.4405,70.4509],[-150.441,70.4503],[-150.4422,70.4494],[-150.4425,70.4492],[-150.4431,70.4488],[-150.4438,70.4482],[-150.4443,70.4477],[-150.4447,70.4472],[-150.4452,70.4465],[-150.4458,70.4459],[-150.4462,70.4455],[-150.4473,70.4447],[-150.4486,70.4439],[-150.4497,70.4434],[-150.451,70.4428],[-150.4519,70.4424],[-150.4528,70.442],[-150.4537,70.4416],[-150.4548,70.4412],[-150.4559,70.4408],[-150.4552,70.4408],[-150.454,70.4409],[-150.4523,70.4409],[-150.4511,70.4409],[-150.4494,70.4408],[-150.4481,70.4407],[-150.4457,70.4406],[-150.4442,70.4406],[-150.4425,70.4406],[-150.4407,70.4407],[-150.4382,70.4413],[-150.437,70.4418],[-150.4364,70.4422],[-150.4354,70.4426],[-150.4347,70.4429],[-150.4342,70.4432],[-150.432,70.4444],[-150.4312,70.4446],[-150.4306,70.4449],[-150.4296,70.4451],[-150.4288,70.4453],[-150.4273,70.4456],[-150.4244,70.446],[-150.4233,70.4463],[-150.4228,70.4465],[-150.4223,70.447],[-150.4217,70.4473],[-150.4209,70.4477],[-150.4186,70.4484],[-150.4181,70.4486],[-150.417,70.449],[-150.4159,70.4493],[-150.4147,70.4498],[-150.4137,70.4503],[-150.4131,70.4506],[-150.4114,70.4514],[-150.4109,70.4518],[-150.4104,70.4523],[-150.41,70.4532],[-150.4098,70.4537],[-150.4096,70.4541],[-150.4091,70.4548],[-150.4088,70.4552],[-150.4085,70.4557],[-150.4088,70.456],[-150.4093,70.456],[-150.4101,70.4557],[-150.4103,70.4554],[-150.4107,70.4553],[-150.411,70.4554],[-150.4115,70.4554],[-150.4129,70.4554],[-150.4141,70.4553],[-150.4155,70.4553],[-150.4165,70.4552],[-150.4186,70.455],[-150.4196,70.455],[-150.4207,70.4549],[-150.4222,70.4547],[-150.4234,70.4546],[-150.4243,70.4544],[-150.4253,70.4541],[-150.4256,70.4539]]},"properties":{}},{"type":"Feature","geometry":{"type":"LineString","coordinates":[[-150.4153,70.4468],[-150.4167,70.4464],[-150.4175,70.4462],[-150.4188,70.4458],[-150.4203,70.4455],[-150.4213,70.4452],[-150.4223,70.4449],[-150.4233,70.4447],[-150.4241,70.4444],[-150.4247,70.4443],[-150.4256,70.4439],[-150.4256,70.4437],[-150.4256,70.4436],[-150.4247,70.4434],[-150.423,70.4436],[-150.4211,70.444],[-150.4198,70.4443],[-150.4176,70.4447],[-150.4156,70.4452],[-150.4141,70.4456],[-150.4095,70.4464],[-150.4083,70.4466],[-150.4057,70.4473],[-150.4032,70.4481],[-150.4014,70.4486],[-150.3997,70.4492],[-150.3987,70.4497],[-150.3974,70.451],[-150.3957,70.4515],[-150.3937,70.4521],[-150.3921,70.4529],[-150.3906,70.4536],[-150.3892,70.4543],[-150.3879,70.4554],[-150.3872,70.4557],[-150.386,70.4565],[-150.3846,70.4573],[-150.3816,70.4589],[-150.3803,70.4597],[-150.3788,70.4607],[-150.3779,70.4614],[-150.3767,70.4621],[-150.3759,70.4627],[-150.3754,70.4633],[-150.3751,70.4639],[-150.3752,70.4644],[-150.3758,70.4648],[-150.3764,70.4648],[-150.3779,70.4645],[-150.3788,70.4642],[-150.3799,70.4637],[-150.3809,70.4631],[-150.3815,70.4626],[-150.3826,70.4621],[-150.3837,70.4619],[-150.3855,70.4615],[-150.3866,70.4616],[-150.3861,70.4619],[-150.3853,70.4621],[-150.3845,70.4624],[-150.3841,70.4627],[-150.3836,70.463],[-150.3828,70.4638],[-150.382,70.4641],[-150.3812,70.4646],[-150.3806,70.4649],[-150.3798,70.4652],[-150.3798,70.4654],[-150.3802,70.4654],[-150.381,70.4653],[-150.3824,70.465],[-150.3833,70.4648],[-150.3844,70.4645],[-150.3854,70.4641],[-150.3866,70.4637],[-150.3875,70.4635],[-150.3887,70.4633],[-150.3894,70.4635],[-150.3893,70.4637],[-150.3887,70.464],[-150.3883,70.4643],[-150.3868,70.4648],[-150.3865,70.4651],[-150.3853,70.4654],[-150.3854,70.4656],[-150.3861,70.4656],[-150.3871,70.4654],[-150.388,70.4652],[-150.3889,70.465],[-150.3901,70.4647],[-150.3911,70.464],[-150.3917,70.4638],[-150.3931,70.4633],[-150.3944,70.4626],[-150.3953,70.4623],[-150.3961,70.462],[-150.3995,70.4611],[-150.4002,70.4609],[-150.4009,70.4605],[-150.4016,70.46],[-150.4019,70.4592],[-150.4021,70.4587],[-150.4022,70.4584],[-150.4022,70.4578],[-150.4022,70.4573],[-150.4025,70.456],[-150.4027,70.4556],[-150.4027,70.4551],[-150.4029,70.4545],[-150.4032,70.454],[-150.4038,70.4527],[-150.4042,70.4524],[-150.4048,70.452],[-150.4052,70.4515],[-150.4057,70.451],[-150.4062,70.4506],[-150.4068,70.4502],[-150.4072,70.4498],[-150.4077,70.4495],[-150.4084,70.4491],[-150.4092,70.4488],[-150.4101,70.4484],[-150.4112,70.4479],[-150.4123,70.4476],[-150.414,70.4471],[-150.4153,70.4468]]},"properties":{}},{"type":"Feature","geometry":{"type":"LineString","coordinates":[[-150.3871,70.45],[-150.3892,70.4495],[-150.3922,70.4483],[-150.3932,70.4479],[-150.395,70.4471],[-150.3983,70.4461],[-150.4001,70.4455],[-150.4042,70.4443],[-150.4071,70.4437],[-150.41,70.443],[-150.4117,70.4425],[-150.4153,70.4422],[-150.4174,70.4419],[-150.4193,70.4415],[-150.4201,70.4407],[-150.4195,70.4396],[-150.4166,70.4396],[-150.4133,70.4397],[-150.4105,70.44],[-150.4062,70.4403],[-150.4018,70.4407],[-150.3978,70.4414],[-150.3952,70.4419],[-150.3934,70.4425],[-150.3922,70.4431],[-150.3915,70.4438],[-150.3913,70.4447],[-150.3912,70.445],[-150.3886,70.4458],[-150.3869,70.4465],[-150.3861,70.447],[-150.3856,70.4472],[-150.3848,70.4476],[-150.3852,70.4484],[-150.3857,70.4486],[-150.3869,70.4487],[-150.3879,70.4487],[-150.3882,70.4489],[-150.3876,70.4492],[-150.3861,70.4496],[-150.3858,70.4499],[-150.3856,70.4502],[-150.3862,70.4503],[-150.3866,70.4502],[-150.3871,70.45]]},"properties":{}},{"type":"Feature","geometry":{"type":"LineString","coordinates":[[-150.4544,70.4613],[-150.4556,70.4602],[-150.4569,70.459],[-150.4583,70.4575],[-150.46,70.4562],[-150.4606,70.4551],[-150.462,70.4533],[-150.4631,70.4521],[-150.4662,70.4506],[-150.4674,70.4496],[-150.4697,70.4469],[-150.4698,70.4458],[-150.4681,70.4448],[-150.4663,70.4436],[-150.4645,70.4422],[-150.4639,70.4414],[-150.4616,70.4416],[-150.4595,70.4421],[-150.4569,70.4428],[-150.4553,70.4432],[-150.4532,70.4439],[-150.4515,70.4447],[-150.4503,70.4455],[-150.4492,70.4464],[-150.4486,70.4472],[-150.4477,70.4488],[-150.446,70.4506],[-150.4443,70.4519],[-150.4429,70.4532],[-150.4416,70.4544],[-150.4408,70.4553],[-150.4387,70.4572],[-150.4381,70.4579],[-150.4403,70.4593],[-150.4411,70.4602],[-150.4413,70.4619],[-150.4409,70.463],[-150.4394,70.4654],[-150.4398,70.4662],[-150.4399,70.4676],[-150.4409,70.468],[-150.4421,70.4677],[-150.4429,70.467],[-150.4439,70.4663],[-150.4449,70.4656],[-150.4469,70.4644],[-150.4496,70.4632],[-150.4514,70.4628],[-150.4524,70.4624],[-150.4544,70.4613]]},"properties":{}},{"type":"Feature","geometry":{"type":"LineString","coordinates":[[-150.4371,70.4586],[-150.432,70.4606],[-150.4283,70.4618],[-150.4252,70.463],[-150.423,70.4641],[-150.4219,70.467],[-150.4213,70.468],[-150.4206,70.4689],[-150.4208,70.4697],[-150.4223,70.4702],[-150.4267,70.4698],[-150.4286,70.4689],[-150.4297,70.468],[-150.432,70.4666],[-150.4352,70.4651],[-150.4378,70.4636],[-150.4385,70.4626],[-150.4385,70.461],[-150.4381,70.4597],[-150.4371,70.4586]]},"properties":{}},{"type":"Feature","geometry":{"type":"LineString","coordinates":[[-150.4342,70.4564],[-150.4336,70.4564],[-150.4334,70.4564],[-150.4325,70.4566],[-150.4318,70.4568],[-150.4313,70.4569],[-150.4308,70.4571],[-150.4303,70.4574],[-150.43,70.4576],[-150.4295,70.458],[-150.429,70.4583],[-150.4285,70.4587],[-150.4283,70.4592],[-150.4281,70.4595],[-150.428,70.4598],[-150.4287,70.4599],[-150.4292,70.4598],[-150.4297,70.4596],[-150.4303,70.4595],[-150.4307,70.4592],[-150.4328,70.4584],[-150.4332,70.4582],[-150.4338,70.4578],[-150.4344,70.4573],[-150.4348,70.4567],[-150.4342,70.4564]]},"properties":{}},{"type":"Feature","geometry":{"type":"LineString","coordinates":[[-150.3641,70.4586],[-150.3641,70.4589],[-150.3632,70.4596],[-150.3623,70.4602],[-150.3618,70.4607],[-150.3614,70.4613],[-150.361,70.4623],[-150.3609,70.4626],[-150.3606,70.4633],[-150.3601,70.4637],[-150.3591,70.4642],[-150.3588,70.4645],[-150.3591,70.4647],[-150.3597,70.4645],[-150.3606,70.4643],[-150.3614,70.4639],[-150.3622,70.4635],[-150.3632,70.4629],[-150.3639,70.4623],[-150.3658,70.4614],[-150.3666,70.4611],[-150.3683,70.4603],[-150.3694,70.4599],[-150.3711,70.4592],[-150.3721,70.4587],[-150.3732,70.4581],[-150.3745,70.4574],[-150.3753,70.457],[-150.3762,70.4564],[-150.3774,70.4557],[-150.3782,70.4553],[-150.3793,70.4548],[-150.3808,70.4541],[-150.382,70.4534],[-150.383,70.453],[-150.3835,70.4524],[-150.3832,70.4521],[-150.3818,70.4519],[-150.3803,70.4519],[-150.3783,70.4522],[-150.3772,70.4525],[-150.3761,70.4528],[-150.3753,70.453],[-150.3741,70.4532],[-150.3715,70.4536],[-150.3701,70.4538],[-150.3682,70.4541],[-150.3664,70.4548],[-150.3658,70.4556],[-150.3655,70.4561],[-150.3649,70.4565],[-150.3642,70.4566],[-150.3641,70.4569],[-150.3637,70.4574],[-150.364,70.4584],[-150.3641,70.4586]]},"properties":{}},{"type":"Feature","geometry":{"type":"LineString","coordinates":[[-150.3731,70.4513],[-150.375,70.4511],[-150.3763,70.4508],[-150.3781,70.4506],[-150.3803,70.4504],[-150.3825,70.4493],[-150.3822,70.4489],[-150.3807,70.4484],[-150.3795,70.4483],[-150.3773,70.4483],[-150.3762,70.4485],[-150.3749,70.4487],[-150.3733,70.4491],[-150.3721,70.4495],[-150.3706,70.45],[-150.3691,70.4505],[-150.368,70.451],[-150.3675,70.4514],[-150.3678,70.4517],[-150.3692,70.4512],[-150.3701,70.451],[-150.3721,70.4507],[-150.3742,70.4505],[-150.375,70.4504],[-150.3755,70.4504],[-150.3756,70.4506],[-150.3749,70.4507],[-150.3739,70.451],[-150.3733,70.4511],[-150.3731,70.4512],[-150.3731,70.4513]]},"properties":{}},{"type":"Feature","geometry":{"type":"LineString","coordinates":[[-150.1897,70.4352],[-150.1911,70.4353],[-150.1923,70.4353],[-150.1933,70.4353],[-150.1954,70.4351],[-150.1974,70.4345],[-150.1987,70.4342],[-150.2,70.4338],[-150.2017,70.4334],[-150.2031,70.4332],[-150.2041,70.433],[-150.2087,70.4325],[-150.2203,70.4301],[-150.2214,70.4299],[-150.2241,70.4297],[-150.2254,70.429],[-150.2269,70.4288],[-150.2276,70.4285],[-150.228,70.4283],[-150.2278,70.4281],[-150.2277,70.4278],[-150.2284,70.4278],[-150.2294,70.4274],[-150.2304,70.4273],[-150.2314,70.4275],[-150.2314,70.4278],[-150.2326,70.4281],[-150.2338,70.4286],[-150.2348,70.4289],[-150.236,70.4292],[-150.237,70.4294],[-150.2382,70.4288],[-150.2391,70.4287],[-150.2408,70.4288],[-150.2425,70.4288],[-150.2425,70.4286],[-150.2432,70.4285],[-150.2437,70.4286],[-150.2445,70.4285],[-150.2467,70.4279],[-150.2481,70.4278],[-150.2495,70.4278],[-150.2518,70.4278],[-150.2526,70.4279],[-150.2535,70.4279],[-150.2547,70.4276],[-150.2553,70.4273],[-150.2559,70.4271],[-150.2557,70.4262],[-150.2562,70.4259],[-150.2565,70.4256],[-150.257,70.4256],[-150.2571,70.4254],[-150.2568,70.425],[-150.2572,70.4247],[-150.2583,70.4245],[-150.2595,70.4247],[-150.2607,70.4249],[-150.262,70.4249],[-150.264,70.425],[-150.2663,70.4247],[-150.268,70.4249],[-150.2691,70.4249],[-150.2718,70.4247],[-150.2735,70.4243],[-150.2743,70.4242],[-150.2749,70.424],[-150.275,70.4235],[-150.2758,70.4233],[-150.2764,70.4231],[-150.2767,70.4228],[-150.2767,70.4227],[-150.2771,70.4227],[-150.2775,70.4228],[-150.2777,70.4229],[-150.2776,70.4231],[-150.278,70.4232],[-150.2787,70.4227],[-150.2805,70.4223],[-150.2806,70.422],[-150.2804,70.4217],[-150.2804,70.4215],[-150.2809,70.4214],[-150.2815,70.4215],[-150.2817,70.4216],[-150.2823,70.4216],[-150.283,70.4216],[-150.2838,70.4215],[-150.2837,70.421],[-150.2842,70.421],[-150.2849,70.421],[-150.2852,70.4211],[-150.2857,70.4209],[-150.287,70.4204],[-150.2888,70.42],[-150.29,70.4195],[-150.2906,70.419],[-150.2907,70.4187],[-150.2921,70.4186]]},"properties":{}},{"type":"Feature","geometry":{"type":"LineString","coordinates":[[-150.328,70.4229],[-150.329,70.4227],[-150.3289,70.4224],[-150.3256,70.4222],[-150.3245,70.4222],[-150.3228,70.4225],[-150.3213,70.4227],[-150.3193,70.4228],[-150.3179,70.423],[-150.3157,70.4234],[-150.3135,70.4236],[-150.311,70.4238],[-150.3107,70.424],[-150.3112,70.4241],[-150.3144,70.4241],[-150.3169,70.424],[-150.3195,70.4238],[-150.3232,70.4234],[-150.3266,70.4231],[-150.3273,70.423],[-150.328,70.4229]]},"properties":{}},{"type":"Feature","geometry":{"type":"LineString","coordinates":[[-150.3366,70.4215],[-150.3376,70.4213],[-150.3394,70.4209],[-150.3411,70.4205],[-150.3437,70.4199],[-150.3452,70.4195],[-150.3456,70.4191],[-150.3445,70.4186],[-150.3428,70.4184],[-150.3412,70.4188],[-150.3397,70.419],[-150.337,70.4193],[-150.3358,70.4194],[-150.3332,70.4195],[-150.3307,70.4196],[-150.3277,70.4198],[-150.3246,70.4201],[-150.3233,70.4202],[-150.3196,70.4207],[-150.3176,70.4211],[-150.3159,70.4216],[-150.3139,70.4221],[-150.3125,70.4225],[-150.3117,70.4229],[-150.3121,70.4231],[-150.314,70.4228],[-150.3159,70.4225],[-150.3191,70.4221],[-150.3225,70.4216],[-150.3248,70.4215],[-150.3277,70.4216],[-150.3298,70.4218],[-150.331,70.4218],[-150.3326,70.4218],[-150.3338,70.4217],[-150.3351,70.4216],[-150.3366,70.4215]]},"properties":{}},{"type":"Feature","geometry":{"type":"LineString","coordinates":[[-150.3317,70.4184],[-150.3356,70.4181],[-150.3373,70.4179],[-150.3393,70.4176],[-150.3407,70.4175],[-150.3416,70.4174],[-150.3426,70.4172],[-150.3438,70.4168],[-150.3445,70.4165],[-150.3451,70.4164],[-150.3478,70.4159],[-150.349,70.4156],[-150.352,70.4152],[-150.3541,70.4149],[-150.3557,70.4145],[-150.357,70.4142],[-150.3591,70.414],[-150.3598,70.4138],[-150.3611,70.4136],[-150.3624,70.4133],[-150.3637,70.4131],[-150.3641,70.4128],[-150.3626,70.4126],[-150.3598,70.4126],[-150.3569,70.4128],[-150.3538,70.4129],[-150.351,70.4131],[-150.3487,70.4132],[-150.3468,70.4134],[-150.3442,70.4137],[-150.3418,70.414],[-150.3398,70.4145],[-150.3381,70.4149],[-150.3358,70.4156],[-150.3352,70.4159],[-150.3347,70.4161],[-150.3315,70.4168],[-150.3304,70.417],[-150.3302,70.4173],[-150.3294,70.4176],[-150.3289,70.4178],[-150.3302,70.4182],[-150.3305,70.4183],[-150.3317,70.4184]]},"properties":{}},{"type":"Feature","geometry":{"type":"LineString","coordinates":[[-150.3465,70.4187],[-150.3486,70.4186],[-150.3499,70.4183],[-150.3508,70.4179],[-150.3524,70.4174],[-150.3545,70.4169],[-150.3562,70.4165],[-150.3571,70.4162],[-150.3583,70.4157],[-150.3598,70.4154],[-150.3609,70.415],[-150.3601,70.4149],[-150.3584,70.4152],[-150.3574,70.4155],[-150.3559,70.4158],[-150.354,70.4161],[-150.3524,70.4164],[-150.3501,70.4169],[-150.3486,70.4172],[-150.3468,70.4176],[-150.346,70.4179],[-150.3451,70.4184],[-150.3451,70.4185],[-150.3457,70.4186],[-150.3465,70.4187]]},"properties":{}},{"type":"Feature","geometry":{"type":"LineString","coordinates":[[-150.3552,70.433],[-150.3556,70.4329],[-150.3561,70.4327],[-150.3563,70.4325],[-150.3559,70.4323],[-150.3548,70.4322],[-150.3536,70.4324],[-150.3529,70.4326],[-150.3526,70.4328],[-150.3527,70.433],[-150.3536,70.4331],[-150.3543,70.4331],[-150.3548,70.4331],[-150.3552,70.433]]},"properties":{}},{"type":"Feature","geometry":{"type":"LineString","coordinates":[[-150.3505,70.4349],[-150.3515,70.4347],[-150.3524,70.4345],[-150.3531,70.4343],[-150.3535,70.434],[-150.3524,70.4339],[-150.3514,70.4341],[-150.3507,70.4343],[-150.35,70.4344],[-150.3491,70.4346],[-150.3485,70.4348],[-150.3481,70.435],[-150.3485,70.4351],[-150.3492,70.435],[-150.3502,70.4349],[-150.3505,70.4349]]},"properties":{}},{"type":"Feature","geometry":{"type":"LineString","coordinates":[[-150.3502,70.4403],[-150.3516,70.4403],[-150.3525,70.4401],[-150.3537,70.4399],[-150.3554,70.4398],[-150.3569,70.4396],[-150.3573,70.4395],[-150.3578,70.4393],[-150.3582,70.4391],[-150.3584,70.4387],[-150.3584,70.4382],[-150.3583,70.4379],[-150.3583,70.4376],[-150.3585,70.4374],[-150.358,70.4372],[-150.3561,70.4373],[-150.3556,70.4374],[-150.3523,70.438],[-150.3513,70.4382],[-150.3506,70.4383],[-150.3494,70.4386],[-150.3479,70.4389],[-150.3465,70.4391],[-150.3454,70.4394],[-150.345,70.4397],[-150.3453,70.4399],[-150.3458,70.4399],[-150.3467,70.4398],[-150.3477,70.4399],[-150.3482,70.44],[-150.3488,70.4402],[-150.3494,70.4403],[-150.3502,70.4403]]},"properties":{}},{"type":"Feature","geometry":{"type":"LineString","coordinates":[[-150.3223,70.4319],[-150.3241,70.4319],[-150.3257,70.4317],[-150.3266,70.4315],[-150.3277,70.4314],[-150.3287,70.4313],[-150.3304,70.4312],[-150.3314,70.4309],[-150.332,70.4307],[-150.3326,70.4305],[-150.3331,70.4305],[-150.3335,70.4302],[-150.3342,70.4302],[-150.3355,70.4301],[-150.3363,70.4299],[-150.3372,70.4295],[-150.3375,70.4291],[-150.3369,70.4288],[-150.336,70.4288],[-150.3348,70.4291],[-150.3339,70.4294],[-150.333,70.4295],[-150.3316,70.4298],[-150.33,70.4301],[-150.3288,70.4303],[-150.3279,70.4304],[-150.3264,70.4307],[-150.3253,70.4309],[-150.3247,70.4311],[-150.3238,70.4313],[-150.3226,70.4316],[-150.3221,70.4317],[-150.3218,70.4318],[-150.3219,70.4319],[-150.3223,70.4319]]},"properties":{}},{"type":"Feature","geometry":{"type":"LineString","coordinates":[[-150.1886,70.5545],[-150.1895,70.5552],[-150.188,70.5553],[-150.1849,70.5552],[-150.1828,70.5551],[-150.1804,70.5549],[-150.18,70.5548],[-150.1792,70.5547],[-150.1771,70.5547],[-150.1759,70.5546],[-150.1736,70.5543],[-150.1718,70.5542],[-150.1704,70.554],[-150.1688,70.5536],[-150.1667,70.5532],[-150.1656,70.5529],[-150.1637,70.5527],[-150.1622,70.5525],[-150.1601,70.552],[-150.1577,70.5514],[-150.1564,70.5513],[-150.1545,70.5509],[-150.1503,70.5498],[-150.149,70.5492],[-150.1483,70.5484],[-150.1486,70.549],[-150.149,70.5496],[-150.1497,70.5499],[-150.1524,70.5507],[-150.1553,70.5513],[-150.157,70.5517],[-150.1589,70.552],[-150.1599,70.5522],[-150.1634,70.553],[-150.165,70.5534],[-150.1666,70.5537],[-150.1682,70.554],[-150.17,70.5543],[-150.1735,70.5547],[-150.1759,70.5549],[-150.1795,70.5551],[-150.1817,70.5553],[-150.184,70.5555],[-150.1864,70.5557],[-150.1965,70.5559],[-150.2064,70.5554],[-150.2106,70.5549],[-150.2117,70.5546],[-150.2129,70.5544],[-150.2139,70.5538],[-150.2168,70.5534],[-150.2197,70.5528],[-150.2151,70.552],[-150.2103,70.5528],[-150.2104,70.5536],[-150.2093,70.5539],[-150.2088,70.5531],[-150.2052,70.5526],[-150.205,70.5534],[-150.2017,70.5544],[-150.1908,70.5535],[-150.1893,70.5537],[-150.1886,70.5545]]},"properties":{}},{"type":"Feature","geometry":{"type":"LineString","coordinates":[[-150.2508,70.4967],[-150.2539,70.4957],[-150.2542,70.4954],[-150.254,70.4953],[-150.251,70.4945],[-150.2503,70.4946],[-150.2474,70.4958],[-150.2475,70.496],[-150.2498,70.4967],[-150.2503,70.4968],[-150.2508,70.4967]]},"properties":{}},{"type":"Feature","geometry":{"type":"LineString","coordinates":[[-149.4047,70.5439],[-149.4061,70.5432],[-149.408,70.5429],[-149.411,70.5426],[-149.413,70.5424],[-149.4146,70.5422],[-149.4159,70.5419],[-149.4172,70.5415],[-149.4194,70.5412],[-149.4219,70.5408],[-149.4242,70.5405],[-149.4256,70.5403],[-149.4261,70.54],[-149.4256,70.5401],[-149.4241,70.5404],[-149.422,70.5405],[-149.4202,70.5406],[-149.4176,70.5408],[-149.4155,70.5411],[-149.4138,70.5416],[-149.4128,70.542],[-149.4114,70.5423],[-149.4078,70.5425],[-149.406,70.5427],[-149.4041,70.5429],[-149.4016,70.543],[-149.397,70.5432],[-149.3944,70.5433],[-149.3916,70.5433],[-149.3873,70.5432],[-149.3851,70.5431],[-149.3824,70.5429],[-149.3787,70.5429],[-149.3777,70.5428],[-149.3738,70.5426],[-149.3703,70.5423],[-149.368,70.5421],[-149.3652,70.5416],[-149.3618,70.541],[-149.3592,70.5408],[-149.3587,70.5408],[-149.3548,70.5406],[-149.3511,70.5401],[-149.3464,70.5396],[-149.3434,70.5392],[-149.3397,70.5386],[-149.3344,70.5381],[-149.3293,70.5377],[-149.3244,70.5372],[-149.3217,70.537],[-149.318,70.5366],[-149.3085,70.5355],[-149.306,70.5352],[-149.3036,70.5343],[-149.3016,70.5331],[-149.2989,70.5324],[-149.2967,70.5326],[-149.2945,70.5332],[-149.2927,70.5336],[-149.2914,70.5338],[-149.2875,70.5336],[-149.2839,70.5331],[-149.2806,70.5327],[-149.2773,70.5323],[-149.2742,70.5316],[-149.2711,70.5304],[-149.2652,70.5274],[-149.2614,70.5254],[-149.2581,70.5232],[-149.2561,70.5227],[-149.2525,70.5226],[-149.2496,70.5229],[-149.2452,70.523],[-149.2447,70.5239],[-149.2447,70.5244],[-149.2441,70.5263],[-149.2439,70.5269],[-149.2416,70.527],[-149.2383,70.5268],[-149.2335,70.5262],[-149.2278,70.5257],[-149.2253,70.5255],[-149.2234,70.5255],[-149.22,70.5251],[-149.2175,70.525],[-149.2119,70.5249],[-149.21,70.5248],[-149.2081,70.5246],[-149.206,70.5245],[-149.2034,70.524],[-149.2004,70.5238],[-149.1975,70.5234],[-149.1927,70.5232],[-149.1912,70.5231],[-149.1889,70.5227],[-149.1851,70.5221],[-149.1832,70.5219],[-149.1815,70.5219],[-149.1792,70.5216],[-149.1765,70.5213],[-149.174,70.5209],[-149.1713,70.5205],[-149.1684,70.52],[-149.1649,70.5193],[-149.1618,70.5183],[-149.1593,70.5175],[-149.1581,70.5169],[-149.1569,70.5163],[-149.1557,70.5154],[-149.155,70.515],[-149.1535,70.5146],[-149.1514,70.5144],[-149.1494,70.5145],[-149.1481,70.5148],[-149.147,70.5151],[-149.1458,70.5153],[-149.1445,70.5155],[-149.1433,70.5154],[-149.1415,70.5149],[-149.1374,70.5139],[-149.1332,70.5128],[-149.1315,70.5121],[-149.1297,70.5114],[-149.1272,70.5105],[-149.1254,70.51],[-149.1226,70.5096],[-149.1217,70.5095],[-149.119,70.5091],[-149.1162,70.5085],[-149.1113,70.5072],[-149.1078,70.5062],[-149.1055,70.5054],[-149.104,70.5046],[-149.1023,70.5038],[-149.1012,70.5032],[-149.0995,70.5024],[-149.0976,70.5013],[-149.0957,70.5004],[-149.0947,70.4998],[-149.0935,70.4989],[-149.0925,70.4983],[-149.0903,70.4966],[-149.0884,70.4953],[-149.0868,70.4935],[-149.0857,70.4923],[-149.0849,70.4918],[-149.0821,70.4921],[-149.0809,70.4924],[-149.08,70.4927],[-149.079,70.4933],[-149.0776,70.4947],[-149.0764,70.4952],[-149.0749,70.4953],[-149.0717,70.4949],[-149.0696,70.494],[-149.0673,70.4931],[-149.0654,70.4923],[-149.0626,70.4913],[-149.0597,70.4902],[-149.0581,70.4896],[-149.0571,70.49],[-149.055,70.4897],[-149.0524,70.4894],[-149.0506,70.4897],[-149.0498,70.49],[-149.049,70.4898],[-149.0498,70.4893],[-149.048,70.4892],[-149.0461,70.4893],[-149.0449,70.4892],[-149.0444,70.4884],[-149.0436,70.488],[-149.0414,70.4879],[-149.0384,70.4881],[-149.0366,70.4877],[-149.0346,70.4876],[-149.0312,70.4874],[-149.0282,70.4869],[-149.0252,70.4869],[-149.0236,70.4867],[-149.0207,70.4865],[-149.0187,70.4861],[-149.0146,70.4857],[-149.0129,70.4855],[-149.0087,70.4851],[-149.0076,70.485],[-149.0042,70.4846],[-149.0022,70.4843],[-149.0005,70.484],[-148.9977,70.4839],[-148.9955,70.4837],[-148.994,70.4834],[-148.9875,70.483],[-148.9855,70.4826],[-148.9833,70.4822],[-148.9807,70.4819],[-148.9774,70.4817],[-148.975,70.4816],[-148.9725,70.4813],[-148.9708,70.4809],[-148.9679,70.4804],[-148.9668,70.4804],[-148.9635,70.4804],[-148.9625,70.4803],[-148.9525,70.4801],[-148.9488,70.4799],[-148.9443,70.4801],[-148.9423,70.4803],[-148.9388,70.4804],[-148.9365,70.4803],[-148.9344,70.4805],[-148.9323,70.4805],[-148.9267,70.4805],[-148.9229,70.4804],[-148.9206,70.4803],[-148.9189,70.4804],[-148.9155,70.4807],[-148.9123,70.4807],[-148.9042,70.4808],[-148.9019,70.4809],[-148.8989,70.4808],[-148.8959,70.4807],[-148.8938,70.4805],[-148.8919,70.4803],[-148.887,70.4798],[-148.8832,70.4795],[-148.8795,70.479],[-148.877,70.4787],[-148.8717,70.4781],[-148.8699,70.478],[-148.8676,70.4777],[-148.8656,70.4772],[-148.8635,70.4765],[-148.8621,70.4766],[-148.8612,70.4768],[-148.8595,70.4765],[-148.8581,70.4767],[-148.8554,70.4766],[-148.8531,70.4763],[-148.8515,70.4759],[-148.85,70.4751],[-148.8477,70.4746],[-148.8455,70.4745],[-148.8451,70.4747],[-148.847,70.4749],[-148.8477,70.4753],[-148.848,70.4758],[-148.847,70.4761],[-148.8449,70.4758],[-148.8438,70.4754],[-148.8411,70.4746],[-148.8389,70.4738],[-148.8377,70.4732],[-148.8358,70.4725],[-148.8348,70.4721],[-148.8348,70.4716],[-148.8349,70.4709],[-148.8329,70.4704],[-148.831,70.4698],[-148.8292,70.4692],[-148.8286,70.4692],[-148.8266,70.4689],[-148.8251,70.4691],[-148.8234,70.4689],[-148.8217,70.4683],[-148.8184,70.4676],[-148.8137,70.4663],[-148.8094,70.4648],[-148.8058,70.4632],[-148.8002,70.4611],[-148.7977,70.4591],[-148.7955,70.4578],[-148.7946,70.4565],[-148.7928,70.4546],[-148.7911,70.4533],[-148.7905,70.4527],[-148.7905,70.4514],[-148.7883,70.4508],[-148.7871,70.4504],[-148.7869,70.4501],[-148.7868,70.4492],[-148.7876,70.4484],[-148.7874,70.448],[-148.7869,70.4485],[-148.7863,70.4496],[-148.7859,70.4502],[-148.7851,70.4516],[-148.7854,70.4525],[-148.7866,70.4537],[-148.7944,70.4587],[-148.8001,70.4614],[-148.8055,70.4637],[-148.81,70.4655],[-148.8155,70.4673],[-148.8223,70.4691],[-148.8275,70.4705],[-148.8345,70.4728],[-148.8393,70.4746],[-148.8444,70.4761],[-148.847,70.4768],[-148.8497,70.4774],[-148.8548,70.4781],[-148.8553,70.4776],[-148.8585,70.4775],[-148.864,70.4776],[-148.8672,70.4781],[-148.8685,70.4784],[-148.8709,70.4786],[-148.8807,70.4797],[-148.8882,70.4803],[-148.8924,70.4808],[-148.899,70.4815],[-148.9072,70.4822],[-148.9123,70.4822],[-148.9174,70.4823],[-148.9296,70.4821],[-148.9344,70.4818],[-148.9388,70.4814],[-148.9432,70.4812],[-148.9539,70.4813],[-148.9646,70.4818],[-148.9702,70.4822],[-148.9813,70.483],[-148.992,70.484],[-149.001,70.4849],[-149.0138,70.4862],[-149.0231,70.4873],[-149.036,70.4889],[-149.0438,70.4902],[-149.0563,70.4926],[-149.0686,70.4954],[-149.0795,70.4985],[-149.0918,70.5025],[-149.1054,70.5064],[-149.1166,70.5094],[-149.1332,70.5135],[-149.1459,70.5165],[-149.1555,70.5187],[-149.1622,70.5199],[-149.17,70.5208],[-149.1745,70.5214],[-149.1775,70.5219],[-149.1818,70.5228],[-149.1888,70.5238],[-149.2009,70.525],[-149.2082,70.5254],[-149.2115,70.5255],[-149.2153,70.5257],[-149.2215,70.526],[-149.2301,70.5266],[-149.2383,70.5276],[-149.252,70.5291],[-149.2649,70.531],[-149.2731,70.5323],[-149.2799,70.5332],[-149.2898,70.5344],[-149.2981,70.5354],[-149.314,70.5368],[-149.3325,70.5387],[-149.3452,70.5399],[-149.3553,70.541],[-149.3681,70.5425],[-149.3735,70.5431],[-149.377,70.5435],[-149.3801,70.5438],[-149.3839,70.5439],[-149.3937,70.5443],[-149.398,70.5445],[-149.4009,70.5445],[-149.4029,70.5444],[-149.4047,70.5439]]},"properties":{}},{"type":"Feature","geometry":{"type":"LineString","coordinates":[[-149.9214,70.5577],[-149.9196,70.558],[-149.9158,70.559],[-149.9094,70.5611],[-149.9048,70.5622],[-149.9027,70.5624],[-149.8968,70.5623],[-149.8937,70.5626],[-149.8921,70.5629],[-149.8864,70.5631],[-149.8788,70.5631],[-149.8698,70.5629],[-149.8654,70.5625],[-149.8632,70.5625],[-149.8579,70.5619],[-149.8539,70.5612],[-149.8511,70.5608],[-149.8484,70.5603],[-149.8475,70.56],[-149.8476,70.5596],[-149.848,70.5593],[-149.8468,70.5596],[-149.8467,70.5599],[-149.847,70.5602],[-149.8545,70.5617],[-149.8628,70.5627],[-149.8713,70.5634],[-149.8821,70.5635],[-149.8937,70.5633],[-149.8999,70.5633],[-149.9057,70.5631],[-149.9112,70.5626],[-149.913,70.5622],[-149.9164,70.562],[-149.9213,70.5613],[-149.9243,70.5609],[-149.9266,70.5603],[-149.9325,70.5597],[-149.9361,70.5589],[-149.9399,70.5582],[-149.9404,70.5579],[-149.941,70.557],[-149.9419,70.5563],[-149.9432,70.5551],[-149.9433,70.5545],[-149.9417,70.5545],[-149.94,70.5564],[-149.9393,70.5575],[-149.9373,70.5581],[-149.9351,70.5581],[-149.9344,70.5583],[-149.9338,70.5583],[-149.9335,70.5578],[-149.9331,70.5576],[-149.9324,70.5574],[-149.9325,70.5562],[-149.9338,70.5545],[-149.9366,70.5528],[-149.9411,70.5512],[-149.9451,70.55],[-149.9508,70.5485],[-149.9533,70.5476],[-149.9526,70.5471],[-149.9496,70.5479],[-149.9457,70.5492],[-149.9387,70.5513],[-149.9323,70.5537],[-149.9286,70.5552],[-149.9277,70.5553],[-149.9257,70.5559],[-149.9219,70.5575],[-149.922,70.5576],[-149.922,70.5577],[-149.9225,70.5574],[-149.9236,70.5569],[-149.9241,70.5569],[-149.9245,70.5567],[-149.9249,70.5565],[-149.9254,70.5565],[-149.9255,70.5566],[-149.9252,70.5567],[-149.9249,70.5569],[-149.9248,70.557],[-149.9247,70.5573],[-149.9245,70.5574],[-149.9241,70.5576],[-149.924,70.5578],[-149.9237,70.558],[-149.9227,70.5583],[-149.9223,70.5583],[-149.9221,70.5582],[-149.9217,70.558],[-149.9216,70.5578],[-149.9218,70.5578],[-149.9214,70.5577]]},"properties":{}},{"type":"Feature","geometry":{"type":"LineString","coordinates":[[-150.135,70.5425],[-150.1349,70.5413],[-150.1344,70.5399],[-150.1316,70.5379],[-150.1292,70.5361],[-150.1266,70.5341],[-150.1253,70.5327],[-150.1252,70.5316],[-150.1257,70.5304],[-150.1235,70.5314],[-150.1226,70.5331],[-150.1227,70.5353],[-150.1242,70.5372],[-150.1264,70.5388],[-150.1298,70.5404],[-150.132,70.5418],[-150.1333,70.5423],[-150.135,70.5425]]},"properties":{}},{"type":"Feature","geometry":{"type":"LineString","coordinates":[[-149.7171,70.5712],[-149.7259,70.5715],[-149.727,70.5716],[-149.7313,70.5717],[-149.7341,70.5718],[-149.7397,70.5718],[-149.7423,70.5716],[-149.7441,70.5713],[-149.748,70.5705],[-149.7513,70.5701],[-149.7527,70.5696],[-149.7555,70.5688],[-149.758,70.5678],[-149.7613,70.5669],[-149.7629,70.5664],[-149.7668,70.5649],[-149.7625,70.565],[-149.7614,70.5645],[-149.7608,70.5652],[-149.7597,70.5661],[-149.7547,70.5666],[-149.7515,70.5669],[-149.7482,70.5679],[-149.7445,70.5688],[-149.7416,70.5695],[-149.7392,70.57],[-149.735,70.5704],[-149.7323,70.5704],[-149.728,70.5699],[-149.7243,70.5698],[-149.7201,70.5697],[-149.7159,70.5696],[-149.708,70.57],[-149.7028,70.5702],[-149.6969,70.5701],[-149.6938,70.5696],[-149.6886,70.569],[-149.6834,70.5681],[-149.6811,70.5674],[-149.6795,70.5675],[-149.6778,70.5667],[-149.6746,70.5662],[-149.6723,70.5655],[-149.6719,70.565],[-149.6713,70.5655],[-149.673,70.5664],[-149.6753,70.5672],[-149.6785,70.5678],[-149.6841,70.5687],[-149.6975,70.5705],[-149.7,70.5708],[-149.7039,70.571],[-149.7061,70.5711],[-149.712,70.5714],[-149.7146,70.5712],[-149.7171,70.5712]]},"properties":{}},{"type":"Feature","geometry":{"type":"LineString","coordinates":[[-149.9053,70.5573],[-149.9061,70.5581],[-149.9066,70.5582],[-149.9071,70.5582],[-149.9125,70.5578],[-149.9127,70.5577],[-149.9128,70.5576],[-149.9129,70.5574],[-149.9123,70.5563],[-149.9122,70.5562],[-149.9118,70.556],[-149.9111,70.5559],[-149.9105,70.5559],[-149.9098,70.556],[-149.9095,70.5561],[-149.9091,70.5562],[-149.9088,70.5563],[-149.9081,70.5564],[-149.907,70.5565],[-149.906,70.5566],[-149.9057,70.5566],[-149.9054,70.5567],[-149.9054,70.5568],[-149.9053,70.5573]]},"properties":{}},{"type":"Feature","geometry":{"type":"LineString","coordinates":[[-149.7667,70.5536],[-149.7697,70.5538],[-149.7734,70.554],[-149.7836,70.554],[-149.7913,70.554],[-149.795,70.554],[-149.7972,70.5537],[-149.7985,70.5535],[-149.7991,70.553],[-149.7977,70.5534],[-149.7964,70.5535],[-149.7948,70.5533],[-149.7927,70.5531],[-149.7918,70.5532],[-149.7907,70.5536],[-149.79,70.5537],[-149.788,70.5538],[-149.7864,70.5537],[-149.785,70.5535],[-149.7837,70.5537],[-149.7808,70.5531],[-149.7773,70.5521],[-149.7759,70.5516],[-149.7752,70.5519],[-149.7741,70.5524],[-149.7734,70.5528],[-149.7728,70.553],[-149.7718,70.5531],[-149.7711,70.553],[-149.7706,70.5529],[-149.7721,70.5526],[-149.7724,70.5524],[-149.7709,70.5524],[-149.7686,70.5529],[-149.7671,70.5532],[-149.7667,70.5533],[-149.7667,70.5536]]},"properties":{}},{"type":"Feature","geometry":{"type":"LineString","coordinates":[[-149.8009,70.5533],[-149.8026,70.5537],[-149.8053,70.554],[-149.8078,70.5541],[-149.8115,70.5544],[-149.814,70.5547],[-149.8161,70.5549],[-149.8179,70.5549],[-149.8188,70.5547],[-149.8195,70.5545],[-149.82,70.5545],[-149.8207,70.5546],[-149.822,70.5546],[-149.823,70.5546],[-149.8235,70.5544],[-149.824,70.5543],[-149.8244,70.5539],[-149.8257,70.5537],[-149.8242,70.5538],[-149.8212,70.5544],[-149.8206,70.5545],[-149.8194,70.5544],[-149.8183,70.5546],[-149.8172,70.5545],[-149.8162,70.5545],[-149.8153,70.5543],[-149.8138,70.5543],[-149.8127,70.5543],[-149.8111,70.5541],[-149.81,70.5539],[-149.8077,70.5539],[-149.8061,70.5538],[-149.8051,70.5537],[-149.8036,70.5535],[-149.8021,70.5534],[-149.8018,70.5532],[-149.8013,70.553],[-149.8007,70.5531],[-149.8009,70.5533]]},"properties":{}},{"type":"Feature","geometry":{"type":"LineString","coordinates":[[-149.8244,70.5554],[-149.8251,70.556],[-149.827,70.5566],[-149.8295,70.5573],[-149.8313,70.5577],[-149.8325,70.5579],[-149.8343,70.5581],[-149.835,70.558],[-149.8348,70.5578],[-149.8339,70.5579],[-149.8321,70.5575],[-149.8297,70.5566],[-149.8289,70.5561],[-149.8283,70.5557],[-149.8274,70.5558],[-149.8269,70.556],[-149.8265,70.556],[-149.8263,70.5558],[-149.8259,70.5554],[-149.8251,70.5553],[-149.8248,70.5553],[-149.8244,70.5554]]},"properties":{}},{"type":"Feature","geometry":{"type":"LineString","coordinates":[[-149.6404,70.5651],[-149.6442,70.565],[-149.6494,70.5648],[-149.6518,70.5646],[-149.6533,70.5643],[-149.6543,70.5641],[-149.6553,70.5637],[-149.6558,70.5634],[-149.656,70.5633],[-149.6559,70.5632],[-149.6556,70.5632],[-149.6555,70.5632],[-149.6557,70.5633],[-149.6557,70.5634],[-149.6555,70.5635],[-149.6547,70.5637],[-149.6542,70.5637],[-149.653,70.5637],[-149.6526,70.5635],[-149.6519,70.5633],[-149.6514,70.5635],[-149.6516,70.5638],[-149.6515,70.5641],[-149.6511,70.5642],[-149.6503,70.5641],[-149.6478,70.5642],[-149.6441,70.5647],[-149.6414,70.5643],[-149.6382,70.5644],[-149.6361,70.5648],[-149.6336,70.5649],[-149.6313,70.5649],[-149.6292,70.5648],[-149.6271,70.565],[-149.6257,70.5651],[-149.6234,70.5651],[-149.622,70.5651],[-149.6184,70.5648],[-149.6131,70.5644],[-149.6098,70.5641],[-149.607,70.5636],[-149.6053,70.5635],[-149.6042,70.5637],[-149.6018,70.5637],[-149.5999,70.5637],[-149.5973,70.5638],[-149.5963,70.5638],[-149.5944,70.5634],[-149.5922,70.5628],[-149.5906,70.5619],[-149.587,70.5596],[-149.5834,70.5571],[-149.5814,70.5558],[-149.5785,70.5554],[-149.5753,70.5553],[-149.5726,70.5546],[-149.5701,70.5543],[-149.5679,70.554],[-149.5648,70.5538],[-149.5628,70.554],[-149.5611,70.5543],[-149.558,70.5552],[-149.5526,70.5568],[-149.55,70.5572],[-149.5469,70.5577],[-149.544,70.5581],[-149.5423,70.5583],[-149.5411,70.5586],[-149.5392,70.5588],[-149.537,70.5587],[-149.535,70.5584],[-149.5308,70.5581],[-149.5277,70.5581],[-149.5226,70.5579],[-149.5184,70.5578],[-149.5153,70.5576],[-149.5111,70.5577],[-149.5086,70.5578],[-149.5077,70.5576],[-149.5042,70.5567],[-149.5006,70.5558],[-149.4973,70.5554],[-149.4933,70.5548],[-149.4902,70.5541],[-149.4867,70.5532],[-149.4826,70.5526],[-149.4779,70.5523],[-149.4748,70.5522],[-149.472,70.5519],[-149.4699,70.5516],[-149.4672,70.5515],[-149.4623,70.5512],[-149.4583,70.5508],[-149.4552,70.5505],[-149.4517,70.5499],[-149.4484,70.5493],[-149.4464,70.5491],[-149.4442,70.5482],[-149.4432,70.5477],[-149.4406,70.5469],[-149.4375,70.5469],[-149.4354,70.5471],[-149.4343,70.5474],[-149.4329,70.5474],[-149.4318,70.5464],[-149.4315,70.5455],[-149.4317,70.5443],[-149.4317,70.5434],[-149.431,70.544],[-149.4305,70.5451],[-149.4308,70.546],[-149.4318,70.5472],[-149.4323,70.5479],[-149.4332,70.5487],[-149.4352,70.5496],[-149.4385,70.5503],[-149.4434,70.5513],[-149.4465,70.5519],[-149.4491,70.5525],[-149.4559,70.554],[-149.4587,70.5543],[-149.4645,70.555],[-149.4681,70.5555],[-149.4719,70.5561],[-149.4759,70.5566],[-149.4831,70.5572],[-149.4918,70.5576],[-149.4971,70.5583],[-149.501,70.5588],[-149.5058,70.5592],[-149.5179,70.5598],[-149.5231,70.5602],[-149.5321,70.5607],[-149.535,70.561],[-149.5379,70.561],[-149.5424,70.561],[-149.5448,70.5613],[-149.5477,70.5615],[-149.5544,70.5619],[-149.558,70.5622],[-149.5598,70.5624],[-149.5677,70.5628],[-149.5713,70.5631],[-149.5757,70.5634],[-149.5861,70.5638],[-149.5907,70.564],[-149.595,70.5643],[-149.5986,70.5645],[-149.6051,70.5647],[-149.6106,70.5649],[-149.6143,70.5652],[-149.6194,70.5655],[-149.6248,70.5656],[-149.6285,70.5656],[-149.6345,70.5654],[-149.6379,70.5652],[-149.6404,70.5651]]},"properties":{}},{"type":"Feature","geometry":{"type":"LineString","coordinates":[[-147.8547,70.223],[-147.8567,70.222],[-147.8606,70.2216],[-147.8673,70.2207],[-147.8673,70.2202],[-147.8711,70.2202],[-147.8696,70.2213],[-147.8674,70.222],[-147.8652,70.2225],[-147.8593,70.2235],[-147.8592,70.2248],[-147.8568,70.2289],[-147.8529,70.2304],[-147.8489,70.2309],[-147.8391,70.2314],[-147.8338,70.2303],[-147.8314,70.2283],[-147.8258,70.2288],[-147.8259,70.2303],[-147.8278,70.2313],[-147.8331,70.2323],[-147.8362,70.2331],[-147.8393,70.2351],[-147.8438,70.2361],[-147.8537,70.2375],[-147.8598,70.2372],[-147.874,70.2355],[-147.8815,70.2347],[-147.8875,70.2336],[-147.8958,70.2321],[-147.9056,70.2324],[-147.9155,70.2336],[-147.9208,70.2349],[-147.932,70.234],[-147.9388,70.2316],[-147.9433,70.231],[-147.9436,70.2301],[-147.9436,70.2296],[-147.9435,70.229],[-147.9432,70.2286],[-147.9433,70.2282],[-147.9443,70.2276],[-147.9452,70.2271],[-147.9457,70.2268],[-147.9469,70.2259],[-147.9482,70.225],[-147.9482,70.224],[-147.9469,70.2233],[-147.9452,70.2223],[-147.9444,70.2219],[-147.9425,70.2211],[-147.9416,70.22],[-147.9575,70.2187],[-147.9605,70.2184],[-147.9706,70.2175],[-147.9688,70.2184],[-147.9719,70.2217],[-147.9708,70.2306],[-147.9717,70.2311],[-147.972,70.2317],[-147.9716,70.2322],[-147.9711,70.2331],[-147.9714,70.2336],[-147.9709,70.2348],[-147.9701,70.2353],[-147.9684,70.2366],[-147.967,70.2379],[-147.9647,70.2386],[-147.9606,70.2399],[-147.9598,70.2407],[-147.958,70.2418],[-147.9569,70.2437],[-147.9552,70.2443],[-147.954,70.2446],[-147.9555,70.2465],[-147.9516,70.2481],[-147.948,70.2507],[-147.946,70.2514],[-147.9414,70.2535],[-147.9414,70.2548],[-147.9431,70.2566],[-147.9435,70.259],[-147.9454,70.2607],[-147.9467,70.2613],[-147.9415,70.2648],[-147.9395,70.2654],[-147.9322,70.2702],[-147.9298,70.271],[-147.9251,70.2713],[-147.9225,70.2731],[-147.921,70.2731],[-147.921,70.2736],[-147.918,70.2738],[-147.9154,70.2751],[-147.9144,70.2785],[-147.9114,70.2787],[-147.9034,70.2857],[-147.9019,70.2857],[-147.898,70.2926],[-147.8992,70.2939],[-147.9015,70.2936],[-147.9015,70.2931],[-147.9083,70.2931],[-147.9082,70.2918],[-147.9055,70.2903],[-147.907,70.289],[-147.9066,70.2887],[-147.9081,70.2887],[-147.9088,70.2877],[-147.9103,70.2878],[-147.9126,70.2874],[-147.9126,70.2869],[-147.9139,70.2869],[-147.9148,70.2868],[-147.9154,70.2868],[-147.9158,70.2869],[-147.916,70.2869],[-147.917,70.2869],[-147.9185,70.2868],[-147.9199,70.2868],[-147.9205,70.2867],[-147.9211,70.2867],[-147.9216,70.2869],[-147.9221,70.2872],[-147.9222,70.2874],[-147.9222,70.2876],[-147.9217,70.2876],[-147.9204,70.2877],[-147.92,70.2878],[-147.92,70.2879],[-147.9206,70.288],[-147.9213,70.2879],[-147.9215,70.2879],[-147.922,70.2879],[-147.9234,70.2878],[-147.9238,70.2878],[-147.9241,70.2878],[-147.9249,70.2879],[-147.9254,70.2879],[-147.9256,70.2879],[-147.9254,70.288],[-147.9251,70.2881],[-147.9247,70.2882],[-147.924,70.2884],[-147.9221,70.2885],[-147.9206,70.2886],[-147.9207,70.2887],[-147.921,70.2888],[-147.9215,70.2888],[-147.9225,70.2887],[-147.9229,70.2887],[-147.9234,70.2889],[-147.9233,70.2891],[-147.9235,70.2893],[-147.9255,70.2892],[-147.9255,70.2894],[-147.9231,70.2902],[-147.9222,70.2904],[-147.9192,70.2907],[-147.9191,70.2917],[-147.9189,70.2919],[-147.9173,70.2928],[-147.914,70.2932],[-147.9116,70.2935],[-147.9097,70.2936],[-147.9063,70.2943],[-147.9044,70.2946],[-147.9032,70.2949],[-147.9029,70.295],[-147.9024,70.2951],[-147.9014,70.2953],[-147.9007,70.2953],[-147.9002,70.2954],[-147.9001,70.2957],[-147.8986,70.2964],[-147.8979,70.2966],[-147.8969,70.2972],[-147.8962,70.2978],[-147.896,70.298],[-147.8956,70.2981],[-147.8949,70.2983],[-147.8941,70.2985],[-147.894,70.2987],[-147.8929,70.2989],[-147.8913,70.2995],[-147.8916,70.2996],[-147.8899,70.3001],[-147.8895,70.3001],[-147.8893,70.3],[-147.8892,70.3],[-147.8892,70.3001],[-147.8894,70.3004],[-147.8895,70.3004],[-147.8902,70.3007],[-147.8912,70.3008],[-147.8914,70.3008],[-147.8915,70.3006],[-147.891,70.3005],[-147.8926,70.2999],[-147.8928,70.3],[-147.8939,70.2995],[-147.8955,70.2989],[-147.8965,70.3003],[-147.8985,70.3005],[-147.8991,70.3006],[-147.9002,70.3007],[-147.9012,70.3007],[-147.9019,70.3004],[-147.9028,70.3],[-147.9033,70.2997],[-147.9032,70.2992],[-147.9048,70.2992],[-147.9056,70.2981],[-147.907,70.2979],[-147.9074,70.2979],[-147.9076,70.2976],[-147.9078,70.2968],[-147.9093,70.2964],[-147.9125,70.2957],[-147.913,70.2951],[-147.913,70.2948],[-147.9135,70.2948],[-147.9142,70.2946],[-147.9152,70.2946],[-147.9156,70.2944],[-147.9161,70.2941],[-147.9172,70.294],[-147.919,70.294],[-147.92,70.294],[-147.9206,70.2939],[-147.9224,70.2937],[-147.9249,70.2935],[-147.9255,70.2934],[-147.9261,70.2932],[-147.9268,70.293],[-147.9281,70.2929],[-147.9294,70.293],[-147.9305,70.293],[-147.9311,70.2928],[-147.9316,70.2927],[-147.9341,70.2924],[-147.9345,70.2925],[-147.9349,70.2926],[-147.936,70.2926],[-147.9375,70.2924],[-147.9395,70.2919],[-147.9408,70.2914],[-147.9438,70.2906],[-147.9444,70.2903],[-147.9453,70.2901],[-147.9458,70.2897],[-147.9456,70.2895],[-147.9467,70.2894],[-147.9476,70.2889],[-147.9479,70.2887],[-147.9479,70.2885],[-147.9475,70.2883],[-147.9466,70.2879],[-147.9463,70.2879],[-147.945,70.288],[-147.9465,70.287],[-147.9473,70.2867],[-147.9489,70.2868],[-147.9494,70.287],[-147.9492,70.2875],[-147.949,70.2878],[-147.9492,70.288],[-147.9497,70.2885],[-147.9497,70.2885],[-147.9507,70.2885],[-147.9522,70.2886],[-147.9529,70.2888],[-147.9537,70.2888],[-147.9547,70.2888],[-147.955,70.289],[-147.955,70.2891],[-147.956,70.2892],[-147.9563,70.289],[-147.9571,70.2889],[-147.9582,70.2889],[-147.9588,70.2889],[-147.96,70.289],[-147.9619,70.2891],[-147.9624,70.2892],[-147.9635,70.2892],[-147.9645,70.2893],[-147.9649,70.2897],[-147.9671,70.2899],[-147.9682,70.2903],[-147.9687,70.2904],[-147.9695,70.2899],[-147.9717,70.2894],[-147.9729,70.2889],[-147.9771,70.2881],[-147.9792,70.288],[-147.9859,70.2868],[-147.9876,70.2865],[-147.9905,70.2855],[-147.9927,70.2847],[-147.9957,70.2832],[-147.9972,70.2829],[-147.9986,70.2824],[-148.0001,70.2812],[-148.0023,70.2806],[-148.0027,70.2802],[-148.004,70.2792],[-148.0044,70.279],[-148.0056,70.2784],[-148.0063,70.2778],[-148.0075,70.2767],[-148.0081,70.2761],[-148.0081,70.2758],[-148.0081,70.2754],[-148.0085,70.2751],[-148.0098,70.2742],[-148.01,70.2734],[-148.0115,70.273],[-148.0133,70.2728],[-148.0148,70.2723],[-148.0163,70.2713],[-148.0196,70.2695],[-148.022,70.2685],[-148.0237,70.2682],[-148.0252,70.2677],[-148.0274,70.2669],[-148.028,70.2657],[-148.0281,70.2653],[-148.0312,70.2646],[-148.0358,70.2639],[-148.0391,70.2636],[-148.0432,70.2628],[-148.0446,70.2626],[-148.0456,70.2623],[-148.0463,70.262],[-148.0477,70.2616],[-148.0498,70.2615],[-148.0507,70.2614],[-148.0515,70.2618],[-148.0521,70.2621],[-148.0542,70.2623],[-148.0569,70.2626],[-148.0579,70.2626],[-148.0592,70.2625],[-148.0608,70.2624],[-148.0625,70.2622],[-148.0647,70.2623],[-148.0703,70.2624],[-148.0733,70.2626],[-148.076,70.2632],[-148.077,70.2633],[-148.0783,70.2636],[-148.0796,70.2638],[-148.0809,70.264],[-148.0814,70.2646],[-148.0945,70.2667],[-148.1054,70.2687],[-148.1085,70.2695],[-148.11,70.2697],[-148.1132,70.2711],[-148.1162,70.2725],[-148.118,70.2727],[-148.1205,70.2723],[-148.1229,70.2714],[-148.1247,70.2688],[-148.1253,70.2678],[-148.1247,70.2668],[-148.1253,70.2648],[-148.1251,70.2645],[-148.1257,70.2637],[-148.127,70.2619],[-148.1288,70.2606],[-148.1324,70.2591],[-148.1355,70.2585],[-148.1362,70.2584],[-148.1379,70.2582],[-148.1393,70.2582],[-148.1407,70.2584],[-148.1419,70.2586],[-148.1523,70.2593],[-148.1578,70.2596],[-148.1655,70.2609],[-148.1647,70.2614],[-148.1708,70.2613],[-148.1723,70.2619],[-148.1671,70.2619],[-148.1676,70.2629],[-148.1681,70.263],[-148.1694,70.2632],[-148.1709,70.2637],[-148.1724,70.2639],[-148.1747,70.2642],[-148.1764,70.2644],[-148.1791,70.2644],[-148.1838,70.2641],[-148.1989,70.2635],[-148.1989,70.264],[-148.2012,70.2638],[-148.2012,70.2643],[-148.2042,70.2645],[-148.2064,70.2651],[-148.2082,70.2653],[-148.2098,70.2652],[-148.2139,70.265],[-148.2173,70.2645],[-148.2206,70.2636],[-148.2658,70.2692],[-148.2679,70.2694],[-148.2679,70.2704],[-148.2678,70.2708],[-148.2677,70.2712],[-148.2663,70.2732],[-148.2653,70.274],[-148.2633,70.2745],[-148.2624,70.2748],[-148.2587,70.276],[-148.2569,70.2764],[-148.2557,70.2767],[-148.2536,70.277],[-148.251,70.2776],[-148.2474,70.2784],[-148.2399,70.2781],[-148.2367,70.276],[-148.2314,70.2757],[-148.2142,70.2786],[-148.2076,70.2795],[-148.2037,70.2806],[-148.2024,70.2813],[-148.2019,70.2822],[-148.1989,70.2829],[-148.196,70.2858],[-148.197,70.2888],[-148.1993,70.2904],[-148.1995,70.2934],[-148.203,70.2954],[-148.2053,70.2957],[-148.2079,70.2962],[-148.213,70.2974],[-148.2161,70.2989],[-148.2184,70.2992],[-148.2208,70.3007],[-148.2231,70.3009],[-148.2286,70.303],[-148.2293,70.3039],[-148.2313,70.3046],[-148.2324,70.3052],[-148.2324,70.3055],[-148.2332,70.3068],[-148.2318,70.3085],[-148.2317,70.3097],[-148.2302,70.3185],[-148.2335,70.322],[-148.2351,70.3259],[-148.2348,70.3283],[-148.2326,70.3306],[-148.2312,70.3324],[-148.2285,70.3346],[-148.2265,70.3366],[-148.2247,70.338],[-148.2227,70.3388],[-148.2206,70.3399],[-148.2143,70.342],[-148.2134,70.3424],[-148.2123,70.343],[-148.2113,70.3433],[-148.2102,70.3439],[-148.2076,70.3451],[-148.2057,70.3456],[-148.1999,70.3467],[-148.1992,70.3471],[-148.1995,70.3475],[-148.1997,70.3478],[-148.2004,70.3481],[-148.2015,70.3482],[-148.2026,70.3481],[-148.2068,70.3474],[-148.208,70.3469],[-148.2094,70.3463],[-148.2105,70.3456],[-148.2117,70.3451],[-148.2138,70.3446],[-148.2166,70.3436],[-148.2179,70.343],[-148.2185,70.3426],[-148.2203,70.3415],[-148.2224,70.3408],[-148.2238,70.3405],[-148.2246,70.34],[-148.2266,70.339],[-148.2344,70.3378],[-148.2423,70.3387],[-148.2443,70.3389],[-148.2473,70.3386],[-148.2481,70.3378],[-148.2503,70.3368],[-148.2525,70.3363],[-148.2563,70.3336],[-148.2583,70.3324],[-148.2599,70.3312],[-148.2606,70.3305],[-148.263,70.3297],[-148.2649,70.329],[-148.2661,70.3285],[-148.2677,70.3283],[-148.2706,70.3273],[-148.2724,70.3265],[-148.2733,70.3261],[-148.275,70.3253],[-148.2764,70.3249],[-148.2779,70.3244],[-148.2788,70.3242],[-148.2798,70.3241],[-148.282,70.3234],[-148.2832,70.3232],[-148.2841,70.3231],[-148.2852,70.3229],[-148.2868,70.3225],[-148.2898,70.3214],[-148.2918,70.3207],[-148.2943,70.3197],[-148.2952,70.3193],[-148.2963,70.3189],[-148.2971,70.3186],[-148.2979,70.3184],[-148.2987,70.3182],[-148.2997,70.318],[-148.3009,70.3175],[-148.3025,70.3169],[-148.3034,70.3168],[-148.304,70.317],[-148.3051,70.3168],[-148.3065,70.3159],[-148.308,70.3153],[-148.3103,70.3144],[-148.3124,70.3138],[-148.3147,70.3136],[-148.3163,70.314],[-148.3173,70.3145],[-148.3187,70.3149],[-148.3197,70.315],[-148.3202,70.3147],[-148.3175,70.314],[-148.3168,70.3133],[-148.3175,70.3124],[-148.3203,70.311],[-148.3252,70.3093],[-148.3274,70.3087],[-148.3308,70.3078],[-148.336,70.3064],[-148.337,70.3062],[-148.3388,70.306],[-148.3397,70.3061],[-148.3413,70.3056],[-148.3436,70.305],[-148.3457,70.3045],[-148.3464,70.3043],[-148.347,70.3041],[-148.3505,70.3033],[-148.3529,70.3029],[-148.3544,70.3028],[-148.3556,70.3026],[-148.3581,70.3023],[-148.3611,70.3024],[-148.3643,70.3026],[-148.3651,70.3026],[-148.366,70.3025],[-148.3664,70.3025],[-148.3678,70.3026],[-148.3691,70.3027],[-148.3707,70.3027],[-148.3726,70.3027],[-148.3747,70.3024],[-148.3757,70.3022],[-148.3772,70.3021],[-148.3784,70.302],[-148.3795,70.3019],[-148.3802,70.302],[-148.3807,70.3022],[-148.3834,70.3024],[-148.3845,70.3024],[-148.3858,70.3024],[-148.3868,70.3023],[-148.3876,70.3024],[-148.3884,70.3024],[-148.3888,70.3023],[-148.3898,70.3023],[-148.3907,70.3024],[-148.3918,70.3025],[-148.3926,70.3024],[-148.3932,70.3023],[-148.3939,70.3022],[-148.3951,70.3024],[-148.3958,70.3025],[-148.3963,70.3025],[-148.3969,70.3024],[-148.3979,70.3023],[-148.3997,70.3022],[-148.4006,70.3024],[-148.4031,70.3028],[-148.4082,70.3038],[-148.4097,70.3039],[-148.4103,70.3043],[-148.4122,70.3047],[-148.4138,70.3053],[-148.4148,70.3055],[-148.4156,70.3058],[-148.4166,70.3062],[-148.4181,70.3067],[-148.42,70.3068],[-148.4205,70.3069],[-148.4212,70.307],[-148.4221,70.3069],[-148.4224,70.3069],[-148.4229,70.3071],[-148.4234,70.3071],[-148.4239,70.307],[-148.4245,70.3071],[-148.4249,70.307],[-148.4255,70.307],[-148.426,70.3072],[-148.4272,70.3075],[-148.4277,70.3075],[-148.4282,70.3075],[-148.4289,70.3076],[-148.4295,70.3077],[-148.43,70.3076],[-148.4306,70.3077],[-148.4319,70.3079],[-148.4328,70.308],[-148.4342,70.3077],[-148.4345,70.3076],[-148.4348,70.3074],[-148.4356,70.3073],[-148.4373,70.3074],[-148.4377,70.3076],[-148.4381,70.3077],[-148.4385,70.3076],[-148.4391,70.3077],[-148.4398,70.308],[-148.4406,70.3082],[-148.4412,70.3082],[-148.4414,70.3081],[-148.4423,70.308],[-148.4435,70.3083],[-148.4451,70.3089],[-148.4465,70.3094],[-148.4473,70.3098],[-148.4481,70.3102],[-148.4488,70.3107],[-148.4506,70.3114],[-148.4518,70.3119],[-148.4527,70.3122],[-148.455,70.313],[-148.4563,70.3132],[-148.4583,70.3133],[-148.4597,70.3131],[-148.4607,70.3129],[-148.4623,70.3126],[-148.4652,70.3125],[-148.4662,70.3125],[-148.4694,70.3121],[-148.4694,70.312],[-148.4704,70.3114],[-148.4711,70.3112],[-148.4719,70.3107],[-148.4727,70.31],[-148.4752,70.3095],[-148.4815,70.3097],[-148.4873,70.3098],[-148.489,70.3104],[-148.4914,70.3111],[-148.4928,70.3112],[-148.4938,70.3112],[-148.494,70.3115],[-148.4948,70.3117],[-148.4959,70.3122],[-148.4966,70.3127],[-148.497,70.3132],[-148.4972,70.3135],[-148.497,70.3139],[-148.4965,70.3148],[-148.4956,70.3154],[-148.4943,70.3161],[-148.4932,70.3168],[-148.4919,70.3175],[-148.4915,70.318],[-148.4905,70.3184],[-148.4895,70.3187],[-148.4881,70.3191],[-148.4863,70.3198],[-148.4855,70.3208],[-148.4848,70.3216],[-148.4836,70.3219],[-148.4829,70.3224],[-148.4826,70.3228],[-148.4823,70.3244],[-148.4808,70.3249],[-148.4801,70.325],[-148.4792,70.3253],[-148.4794,70.3258],[-148.479,70.3259],[-148.4778,70.3262],[-148.4772,70.3264],[-148.4763,70.3267],[-148.475,70.327],[-148.474,70.3278],[-148.4722,70.3287],[-148.471,70.3297],[-148.47,70.3302],[-148.4687,70.3305],[-148.4675,70.3309],[-148.4671,70.3315],[-148.4669,70.3319],[-148.4662,70.3324],[-148.4655,70.3328],[-148.4652,70.3331],[-148.4646,70.3334],[-148.4642,70.3336],[-148.4637,70.334],[-148.4632,70.3345],[-148.4628,70.3352],[-148.4625,70.3357],[-148.4625,70.3364],[-148.4624,70.3369],[-148.462,70.3376],[-148.4618,70.3381],[-148.4612,70.3387],[-148.4611,70.3393],[-148.4617,70.3407],[-148.4623,70.3416],[-148.4629,70.342],[-148.4634,70.3423],[-148.4641,70.3427],[-148.4645,70.3428],[-148.4648,70.3429],[-148.465,70.3428],[-148.4651,70.3426],[-148.4648,70.3425],[-148.4644,70.3424],[-148.4639,70.3421],[-148.4639,70.3418],[-148.4645,70.3419],[-148.4667,70.3417],[-148.4681,70.3415],[-148.4701,70.3415],[-148.4711,70.3415],[-148.4715,70.3415],[-148.4722,70.3417],[-148.4734,70.3434],[-148.4745,70.3438],[-148.4746,70.3445],[-148.4732,70.3447],[-148.4706,70.3441],[-148.4705,70.3436],[-148.4701,70.3431],[-148.4679,70.3429],[-148.4667,70.3429],[-148.4661,70.3429],[-148.465,70.343],[-148.4654,70.3437],[-148.4658,70.3443],[-148.4661,70.3448],[-148.4668,70.3456],[-148.4674,70.3461],[-148.4672,70.3465],[-148.4671,70.3467],[-148.4672,70.3469],[-148.4673,70.347],[-148.4689,70.3511],[-148.4701,70.3534],[-148.4719,70.3562],[-148.4737,70.3584],[-148.475,70.3597],[-148.4761,70.3607],[-148.4773,70.3613],[-148.479,70.3621],[-148.4813,70.3631],[-148.4826,70.3637],[-148.4845,70.3646],[-148.4863,70.3654],[-148.4883,70.3661],[-148.4907,70.3671],[-148.4921,70.3679],[-148.4932,70.3683],[-148.494,70.3688],[-148.4956,70.3694],[-148.4995,70.3699],[-148.5039,70.3707],[-148.5077,70.3714],[-148.5105,70.3722],[-148.5137,70.3731],[-148.5148,70.3735],[-148.5163,70.3736],[-148.5169,70.3737],[-148.5175,70.3739],[-148.5181,70.3743],[-148.5195,70.3751],[-148.5201,70.3753],[-148.5211,70.3756],[-148.5223,70.3761],[-148.524,70.3764],[-148.5252,70.3768],[-148.5273,70.3773],[-148.5285,70.3783],[-148.5296,70.3793],[-148.5301,70.3802],[-148.5291,70.3814],[-148.5261,70.3826],[-148.5236,70.3835],[-148.5185,70.3856],[-148.5178,70.3855],[-148.5167,70.3861],[-148.5161,70.3864],[-148.515,70.3867],[-148.5133,70.387],[-148.5146,70.3875],[-148.5169,70.3881],[-148.5183,70.3889],[-148.5179,70.3892],[-148.5183,70.3895],[-148.5191,70.3897],[-148.5194,70.3897],[-148.52,70.3897],[-148.5203,70.3895],[-148.5205,70.3894],[-148.5206,70.389],[-148.5203,70.3889],[-148.5196,70.3888],[-148.5186,70.3878],[-148.5184,70.3872],[-148.5184,70.3869],[-148.5185,70.3866],[-148.519,70.3862],[-148.5205,70.3855],[-148.5236,70.3842],[-148.5256,70.3834],[-148.5292,70.3821],[-148.5311,70.3816],[-148.5344,70.3803],[-148.5359,70.3798],[-148.5377,70.379],[-148.5389,70.3784],[-148.5397,70.3781],[-148.5409,70.3778],[-148.5424,70.3777],[-148.5418,70.3776],[-148.5406,70.3776],[-148.5401,70.3774],[-148.5398,70.3768],[-148.5382,70.3772],[-148.5381,70.3767],[-148.541,70.3753],[-148.5462,70.3757],[-148.5471,70.376],[-148.548,70.3766],[-148.5495,70.3788],[-148.5476,70.3785],[-148.5463,70.3783],[-148.5454,70.3782],[-148.5435,70.3778],[-148.5436,70.378],[-148.5442,70.3781],[-148.5451,70.3784],[-148.5534,70.3802],[-148.5548,70.381],[-148.556,70.3814],[-148.5562,70.3819],[-148.5569,70.3821],[-148.5572,70.3824],[-148.5572,70.3826],[-148.558,70.3829],[-148.559,70.3834],[-148.5596,70.3835],[-148.5601,70.3836],[-148.5604,70.3837],[-148.5614,70.384],[-148.5629,70.3846],[-148.5647,70.3851],[-148.5675,70.3862],[-148.5693,70.3869],[-148.5708,70.3876],[-148.5732,70.3889],[-148.5767,70.3908],[-148.5798,70.3926],[-148.5819,70.3939],[-148.5838,70.3956],[-148.5851,70.397],[-148.586,70.397],[-148.5866,70.3969],[-148.5869,70.397],[-148.5874,70.3971],[-148.5878,70.3971],[-148.5881,70.3973],[-148.5884,70.3976],[-148.5892,70.3977],[-148.59,70.3978],[-148.5906,70.3978],[-148.5915,70.3977],[-148.5926,70.3976],[-148.5949,70.3976],[-148.5963,70.3976],[-148.5975,70.3975],[-148.5983,70.3974],[-148.5993,70.3973],[-148.6021,70.397],[-148.6039,70.3965],[-148.6051,70.396],[-148.6063,70.3958],[-148.6059,70.3953],[-148.6077,70.394],[-148.6107,70.3936],[-148.6128,70.3936],[-148.6144,70.3933],[-148.6165,70.3931],[-148.6176,70.3929],[-148.6188,70.3928],[-148.6204,70.3926],[-148.6216,70.3925],[-148.6236,70.3925],[-148.6258,70.3925],[-148.6275,70.3927],[-148.6288,70.3932],[-148.6298,70.3936],[-148.6309,70.3942],[-148.6318,70.3948],[-148.6321,70.3951],[-148.6331,70.3954],[-148.6338,70.3958],[-148.6345,70.3961],[-148.6351,70.3965],[-148.6359,70.3969],[-148.6368,70.3973],[-148.6375,70.3977],[-148.6378,70.398],[-148.6389,70.3986],[-148.6394,70.3989],[-148.6403,70.3992],[-148.6415,70.4005],[-148.6419,70.4009],[-148.6426,70.4013],[-148.6427,70.4014],[-148.6431,70.4017],[-148.6433,70.4018],[-148.6435,70.4017],[-148.6436,70.4016],[-148.6441,70.4014],[-148.6435,70.4008],[-148.6432,70.4006],[-148.6429,70.4004],[-148.6422,70.4002],[-148.6416,70.4001],[-148.6412,70.3998],[-148.6416,70.3993],[-148.6432,70.3993],[-148.6439,70.3993],[-148.6443,70.3996],[-148.6442,70.3998],[-148.6444,70.3999],[-148.6451,70.4001],[-148.6459,70.4003],[-148.6464,70.4007],[-148.6465,70.401],[-148.6464,70.4013],[-148.6463,70.4016],[-148.645,70.4022],[-148.6445,70.4027],[-148.6447,70.4034],[-148.6452,70.404],[-148.6466,70.4044],[-148.6471,70.4049],[-148.6477,70.4052],[-148.6482,70.4055],[-148.6491,70.4061],[-148.6528,70.406],[-148.6536,70.4056],[-148.6527,70.4048],[-148.6522,70.4038],[-148.6523,70.4029],[-148.6533,70.4021],[-148.6547,70.4019],[-148.6563,70.402],[-148.657,70.4023],[-148.6571,70.4028],[-148.658,70.4035],[-148.6603,70.4037],[-148.6604,70.4038],[-148.6603,70.404],[-148.66,70.4042],[-148.6596,70.4046],[-148.6597,70.4047],[-148.6597,70.4049],[-148.6588,70.4053],[-148.6595,70.4052],[-148.6608,70.4053],[-148.663,70.4049],[-148.6641,70.4047],[-148.6664,70.4049],[-148.6676,70.4049],[-148.6679,70.4047],[-148.6684,70.4046],[-148.6687,70.4045],[-148.6695,70.4045],[-148.6699,70.4046],[-148.67,70.4046],[-148.6703,70.4047],[-148.6706,70.4046],[-148.6715,70.4046],[-148.6722,70.4046],[-148.6729,70.4047],[-148.6736,70.4048],[-148.6743,70.4049],[-148.6756,70.4051],[-148.6768,70.4051],[-148.678,70.4052],[-148.6784,70.4052],[-148.6789,70.4052],[-148.6799,70.405],[-148.6813,70.4049],[-148.6826,70.4049],[-148.6832,70.4049],[-148.6839,70.4049],[-148.6845,70.4049],[-148.6854,70.4049],[-148.6858,70.4049],[-148.6875,70.4048],[-148.6887,70.4048],[-148.69,70.4047],[-148.6924,70.4046],[-148.6939,70.4047],[-148.6952,70.4048],[-148.6959,70.4048],[-148.6967,70.4048],[-148.6995,70.4048],[-148.7011,70.4052],[-148.7024,70.4054],[-148.7035,70.4056],[-148.7041,70.4058],[-148.7047,70.406],[-148.7062,70.4065],[-148.7068,70.4065],[-148.7077,70.407],[-148.7087,70.4077],[-148.7096,70.4085],[-148.7101,70.4089],[-148.711,70.4094],[-148.7125,70.4099],[-148.7131,70.4105],[-148.7142,70.4105],[-148.715,70.4108],[-148.7155,70.4109],[-148.7173,70.4112],[-148.7181,70.4114],[-148.7188,70.4117],[-148.7198,70.4122],[-148.7205,70.4121],[-148.7211,70.4119],[-148.7216,70.4118],[-148.7219,70.4116],[-148.7218,70.4113],[-148.7214,70.4105],[-148.7229,70.4097],[-148.7268,70.4095],[-148.7307,70.4093],[-148.7321,70.4096],[-148.7327,70.4096],[-148.733,70.4098],[-148.7332,70.4099],[-148.7347,70.4097],[-148.7353,70.4082],[-148.7391,70.4076],[-148.7404,70.4076],[-148.7406,70.4081],[-148.7405,70.4087],[-148.7378,70.4091],[-148.7366,70.4097],[-148.7359,70.4098],[-148.7354,70.41],[-148.7339,70.4104],[-148.7347,70.4107],[-148.7359,70.4105],[-148.7374,70.4105],[-148.7382,70.4105],[-148.7392,70.4108],[-148.7417,70.4106],[-148.7452,70.4102],[-148.7485,70.4097],[-148.7534,70.409],[-148.7561,70.4085],[-148.7615,70.4079],[-148.7648,70.4074],[-148.7685,70.4065],[-148.7718,70.4055],[-148.7731,70.4051],[-148.7751,70.4046],[-148.7758,70.4043],[-148.7761,70.4042],[-148.7768,70.4042],[-148.7776,70.4042],[-148.7783,70.4037],[-148.7792,70.4033],[-148.7808,70.4028],[-148.7828,70.4026],[-148.7842,70.4024],[-148.786,70.4023],[-148.7872,70.402],[-148.7885,70.4016],[-148.7897,70.4013],[-148.7917,70.4007],[-148.796,70.4001],[-148.7978,70.3999],[-148.799,70.3993],[-148.8003,70.3987],[-148.8049,70.3982],[-148.806,70.398],[-148.8073,70.3983],[-148.8081,70.3983],[-148.8096,70.3982],[-148.8109,70.398],[-148.8128,70.3977],[-148.8135,70.3969],[-148.8117,70.3964],[-148.8107,70.3949],[-148.812,70.3947],[-148.8179,70.3945],[-148.8187,70.3947],[-148.8195,70.3951],[-148.8202,70.3947],[-148.8206,70.3945],[-148.8212,70.3944],[-148.8224,70.394],[-148.8229,70.3946],[-148.8247,70.3943],[-148.8248,70.3953],[-148.8233,70.3952],[-148.8218,70.3959],[-148.8212,70.3962],[-148.8219,70.3964],[-148.8219,70.3968],[-148.8227,70.3976],[-148.8249,70.3975],[-148.8265,70.3971],[-148.8271,70.3963],[-148.8313,70.3957],[-148.8317,70.3956],[-148.8323,70.3948],[-148.8331,70.3942],[-148.832,70.3939],[-148.8322,70.3932],[-148.8345,70.3929],[-148.835,70.3925],[-148.8365,70.3918],[-148.8402,70.389],[-148.8414,70.3884],[-148.8422,70.3878],[-148.8429,70.3873],[-148.8442,70.3867],[-148.8452,70.3854],[-148.8441,70.385],[-148.8432,70.3847],[-148.8429,70.3842],[-148.843,70.3835],[-148.8442,70.3824],[-148.8449,70.382],[-148.8454,70.3817],[-148.8459,70.3813],[-148.8458,70.381],[-148.8457,70.3806],[-148.8463,70.3802],[-148.8471,70.3798],[-148.8479,70.3794],[-148.8485,70.3791],[-148.8495,70.3787],[-148.8505,70.3784],[-148.8515,70.3783],[-148.852,70.3782],[-148.8525,70.3782],[-148.8531,70.3782],[-148.8536,70.3781],[-148.8552,70.378],[-148.8587,70.3781],[-148.8617,70.3784],[-148.8632,70.3784],[-148.8637,70.3782],[-148.8638,70.3778],[-148.8644,70.3773],[-148.8651,70.3768],[-148.8659,70.3763],[-148.8664,70.376],[-148.8669,70.3758],[-148.8674,70.3756],[-148.868,70.3754],[-148.869,70.3754],[-148.8694,70.3754],[-148.8694,70.3755],[-148.869,70.3756],[-148.8686,70.3761],[-148.8677,70.3766],[-148.8669,70.377],[-148.8657,70.3777],[-148.8649,70.3782],[-148.8641,70.3786],[-148.8633,70.3791],[-148.8633,70.3794],[-148.8638,70.3797],[-148.8648,70.3802],[-148.8665,70.3809],[-148.8672,70.3812],[-148.8683,70.3814],[-148.8696,70.3816],[-148.8711,70.382],[-148.8726,70.382],[-148.8739,70.382],[-148.8752,70.382],[-148.8765,70.3821],[-148.8773,70.3822],[-148.8782,70.3822],[-148.8798,70.3822],[-148.8826,70.3822],[-148.885,70.3822],[-148.8852,70.384],[-148.8853,70.3849],[-148.8837,70.3849],[-148.8827,70.385],[-148.8817,70.3851],[-148.8802,70.3855],[-148.8792,70.3856],[-148.8768,70.3865],[-148.8762,70.3868],[-148.8759,70.3872],[-148.8764,70.3878],[-148.8772,70.3883],[-148.878,70.3887],[-148.8786,70.389],[-148.8789,70.3897],[-148.8796,70.3902],[-148.8808,70.3902],[-148.8821,70.3902],[-148.8837,70.3901],[-148.885,70.3899],[-148.8876,70.3897],[-148.889,70.3895],[-148.8904,70.3892],[-148.8917,70.3891],[-148.8927,70.3888],[-148.8939,70.3884],[-148.8951,70.3879],[-148.8965,70.3875],[-148.8979,70.3871],[-148.9,70.3868],[-148.9012,70.3865],[-148.9041,70.3856],[-148.9051,70.3852],[-148.906,70.3848],[-148.9064,70.3845],[-148.9083,70.3839],[-148.9106,70.3827],[-148.9126,70.3817],[-148.9149,70.3805],[-148.917,70.3795],[-148.9176,70.3791],[-148.9178,70.3786],[-148.9187,70.3772],[-148.9192,70.3765],[-148.9194,70.3763],[-148.92,70.3756],[-148.9209,70.3753],[-148.9214,70.3752],[-148.9226,70.3751],[-148.9246,70.375],[-148.9266,70.375],[-148.9297,70.3747],[-148.9309,70.3745],[-148.934,70.3742],[-148.9369,70.3739],[-148.941,70.3733],[-148.9444,70.3726],[-148.9455,70.3725],[-148.9474,70.3721],[-148.9504,70.3746],[-148.9526,70.3773],[-148.9556,70.3784],[-148.9602,70.3795],[-148.9621,70.3804],[-148.9638,70.382],[-148.9671,70.3847],[-148.9647,70.3851],[-148.9621,70.3856],[-148.9585,70.3857],[-148.9571,70.3858],[-148.9536,70.3858],[-148.9493,70.386],[-148.9464,70.3863],[-148.9452,70.3865],[-148.9431,70.3869],[-148.9429,70.3872],[-148.9431,70.3873],[-148.9424,70.3881],[-148.9399,70.3888],[-148.9383,70.3893],[-148.9371,70.39],[-148.9374,70.3906],[-148.9387,70.3909],[-148.9402,70.3914],[-148.941,70.392],[-148.9417,70.3923],[-148.9419,70.3926],[-148.9423,70.393],[-148.9427,70.3934],[-148.9438,70.3946],[-148.9442,70.3953],[-148.9449,70.3961],[-148.9452,70.3971],[-148.9451,70.3976],[-148.9449,70.3981],[-148.9444,70.3984],[-148.9439,70.3987],[-148.9427,70.399],[-148.9419,70.3994],[-148.9413,70.4],[-148.9413,70.4003],[-148.9399,70.4012],[-148.9395,70.4017],[-148.9395,70.402],[-148.9392,70.4024],[-148.939,70.4028],[-148.9387,70.403],[-148.9379,70.4035],[-148.9368,70.4041],[-148.9354,70.4045],[-148.9338,70.4057],[-148.933,70.4065],[-148.9327,70.4074],[-148.9324,70.4083],[-148.9326,70.4086],[-148.9328,70.4088],[-148.9328,70.409],[-148.9329,70.4095],[-148.9334,70.41],[-148.9331,70.4105],[-148.9331,70.4112],[-148.933,70.412],[-148.9327,70.4123],[-148.9322,70.4126],[-148.9317,70.4129],[-148.9314,70.4134],[-148.9317,70.4136],[-148.9316,70.4137],[-148.9312,70.4139],[-148.9314,70.4141],[-148.9313,70.4143],[-148.931,70.4144],[-148.9311,70.4146],[-148.931,70.4148],[-148.9307,70.4151],[-148.9314,70.4158],[-148.9323,70.4164],[-148.9336,70.4172],[-148.9341,70.4182],[-148.9353,70.4189],[-148.9358,70.4193],[-148.9363,70.4195],[-148.9378,70.4198],[-148.939,70.42],[-148.9406,70.42],[-148.9416,70.4201],[-148.9419,70.4198],[-148.942,70.4196],[-148.9415,70.4191],[-148.9416,70.4186],[-148.9418,70.4182],[-148.943,70.4176],[-148.9437,70.4174],[-148.9433,70.4171],[-148.9433,70.4168],[-148.9433,70.4166],[-148.9434,70.4163],[-148.9431,70.4161],[-148.9434,70.4159],[-148.9437,70.4158],[-148.944,70.4149],[-148.9446,70.4148],[-148.945,70.4144],[-148.9458,70.4142],[-148.9459,70.414],[-148.9457,70.4137],[-148.9457,70.4135],[-148.9455,70.4133],[-148.9449,70.4133],[-148.9445,70.4134],[-148.9445,70.4136],[-148.9432,70.4141],[-148.9424,70.4148],[-148.9406,70.4149],[-148.9404,70.4151],[-148.9403,70.4153],[-148.9401,70.4154],[-148.9395,70.4155],[-148.9394,70.4154],[-148.9393,70.4153],[-148.9394,70.4152],[-148.9397,70.4151],[-148.9388,70.4151],[-148.9386,70.415],[-148.9378,70.4149],[-148.9377,70.4147],[-148.9373,70.4147],[-148.9368,70.4148],[-148.9367,70.4148],[-148.9368,70.4147],[-148.9363,70.4146],[-148.9358,70.4146],[-148.9355,70.4144],[-148.9359,70.4141],[-148.9356,70.4138],[-148.9352,70.4135],[-148.9351,70.4132],[-148.9352,70.413],[-148.935,70.4127],[-148.935,70.4125],[-148.9356,70.4122],[-148.9383,70.4115],[-148.9391,70.4115],[-148.9402,70.4114],[-148.9413,70.4114],[-148.9421,70.4116],[-148.9427,70.4115],[-148.9435,70.4117],[-148.9444,70.4119],[-148.9447,70.4121],[-148.9448,70.4122],[-148.9452,70.4123],[-148.9458,70.4123],[-148.9465,70.4122],[-148.9463,70.412],[-148.9458,70.4121],[-148.9455,70.4121],[-148.9451,70.412],[-148.9452,70.4118],[-148.9448,70.4115],[-148.9451,70.4114],[-148.9454,70.4112],[-148.9458,70.4112],[-148.9458,70.4109],[-148.9456,70.4107],[-148.9455,70.4104],[-148.9458,70.4101],[-148.9462,70.4098],[-148.9463,70.4096],[-148.9467,70.4096],[-148.9472,70.4096],[-148.9478,70.4096],[-148.9481,70.4092],[-148.9494,70.4088],[-148.9493,70.4086],[-148.9493,70.4084],[-148.948,70.4082],[-148.9477,70.408],[-148.9474,70.4078],[-148.9472,70.4071],[-148.9468,70.4061],[-148.9473,70.4057],[-148.9481,70.4055],[-148.9491,70.4052],[-148.9504,70.4051],[-148.9514,70.405],[-148.9521,70.4049],[-148.9532,70.4048],[-148.9537,70.4048],[-148.9543,70.405],[-148.9545,70.4052],[-148.9546,70.4054],[-148.9546,70.4056],[-148.9539,70.4076],[-148.955,70.4089],[-148.9556,70.4091],[-148.9558,70.4094],[-148.9561,70.4096],[-148.9568,70.4096],[-148.9572,70.4097],[-148.9573,70.4099],[-148.9578,70.4102],[-148.9589,70.4108],[-148.9589,70.4108],[-148.9593,70.411],[-148.9596,70.4111],[-148.96,70.4115],[-148.9603,70.4119],[-148.9605,70.4124],[-148.9603,70.4128],[-148.9603,70.4132],[-148.9611,70.4136],[-148.9619,70.414],[-148.9621,70.4143],[-148.9619,70.4146],[-148.9621,70.4148],[-148.9629,70.4155],[-148.9635,70.4168],[-148.9639,70.4174],[-148.9637,70.419],[-148.9633,70.4198],[-148.963,70.4204],[-148.9627,70.4207],[-148.962,70.4208],[-148.9611,70.4209],[-148.9602,70.4211],[-148.9598,70.4213],[-148.9591,70.4217],[-148.9584,70.4222],[-148.9587,70.4227],[-148.9593,70.4231],[-148.9601,70.4234],[-148.9604,70.4237],[-148.9609,70.424],[-148.9621,70.4246],[-148.964,70.4255],[-148.9651,70.426],[-148.9664,70.4268],[-148.9677,70.4273],[-148.9688,70.428],[-148.9702,70.4287],[-148.9703,70.4291],[-148.9706,70.4294],[-148.9725,70.4299],[-148.9743,70.4299],[-148.974,70.4305],[-148.975,70.4307],[-148.9755,70.4312],[-148.9757,70.4318],[-148.9752,70.4322],[-148.9745,70.4323],[-148.9742,70.4325],[-148.9747,70.4326],[-148.9747,70.4328],[-148.9751,70.4327],[-148.9762,70.4325],[-148.9771,70.433],[-148.9783,70.4335],[-148.9791,70.4342],[-148.9789,70.435],[-148.9802,70.435],[-148.9811,70.4351],[-148.9823,70.4351],[-148.9833,70.435],[-148.984,70.4349],[-148.9852,70.4349],[-148.9877,70.435],[-148.9885,70.4349],[-148.9914,70.4349],[-148.9938,70.4353],[-148.9959,70.4358],[-148.9974,70.4363],[-148.9986,70.4367],[-149.0014,70.4376],[-149.0026,70.4381],[-149.0054,70.4391],[-149.0064,70.4398],[-149.0104,70.4419],[-149.0135,70.4435],[-149.0143,70.444],[-149.0158,70.4441],[-149.0175,70.444],[-149.0182,70.4438],[-149.0176,70.4431],[-149.0174,70.4426],[-149.0171,70.4416],[-149.0181,70.4408],[-149.019,70.4406],[-149.0202,70.4405],[-149.0217,70.4404],[-149.0229,70.4402],[-149.0242,70.44],[-149.0257,70.44],[-149.0271,70.4398],[-149.0287,70.4396],[-149.0306,70.4392],[-149.0332,70.4391],[-149.0337,70.4387],[-149.0336,70.4384],[-149.0334,70.4381],[-149.0335,70.4377],[-149.0339,70.4369],[-149.0337,70.4364],[-149.0341,70.4356],[-149.0344,70.4348],[-149.0359,70.4341],[-149.0371,70.4338],[-149.0402,70.4326],[-149.0422,70.4326],[-149.0439,70.4324],[-149.0454,70.4323],[-149.0466,70.4323],[-149.0473,70.4321],[-149.0487,70.4318],[-149.05,70.4317],[-149.0503,70.4315],[-149.0505,70.4311],[-149.0506,70.4307],[-149.0503,70.4303],[-149.0495,70.4298],[-149.0486,70.4292],[-149.0486,70.4282],[-149.0489,70.4274],[-149.0503,70.4269],[-149.0556,70.4261],[-149.0555,70.4253],[-149.0561,70.4251],[-149.0568,70.425],[-149.0579,70.425],[-149.0593,70.4252],[-149.0602,70.4247],[-149.0603,70.4243],[-149.0599,70.4237],[-149.0583,70.423],[-149.0555,70.4224],[-149.0519,70.4216],[-149.0514,70.4207],[-149.0515,70.4203],[-149.0518,70.4198],[-149.0528,70.4193],[-149.053,70.4199],[-149.0535,70.421],[-149.0553,70.4215],[-149.0574,70.4219],[-149.0595,70.4224],[-149.0621,70.4232],[-149.0631,70.4246],[-149.0629,70.425],[-149.062,70.4255],[-149.0601,70.426],[-149.0593,70.4263],[-149.0571,70.4268],[-149.0544,70.4274],[-149.0535,70.428],[-149.0534,70.4286],[-149.0533,70.429],[-149.0544,70.4294],[-149.0549,70.4303],[-149.0551,70.4314],[-149.0531,70.4325],[-149.0476,70.4338],[-149.0433,70.4347],[-149.0409,70.4358],[-149.0387,70.4378],[-149.0389,70.4391],[-149.0385,70.4402],[-149.0371,70.4405],[-149.0357,70.4408],[-149.0326,70.4411],[-149.0319,70.4417],[-149.0269,70.4425],[-149.0274,70.444],[-149.0285,70.445],[-149.0292,70.4464],[-149.0295,70.4475],[-149.0295,70.448],[-149.0289,70.449],[-149.0269,70.4496],[-149.0257,70.4503],[-149.0256,70.451],[-149.0258,70.4515],[-149.0257,70.4522],[-149.0264,70.4529],[-149.0281,70.4535],[-149.0295,70.4538],[-149.0328,70.4547],[-149.033,70.455],[-149.0342,70.4553],[-149.0366,70.4563],[-149.0373,70.4567],[-149.0379,70.457],[-149.0389,70.4572],[-149.041,70.458],[-149.0443,70.459],[-149.0483,70.4598],[-149.0497,70.4604],[-149.0507,70.4609],[-149.0516,70.4611],[-149.0534,70.462],[-149.0546,70.4624],[-149.0554,70.4628],[-149.0592,70.4632],[-149.0601,70.4633],[-149.0615,70.4634],[-149.0633,70.4636],[-149.0648,70.4638],[-149.066,70.464],[-149.0679,70.4641],[-149.0762,70.464],[-149.0773,70.464],[-149.0792,70.4642],[-149.0811,70.4644],[-149.0829,70.4646],[-149.0839,70.4648],[-149.0879,70.4652],[-149.0897,70.4655],[-149.0935,70.4662],[-149.0962,70.4666],[-149.0977,70.4668],[-149.1002,70.4671],[-149.1031,70.4674],[-149.1046,70.4677],[-149.1056,70.4679],[-149.1099,70.4684],[-149.1153,70.4692],[-149.1181,70.4696],[-149.1197,70.4699],[-149.1225,70.4706],[-149.1253,70.471],[-149.1269,70.4711],[-149.1277,70.4714],[-149.1287,70.4716],[-149.1304,70.4716],[-149.1312,70.4716],[-149.132,70.4718],[-149.1326,70.472],[-149.1332,70.4721],[-149.1344,70.4724],[-149.1335,70.4717],[-149.1339,70.4715],[-149.1345,70.4714],[-149.1351,70.4714],[-149.1357,70.4715],[-149.1359,70.4718],[-149.1362,70.4721],[-149.1363,70.4724],[-149.1365,70.4727],[-149.1371,70.4737],[-149.1377,70.4739],[-149.1382,70.4739],[-149.1386,70.4736],[-149.139,70.4735],[-149.1391,70.4737],[-149.1393,70.474],[-149.1394,70.4745],[-149.1396,70.4751],[-149.1409,70.4753],[-149.1424,70.4757],[-149.143,70.4758],[-149.142,70.4762],[-149.1424,70.4767],[-149.1429,70.477],[-149.1438,70.4777],[-149.1441,70.478],[-149.1464,70.4791],[-149.1473,70.4789],[-149.1486,70.4785],[-149.1495,70.4782],[-149.1523,70.4764],[-149.1546,70.4758],[-149.156,70.475],[-149.1559,70.4737],[-149.1563,70.4735],[-149.1568,70.4733],[-149.1576,70.4731],[-149.1581,70.473],[-149.1601,70.4727],[-149.1613,70.4725],[-149.162,70.4724],[-149.1623,70.4723],[-149.1618,70.4726],[-149.161,70.4728],[-149.1597,70.473],[-149.1587,70.4732],[-149.1582,70.4734],[-149.1579,70.4736],[-149.158,70.4739],[-149.1583,70.4742],[-149.1583,70.4747],[-149.1581,70.475],[-149.1576,70.4754],[-149.157,70.4758],[-149.1566,70.4759],[-149.1559,70.4762],[-149.1555,70.4763],[-149.1542,70.4771],[-149.1539,70.4775],[-149.1535,70.478],[-149.1531,70.4783],[-149.1519,70.4789],[-149.1513,70.4794],[-149.1507,70.4799],[-149.1513,70.4802],[-149.1523,70.4805],[-149.1541,70.4807],[-149.1555,70.4816],[-149.1561,70.4822],[-149.1568,70.4827],[-149.1571,70.483],[-149.158,70.4837],[-149.1589,70.4844],[-149.1597,70.4859],[-149.16,70.4868],[-149.1611,70.4873],[-149.1623,70.4874],[-149.1631,70.4873],[-149.1647,70.4868],[-149.1669,70.4863],[-149.1689,70.4858],[-149.1729,70.4851],[-149.1748,70.4848],[-149.1763,70.4845],[-149.179,70.4843],[-149.1815,70.4844],[-149.1825,70.4846],[-149.1831,70.4847],[-149.1845,70.4848],[-149.187,70.4849],[-149.189,70.485],[-149.1901,70.4852],[-149.1907,70.4852],[-149.1917,70.4853],[-149.1948,70.4852],[-149.1973,70.4852],[-149.1989,70.4851],[-149.2005,70.4851],[-149.2017,70.485],[-149.2023,70.4851],[-149.2053,70.4854],[-149.2084,70.4858],[-149.2102,70.4858],[-149.2127,70.4857],[-149.215,70.4859],[-149.2159,70.4861],[-149.217,70.4863],[-149.2176,70.4865],[-149.2177,70.4865],[-149.2197,70.4865],[-149.2208,70.4865],[-149.2216,70.4867],[-149.2229,70.4869],[-149.2239,70.4872],[-149.2254,70.4876],[-149.2263,70.488],[-149.2277,70.4883],[-149.2288,70.4888],[-149.2303,70.4891],[-149.2308,70.4892],[-149.232,70.4893],[-149.2326,70.4894],[-149.2344,70.4894],[-149.2353,70.4895],[-149.2363,70.4897],[-149.238,70.4901],[-149.2391,70.4905],[-149.2407,70.4908],[-149.2418,70.4913],[-149.2426,70.4916],[-149.2446,70.4924],[-149.246,70.4926],[-149.2462,70.4926],[-149.2467,70.4926],[-149.247,70.4924],[-149.2476,70.4921],[-149.2495,70.4912],[-149.2507,70.491],[-149.2515,70.4908],[-149.252,70.4906],[-149.2527,70.4904],[-149.2537,70.4902],[-149.2541,70.49],[-149.2557,70.4897],[-149.2571,70.4896],[-149.2586,70.4894],[-149.2596,70.4893],[-149.2611,70.489],[-149.2619,70.4888],[-149.2628,70.4886],[-149.263,70.4884],[-149.2661,70.4884],[-149.267,70.4882],[-149.2676,70.488],[-149.2685,70.4879],[-149.2694,70.488],[-149.2701,70.4881],[-149.2706,70.4881],[-149.2719,70.4879],[-149.2729,70.4879],[-149.2744,70.488],[-149.276,70.4881],[-149.277,70.4882],[-149.278,70.4882],[-149.279,70.4882],[-149.2804,70.4882],[-149.281,70.4883],[-149.2822,70.4886],[-149.2832,70.4886],[-149.2838,70.489],[-149.2843,70.489],[-149.2847,70.4891],[-149.2855,70.4892],[-149.2868,70.4892],[-149.2881,70.4891]]},"properties":{}},{"type":"Feature","geometry":{"type":"LineString","coordinates":[[-148.9177,70.389],[-148.9198,70.3887],[-148.9211,70.388],[-148.922,70.387],[-148.9227,70.3859],[-148.9232,70.3851],[-148.9243,70.3841],[-148.9252,70.3834],[-148.9273,70.3827],[-148.9301,70.3821],[-148.9331,70.3817],[-148.9402,70.3812],[-148.9431,70.3812],[-148.9462,70.3816],[-148.9489,70.3824],[-148.95,70.3828],[-148.951,70.383],[-148.9544,70.3831],[-148.9583,70.383],[-148.9597,70.3828],[-148.9612,70.3818],[-148.9593,70.3802],[-148.9548,70.3789],[-148.9489,70.3771],[-148.9486,70.3761],[-148.9479,70.3756],[-148.9457,70.3759],[-148.9447,70.3769],[-148.9449,70.3774],[-148.9439,70.3781],[-148.94,70.3782],[-148.9388,70.3786],[-148.9369,70.3796],[-148.9352,70.3798],[-148.9327,70.3796],[-148.9305,70.3793],[-148.9273,70.3793],[-148.9252,70.3795],[-148.9238,70.3801],[-148.9229,70.3805],[-148.9208,70.381],[-148.9191,70.3817],[-148.9169,70.3829],[-148.9146,70.3851],[-148.9141,70.3863],[-148.9145,70.3871],[-148.9153,70.3879],[-148.9157,70.3884],[-148.9163,70.389],[-148.9177,70.389]]},"properties":{}},{"type":"Feature","geometry":{"type":"LineString","coordinates":[[-148.9501,70.4222],[-148.9514,70.4219],[-148.9518,70.4214],[-148.9508,70.4211],[-148.9488,70.421],[-148.9483,70.4212],[-148.9481,70.4216],[-148.9486,70.422],[-148.949,70.4222],[-148.9501,70.4222]]},"properties":{}},{"type":"Feature","geometry":{"type":"LineString","coordinates":[[-148.9316,70.3827],[-148.9325,70.3833],[-148.9337,70.3834],[-148.9356,70.3836],[-148.9374,70.3835],[-148.9411,70.3834],[-148.9429,70.3834],[-148.9446,70.3833],[-148.9463,70.383],[-148.944,70.3823],[-148.941,70.382],[-148.9378,70.382],[-148.9342,70.3825],[-148.9316,70.3827]]},"properties":{}},{"type":"Feature","geometry":{"type":"LineString","coordinates":[[-148.8996,70.3992],[-148.9001,70.399],[-148.9009,70.3987],[-148.9011,70.3986],[-148.902,70.3982],[-148.9028,70.3979],[-148.9034,70.3976],[-148.9044,70.3972],[-148.9052,70.3968],[-148.9062,70.3964],[-148.9072,70.3959],[-148.9085,70.3954],[-148.9101,70.3947],[-148.9118,70.394],[-148.9132,70.3934],[-148.9146,70.3927],[-148.9152,70.3924],[-148.9153,70.3923],[-148.9154,70.3921],[-148.9154,70.392],[-148.9141,70.3922],[-148.9135,70.3924],[-148.9128,70.3925],[-148.9123,70.3926],[-148.9112,70.3932],[-148.9104,70.3934],[-148.9099,70.3936],[-148.9093,70.3937],[-148.9075,70.3941],[-148.9068,70.3942],[-148.9063,70.3943],[-148.906,70.3944],[-148.9057,70.3945],[-148.9053,70.3946],[-148.9048,70.3947],[-148.9043,70.3948],[-148.9038,70.3949],[-148.9033,70.3951],[-148.9023,70.3953],[-148.9025,70.3957],[-148.9026,70.3961],[-148.9023,70.3965],[-148.9018,70.3968],[-148.9009,70.3971],[-148.9003,70.3976],[-148.8998,70.3979],[-148.899,70.3983],[-148.8985,70.3986],[-148.898,70.3988],[-148.8977,70.399],[-148.8983,70.3991],[-148.8985,70.3992],[-148.8988,70.3992],[-148.8992,70.3993],[-148.8996,70.3992]]},"properties":{}},{"type":"Feature","geometry":{"type":"LineString","coordinates":[[-148.8938,70.4086],[-148.8948,70.4078],[-148.8954,70.4071],[-148.8957,70.4068],[-148.8972,70.4059],[-148.8985,70.4053],[-148.8997,70.405],[-148.9016,70.4046],[-148.9033,70.4041],[-148.9054,70.4034],[-148.9082,70.4031],[-148.9113,70.4029],[-148.9133,70.4028],[-148.9161,70.4027],[-148.9185,70.4023],[-148.9196,70.4018],[-148.92,70.4012],[-148.9204,70.4002],[-148.9208,70.3994],[-148.9212,70.3988],[-148.9215,70.397],[-148.9208,70.3962],[-148.9202,70.3955],[-148.9198,70.395],[-148.9175,70.3937],[-148.9173,70.3935],[-148.9171,70.3931],[-148.9172,70.3927],[-148.9172,70.3924],[-148.917,70.3922],[-148.9164,70.3921],[-148.916,70.3923],[-148.9154,70.3926],[-148.9144,70.3931],[-148.9141,70.3933],[-148.9137,70.3935],[-148.9133,70.3937],[-148.9123,70.3941],[-148.9107,70.3948],[-148.9088,70.3956],[-148.9061,70.3969],[-148.9033,70.398],[-148.9,70.3995],[-148.8992,70.3998],[-148.8989,70.4],[-148.8983,70.4003],[-148.8973,70.4011],[-148.8967,70.4015],[-148.8962,70.402],[-148.8961,70.4023],[-148.8959,70.4025],[-148.8949,70.403],[-148.8944,70.4032],[-148.8944,70.4034],[-148.8939,70.4037],[-148.8931,70.404],[-148.8925,70.4043],[-148.892,70.4045],[-148.8913,70.4051],[-148.8914,70.4055],[-148.8921,70.406],[-148.8925,70.4064],[-148.8925,70.4067],[-148.8919,70.4073],[-148.8917,70.4077],[-148.8917,70.4082],[-148.8918,70.4086],[-148.8922,70.4087],[-148.8928,70.4088],[-148.8934,70.4087],[-148.8938,70.4086]]},"properties":{}},{"type":"Feature","geometry":{"type":"LineString","coordinates":[[-148.8745,70.4082],[-148.8776,70.4081],[-148.8799,70.4079],[-148.8807,70.4078],[-148.8812,70.4071],[-148.8812,70.4064],[-148.8812,70.4058],[-148.8819,70.4051],[-148.8828,70.4043],[-148.8834,70.4037],[-148.8842,70.4031],[-148.8846,70.4027],[-148.886,70.4014],[-148.8872,70.4008],[-148.8883,70.4004],[-148.8895,70.3999],[-148.8908,70.3993],[-148.8912,70.3989],[-148.8913,70.3981],[-148.8909,70.3969],[-148.8914,70.3965],[-148.8925,70.3959],[-148.8945,70.3946],[-148.8957,70.3942],[-148.8969,70.3939],[-148.8981,70.3938],[-148.9013,70.3935],[-148.9034,70.3931],[-148.9076,70.3925],[-148.9095,70.3917],[-148.91,70.3912],[-148.9102,70.3905],[-148.9109,70.3897],[-148.9106,70.3882],[-148.9111,70.3877],[-148.9109,70.3871],[-148.9106,70.3864],[-148.9092,70.386],[-148.9072,70.3863],[-148.905,70.3871],[-148.9036,70.3878],[-148.903,70.3883],[-148.9018,70.3888],[-148.9,70.3891],[-148.8974,70.3897],[-148.8961,70.3901],[-148.8942,70.3906],[-148.8922,70.3909],[-148.8863,70.3916],[-148.8839,70.3918],[-148.8812,70.3919],[-148.8791,70.392],[-148.8772,70.392],[-148.8748,70.3922],[-148.8723,70.3924],[-148.8713,70.3925],[-148.8691,70.3927],[-148.8651,70.3934],[-148.863,70.3941],[-148.8619,70.395],[-148.8617,70.3958],[-148.8623,70.3966],[-148.8637,70.3974],[-148.8645,70.3981],[-148.8654,70.399],[-148.8662,70.3996],[-148.8682,70.4003],[-148.8722,70.4019],[-148.8744,70.4023],[-148.8769,70.4025],[-148.8781,70.4024],[-148.8789,70.4022],[-148.8799,70.4015],[-148.8805,70.4008],[-148.8808,70.4001],[-148.882,70.3996],[-148.8825,70.3998],[-148.8824,70.4001],[-148.882,70.4004],[-148.882,70.4008],[-148.882,70.4013],[-148.8808,70.4018],[-148.8796,70.4023],[-148.8789,70.4029],[-148.8788,70.4035],[-148.8788,70.4039],[-148.8791,70.4048],[-148.8793,70.4053],[-148.8793,70.4059],[-148.8789,70.4066],[-148.8783,70.4069],[-148.8765,70.4075],[-148.8752,70.4077],[-148.8742,70.4079],[-148.8738,70.408],[-148.8745,70.4082]]},"properties":{}},{"type":"Feature","geometry":{"type":"LineString","coordinates":[[-148.9262,70.3867],[-148.9285,70.3854],[-148.9316,70.3846],[-148.9327,70.3844],[-148.9294,70.3838],[-148.9273,70.3837],[-148.9257,70.3846],[-148.925,70.3855],[-148.925,70.386],[-148.9251,70.3866],[-148.9262,70.3867]]},"properties":{}},{"type":"Feature","geometry":{"type":"LineString","coordinates":[[-148.9301,70.3908],[-148.931,70.3898],[-148.9314,70.3886],[-148.9313,70.3878],[-148.9281,70.388],[-148.9271,70.3886],[-148.9272,70.3896],[-148.9281,70.3901],[-148.9291,70.3906],[-148.9301,70.3908]]},"properties":{}},{"type":"Feature","geometry":{"type":"LineString","coordinates":[[-148.9352,70.4033],[-148.9362,70.4026],[-148.9366,70.4022],[-148.9366,70.4018],[-148.9365,70.4013],[-148.9363,70.4007],[-148.9365,70.3999],[-148.9374,70.3996],[-148.9382,70.3994],[-148.9389,70.3991],[-148.9397,70.3988],[-148.9408,70.3984],[-148.9421,70.3973],[-148.9417,70.3963],[-148.9406,70.3953],[-148.9393,70.3948],[-148.9376,70.3941],[-148.9361,70.3937],[-148.9343,70.3935],[-148.934,70.3936],[-148.9327,70.394],[-148.9323,70.3947],[-148.9316,70.3957],[-148.93,70.4012],[-148.9305,70.4015],[-148.931,70.4019],[-148.9311,70.4027],[-148.9304,70.4036],[-148.932,70.4037],[-148.9352,70.4033]]},"properties":{}},{"type":"Feature","geometry":{"type":"LineString","coordinates":[[-148.9235,70.3911],[-148.9242,70.3907],[-148.9243,70.3903],[-148.9241,70.3899],[-148.9223,70.3896],[-148.9217,70.3897],[-148.9216,70.3899],[-148.922,70.3902],[-148.9222,70.3905],[-148.9223,70.3907],[-148.9225,70.391],[-148.9235,70.3911]]},"properties":{}},{"type":"Feature","geometry":{"type":"LineString","coordinates":[[-148.9222,70.3947],[-148.9233,70.3944],[-148.9243,70.394],[-148.9248,70.3937],[-148.9254,70.3934],[-148.9267,70.3933],[-148.9276,70.393],[-148.9281,70.3925],[-148.9284,70.3918],[-148.9279,70.3914],[-148.9272,70.3911],[-148.926,70.391],[-148.9249,70.3914],[-148.9233,70.3918],[-148.9221,70.3921],[-148.9212,70.3925],[-148.9204,70.3934],[-148.9208,70.394],[-148.921,70.3943],[-148.9214,70.3946],[-148.9222,70.3947]]},"properties":{}},{"type":"Feature","geometry":{"type":"LineString","coordinates":[[-148.8985,70.3997],[-148.899,70.3995],[-148.8991,70.3994],[-148.8983,70.3993],[-148.898,70.3991],[-148.8976,70.3992],[-148.8981,70.3995],[-148.8982,70.3996],[-148.8985,70.3997]]},"properties":{}},{"type":"Feature","geometry":{"type":"LineString","coordinates":[[-148.9383,70.424],[-148.9399,70.4236],[-148.942,70.4232],[-148.9426,70.4229],[-148.9436,70.4225],[-148.9451,70.4225],[-148.9461,70.4219],[-148.9451,70.4217],[-148.9427,70.4217],[-148.9399,70.4216],[-148.9379,70.4215],[-148.9366,70.4215],[-148.9364,70.4225],[-148.9365,70.4229],[-148.9365,70.4236],[-148.9366,70.424],[-148.9366,70.4243],[-148.9377,70.4241],[-148.9383,70.424]]},"properties":{}},{"type":"Feature","geometry":{"type":"LineString","coordinates":[[-148.9114,70.4137],[-148.9136,70.4133],[-148.9152,70.4128],[-148.9166,70.4122],[-148.9178,70.4118],[-148.918,70.4113],[-148.9177,70.4109],[-148.9167,70.4106],[-148.9151,70.4109],[-148.913,70.4113],[-148.9116,70.4117],[-148.9097,70.4121],[-148.9089,70.4125],[-148.9089,70.413],[-148.9092,70.4134],[-148.9096,70.4137],[-148.9108,70.4138],[-148.9114,70.4137]]},"properties":{}},{"type":"Feature","geometry":{"type":"LineString","coordinates":[[-148.9063,70.4116],[-148.9094,70.4112],[-148.9112,70.4108],[-148.9128,70.4102],[-148.915,70.4093],[-148.917,70.4089],[-148.9179,70.4087],[-148.9189,70.4084],[-148.9203,70.4081],[-148.922,70.4078],[-148.923,70.4074],[-148.9233,70.4067],[-148.9225,70.4061],[-148.9212,70.4053],[-148.9203,70.4049],[-148.9187,70.405],[-148.9173,70.4052],[-148.9138,70.4054],[-148.9115,70.4054],[-148.9086,70.4055],[-148.9062,70.4058],[-148.9038,70.4071],[-148.9034,70.4077],[-148.9022,70.4085],[-148.9014,70.4094],[-148.9014,70.4101],[-148.9022,70.4107],[-148.9034,70.4111],[-148.9045,70.4114],[-148.9053,70.4115],[-148.9063,70.4116]]},"properties":{}},{"type":"Feature","geometry":{"type":"LineString","coordinates":[[-148.9154,70.4154],[-148.9161,70.4151],[-148.9163,70.4148],[-148.9152,70.4148],[-148.9139,70.415],[-148.9133,70.4152],[-148.9131,70.4154],[-148.9138,70.4155],[-148.9154,70.4154]]},"properties":{}},{"type":"Feature","geometry":{"type":"LineString","coordinates":[[-148.9201,70.423],[-148.9205,70.4228],[-148.9213,70.4227],[-148.9216,70.4225],[-148.9218,70.4221],[-148.9212,70.4217],[-148.9204,70.4215],[-148.9197,70.4216],[-148.9188,70.4219],[-148.9185,70.4224],[-148.9186,70.4228],[-148.9188,70.423],[-148.9192,70.4231],[-148.9201,70.423]]},"properties":{}},{"type":"Feature","geometry":{"type":"LineString","coordinates":[[-148.9114,70.424],[-148.9122,70.4237],[-148.9127,70.4234],[-148.9131,70.423],[-148.9131,70.4224],[-148.9131,70.422],[-148.9128,70.4211],[-148.913,70.4206],[-148.9134,70.4198],[-148.9135,70.4194],[-148.9148,70.4184],[-148.9151,70.418],[-148.9154,70.4176],[-148.9155,70.4172],[-148.9139,70.4171],[-148.9119,70.4172],[-148.9098,70.4176],[-148.9082,70.4182],[-148.9074,70.4188],[-148.9071,70.4192],[-148.9068,70.4201],[-148.9065,70.4205],[-148.9062,70.4209],[-148.9065,70.4215],[-148.9072,70.4221],[-148.908,70.4227],[-148.9085,70.4235],[-148.909,70.4238],[-148.9096,70.424],[-148.9105,70.4241],[-148.9114,70.424]]},"properties":{}},{"type":"Feature","geometry":{"type":"LineString","coordinates":[[-148.5726,70.4072],[-148.5707,70.4052],[-148.569,70.4037],[-148.5675,70.4029],[-148.5663,70.4024],[-148.5654,70.4015],[-148.564,70.401],[-148.5622,70.4006],[-148.5613,70.4],[-148.561,70.3994],[-148.561,70.399],[-148.5605,70.3992],[-148.5603,70.3997],[-148.5603,70.4007],[-148.5609,70.4018],[-148.5625,70.4027],[-148.5639,70.4036],[-148.5646,70.4041],[-148.5653,70.4046],[-148.5683,70.4069],[-148.5713,70.4085],[-148.5752,70.4101],[-148.579,70.4114],[-148.5835,70.413],[-148.5888,70.4146],[-148.5934,70.4159],[-148.598,70.4171],[-148.602,70.4181],[-148.6053,70.4188],[-148.6108,70.42],[-148.6158,70.4211],[-148.6211,70.4221],[-148.627,70.4232],[-148.6349,70.4246],[-148.643,70.4259],[-148.6501,70.4268],[-148.6558,70.4275],[-148.6615,70.4283],[-148.6685,70.4291],[-148.6758,70.43],[-148.6867,70.4313],[-148.6912,70.4319],[-148.7006,70.4331],[-148.7075,70.4339],[-148.7104,70.4343],[-148.7122,70.4345],[-148.7143,70.4347],[-148.7136,70.4343],[-148.7138,70.4342],[-148.7145,70.434],[-148.7142,70.4337],[-148.713,70.4339],[-148.7113,70.4336],[-148.7087,70.4334],[-148.7057,70.4331],[-148.7041,70.4329],[-148.702,70.4326],[-148.7,70.4324],[-148.6983,70.4321],[-148.696,70.4319],[-148.6938,70.4317],[-148.6923,70.4315],[-148.6923,70.4314],[-148.6947,70.4315],[-148.6959,70.4315],[-148.6977,70.4316],[-148.6961,70.4313],[-148.6949,70.431],[-148.6933,70.4309],[-148.6914,70.4307],[-148.6875,70.4304],[-148.6853,70.4303],[-148.6834,70.4302],[-148.6774,70.4294],[-148.6771,70.4293],[-148.6768,70.429],[-148.6753,70.4287],[-148.6733,70.4284],[-148.6718,70.4284],[-148.669,70.4284],[-148.6683,70.4285],[-148.6643,70.4281],[-148.6618,70.4278],[-148.6601,70.4276],[-148.6537,70.4269],[-148.6523,70.4266],[-148.6509,70.4263],[-148.6503,70.426],[-148.6474,70.4256],[-148.6448,70.4255],[-148.6429,70.4253],[-148.6411,70.4251],[-148.6389,70.4249],[-148.6349,70.4242],[-148.6337,70.4239],[-148.6326,70.4238],[-148.6298,70.4234],[-148.6288,70.4231],[-148.6277,70.423],[-148.6257,70.4226],[-148.6229,70.4221],[-148.6197,70.4215],[-148.6165,70.421],[-148.6121,70.42],[-148.6073,70.419],[-148.6024,70.4179],[-148.598,70.4168],[-148.5914,70.4151],[-148.5877,70.414],[-148.5836,70.4127],[-148.5807,70.4117],[-148.578,70.4104],[-148.5759,70.4093],[-148.5735,70.4079],[-148.5726,70.4072]]},"properties":{}},{"type":"Feature","geometry":{"type":"LineString","coordinates":[[-148.8525,70.4015],[-148.8549,70.4013],[-148.8578,70.4008],[-148.8595,70.4002],[-148.8601,70.3995],[-148.8598,70.3989],[-148.8566,70.3981],[-148.8557,70.3973],[-148.8551,70.3961],[-148.8553,70.3952],[-148.8554,70.3942],[-148.8555,70.3933],[-148.8542,70.3925],[-148.8509,70.3925],[-148.8479,70.393],[-148.8461,70.3937],[-148.8451,70.395],[-148.8446,70.3962],[-148.8439,70.3978],[-148.8433,70.3991],[-148.8425,70.4002],[-148.842,70.4011],[-148.8418,70.4016],[-148.8437,70.4016],[-148.846,70.4014],[-148.8493,70.4014],[-148.8509,70.4014],[-148.8525,70.4015]]},"properties":{}},{"type":"Feature","geometry":{"type":"LineString","coordinates":[[-148.8572,70.3832],[-148.8549,70.3833],[-148.8542,70.384],[-148.85,70.386],[-148.8467,70.3894],[-148.8444,70.3907],[-148.8442,70.3913],[-148.8454,70.3914],[-148.846,70.3912],[-148.8471,70.3909],[-148.848,70.3907],[-148.8528,70.3904],[-148.8552,70.3904],[-148.8559,70.3902],[-148.8565,70.3899],[-148.8593,70.3898],[-148.8631,70.39],[-148.8653,70.3907],[-148.874,70.3901],[-148.8757,70.3899],[-148.8739,70.3871],[-148.8757,70.3856],[-148.8794,70.3848],[-148.8786,70.3845],[-148.8775,70.3842],[-148.8748,70.3838],[-148.8734,70.3836],[-148.8722,70.3834],[-148.8704,70.3831],[-148.8688,70.3827],[-148.8646,70.3819],[-148.8622,70.3816],[-148.8609,70.3818],[-148.8599,70.382],[-148.8592,70.3823],[-148.8572,70.3832]]},"properties":{}},{"type":"Feature","geometry":{"type":"LineString","coordinates":[[-148.8537,70.4121],[-148.8552,70.4117],[-148.8553,70.4112],[-148.8538,70.411],[-148.852,70.4109],[-148.851,70.4105],[-148.8499,70.4103],[-148.8488,70.4098],[-148.849,70.4093],[-148.8501,70.409],[-148.8517,70.4087],[-148.8537,70.4085],[-148.8557,70.409],[-148.856,70.4093],[-148.8555,70.4096],[-148.8557,70.41],[-148.8566,70.4103],[-148.8577,70.4102],[-148.8589,70.4099],[-148.8594,70.4094],[-148.86,70.4079],[-148.8609,70.4074],[-148.8614,70.4069],[-148.8616,70.4062],[-148.8616,70.4056],[-148.8604,70.4051],[-148.8582,70.405],[-148.8573,70.4052],[-148.8552,70.4054],[-148.8527,70.4057],[-148.851,70.406],[-148.8491,70.4065],[-148.8482,70.4072],[-148.848,70.4074],[-148.8464,70.4079],[-148.8456,70.4081],[-148.8447,70.4088],[-148.8443,70.4091],[-148.8419,70.4105],[-148.8417,70.4109],[-148.8406,70.4114],[-148.8387,70.4119],[-148.8372,70.4124],[-148.8368,70.4128],[-148.8378,70.4132],[-148.8406,70.4134],[-148.8443,70.4133],[-148.8461,70.4129],[-148.848,70.4128],[-148.8496,70.413],[-148.8507,70.4128],[-148.8512,70.4123],[-148.8522,70.4121],[-148.8537,70.4121]]},"properties":{}},{"type":"Feature","geometry":{"type":"LineString","coordinates":[[-148.8794,70.3842],[-148.8824,70.384],[-148.8831,70.3836],[-148.8838,70.3834],[-148.8838,70.3832],[-148.8777,70.3827],[-148.8758,70.3829],[-148.8757,70.3831],[-148.877,70.3836],[-148.8777,70.3838],[-148.8787,70.384],[-148.8794,70.3842]]},"properties":{}},{"type":"Feature","geometry":{"type":"LineString","coordinates":[[-148.8586,70.3814],[-148.8593,70.381],[-148.8601,70.3805],[-148.8597,70.3799],[-148.8583,70.3795],[-148.8571,70.3791],[-148.8554,70.3789],[-148.8524,70.3789],[-148.8514,70.3792],[-148.8494,70.3802],[-148.8475,70.3815],[-148.8454,70.3833],[-148.8459,70.3849],[-148.8496,70.3838],[-148.8503,70.3822],[-148.8555,70.3813],[-148.8586,70.3814]]},"properties":{}},{"type":"Feature","geometry":{"type":"LineString","coordinates":[[-148.8547,70.4042],[-148.8569,70.404],[-148.8589,70.4038],[-148.8608,70.4034],[-148.8618,70.4028],[-148.8621,70.402],[-148.8617,70.4015],[-148.8583,70.4015],[-148.8558,70.4019],[-148.8543,70.4022],[-148.8535,70.4025],[-148.8527,70.4028],[-148.852,70.4034],[-148.8517,70.4039],[-148.8519,70.4041],[-148.8536,70.4043],[-148.8547,70.4042]]},"properties":{}},{"type":"Feature","geometry":{"type":"LineString","coordinates":[[-148.8847,70.4067],[-148.8853,70.4062],[-148.886,70.4056],[-148.8858,70.4052],[-148.884,70.4057],[-148.8837,70.406],[-148.8838,70.4064],[-148.8841,70.4067],[-148.8847,70.4067]]},"properties":{}},{"type":"Feature","geometry":{"type":"LineString","coordinates":[[-148.8941,70.4109],[-148.8946,70.4103],[-148.8949,70.4096],[-148.8948,70.4092],[-148.8931,70.409],[-148.8924,70.4091],[-148.8924,70.4099],[-148.8925,70.4101],[-148.8928,70.4108],[-148.893,70.411],[-148.8938,70.411],[-148.8941,70.4109]]},"properties":{}},{"type":"Feature","geometry":{"type":"LineString","coordinates":[[-148.8939,70.4141],[-148.8948,70.4143],[-148.8956,70.414],[-148.8955,70.4135],[-148.8944,70.4136],[-148.8939,70.4141]]},"properties":{}},{"type":"Feature","geometry":{"type":"LineString","coordinates":[[-148.8714,70.4119],[-148.8732,70.4107],[-148.8745,70.41],[-148.8746,70.4095],[-148.8722,70.4086],[-148.8712,70.4081],[-148.8695,70.4082],[-148.8677,70.4093],[-148.8685,70.4103],[-148.8681,70.4111],[-148.8682,70.4117],[-148.8687,70.4121],[-148.8701,70.4121],[-148.8714,70.4119]]},"properties":{}},{"type":"Feature","geometry":{"type":"LineString","coordinates":[[-148.8732,70.4071],[-148.8755,70.4069],[-148.8765,70.4065],[-148.8772,70.4059],[-148.8774,70.4051],[-148.8768,70.404],[-148.875,70.403],[-148.873,70.4026],[-148.8705,70.4028],[-148.8687,70.4033],[-148.8674,70.4041],[-148.8666,70.4054],[-148.8664,70.4058],[-148.8664,70.4066],[-148.8678,70.407],[-148.8701,70.4067],[-148.8718,70.4066],[-148.8727,70.4068],[-148.8732,70.4071]]},"properties":{}},{"type":"Feature","geometry":{"type":"LineString","coordinates":[[-148.8806,70.4119],[-148.8809,70.4113],[-148.8812,70.4107],[-148.8799,70.4107],[-148.8788,70.411],[-148.8785,70.4117],[-148.8792,70.412],[-148.8801,70.412],[-148.8806,70.4119]]},"properties":{}},{"type":"Feature","geometry":{"type":"LineString","coordinates":[[-148.8685,70.418],[-148.8713,70.4174],[-148.873,70.417],[-148.8743,70.4163],[-148.8744,70.4156],[-148.8728,70.4152],[-148.8703,70.4154],[-148.8683,70.4159],[-148.8667,70.4164],[-148.8652,70.417],[-148.8643,70.4173],[-148.8642,70.4178],[-148.8662,70.4178],[-148.8685,70.418]]},"properties":{}},{"type":"Feature","geometry":{"type":"LineString","coordinates":[[-148.8439,70.407],[-148.8444,70.4065],[-148.8456,70.4059],[-148.8473,70.4054],[-148.8486,70.4048],[-148.8489,70.4043],[-148.8478,70.4036],[-148.8455,70.4036],[-148.8447,70.4037],[-148.8405,70.4045],[-148.8397,70.4049],[-148.84,70.4054],[-148.8415,70.4059],[-148.8426,70.4064],[-148.8429,70.4069],[-148.8432,70.4071],[-148.8439,70.407]]},"properties":{}},{"type":"Feature","geometry":{"type":"LineString","coordinates":[[-148.8402,70.4191],[-148.8417,70.4184],[-148.8438,70.4177],[-148.8451,70.4175],[-148.8478,70.417],[-148.85,70.4165],[-148.8455,70.4164],[-148.8425,70.4164],[-148.8394,70.4169],[-148.8383,70.417],[-148.8381,70.4176],[-148.839,70.4182],[-148.8393,70.4187],[-148.8402,70.4191]]},"properties":{}},{"type":"Feature","geometry":{"type":"LineString","coordinates":[[-148.8335,70.4247],[-148.836,70.4245],[-148.8382,70.4243],[-148.8392,70.424],[-148.8396,70.4234],[-148.8382,70.4224],[-148.8375,70.4212],[-148.8364,70.4219],[-148.8355,70.4227],[-148.8339,70.4236],[-148.8334,70.4241],[-148.8335,70.4247]]},"properties":{}},{"type":"Feature","geometry":{"type":"LineString","coordinates":[[-148.7657,70.4436],[-148.7667,70.4437],[-148.7676,70.4437],[-148.7685,70.4437],[-148.7691,70.4435],[-148.7704,70.4432],[-148.7712,70.443],[-148.7717,70.4428],[-148.7717,70.4424],[-148.7709,70.4425],[-148.7698,70.4427],[-148.7692,70.4428],[-148.7685,70.4429],[-148.7675,70.4429],[-148.7664,70.4429],[-148.7652,70.4428],[-148.7644,70.4427],[-148.7636,70.4425],[-148.763,70.4424],[-148.7624,70.4424],[-148.7598,70.4423],[-148.7589,70.442],[-148.7578,70.4415],[-148.7567,70.4409],[-148.7549,70.4402],[-148.7531,70.4395],[-148.7525,70.4392],[-148.7519,70.439],[-148.7514,70.4388],[-148.751,70.4386],[-148.7504,70.4385],[-148.7495,70.4383],[-148.7489,70.4381],[-148.7476,70.4375],[-148.7472,70.4371],[-148.747,70.4368],[-148.7464,70.4363],[-148.7466,70.4361],[-148.7467,70.4359],[-148.7459,70.436],[-148.7454,70.4362],[-148.7452,70.4364],[-148.7455,70.4368],[-148.746,70.4372],[-148.7463,70.4375],[-148.7467,70.4377],[-148.7477,70.438],[-148.7493,70.4385],[-148.7521,70.4394],[-148.7535,70.4399],[-148.755,70.4404],[-148.7566,70.4411],[-148.7574,70.4416],[-148.7589,70.4422],[-148.7607,70.4428],[-148.7627,70.4433],[-148.7646,70.4435],[-148.7657,70.4436]]},"properties":{}},{"type":"Feature","geometry":{"type":"LineString","coordinates":[[-148.7332,70.4344],[-148.7343,70.4345],[-148.7356,70.4345],[-148.7362,70.4345],[-148.7367,70.4345],[-148.7369,70.4344],[-148.7365,70.4344],[-148.7359,70.4344],[-148.7349,70.4343],[-148.7336,70.4342],[-148.7325,70.4338],[-148.7323,70.4336],[-148.7322,70.4333],[-148.7321,70.433],[-148.7317,70.4327],[-148.731,70.4326],[-148.7304,70.4326],[-148.7298,70.433],[-148.7296,70.4332],[-148.7299,70.4336],[-148.7305,70.4339],[-148.7312,70.4341],[-148.7318,70.4343],[-148.7324,70.4344],[-148.7332,70.4344]]},"properties":{}},{"type":"Feature","geometry":{"type":"LineString","coordinates":[[-148.6986,70.4304],[-148.6989,70.4303],[-148.699,70.4302],[-148.699,70.43],[-148.6987,70.4296],[-148.6982,70.4294],[-148.6974,70.4291],[-148.6969,70.429],[-148.6966,70.429],[-148.6964,70.4291],[-148.697,70.4293],[-148.6977,70.4295],[-148.698,70.4296],[-148.6983,70.4299],[-148.6983,70.4301],[-148.6983,70.4302],[-148.6982,70.4305],[-148.6984,70.4305],[-148.6986,70.4304]]},"properties":{}},{"type":"Feature","geometry":{"type":"LineString","coordinates":[[-148.5208,70.3915],[-148.5205,70.3916],[-148.5204,70.3918],[-148.5206,70.3922],[-148.5235,70.3946],[-148.5259,70.397],[-148.5243,70.3972],[-148.5245,70.3976],[-148.5262,70.3975],[-148.5265,70.3981],[-148.5261,70.3983],[-148.5246,70.3989],[-148.5241,70.399],[-148.5233,70.3991],[-148.5221,70.399],[-148.5206,70.3995],[-148.521,70.3997],[-148.5232,70.4004],[-148.5226,70.4008],[-148.5223,70.4012],[-148.5231,70.4015],[-148.5245,70.4016],[-148.5262,70.402],[-148.5281,70.4027],[-148.5287,70.4032],[-148.5285,70.4035],[-148.5281,70.4037],[-148.527,70.4038],[-148.5269,70.4043],[-148.5287,70.4069],[-148.5286,70.4076],[-148.5287,70.408],[-148.5284,70.4083],[-148.5283,70.4085],[-148.5282,70.4088],[-148.5282,70.4092],[-148.5285,70.413],[-148.5285,70.4133],[-148.5292,70.4135],[-148.5303,70.4136],[-148.5318,70.4136],[-148.5329,70.4135],[-148.5339,70.4133],[-148.5342,70.413],[-148.5342,70.4112],[-148.5336,70.411],[-148.5326,70.411],[-148.5319,70.4113],[-148.5306,70.4113],[-148.53,70.4111],[-148.5298,70.41],[-148.5298,70.4088],[-148.5302,70.4061],[-148.5305,70.4052],[-148.5307,70.4041],[-148.5312,70.4034],[-148.5315,70.4026],[-148.5305,70.4016],[-148.5308,70.4012],[-148.5311,70.401],[-148.531,70.4008],[-148.5312,70.4006],[-148.5312,70.4004],[-148.5308,70.4003],[-148.5302,70.4003],[-148.53,70.3991],[-148.5302,70.3987],[-148.5299,70.3985],[-148.5293,70.3985],[-148.5288,70.3982],[-148.5282,70.3974],[-148.5265,70.396],[-148.5253,70.3946],[-148.5247,70.3939],[-148.5241,70.3933],[-148.5238,70.3927],[-148.5233,70.3926],[-148.5231,70.392],[-148.5233,70.3919],[-148.5229,70.3916],[-148.5227,70.3916],[-148.5225,70.3915],[-148.5223,70.3914],[-148.5221,70.3914],[-148.521,70.3914],[-148.5208,70.3915]]},"properties":{}},{"type":"Feature","geometry":{"type":"LineString","coordinates":[[-148.7,70.4916],[-148.7002,70.4915],[-148.7003,70.4913],[-148.7002,70.4911],[-148.7002,70.4909],[-148.7002,70.4907],[-148.7001,70.4906],[-148.7001,70.4906],[-148.7001,70.4905],[-148.7001,70.4905],[-148.7002,70.4904],[-148.7,70.4904],[-148.6999,70.4903],[-148.6997,70.4902],[-148.6996,70.4902],[-148.6994,70.4902],[-148.6992,70.4901],[-148.6991,70.4901],[-148.6991,70.4901],[-148.699,70.4901],[-148.6989,70.49],[-148.6989,70.49],[-148.6959,70.49],[-148.6959,70.49],[-148.6958,70.49],[-148.6957,70.4901],[-148.6953,70.4901],[-148.6953,70.4903],[-148.6954,70.4903],[-148.6955,70.4904],[-148.6956,70.4904],[-148.6958,70.4904],[-148.696,70.4905],[-148.6958,70.4905],[-148.6957,70.4905],[-148.6957,70.4905],[-148.6956,70.4905],[-148.6956,70.4906],[-148.6955,70.4907],[-148.6955,70.4908],[-148.6954,70.4908],[-148.6956,70.4912],[-148.6955,70.4912],[-148.6955,70.4914],[-148.6955,70.4915],[-148.6956,70.4916],[-148.6957,70.4916],[-148.6958,70.4917],[-148.696,70.4918],[-148.6962,70.4918],[-148.6966,70.4919],[-148.6969,70.4919],[-148.6975,70.4919],[-148.6982,70.4919],[-148.699,70.4919],[-148.6993,70.4919],[-148.6996,70.4918],[-148.6999,70.4917],[-148.7,70.4916]]},"properties":{}},{"type":"Feature","geometry":{"type":"LineString","coordinates":[[-147.2416,70.18],[-147.2434,70.1803],[-147.2433,70.1809],[-147.2438,70.1813],[-147.2445,70.1812],[-147.2449,70.1811],[-147.2458,70.181],[-147.2467,70.1809],[-147.2472,70.1808],[-147.2486,70.1808],[-147.2491,70.1809],[-147.25,70.181],[-147.2504,70.181],[-147.2515,70.1807],[-147.2533,70.1805],[-147.2541,70.1805],[-147.2566,70.1798],[-147.2562,70.1793],[-147.2569,70.179],[-147.2563,70.1787],[-147.2575,70.1785],[-147.259,70.1784],[-147.2601,70.1789],[-147.2613,70.1789],[-147.263,70.1786],[-147.2638,70.1781],[-147.2683,70.1776],[-147.2692,70.1778],[-147.2696,70.1782],[-147.27,70.1787],[-147.2691,70.1789],[-147.2665,70.1794],[-147.267,70.1801],[-147.2675,70.1805],[-147.2681,70.1809],[-147.269,70.1814],[-147.2691,70.1818],[-147.2698,70.1823],[-147.27,70.1826],[-147.2702,70.1832],[-147.2677,70.1836],[-147.2667,70.1838],[-147.267,70.1844],[-147.265,70.1853],[-147.2636,70.1856],[-147.2615,70.1856],[-147.2609,70.1848],[-147.2613,70.1842],[-147.2609,70.1839],[-147.2599,70.1842],[-147.2578,70.1853],[-147.2568,70.1863],[-147.2573,70.1871],[-147.2596,70.1876],[-147.2614,70.1878],[-147.2648,70.188],[-147.2669,70.1882],[-147.27,70.1886],[-147.273,70.1888],[-147.2759,70.1888],[-147.2773,70.1888],[-147.2799,70.1887],[-147.2826,70.1884],[-147.2838,70.1882],[-147.2863,70.1878],[-147.2879,70.1875],[-147.2896,70.187],[-147.2899,70.1866],[-147.291,70.1855],[-147.2912,70.1846],[-147.2908,70.1841],[-147.2891,70.183],[-147.2868,70.1819],[-147.2849,70.1812],[-147.284,70.181],[-147.2834,70.1792],[-147.2845,70.1789],[-147.2848,70.1786],[-147.2851,70.1781],[-147.288,70.1777],[-147.2885,70.1777],[-147.2886,70.1781],[-147.2888,70.1784],[-147.2891,70.1786],[-147.2904,70.1787],[-147.2914,70.1786],[-147.2917,70.1784],[-147.2925,70.1781],[-147.2934,70.1777],[-147.2941,70.1774],[-147.2951,70.1771],[-147.2955,70.177],[-147.2962,70.1767],[-147.2962,70.1762],[-147.2964,70.1759],[-147.2967,70.1756],[-147.2969,70.1753],[-147.2973,70.175],[-147.298,70.1747],[-147.2982,70.1751],[-147.298,70.1753],[-147.2978,70.1756],[-147.2977,70.1759],[-147.2978,70.1762],[-147.2987,70.1762],[-147.2995,70.1759],[-147.3004,70.1756],[-147.3011,70.1758],[-147.3022,70.1757],[-147.3031,70.1756],[-147.3038,70.1758],[-147.3037,70.1761],[-147.3032,70.1765],[-147.3028,70.1767],[-147.3023,70.177],[-147.3025,70.1773],[-147.3033,70.1775],[-147.3038,70.1774],[-147.3041,70.1773],[-147.305,70.177],[-147.3055,70.1766],[-147.3057,70.1763],[-147.3058,70.176],[-147.3058,70.1756],[-147.3058,70.1753],[-147.3058,70.1751],[-147.3059,70.1748],[-147.306,70.1744],[-147.3057,70.1741],[-147.3053,70.1738],[-147.3045,70.1734],[-147.3033,70.173],[-147.3022,70.1727],[-147.3013,70.1724],[-147.3011,70.1723],[-147.3007,70.1719],[-147.3006,70.1717],[-147.3003,70.1711],[-147.3002,70.1701],[-147.2998,70.1694],[-147.2991,70.1687],[-147.3022,70.1686],[-147.3022,70.1694],[-147.3022,70.1702],[-147.3024,70.1708],[-147.3028,70.1712],[-147.3037,70.1717],[-147.3053,70.1724],[-147.3057,70.1724],[-147.3061,70.1723],[-147.3064,70.1721],[-147.3064,70.1719],[-147.3061,70.1716],[-147.3054,70.1714],[-147.3051,70.1712],[-147.3052,70.171],[-147.3057,70.1709],[-147.306,70.1706],[-147.3065,70.1703],[-147.3068,70.1701],[-147.3074,70.1701],[-147.3082,70.1702],[-147.3089,70.1704],[-147.3126,70.1707],[-147.312,70.1714],[-147.3117,70.1723],[-147.3116,70.1727],[-147.3117,70.1731],[-147.3122,70.1742],[-147.3124,70.1746],[-147.3124,70.1755],[-147.3124,70.176],[-147.3122,70.1765],[-147.3116,70.1769],[-147.3108,70.1773],[-147.3101,70.1776],[-147.3094,70.1778],[-147.3089,70.1779],[-147.3083,70.1783],[-147.3078,70.1786],[-147.3075,70.1789],[-147.3073,70.1791],[-147.3078,70.1794],[-147.3082,70.1795],[-147.3088,70.1797],[-147.3091,70.1798],[-147.3093,70.1802],[-147.3093,70.1804],[-147.3091,70.1809],[-147.3087,70.1813],[-147.3086,70.1815],[-147.3086,70.1819],[-147.3088,70.1825],[-147.3097,70.1831],[-147.3105,70.1837],[-147.3126,70.1839],[-147.3133,70.1841],[-147.3135,70.1844],[-147.314,70.1848],[-147.3143,70.1851],[-147.3149,70.1856],[-147.3157,70.1858],[-147.3165,70.1859],[-147.3171,70.1862],[-147.3175,70.1865],[-147.3178,70.1869],[-147.3186,70.1876],[-147.3188,70.1881],[-147.3199,70.1887],[-147.3204,70.189],[-147.3219,70.1899],[-147.3228,70.1904],[-147.3231,70.1908],[-147.3237,70.191],[-147.3241,70.1911],[-147.3248,70.191],[-147.3253,70.1909],[-147.3262,70.1907],[-147.3271,70.1904],[-147.3291,70.1898],[-147.331,70.189],[-147.3331,70.1886],[-147.3336,70.1884],[-147.3343,70.188],[-147.3356,70.1876],[-147.3365,70.1872],[-147.3369,70.187],[-147.3373,70.1869],[-147.3379,70.1866],[-147.3393,70.1862],[-147.3407,70.186],[-147.3419,70.1858],[-147.3425,70.1857],[-147.3428,70.1857],[-147.3432,70.1857],[-147.3439,70.1857],[-147.3452,70.1857],[-147.3459,70.1858],[-147.3467,70.1859],[-147.3474,70.1858],[-147.3485,70.1858],[-147.3493,70.1858],[-147.3498,70.1859],[-147.3508,70.1861],[-147.3516,70.1862],[-147.3526,70.1863],[-147.3532,70.1862],[-147.3535,70.1861],[-147.3541,70.1859],[-147.3551,70.1859],[-147.3557,70.1859],[-147.3563,70.1859],[-147.3568,70.1859],[-147.358,70.1858],[-147.3587,70.1858],[-147.3592,70.1858],[-147.3603,70.1856],[-147.3615,70.1855],[-147.3622,70.1856],[-147.3634,70.186],[-147.3639,70.1864],[-147.3639,70.1867],[-147.3644,70.1868],[-147.3652,70.1867],[-147.3661,70.1866],[-147.3666,70.1864],[-147.3672,70.1863],[-147.3678,70.1862],[-147.3689,70.1863],[-147.3701,70.1864],[-147.371,70.1866],[-147.3723,70.1867],[-147.3732,70.1868],[-147.3748,70.1868],[-147.3757,70.1867],[-147.3761,70.1867],[-147.3765,70.1866],[-147.3778,70.1865],[-147.3792,70.1863],[-147.3812,70.186],[-147.3835,70.1855],[-147.3841,70.1854],[-147.3853,70.1852],[-147.3863,70.1852],[-147.3871,70.1853],[-147.3883,70.1853],[-147.3889,70.1854],[-147.3905,70.1855],[-147.3917,70.1857],[-147.3927,70.1856],[-147.3937,70.1855],[-147.3945,70.1854],[-147.3952,70.1853],[-147.3955,70.1854],[-147.3961,70.1855],[-147.3966,70.1856],[-147.3972,70.1857],[-147.398,70.1858],[-147.3987,70.1859],[-147.3994,70.1859],[-147.4,70.1859],[-147.4007,70.1859],[-147.4013,70.186],[-147.4019,70.1861],[-147.4021,70.1862],[-147.4031,70.1862],[-147.4042,70.1863],[-147.4055,70.1863],[-147.4061,70.1863],[-147.4078,70.1863],[-147.4081,70.1863],[-147.4089,70.1863],[-147.4097,70.1863],[-147.4111,70.1864],[-147.4118,70.1865],[-147.413,70.1866],[-147.4155,70.187],[-147.4191,70.1879],[-147.4219,70.1887],[-147.4232,70.1891],[-147.4245,70.1893],[-147.4253,70.1896],[-147.4261,70.1898],[-147.4272,70.1898],[-147.4279,70.1896],[-147.4282,70.1896],[-147.429,70.1896],[-147.4294,70.1895],[-147.4305,70.1895],[-147.4318,70.1894],[-147.4338,70.1896],[-147.4362,70.1899],[-147.4379,70.1902],[-147.4393,70.1904],[-147.4421,70.1911],[-147.4435,70.1913],[-147.4459,70.1917],[-147.4479,70.1922],[-147.4509,70.1929],[-147.4542,70.1936],[-147.4566,70.1942],[-147.4592,70.1947],[-147.4603,70.195],[-147.4613,70.1952],[-147.4618,70.1952],[-147.4624,70.1952],[-147.4639,70.1953],[-147.4671,70.1958],[-147.4687,70.1961],[-147.4708,70.1964],[-147.4731,70.1967],[-147.4765,70.1972],[-147.4797,70.1978],[-147.4826,70.1983],[-147.4855,70.1987],[-147.4879,70.199],[-147.4903,70.1993],[-147.4924,70.1995],[-147.4934,70.1996],[-147.4949,70.1998],[-147.4967,70.1999],[-147.4982,70.1999],[-147.4994,70.1998],[-147.5013,70.1999],[-147.5044,70.2],[-147.5069,70.2002],[-147.5097,70.2005],[-147.5135,70.201],[-147.5162,70.2013],[-147.5187,70.2017],[-147.5203,70.202],[-147.5221,70.2023],[-147.5234,70.2025],[-147.5251,70.2028],[-147.5265,70.2031],[-147.5277,70.2032],[-147.5291,70.2033],[-147.5315,70.2036],[-147.5321,70.2037],[-147.533,70.2038],[-147.5343,70.2039],[-147.5362,70.204],[-147.5367,70.2039],[-147.5365,70.2038],[-147.5361,70.2037],[-147.5358,70.203],[-147.5362,70.2024],[-147.5366,70.2022],[-147.5368,70.2021],[-147.5369,70.2019],[-147.5362,70.2015],[-147.5353,70.201],[-147.5349,70.2006],[-147.5345,70.2001],[-147.5344,70.1997],[-147.5344,70.199],[-147.534,70.1982],[-147.5335,70.1977],[-147.533,70.1969],[-147.5334,70.1966],[-147.5343,70.1964],[-147.5368,70.1965],[-147.5387,70.197],[-147.5407,70.1972],[-147.5421,70.1972],[-147.5435,70.1975],[-147.5452,70.1986],[-147.5456,70.1996],[-147.5455,70.2002],[-147.545,70.2005],[-147.5438,70.2007],[-147.5427,70.2011],[-147.5424,70.2014],[-147.542,70.2018],[-147.5425,70.202],[-147.5433,70.2021],[-147.5445,70.2023],[-147.5464,70.2021],[-147.5478,70.2013],[-147.5485,70.2009],[-147.5489,70.2007],[-147.5495,70.2005],[-147.5498,70.2005],[-147.5503,70.2004],[-147.5509,70.2001],[-147.552,70.2001],[-147.5529,70.1997],[-147.554,70.1995],[-147.5549,70.1993],[-147.5553,70.1992],[-147.5561,70.1989],[-147.5567,70.1989],[-147.5573,70.1989],[-147.5582,70.1989],[-147.5586,70.1989],[-147.5591,70.1988],[-147.56,70.1987],[-147.5617,70.1988],[-147.5623,70.1988],[-147.5639,70.1989],[-147.5649,70.1992],[-147.5658,70.1994],[-147.5664,70.1996],[-147.5676,70.2001],[-147.5679,70.2005],[-147.5686,70.2007],[-147.5697,70.2008],[-147.5706,70.2008],[-147.5712,70.2009],[-147.5719,70.2009],[-147.5731,70.2009],[-147.5756,70.201],[-147.5775,70.2012],[-147.5788,70.2014],[-147.5798,70.2017],[-147.5805,70.2017],[-147.5809,70.2017],[-147.5812,70.2017],[-147.5815,70.2016],[-147.582,70.2015],[-147.5822,70.2013],[-147.5814,70.2009],[-147.5801,70.2004],[-147.5798,70.1998],[-147.5808,70.1994],[-147.582,70.1993],[-147.5834,70.1992],[-147.586,70.1996],[-147.5882,70.2001],[-147.59,70.2001],[-147.5914,70.1995],[-147.5925,70.1993],[-147.594,70.1994],[-147.5942,70.1997],[-147.5938,70.2001],[-147.5937,70.2003],[-147.5938,70.2006],[-147.5948,70.2006],[-147.5969,70.2002],[-147.5979,70.2],[-147.599,70.2],[-147.5992,70.2001],[-147.5994,70.2004],[-147.5989,70.2006],[-147.5975,70.2007],[-147.5947,70.2011],[-147.5954,70.2013],[-147.5969,70.2014],[-147.5967,70.2021],[-147.5964,70.2023],[-147.5959,70.2026],[-147.5948,70.2033],[-147.5939,70.204],[-147.5937,70.2044],[-147.5938,70.2049],[-147.5945,70.2049],[-147.5968,70.2049],[-147.5975,70.2044],[-147.599,70.2038],[-147.5999,70.2033],[-147.6006,70.2027],[-147.6023,70.2027],[-147.6038,70.2027],[-147.6046,70.2026],[-147.6055,70.2026],[-147.6072,70.2027],[-147.6067,70.2034],[-147.6066,70.2039],[-147.6072,70.2045],[-147.6072,70.2046],[-147.6077,70.205],[-147.6086,70.2051],[-147.6093,70.2048],[-147.6098,70.2043],[-147.6104,70.2045],[-147.6126,70.2054],[-147.6142,70.2055],[-147.615,70.2057],[-147.6151,70.2053],[-147.6133,70.2046],[-147.6129,70.2044],[-147.6127,70.2043],[-147.6145,70.2042],[-147.6138,70.203],[-147.613,70.2022],[-147.6158,70.2023],[-147.6174,70.2021],[-147.6181,70.2021],[-147.6192,70.2018],[-147.6205,70.2017],[-147.6226,70.2016],[-147.6234,70.2017],[-147.625,70.2018],[-147.6266,70.2018],[-147.6276,70.2018],[-147.6286,70.2021],[-147.6304,70.2021],[-147.6321,70.2025],[-147.6335,70.2028],[-147.6347,70.2031],[-147.6366,70.203],[-147.6384,70.2028],[-147.6403,70.2026],[-147.6417,70.2024],[-147.6437,70.2023],[-147.6456,70.2027],[-147.648,70.2028],[-147.6486,70.2028],[-147.6497,70.2031],[-147.651,70.2032],[-147.652,70.2033],[-147.6526,70.2036],[-147.6533,70.2038],[-147.6541,70.2035],[-147.6544,70.2031],[-147.6553,70.2029],[-147.6565,70.2031],[-147.6571,70.2033],[-147.6573,70.2036],[-147.6571,70.2041],[-147.6574,70.2043],[-147.6587,70.204],[-147.6588,70.2033],[-147.6587,70.2028],[-147.6578,70.2021],[-147.657,70.2017],[-147.6554,70.2014],[-147.6486,70.2001],[-147.6479,70.1998],[-147.6455,70.1994],[-147.6432,70.199],[-147.6423,70.1987],[-147.6416,70.1985],[-147.6415,70.1979],[-147.641,70.1974],[-147.6396,70.1967],[-147.6395,70.1964],[-147.6413,70.197],[-147.6428,70.1976],[-147.6453,70.1983],[-147.6485,70.1988],[-147.65,70.1991],[-147.6516,70.1993],[-147.654,70.1994],[-147.6542,70.1993],[-147.6537,70.199],[-147.6544,70.1986],[-147.6544,70.1986],[-147.6544,70.1982],[-147.6541,70.1978],[-147.6556,70.1975],[-147.6572,70.1968],[-147.6577,70.1965],[-147.6573,70.1962],[-147.6568,70.196],[-147.6564,70.1956],[-147.6564,70.195],[-147.6571,70.1948],[-147.658,70.1944],[-147.6582,70.194],[-147.6582,70.1935],[-147.6568,70.1929],[-147.6557,70.1924],[-147.6565,70.1922],[-147.6579,70.1924],[-147.6591,70.1928],[-147.6603,70.1935],[-147.6609,70.1942],[-147.6613,70.1947],[-147.6614,70.1953],[-147.6611,70.196],[-147.6604,70.1965],[-147.6595,70.197],[-147.657,70.1988],[-147.658,70.1999],[-147.6592,70.2004],[-147.6613,70.2015],[-147.6616,70.2017],[-147.663,70.2023],[-147.664,70.2029],[-147.6656,70.2031],[-147.6658,70.2032],[-147.6678,70.2033],[-147.6691,70.2033],[-147.6708,70.2028],[-147.672,70.2024],[-147.6718,70.2021],[-147.6711,70.202],[-147.6711,70.2017],[-147.6713,70.2013],[-147.6711,70.201],[-147.672,70.2006],[-147.6737,70.2],[-147.675,70.1997],[-147.6765,70.1993],[-147.6786,70.1993],[-147.6796,70.1993],[-147.6825,70.1998],[-147.6839,70.2001],[-147.6859,70.2005],[-147.6865,70.2009],[-147.6884,70.2013],[-147.6915,70.2018],[-147.6943,70.2024],[-147.6969,70.2031],[-147.6989,70.2036],[-147.7007,70.204],[-147.7032,70.2046],[-147.7054,70.2052],[-147.707,70.2057],[-147.7089,70.2061],[-147.711,70.2066],[-147.7121,70.207],[-147.7136,70.2075],[-147.715,70.2077],[-147.7168,70.2083],[-147.7184,70.2089],[-147.7195,70.2095],[-147.7213,70.2102],[-147.7265,70.2125],[-147.7299,70.2141],[-147.7326,70.2152],[-147.7378,70.2169],[-147.7384,70.217],[-147.7387,70.217],[-147.7388,70.217],[-147.7394,70.217],[-147.7394,70.217],[-147.7392,70.2169],[-147.739,70.2169],[-147.7386,70.2169],[-147.7382,70.2168],[-147.738,70.2168],[-147.7378,70.2167],[-147.7373,70.2166],[-147.7369,70.2165],[-147.7363,70.2163],[-147.7359,70.2161],[-147.7352,70.2159],[-147.7345,70.2157],[-147.7346,70.2157],[-147.7348,70.2156],[-147.7351,70.2155],[-147.736,70.2154],[-147.7369,70.2154],[-147.7377,70.2152],[-147.7384,70.2151],[-147.7394,70.2151],[-147.7397,70.215],[-147.7403,70.215],[-147.7409,70.2149],[-147.741,70.2149],[-147.7406,70.2147],[-147.7405,70.2146],[-147.7406,70.2144],[-147.7409,70.2142],[-147.7413,70.2142],[-147.742,70.2143],[-147.7423,70.2145],[-147.7426,70.2147],[-147.7431,70.2148],[-147.7439,70.2152],[-147.7436,70.2153],[-147.7435,70.2154],[-147.7432,70.2155],[-147.7431,70.2157],[-147.7431,70.2158],[-147.7434,70.216],[-147.7443,70.2161],[-147.7457,70.2165],[-147.7462,70.2163],[-147.7466,70.216],[-147.747,70.2158],[-147.7474,70.2155],[-147.7482,70.2153],[-147.7491,70.2153],[-147.7507,70.2157],[-147.7509,70.2161],[-147.7508,70.2165],[-147.7505,70.2168],[-147.7502,70.217],[-147.7498,70.2172],[-147.7471,70.2174],[-147.746,70.2176],[-147.7455,70.2178],[-147.7449,70.2179],[-147.7441,70.2178],[-147.7437,70.2177],[-147.743,70.2178],[-147.7432,70.218],[-147.7436,70.2183],[-147.7443,70.2185],[-147.7451,70.2187],[-147.747,70.2189],[-147.7503,70.2184],[-147.752,70.2182],[-147.7526,70.2184],[-147.7537,70.2188],[-147.755,70.2191],[-147.7569,70.2192],[-147.7585,70.2192],[-147.7593,70.2191],[-147.7606,70.2191],[-147.7617,70.2189],[-147.7623,70.2186],[-147.763,70.2182],[-147.7632,70.2178],[-147.7638,70.2173],[-147.765,70.2169],[-147.7691,70.2166],[-147.7703,70.2166],[-147.7715,70.2167],[-147.773,70.2168],[-147.7772,70.2163],[-147.7782,70.2162],[-147.7799,70.2163],[-147.7812,70.2167],[-147.7846,70.2183],[-147.7871,70.2194],[-147.788,70.2204],[-147.7893,70.2215],[-147.7902,70.2226],[-147.7904,70.2238],[-147.7898,70.2244],[-147.7892,70.2245],[-147.788,70.2246],[-147.7879,70.2249],[-147.7886,70.2251],[-147.7899,70.2249],[-147.7914,70.2248],[-147.7942,70.225],[-147.7951,70.2254],[-147.7954,70.2258],[-147.7965,70.2261],[-147.7994,70.2259],[-147.8012,70.2257],[-147.8019,70.2253],[-147.8049,70.2248],[-147.8052,70.2245],[-147.8048,70.2243],[-147.8045,70.2238],[-147.8055,70.2237],[-147.8057,70.2231],[-147.8051,70.2226],[-147.8064,70.2226],[-147.8069,70.2229],[-147.8072,70.2232],[-147.8077,70.2241],[-147.8079,70.2248],[-147.8091,70.225],[-147.8103,70.225],[-147.8112,70.225],[-147.8142,70.2252],[-147.8156,70.2252],[-147.816,70.2254],[-147.817,70.2257],[-147.8179,70.2259],[-147.8199,70.2258],[-147.8221,70.2255],[-147.8234,70.2254],[-147.8258,70.2254],[-147.8262,70.2256],[-147.8281,70.2258],[-147.8286,70.2258],[-147.8293,70.2257],[-147.8309,70.2257],[-147.833,70.2258],[-147.8348,70.226],[-147.8359,70.2261],[-147.8375,70.2266],[-147.8379,70.2268],[-147.8387,70.2268],[-147.8401,70.2268],[-147.8405,70.2267],[-147.8418,70.2266],[-147.8432,70.2265],[-147.8446,70.2261],[-147.8502,70.2242],[-147.8513,70.2241],[-147.8517,70.2237],[-147.8502,70.2231],[-147.8494,70.2228],[-147.8492,70.2225],[-147.8494,70.222],[-147.8498,70.2216],[-147.8507,70.2216],[-147.8512,70.2223],[-147.8512,70.2226],[-147.8513,70.223],[-147.8516,70.2232],[-147.8525,70.2232],[-147.8536,70.2232],[-147.8547,70.223]]},"properties":{}},{"type":"Feature","geometry":{"type":"LineString","coordinates":[[-148.0471,70.2643],[-148.0453,70.2646],[-148.0424,70.2652],[-148.041,70.2658],[-148.0394,70.266],[-148.0372,70.2666],[-148.0336,70.2674],[-148.0314,70.2684],[-148.0283,70.2699],[-148.0261,70.271],[-148.0239,70.272],[-148.0214,70.2733],[-148.0217,70.2741],[-148.0218,70.275],[-148.0216,70.276],[-148.0206,70.2767],[-148.0201,70.2774],[-148.0185,70.2784],[-148.0165,70.2798],[-148.0157,70.2825],[-148.0136,70.2845],[-148.0132,70.2853],[-148.0117,70.2857],[-148.0102,70.2863],[-148.0095,70.2879],[-148.0092,70.2887],[-148.0073,70.289],[-148.0066,70.29],[-148.0051,70.2905],[-148.0036,70.291],[-148.0021,70.2912],[-147.9973,70.2939],[-147.995,70.2945],[-147.9942,70.295],[-147.9932,70.2954],[-147.9895,70.2964],[-147.9879,70.2969],[-147.987,70.2973],[-147.9857,70.2975],[-147.9835,70.298],[-147.9827,70.2984],[-147.9822,70.299],[-147.9799,70.2993],[-147.9783,70.2995],[-147.9762,70.3],[-147.9739,70.3012],[-147.971,70.3021],[-147.9676,70.3029],[-147.9658,70.3039],[-147.9659,70.3043],[-147.9663,70.3045],[-147.9671,70.3047],[-147.9698,70.3046],[-147.9727,70.3044],[-147.9748,70.3046],[-147.9766,70.3048],[-147.9783,70.3051],[-147.9812,70.3053],[-147.983,70.3055],[-147.9844,70.3057],[-147.9875,70.3064],[-147.9915,70.3069],[-147.9934,70.3074],[-147.9952,70.3075],[-147.9983,70.3074],[-148.0007,70.3075],[-148.0028,70.3076],[-148.0043,70.3077],[-148.0097,70.3079],[-148.0094,70.3074],[-148.009,70.3072],[-148.0052,70.3072],[-148.0019,70.3069],[-147.9983,70.306],[-147.9967,70.3051],[-147.9978,70.3046],[-147.9995,70.3033],[-148.0004,70.3038],[-148.0012,70.3025],[-148.0048,70.3015],[-148.0057,70.3006],[-148.0071,70.3002],[-148.0067,70.2994],[-148.005,70.2993],[-148.004,70.2987],[-148.0062,70.2983],[-148.0078,70.2981],[-148.0098,70.2981],[-148.0131,70.2984],[-148.0155,70.3003],[-148.0188,70.3008],[-148.0204,70.3009],[-148.0214,70.3013],[-148.0216,70.302],[-148.022,70.3025],[-148.0225,70.303],[-148.023,70.3039],[-148.023,70.3046],[-148.0233,70.3051],[-148.0227,70.3054],[-148.022,70.3056],[-148.0216,70.3059],[-148.0204,70.3061],[-148.017,70.3065],[-148.015,70.3068],[-148.015,70.3073],[-148.0162,70.3076],[-148.0184,70.3075],[-148.021,70.3072],[-148.0287,70.308],[-148.0317,70.3085],[-148.0348,70.3093],[-148.0362,70.3098],[-148.038,70.3101],[-148.0406,70.3102],[-148.0451,70.3102],[-148.0472,70.3108],[-148.0493,70.3114],[-148.0512,70.3115],[-148.0522,70.3113],[-148.0558,70.3114],[-148.0586,70.3114],[-148.0614,70.3112],[-148.0625,70.3107],[-148.0659,70.3098],[-148.0671,70.3091],[-148.0698,70.3085],[-148.0721,70.3081],[-148.0732,70.3077],[-148.0757,70.3069],[-148.0785,70.3066],[-148.0823,70.3059],[-148.0846,70.3055],[-148.0891,70.3046],[-148.0913,70.3029],[-148.0936,70.3023],[-148.0962,70.3011],[-148.0989,70.2995],[-148.1001,70.2987],[-148.1023,70.2978],[-148.1065,70.2966],[-148.108,70.296],[-148.1099,70.2958],[-148.112,70.2954],[-148.1139,70.2948],[-148.1159,70.2942],[-148.1183,70.2935],[-148.1222,70.2926],[-148.1241,70.2921],[-148.1278,70.2913],[-148.1293,70.2909],[-148.1346,70.2903],[-148.1368,70.2895],[-148.1397,70.2879],[-148.1419,70.2866],[-148.1442,70.2856],[-148.1464,70.2848],[-148.1476,70.2837],[-148.1494,70.2827],[-148.1497,70.2819],[-148.1512,70.2806],[-148.1524,70.2799],[-148.1538,70.279],[-148.1609,70.2742],[-148.1617,70.2742],[-148.1638,70.2746],[-148.1745,70.2742],[-148.1776,70.2739],[-148.1775,70.2728],[-148.1755,70.2717],[-148.1748,70.2715],[-148.1744,70.2712],[-148.1736,70.2708],[-148.1736,70.2703],[-148.1721,70.2703],[-148.1739,70.2688],[-148.1739,70.2696],[-148.1738,70.2677],[-148.1711,70.2663],[-148.1653,70.265],[-148.1619,70.2643],[-148.1611,70.264],[-148.1539,70.2632],[-148.1497,70.2623],[-148.1481,70.2618],[-148.145,70.2607],[-148.142,70.2604],[-148.1338,70.262],[-148.1289,70.2635],[-148.1283,70.268],[-148.1267,70.2701],[-148.1252,70.272],[-148.1223,70.2728],[-148.1155,70.2731],[-148.1101,70.2714],[-148.0956,70.2701],[-148.0897,70.2689],[-148.0765,70.2666],[-148.0742,70.2662],[-148.0704,70.2658],[-148.0639,70.2652],[-148.0515,70.2649],[-148.0491,70.2645],[-148.0471,70.2643]]},"properties":{}},{"type":"Feature","geometry":{"type":"LineString","coordinates":[[-148.3783,70.484],[-148.3887,70.4834],[-148.3959,70.483],[-148.4001,70.4823],[-148.4039,70.4816],[-148.4074,70.4804],[-148.4063,70.4803],[-148.4031,70.4804],[-148.4011,70.4806],[-148.3989,70.4808],[-148.3957,70.4811],[-148.3932,70.4805],[-148.392,70.48],[-148.3868,70.4804],[-148.3797,70.4813],[-148.3746,70.4821],[-148.3714,70.4825],[-148.369,70.4825],[-148.3633,70.4821],[-148.3583,70.4819],[-148.354,70.4819],[-148.3441,70.4817],[-148.3364,70.4815],[-148.3326,70.4814],[-148.3291,70.481],[-148.3269,70.4807],[-148.3234,70.4802],[-148.3206,70.4796],[-148.317,70.479],[-148.3157,70.4778],[-148.3148,70.4774],[-148.3129,70.4771],[-148.3117,70.4763],[-148.3106,70.4755],[-148.3111,70.4752],[-148.3127,70.4752],[-148.3142,70.4748],[-148.3149,70.4746],[-148.3152,70.4743],[-148.3147,70.4739],[-148.3134,70.4736],[-148.3139,70.4734],[-148.315,70.4731],[-148.3166,70.4733],[-148.3174,70.473],[-148.3185,70.473],[-148.319,70.4731],[-148.3202,70.4732],[-148.3211,70.4732],[-148.3215,70.4731],[-148.3217,70.4728],[-148.3215,70.4725],[-148.3208,70.4722],[-148.3197,70.472],[-148.3176,70.4717],[-148.316,70.4717],[-148.3139,70.4719],[-148.3115,70.4725],[-148.3086,70.473],[-148.3073,70.4736],[-148.3077,70.4751],[-148.3097,70.4763],[-148.3131,70.478],[-148.3181,70.4796],[-148.3227,70.4806],[-148.3251,70.4813],[-148.3272,70.4816],[-148.3301,70.482],[-148.332,70.4821],[-148.3348,70.4823],[-148.341,70.4831],[-148.3466,70.4834],[-148.352,70.4834],[-148.3586,70.4834],[-148.3663,70.4839],[-148.3705,70.484],[-148.3743,70.484],[-148.3783,70.484]]},"properties":{}},{"type":"Feature","geometry":{"type":"LineString","coordinates":[[-148.3688,70.3657],[-148.3689,70.3656],[-148.3688,70.3655],[-148.3673,70.3656],[-148.3665,70.3655],[-148.3655,70.3654],[-148.365,70.3651],[-148.3647,70.3651],[-148.3643,70.365],[-148.3641,70.3651],[-148.3643,70.3652],[-148.3646,70.3654],[-148.3653,70.3657],[-148.3663,70.366],[-148.367,70.366],[-148.3678,70.3659],[-148.3686,70.3658],[-148.3688,70.3657]]},"properties":{}},{"type":"Feature","geometry":{"type":"LineString","coordinates":[[-148.0912,70.3299],[-148.0925,70.3302],[-148.0949,70.3304],[-148.0989,70.3306],[-148.1015,70.3308],[-148.105,70.3312],[-148.1098,70.3321],[-148.114,70.3331],[-148.116,70.3336],[-148.1222,70.3347],[-148.1257,70.3353],[-148.1277,70.336],[-148.1294,70.3365],[-148.1315,70.3371],[-148.1344,70.3374],[-148.1379,70.3374],[-148.1386,70.3369],[-148.1368,70.3356],[-148.1351,70.3349],[-148.1328,70.3339],[-148.1308,70.3329],[-148.129,70.3322],[-148.1276,70.3316],[-148.1257,70.3307],[-148.1234,70.3296],[-148.1219,70.3288],[-148.1209,70.3283],[-148.1183,70.3266],[-148.1165,70.3259],[-148.1144,70.3249],[-148.1126,70.3243],[-148.1097,70.3233],[-148.1091,70.3232],[-148.1085,70.3234],[-148.1083,70.3237],[-148.108,70.3242],[-148.1073,70.3248],[-148.1062,70.3253],[-148.1048,70.3256],[-148.1033,70.326],[-148.0989,70.3262],[-148.0975,70.3262],[-148.096,70.3258],[-148.0947,70.3257],[-148.0941,70.3254],[-148.0934,70.3253],[-148.0922,70.3252],[-148.0906,70.325],[-148.0878,70.3248],[-148.0842,70.3241],[-148.0819,70.3235],[-148.0797,70.3232],[-148.0773,70.323],[-148.0717,70.3228],[-148.068,70.3227],[-148.0642,70.3226],[-148.0629,70.3226],[-148.06,70.3222],[-148.0571,70.3218],[-148.0559,70.3217],[-148.0541,70.3215],[-148.0531,70.3213],[-148.0524,70.3211],[-148.0521,70.3206],[-148.0521,70.3203],[-148.0511,70.3201],[-148.0504,70.3202],[-148.0497,70.3204],[-148.0488,70.3206],[-148.048,70.3207],[-148.047,70.3207],[-148.0452,70.3208],[-148.0433,70.3207],[-148.042,70.3205],[-148.0418,70.3207],[-148.0417,70.3211],[-148.0415,70.3216],[-148.0416,70.3219],[-148.0423,70.3221],[-148.0431,70.3224],[-148.0439,70.3226],[-148.0449,70.3227],[-148.0468,70.3229],[-148.0489,70.3231],[-148.0502,70.3233],[-148.0525,70.3237],[-148.0538,70.324],[-148.0545,70.3243],[-148.0555,70.3245],[-148.0572,70.3246],[-148.0584,70.3246],[-148.0596,70.3247],[-148.0623,70.3247],[-148.0642,70.325],[-148.0652,70.3253],[-148.066,70.3256],[-148.0664,70.326],[-148.0675,70.3262],[-148.0679,70.3264],[-148.0686,70.3266],[-148.0691,70.3265],[-148.0695,70.3263],[-148.0707,70.3262],[-148.0733,70.3263],[-148.0743,70.3266],[-148.0749,70.3269],[-148.0754,70.3272],[-148.0763,70.3275],[-148.0777,70.3281],[-148.0787,70.3284],[-148.0799,70.3288],[-148.0811,70.329],[-148.0826,70.3291],[-148.0851,70.3288],[-148.0861,70.3288],[-148.0876,70.3288],[-148.0888,70.3289],[-148.0895,70.3289],[-148.09,70.3292],[-148.0905,70.3294],[-148.0906,70.3295],[-148.0912,70.3299]]},"properties":{}},{"type":"Feature","geometry":{"type":"LineString","coordinates":[[-148.1397,70.3284],[-148.1398,70.3288],[-148.1426,70.3298],[-148.1443,70.3305],[-148.1479,70.3319],[-148.1501,70.3328],[-148.1547,70.3332],[-148.1542,70.3339],[-148.1529,70.3347],[-148.1533,70.335],[-148.1572,70.3357],[-148.1608,70.3367],[-148.1619,70.3372],[-148.169,70.3378],[-148.1754,70.3375],[-148.1797,70.3371],[-148.1834,70.3367],[-148.1892,70.3363],[-148.1923,70.3356],[-148.1914,70.3345],[-148.1893,70.3325],[-148.1877,70.3311],[-148.185,70.3296],[-148.1823,70.3256],[-148.1813,70.3246],[-148.1786,70.323],[-148.1763,70.3219],[-148.1741,70.3206],[-148.1741,70.3197],[-148.175,70.3183],[-148.1754,70.3167],[-148.1744,70.3157],[-148.173,70.3141],[-148.175,70.3128],[-148.1756,70.3122],[-148.1751,70.3111],[-148.1745,70.3101],[-148.1744,70.309],[-148.1749,70.3079],[-148.1769,70.3067],[-148.1776,70.3055],[-148.1778,70.3044],[-148.1775,70.3033],[-148.1766,70.3026],[-148.1752,70.3018],[-148.1738,70.3008],[-148.1738,70.3],[-148.1732,70.299],[-148.1719,70.298],[-148.1683,70.2974],[-148.1661,70.2978],[-148.1642,70.2987],[-148.1629,70.2996],[-148.1618,70.3006],[-148.1598,70.3015],[-148.1585,70.3022],[-148.1563,70.3028],[-148.1544,70.3043],[-148.1536,70.3048],[-148.1535,70.3052],[-148.1539,70.3055],[-148.1542,70.3058],[-148.1541,70.3062],[-148.1538,70.3064],[-148.1526,70.3067],[-148.1517,70.3069],[-148.1506,70.3071],[-148.1497,70.3073],[-148.1482,70.3076],[-148.1474,70.3081],[-148.1463,70.3088],[-148.146,70.3094],[-148.1446,70.3097],[-148.1431,70.3101],[-148.1424,70.3107],[-148.1421,70.3111],[-148.1416,70.3115],[-148.1411,70.3118],[-148.1408,70.3122],[-148.1401,70.3124],[-148.1393,70.3126],[-148.1356,70.3131],[-148.1343,70.3133],[-148.1334,70.3134],[-148.1324,70.3138],[-148.1317,70.314],[-148.1312,70.3142],[-148.1304,70.3144],[-148.1292,70.3146],[-148.128,70.3149],[-148.1273,70.315],[-148.126,70.3153],[-148.1251,70.3156],[-148.1239,70.316],[-148.123,70.3165],[-148.1223,70.3169],[-148.1206,70.3176],[-148.1203,70.318],[-148.12,70.3182],[-148.1199,70.3185],[-148.1197,70.3187],[-148.1194,70.319],[-148.1192,70.3192],[-148.1193,70.3195],[-148.1197,70.3198],[-148.1198,70.3201],[-148.1198,70.3204],[-148.119,70.3212],[-148.119,70.3216],[-148.1191,70.3219],[-148.1191,70.3222],[-148.1194,70.3224],[-148.12,70.3226],[-148.121,70.3229],[-148.1215,70.323],[-148.1221,70.3231],[-148.1231,70.3233],[-148.1237,70.3235],[-148.1242,70.3236],[-148.1248,70.3236],[-148.1254,70.3235],[-148.1259,70.3235],[-148.126,70.3236],[-148.1254,70.3237],[-148.1253,70.3238],[-148.1253,70.324],[-148.1258,70.3241],[-148.1266,70.3243],[-148.1276,70.3245],[-148.1285,70.3247],[-148.1292,70.3248],[-148.1298,70.325],[-148.1319,70.3252],[-148.1337,70.326],[-148.1397,70.3284]]},"properties":{}},{"type":"Feature","geometry":{"type":"LineString","coordinates":[[-148.1998,70.3247],[-148.2008,70.3232],[-148.2015,70.3211],[-148.2023,70.3202],[-148.2033,70.3193],[-148.2035,70.3179],[-148.2034,70.317],[-148.2036,70.3151],[-148.2032,70.3112],[-148.2004,70.3093],[-148.1978,70.3082],[-148.1934,70.3073],[-148.1888,70.3082],[-148.1865,70.31],[-148.1866,70.3125],[-148.1858,70.3147],[-148.1862,70.3174],[-148.1859,70.3192],[-148.185,70.3208],[-148.1859,70.3222],[-148.1911,70.3246],[-148.1934,70.3248],[-148.1947,70.3248],[-148.1974,70.3248],[-148.1998,70.3247]]},"properties":{}},{"type":"Feature","geometry":{"type":"LineString","coordinates":[[-148.1856,70.3093],[-148.1862,70.3088],[-148.1864,70.3081],[-148.1865,70.3073],[-148.1864,70.307],[-148.1851,70.3068],[-148.184,70.3073],[-148.184,70.3081],[-148.1845,70.3088],[-148.1851,70.3092],[-148.1856,70.3093]]},"properties":{}},{"type":"Feature","geometry":{"type":"LineString","coordinates":[[-148.2308,70.3515],[-148.2324,70.3511],[-148.2338,70.3506],[-148.2345,70.3503],[-148.2346,70.3498],[-148.2334,70.3495],[-148.2319,70.3493],[-148.2311,70.3492],[-148.2304,70.3492],[-148.229,70.3491],[-148.2295,70.3495],[-148.2302,70.35],[-148.2305,70.3504],[-148.2306,70.3507],[-148.2303,70.3511],[-148.23,70.3513],[-148.2301,70.3515],[-148.2308,70.3515]]},"properties":{}},{"type":"Feature","geometry":{"type":"LineString","coordinates":[[-148.0883,70.3222],[-148.0904,70.3223],[-148.093,70.3223],[-148.095,70.3221],[-148.0964,70.322],[-148.0972,70.3215],[-148.1066,70.3214],[-148.1103,70.321],[-148.1114,70.3206],[-148.1122,70.3199],[-148.1153,70.3183],[-148.1173,70.3172],[-148.1176,70.3158],[-148.1175,70.3145],[-148.1182,70.3126],[-148.1184,70.3119],[-148.1191,70.3111],[-148.1205,70.3103],[-148.1228,70.3094],[-148.1251,70.309],[-148.1266,70.3081],[-148.1274,70.3076],[-148.1281,70.3073],[-148.1287,70.3064],[-148.1286,70.3058],[-148.1282,70.3053],[-148.1268,70.3049],[-148.126,70.3049],[-148.1255,70.3048],[-148.1223,70.3054],[-148.1215,70.3056],[-148.1205,70.3058],[-148.1191,70.3062],[-148.118,70.3063],[-148.1161,70.3067],[-148.116,70.3068],[-148.1165,70.3072],[-148.1167,70.3074],[-148.1162,70.3078],[-148.1154,70.3082],[-148.1144,70.3085],[-148.1134,70.3087],[-148.1119,70.3089],[-148.1111,70.3088],[-148.1093,70.3091],[-148.1077,70.3097],[-148.1068,70.31],[-148.1055,70.3104],[-148.1049,70.3107],[-148.1038,70.311],[-148.1005,70.3117],[-148.0985,70.3121],[-148.095,70.3132],[-148.0929,70.3141],[-148.0922,70.3146],[-148.0912,70.315],[-148.0898,70.3157],[-148.0893,70.3161],[-148.0886,70.3164],[-148.0871,70.3167],[-148.0855,70.3168],[-148.0838,70.3173],[-148.0824,70.3176],[-148.0796,70.3184],[-148.0771,70.3193],[-148.0761,70.3197],[-148.0753,70.3202],[-148.0755,70.3205],[-148.0777,70.3208],[-148.0788,70.321],[-148.0795,70.3211],[-148.0804,70.3212],[-148.0819,70.3214],[-148.0837,70.3216],[-148.0859,70.3219],[-148.0868,70.3221],[-148.0878,70.3222],[-148.0883,70.3222]]},"properties":{}},{"type":"Feature","geometry":{"type":"LineString","coordinates":[[-148.0676,70.3702],[-148.0686,70.3701],[-148.069,70.3701],[-148.0696,70.37],[-148.0701,70.3699],[-148.0708,70.3696],[-148.0708,70.3694],[-148.0714,70.3692],[-148.072,70.3691],[-148.0724,70.369],[-148.0719,70.3691],[-148.0712,70.3692],[-148.0708,70.3692],[-148.0702,70.3692],[-148.0695,70.3694],[-148.0693,70.3694],[-148.0687,70.3693],[-148.0681,70.3694],[-148.0673,70.3696],[-148.0668,70.3698],[-148.0663,70.3699],[-148.066,70.37],[-148.0662,70.3701],[-148.0667,70.3702],[-148.0671,70.3702],[-148.0676,70.3702]]},"properties":{}},{"type":"Feature","geometry":{"type":"LineString","coordinates":[[-148.0598,70.3701],[-148.0608,70.3701],[-148.0618,70.3702],[-148.0626,70.3701],[-148.0628,70.37],[-148.0627,70.3699],[-148.0623,70.37],[-148.0616,70.3701],[-148.0615,70.37],[-148.0615,70.3699],[-148.0607,70.3699],[-148.0598,70.3699],[-148.0593,70.3699],[-148.0587,70.3698],[-148.0582,70.3698],[-148.0573,70.3697],[-148.0567,70.3695],[-148.0561,70.3693],[-148.0555,70.3691],[-148.0551,70.3689],[-148.0548,70.3687],[-148.0547,70.3685],[-148.0546,70.3684],[-148.0546,70.3682],[-148.0546,70.3677],[-148.0544,70.3675],[-148.054,70.3672],[-148.0539,70.3671],[-148.0542,70.3669],[-148.0542,70.3668],[-148.0542,70.3666],[-148.0545,70.3664],[-148.0545,70.3662],[-148.0538,70.3662],[-148.0535,70.3664],[-148.0533,70.3667],[-148.0535,70.3669],[-148.0536,70.367],[-148.0541,70.3674],[-148.0541,70.3677],[-148.0542,70.368],[-148.0542,70.3682],[-148.0544,70.3685],[-148.0545,70.3687],[-148.0547,70.3688],[-148.0548,70.3689],[-148.0556,70.3693],[-148.0561,70.3695],[-148.0567,70.3697],[-148.0571,70.3697],[-148.0578,70.3698],[-148.0582,70.3699],[-148.0587,70.3699],[-148.0593,70.37],[-148.0598,70.3701]]},"properties":{}},{"type":"Feature","geometry":{"type":"LineString","coordinates":[[-147.9337,70.2348],[-147.9141,70.2374],[-147.9042,70.2385],[-147.8972,70.2404],[-147.8864,70.2425],[-147.8789,70.243],[-147.8622,70.2421],[-147.8554,70.2429],[-147.8532,70.2434],[-147.8487,70.2446],[-147.8472,70.2446],[-147.8441,70.2436],[-147.8366,70.2431],[-147.8342,70.2419],[-147.823,70.2428],[-147.82,70.2435],[-147.8071,70.244],[-147.8062,70.2458],[-147.8077,70.2478],[-147.8017,70.2516],[-147.7979,70.2554],[-147.796,70.2591],[-147.7934,70.2616],[-147.7919,70.2614],[-147.7911,70.2604],[-147.7902,70.2595],[-147.7897,70.2596],[-147.79,70.2612],[-147.7914,70.267],[-147.7941,70.2734],[-147.7918,70.2785],[-147.7912,70.2808],[-147.7868,70.2811],[-147.7833,70.2819],[-147.7828,70.283],[-147.7816,70.2842],[-147.7791,70.28],[-147.7777,70.2766],[-147.7789,70.2733],[-147.7812,70.2721],[-147.7814,70.2703],[-147.779,70.2718],[-147.7774,70.2736],[-147.7768,70.277],[-147.7782,70.2805],[-147.7826,70.2861],[-147.7845,70.2875],[-147.7883,70.2894],[-147.7938,70.2908],[-147.7961,70.2916],[-147.7977,70.2921],[-147.8012,70.2932],[-147.805,70.2941],[-147.8094,70.2945],[-147.8133,70.2945],[-147.8137,70.2942],[-147.8095,70.2941],[-147.8049,70.2939],[-147.8024,70.2932],[-147.8009,70.2925],[-147.8003,70.2916],[-147.7996,70.2891],[-147.7972,70.289],[-147.796,70.2893],[-147.7938,70.289],[-147.7932,70.2844],[-147.7995,70.2795],[-147.801,70.2798],[-147.8009,70.2793],[-147.8025,70.2793],[-147.8024,70.2788],[-147.8047,70.2785],[-147.8047,70.278],[-147.8145,70.276],[-147.816,70.2761],[-147.816,70.2756],[-147.8175,70.2756],[-147.8189,70.2746],[-147.8212,70.2743],[-147.8212,70.2738],[-147.8227,70.2738],[-147.8237,70.2707],[-147.8252,70.2702],[-147.8201,70.2649],[-147.8208,70.2649],[-147.8247,70.2674],[-147.8262,70.2674],[-147.8269,70.2651],[-147.8291,70.2656],[-147.8284,70.2664],[-147.83,70.2664],[-147.83,70.2671],[-147.8315,70.2671],[-147.8308,70.2679],[-147.8323,70.2676],[-147.8316,70.2689],[-147.8331,70.2689],[-147.8338,70.2681],[-147.8376,70.2681],[-147.8375,70.2661],[-147.8458,70.2654],[-147.8533,70.2642],[-147.8533,70.2629],[-147.8434,70.2634],[-147.8396,70.2627],[-147.8396,70.2617],[-147.8419,70.2617],[-147.8419,70.2625],[-147.8495,70.2626],[-147.8525,70.262],[-147.8578,70.2619],[-147.8592,70.2608],[-147.8615,70.2606],[-147.8614,70.2601],[-147.8727,70.2585],[-147.8727,70.258],[-147.8787,70.2577],[-147.8787,70.2569],[-147.8817,70.2567],[-147.8817,70.2561],[-147.8915,70.2561],[-147.8922,70.2546],[-147.8937,70.2545],[-147.9012,70.2525],[-147.9099,70.2513],[-147.9172,70.2501],[-147.9185,70.2503],[-147.9238,70.2502],[-147.9298,70.2494],[-147.9335,70.2475],[-147.936,70.2468],[-147.9415,70.2423],[-147.9445,70.2413],[-147.9449,70.2402],[-147.9478,70.2389],[-147.9484,70.2351],[-147.9491,70.2346],[-147.9483,70.2331],[-147.9534,70.2292],[-147.9514,70.2277],[-147.9499,70.2277],[-147.9491,70.2267],[-147.9468,70.2275],[-147.9457,70.2281],[-147.9453,70.229],[-147.9453,70.2296],[-147.9455,70.2302],[-147.9453,70.2307],[-147.9447,70.231],[-147.9433,70.2316],[-147.939,70.2327],[-147.9352,70.2347],[-147.9337,70.2348]]},"properties":{}},{"type":"Feature","geometry":{"type":"LineString","coordinates":[[-147.8825,70.3147],[-147.8823,70.3148],[-147.882,70.3148],[-147.8818,70.315],[-147.8819,70.315],[-147.8823,70.3151],[-147.8825,70.3158],[-147.8823,70.3159],[-147.8823,70.3161],[-147.8824,70.3164],[-147.8826,70.317],[-147.8825,70.3174],[-147.8823,70.3181],[-147.8824,70.3183],[-147.8827,70.3186],[-147.883,70.3189],[-147.883,70.3192],[-147.8831,70.3211],[-147.8831,70.3214],[-147.8829,70.3216],[-147.8827,70.3218],[-147.8824,70.322],[-147.882,70.3221],[-147.8813,70.3221],[-147.8804,70.322],[-147.8782,70.322],[-147.8742,70.322],[-147.8735,70.322],[-147.8731,70.3219],[-147.8725,70.3219],[-147.8718,70.3219],[-147.871,70.3219],[-147.8703,70.322],[-147.87,70.3219],[-147.87,70.3217],[-147.8699,70.3215],[-147.8699,70.3213],[-147.8698,70.321],[-147.8697,70.3209],[-147.8693,70.3207],[-147.8684,70.3206],[-147.8673,70.3206],[-147.8657,70.3206],[-147.8652,70.3193],[-147.865,70.3192],[-147.8648,70.319],[-147.8644,70.3189],[-147.864,70.3189],[-147.8632,70.3189],[-147.8625,70.3189],[-147.8617,70.319],[-147.8613,70.319],[-147.8607,70.3191],[-147.8602,70.3191],[-147.8597,70.3191],[-147.8595,70.3192],[-147.8591,70.3193],[-147.8587,70.3195],[-147.8601,70.3229],[-147.8603,70.323],[-147.8608,70.3231],[-147.864,70.323],[-147.8647,70.3231],[-147.8652,70.3231],[-147.8689,70.3229],[-147.8701,70.3229],[-147.8708,70.3228],[-147.8715,70.3227],[-147.875,70.3226],[-147.8769,70.3226],[-147.8786,70.3227],[-147.8806,70.3228],[-147.8843,70.3231],[-147.8876,70.3233],[-147.8911,70.3237],[-147.8932,70.324],[-147.8949,70.3242],[-147.899,70.3249],[-147.9017,70.3255],[-147.9037,70.3261],[-147.9059,70.3267],[-147.9073,70.3272],[-147.9077,70.3273],[-147.9084,70.3275],[-147.9095,70.3279],[-147.9102,70.3281],[-147.9119,70.3287],[-147.914,70.3295],[-147.9146,70.3298],[-147.9157,70.3304],[-147.9171,70.331],[-147.9194,70.3319],[-147.9223,70.3331],[-147.9238,70.3338],[-147.9251,70.3343],[-147.9263,70.3348],[-147.9269,70.335],[-147.9278,70.3354],[-147.9295,70.3361],[-147.9302,70.3365],[-147.9306,70.3368],[-147.931,70.337],[-147.9315,70.3372],[-147.9322,70.3375],[-147.9332,70.3378],[-147.9341,70.3383],[-147.9355,70.3388],[-147.9367,70.3393],[-147.9378,70.3399],[-147.9409,70.3412],[-147.9439,70.3426],[-147.9464,70.3437],[-147.9479,70.3442],[-147.9501,70.3452],[-147.9515,70.3459],[-147.9521,70.3461],[-147.9523,70.3463],[-147.9529,70.3465],[-147.9537,70.347],[-147.9542,70.3473],[-147.9545,70.3475],[-147.9549,70.3478],[-147.9577,70.3495],[-147.9591,70.3502],[-147.9593,70.3503],[-147.9594,70.3504],[-147.9558,70.3523],[-147.9558,70.3524],[-147.9556,70.3526],[-147.9555,70.3528],[-147.9553,70.3532],[-147.9552,70.3534],[-147.9551,70.3535],[-147.955,70.3537],[-147.9547,70.3537],[-147.955,70.3543],[-147.9555,70.3543],[-147.9579,70.3559],[-147.958,70.356],[-147.9583,70.3561],[-147.9592,70.3562],[-147.9596,70.3561],[-147.9601,70.3561],[-147.9606,70.356],[-147.9614,70.356],[-147.9618,70.3561],[-147.9641,70.3559],[-147.9644,70.3559],[-147.9647,70.3557],[-147.9666,70.3538],[-147.9667,70.3536],[-147.9668,70.3535],[-147.9667,70.3534],[-147.9664,70.3531],[-147.9665,70.3528],[-147.9663,70.3525],[-147.9662,70.3523],[-147.9663,70.3517],[-147.9659,70.3514],[-147.9657,70.3513],[-147.9654,70.3512],[-147.9647,70.3511],[-147.9633,70.3497],[-147.963,70.3494],[-147.9627,70.3491],[-147.9624,70.3489],[-147.9621,70.3488],[-147.9613,70.3485],[-147.9602,70.3484],[-147.957,70.347],[-147.9568,70.3469],[-147.9561,70.3465],[-147.955,70.3462],[-147.9545,70.3461],[-147.9538,70.3457],[-147.953,70.3453],[-147.9521,70.3447],[-147.9518,70.3446],[-147.9514,70.3444],[-147.951,70.3443],[-147.9502,70.3441],[-147.946,70.3423],[-147.9421,70.3405],[-147.9419,70.3404],[-147.9415,70.3401],[-147.9412,70.3399],[-147.9406,70.3398],[-147.9398,70.3396],[-147.9367,70.3382],[-147.9327,70.3365],[-147.9319,70.3361],[-147.9301,70.3353],[-147.9298,70.3352],[-147.9295,70.335],[-147.9293,70.3348],[-147.9285,70.3346],[-147.9279,70.3344],[-147.9256,70.3334],[-147.921,70.3314],[-147.9184,70.3303],[-147.9177,70.33],[-147.9169,70.3295],[-147.916,70.3293],[-147.9153,70.3289],[-147.9143,70.3285],[-147.9135,70.3281],[-147.9117,70.3274],[-147.9111,70.3271],[-147.9105,70.3269],[-147.9099,70.3267],[-147.9094,70.3265],[-147.9082,70.3259],[-147.9071,70.3256],[-147.9058,70.3254],[-147.9047,70.3252],[-147.9012,70.3244],[-147.9006,70.3243],[-147.8991,70.3239],[-147.898,70.3237],[-147.8966,70.3235],[-147.8945,70.323],[-147.8928,70.3227],[-147.8916,70.3227],[-147.8911,70.3227],[-147.8909,70.3228],[-147.888,70.3225],[-147.8869,70.3223],[-147.886,70.322],[-147.8856,70.3215],[-147.8852,70.3204],[-147.8847,70.3184],[-147.8845,70.3167],[-147.8845,70.3164],[-147.8843,70.3159],[-147.8842,70.3158],[-147.8844,70.3152],[-147.8845,70.315],[-147.8846,70.3149],[-147.8843,70.3148],[-147.8839,70.3148],[-147.8837,70.3147],[-147.8825,70.3147]]},"properties":{}},{"type":"Feature","geometry":{"type":"LineString","coordinates":[[-147.9905,70.3179],[-147.9922,70.318],[-147.9943,70.3181],[-147.9969,70.3183],[-147.9983,70.3182],[-147.9993,70.3181],[-148.0006,70.3179],[-148.0013,70.3176],[-148.0027,70.3173],[-148.0033,70.3169],[-148.0035,70.3163],[-148.0029,70.3159],[-148.0019,70.3156],[-147.9983,70.3151],[-147.9969,70.3148],[-147.9934,70.3141],[-147.9919,70.314],[-147.9902,70.3138],[-147.9886,70.3136],[-147.9874,70.3134],[-147.9839,70.3125],[-147.9827,70.3123],[-147.981,70.3123],[-147.9785,70.3126],[-147.9764,70.3127],[-147.975,70.3126],[-147.9738,70.3126],[-147.9703,70.313],[-147.9662,70.3131],[-147.9642,70.3133],[-147.9632,70.3134],[-147.9627,70.3137],[-147.9626,70.3142],[-147.9623,70.3145],[-147.9621,70.3151],[-147.962,70.3155],[-147.9623,70.3158],[-147.963,70.3158],[-147.9661,70.3155],[-147.9712,70.3154],[-147.9743,70.3153],[-147.9761,70.3153],[-147.9779,70.3154],[-147.9796,70.3156],[-147.9805,70.3159],[-147.9812,70.3161],[-147.9821,70.3162],[-147.9852,70.3166],[-147.9874,70.3169],[-147.9886,70.3171],[-147.9892,70.3174],[-147.9898,70.3177],[-147.9905,70.3179]]},"properties":{}},{"type":"Feature","geometry":{"type":"LineString","coordinates":[[-148.0232,70.3445],[-148.0245,70.3444],[-148.0253,70.3444],[-148.0258,70.3443],[-148.0262,70.3442],[-148.0265,70.3441],[-148.0266,70.344],[-148.0267,70.3438],[-148.0265,70.3436],[-148.0262,70.3436],[-148.0257,70.3437],[-148.0259,70.3438],[-148.0257,70.3439],[-148.0256,70.344],[-148.0253,70.3441],[-148.0249,70.3442],[-148.0247,70.3442],[-148.0243,70.3441],[-148.0239,70.344],[-148.0237,70.3441],[-148.0236,70.3442],[-148.0234,70.3442],[-148.0231,70.3443],[-148.0228,70.3444],[-148.0225,70.3444],[-148.0215,70.3443],[-148.0212,70.3442],[-148.021,70.3441],[-148.0208,70.3439],[-148.0207,70.3438],[-148.0207,70.3436],[-148.0204,70.3435],[-148.0199,70.3433],[-148.0201,70.3431],[-148.0198,70.343],[-148.0201,70.343],[-148.0199,70.3428],[-148.0195,70.3429],[-148.0191,70.3431],[-148.0193,70.3434],[-148.0198,70.3438],[-148.0207,70.3442],[-148.0212,70.3444],[-148.0215,70.3445],[-148.022,70.3445],[-148.0226,70.3445],[-148.023,70.3445],[-148.0232,70.3445]]},"properties":{}},{"type":"Feature","geometry":{"type":"LineString","coordinates":[[-147.9607,70.3573],[-147.9612,70.3572],[-147.9614,70.3571],[-147.9617,70.357],[-147.9619,70.3568],[-147.962,70.3567],[-147.9617,70.3564],[-147.9612,70.3563],[-147.961,70.3563],[-147.9596,70.3564],[-147.9587,70.3564],[-147.9584,70.3564],[-147.958,70.3563],[-147.9574,70.3562],[-147.9569,70.3561],[-147.9564,70.3562],[-147.9563,70.3562],[-147.9562,70.3563],[-147.9562,70.3565],[-147.9565,70.3566],[-147.9597,70.3573],[-147.9604,70.3573],[-147.9607,70.3573]]},"properties":{}},{"type":"Feature","geometry":{"type":"LineString","coordinates":[[-147.9089,70.307],[-147.9096,70.307],[-147.9103,70.3069],[-147.9104,70.3067],[-147.9104,70.3066],[-147.91,70.3066],[-147.909,70.3067],[-147.9085,70.3067],[-147.908,70.3067],[-147.9076,70.3066],[-147.9074,70.3065],[-147.9068,70.3064],[-147.906,70.3064],[-147.9058,70.3064],[-147.9064,70.3066],[-147.9069,70.3067],[-147.9071,70.3068],[-147.9075,70.3068],[-147.9079,70.3069],[-147.9082,70.3069],[-147.9085,70.307],[-147.9089,70.307]]},"properties":{}},{"type":"Feature","geometry":{"type":"LineString","coordinates":[[-147.9137,70.3077],[-147.9137,70.3076],[-147.9134,70.3075],[-147.913,70.3075],[-147.9129,70.3075],[-147.9129,70.3076],[-147.913,70.3077],[-147.9133,70.3077],[-147.9134,70.3077],[-147.9137,70.3077]]},"properties":{}},{"type":"Feature","geometry":{"type":"LineString","coordinates":[[-147.8854,70.3014],[-147.8854,70.3015],[-147.8857,70.3016],[-147.8851,70.3019],[-147.8848,70.3019],[-147.8843,70.3019],[-147.8839,70.302],[-147.8837,70.3021],[-147.8834,70.3025],[-147.8821,70.3038],[-147.881,70.3056],[-147.8806,70.3061],[-147.8802,70.3064],[-147.8802,70.3067],[-147.8806,70.3074],[-147.8812,70.3096],[-147.8814,70.3105],[-147.8815,70.3107],[-147.8821,70.3108],[-147.883,70.3107],[-147.8831,70.3106],[-147.8832,70.3103],[-147.8831,70.3101],[-147.8825,70.3073],[-147.8826,70.3061],[-147.8838,70.3043],[-147.8845,70.3034],[-147.8852,70.3029],[-147.8852,70.3028],[-147.8857,70.3026],[-147.8871,70.302],[-147.8875,70.3021],[-147.8876,70.3019],[-147.8876,70.3018],[-147.8874,70.3017],[-147.8865,70.3015],[-147.8854,70.3014]]},"properties":{}},{"type":"Feature","geometry":{"type":"LineString","coordinates":[[-147.8831,70.3126],[-147.8824,70.3126],[-147.8823,70.3126],[-147.8821,70.3127],[-147.882,70.3128],[-147.8817,70.3129],[-147.8816,70.313],[-147.8816,70.3131],[-147.8819,70.3131],[-147.8821,70.3138],[-147.8817,70.3139],[-147.8816,70.3139],[-147.8817,70.314],[-147.8822,70.3141],[-147.8824,70.3141],[-147.8836,70.3141],[-147.8836,70.3141],[-147.8838,70.314],[-147.8844,70.3139],[-147.8845,70.3138],[-147.8842,70.3138],[-147.8839,70.3138],[-147.8837,70.3128],[-147.8836,70.3128],[-147.8835,70.3127],[-147.8831,70.3126]]},"properties":{}},{"type":"Feature","geometry":{"type":"LineString","coordinates":[[-147.8718,70.3181],[-147.8723,70.3182],[-147.8728,70.3184],[-147.8732,70.3184],[-147.8738,70.3184],[-147.8739,70.3183],[-147.874,70.3182],[-147.874,70.3181],[-147.8732,70.3178],[-147.8725,70.3176],[-147.8718,70.3175],[-147.8711,70.3174],[-147.8698,70.3171],[-147.8704,70.317],[-147.8696,70.3169],[-147.8689,70.3166],[-147.8685,70.3165],[-147.8683,70.3162],[-147.8677,70.316],[-147.8672,70.3159],[-147.867,70.3158],[-147.8666,70.3155],[-147.8663,70.3152],[-147.8662,70.315],[-147.8662,70.3147],[-147.8664,70.3145],[-147.8668,70.3144],[-147.8671,70.3143],[-147.8673,70.314],[-147.8677,70.3138],[-147.8683,70.3135],[-147.8688,70.3133],[-147.8691,70.3133],[-147.8694,70.3132],[-147.8698,70.3131],[-147.8699,70.313],[-147.8695,70.3129],[-147.869,70.313],[-147.8682,70.3132],[-147.8676,70.3134],[-147.8669,70.3138],[-147.8666,70.3141],[-147.8664,70.3143],[-147.866,70.3146],[-147.8659,70.3147],[-147.8659,70.3149],[-147.8659,70.3152],[-147.8659,70.3152],[-147.866,70.3154],[-147.8661,70.3155],[-147.8665,70.3158],[-147.8671,70.3161],[-147.8674,70.3163],[-147.8678,70.3165],[-147.8684,70.3168],[-147.8686,70.3168],[-147.87,70.3173],[-147.8713,70.3178],[-147.8715,70.318],[-147.8718,70.3181]]},"properties":{}},{"type":"Feature","geometry":{"type":"LineString","coordinates":[[-147.9796,70.4962],[-147.9838,70.4959],[-147.9896,70.4954],[-147.9922,70.4946],[-147.9938,70.4936],[-147.9944,70.4931],[-147.9948,70.4927],[-147.9949,70.4923],[-147.9945,70.492],[-147.9941,70.4918],[-147.9923,70.4924],[-147.9927,70.493],[-147.9926,70.4932],[-147.9922,70.4937],[-147.9913,70.4939],[-147.9904,70.494],[-147.99,70.4937],[-147.9901,70.4934],[-147.9918,70.4918],[-147.9921,70.4912],[-147.9922,70.4909],[-147.992,70.4907],[-147.9917,70.4907],[-147.9903,70.4909],[-147.9876,70.4901],[-147.9862,70.4889],[-147.9849,70.488],[-147.9835,70.4877],[-147.9825,70.4875],[-147.9821,70.4878],[-147.9827,70.4882],[-147.9832,70.4885],[-147.984,70.4888],[-147.9849,70.4895],[-147.985,70.4898],[-147.9845,70.4908],[-147.9833,70.4911],[-147.9822,70.4915],[-147.9801,70.492],[-147.9784,70.493],[-147.9739,70.4936],[-147.9693,70.4941],[-147.9641,70.4929],[-147.9614,70.492],[-147.9577,70.4908],[-147.955,70.4897],[-147.9539,70.4889],[-147.9513,70.4881],[-147.9489,70.4873],[-147.9476,70.4863],[-147.9467,70.4857],[-147.9447,70.4849],[-147.9437,70.4837],[-147.9435,70.4828],[-147.9433,70.4821],[-147.9427,70.4805],[-147.9429,70.4792],[-147.9412,70.4781],[-147.9399,70.4772],[-147.9393,70.4763],[-147.9398,70.4747],[-147.9419,70.4732],[-147.9463,70.4714],[-147.9521,70.469],[-147.9518,70.4683],[-147.9522,70.4668],[-147.9474,70.4681],[-147.9469,70.4698],[-147.9441,70.4702],[-147.9423,70.4712],[-147.9413,70.4721],[-147.94,70.4724],[-147.9388,70.473],[-147.9384,70.4735],[-147.9384,70.4739],[-147.9383,70.4751],[-147.9382,70.4765],[-147.9387,70.477],[-147.9396,70.4778],[-147.9403,70.4784],[-147.9416,70.4792],[-147.942,70.4804],[-147.9417,70.4806],[-147.9407,70.4808],[-147.94,70.4814],[-147.9404,70.4825],[-147.9428,70.4847],[-147.945,70.4862],[-147.9484,70.4878],[-147.9505,70.4887],[-147.952,70.4892],[-147.9528,70.4896],[-147.9538,70.4904],[-147.9555,70.4909],[-147.9575,70.4917],[-147.9609,70.4928],[-147.9653,70.4939],[-147.9678,70.4947],[-147.9708,70.4954],[-147.9747,70.4959],[-147.9796,70.4962]]},"properties":{}},{"type":"Feature","geometry":{"type":"LineString","coordinates":[[-146.5754,70.179],[-146.5764,70.179],[-146.5769,70.1789],[-146.5771,70.1787],[-146.5775,70.1786],[-146.5775,70.1785],[-146.5775,70.1784],[-146.578,70.1785],[-146.5783,70.1784],[-146.5784,70.1782],[-146.5789,70.178],[-146.5789,70.1777],[-146.5795,70.1776],[-146.58,70.1777],[-146.5798,70.178],[-146.5802,70.178],[-146.5806,70.1781],[-146.5813,70.178],[-146.5818,70.178],[-146.5828,70.1778],[-146.5836,70.1776],[-146.5838,70.1775],[-146.5845,70.1774],[-146.5847,70.1779],[-146.5851,70.1781],[-146.5855,70.1783],[-146.586,70.1783],[-146.5868,70.1782],[-146.5873,70.1782],[-146.5874,70.178],[-146.5871,70.1779],[-146.5872,70.1778],[-146.5879,70.1777],[-146.588,70.1779],[-146.5891,70.1779],[-146.5891,70.1782],[-146.5895,70.1783],[-146.59,70.1783],[-146.5909,70.1781],[-146.5918,70.1781],[-146.5922,70.1778],[-146.5929,70.1778],[-146.5936,70.1779],[-146.594,70.1781],[-146.5958,70.1781],[-146.5961,70.1778],[-146.5964,70.1776],[-146.5966,70.1774],[-146.5972,70.1771],[-146.5973,70.1766],[-146.5972,70.1763],[-146.5971,70.1762],[-146.5966,70.1759],[-146.5962,70.1756],[-146.596,70.1754],[-146.5958,70.1753],[-146.5957,70.1751],[-146.5954,70.1749],[-146.5953,70.1746],[-146.596,70.1745],[-146.5963,70.1751],[-146.5968,70.1752],[-146.5969,70.1755],[-146.597,70.1758],[-146.5978,70.1762],[-146.5979,70.1764],[-146.5982,70.1768],[-146.5982,70.1773],[-146.5981,70.1774],[-146.5979,70.1777],[-146.5975,70.1781],[-146.5984,70.1782],[-146.5979,70.1787],[-146.5966,70.1791],[-146.5958,70.1794],[-146.596,70.1796],[-146.5962,70.1797],[-146.5963,70.1799],[-146.5961,70.1799],[-146.5955,70.1799],[-146.5951,70.1798],[-146.5949,70.1798],[-146.5946,70.1797],[-146.5943,70.1797],[-146.5938,70.1797],[-146.5934,70.1797],[-146.5932,70.1798],[-146.593,70.1798],[-146.5927,70.1798],[-146.5924,70.1798],[-146.5921,70.1799],[-146.5916,70.1801],[-146.591,70.1801],[-146.5905,70.1802],[-146.5901,70.1802],[-146.5896,70.1802],[-146.5883,70.1801],[-146.588,70.1801],[-146.5875,70.18],[-146.5868,70.1799],[-146.5862,70.1797],[-146.5859,70.1797],[-146.5853,70.1795],[-146.584,70.1789],[-146.5838,70.1786],[-146.5837,70.1785],[-146.5836,70.1787],[-146.5838,70.1789],[-146.5844,70.1793],[-146.5852,70.1796],[-146.5859,70.1799],[-146.5869,70.1801],[-146.5875,70.1802],[-146.5878,70.1803],[-146.5889,70.1803],[-146.59,70.1804],[-146.5914,70.1801],[-146.5926,70.18],[-146.5937,70.18],[-146.5946,70.18],[-146.5947,70.1801],[-146.5951,70.1802],[-146.5956,70.1802],[-146.5957,70.1802],[-146.596,70.1803],[-146.5964,70.1803],[-146.5971,70.1802],[-146.5975,70.1801],[-146.5979,70.1801],[-146.5981,70.1802],[-146.5985,70.1802],[-146.5991,70.1802],[-146.5996,70.1803],[-146.6002,70.1804],[-146.6007,70.1804],[-146.6012,70.1804],[-146.6027,70.1805],[-146.6036,70.1806],[-146.6037,70.1808],[-146.6038,70.1811],[-146.6041,70.1813],[-146.6048,70.1814],[-146.6047,70.1815],[-146.605,70.1816],[-146.6054,70.1814],[-146.606,70.1814],[-146.6058,70.1813],[-146.6051,70.1813],[-146.6042,70.1811],[-146.604,70.181],[-146.6039,70.1808],[-146.6038,70.1805],[-146.6046,70.1804],[-146.6053,70.1803],[-146.6057,70.1801],[-146.6059,70.1801],[-146.6063,70.1799],[-146.6064,70.1799],[-146.6067,70.1798],[-146.607,70.1797],[-146.6069,70.1794],[-146.607,70.1792],[-146.607,70.179],[-146.6072,70.1789],[-146.6072,70.1787],[-146.6073,70.1785],[-146.608,70.1785],[-146.6082,70.1786],[-146.6083,70.1787],[-146.6085,70.1789],[-146.6097,70.179],[-146.6099,70.1791],[-146.6103,70.1792],[-146.6106,70.1792],[-146.6109,70.1793],[-146.6111,70.1794],[-146.6113,70.1796],[-146.6117,70.1797],[-146.6119,70.1797],[-146.6123,70.1798],[-146.6128,70.1798],[-146.6133,70.1798],[-146.6134,70.1798],[-146.6137,70.1799],[-146.6142,70.1798],[-146.6148,70.1798],[-146.6155,70.1799],[-146.6157,70.1799],[-146.6162,70.18],[-146.6168,70.1802],[-146.6171,70.1804],[-146.6175,70.1805],[-146.6179,70.1806],[-146.6184,70.1808],[-146.619,70.1809],[-146.6192,70.181],[-146.6195,70.1811],[-146.6198,70.1811],[-146.6202,70.1811],[-146.6206,70.1811],[-146.6211,70.1811],[-146.6217,70.1812],[-146.6222,70.1812],[-146.6226,70.1812],[-146.6228,70.1813],[-146.6232,70.1813],[-146.6237,70.1814],[-146.6238,70.1814],[-146.6239,70.1815],[-146.6241,70.1816],[-146.6243,70.1816],[-146.6244,70.1815],[-146.6247,70.1813],[-146.6244,70.1812],[-146.6242,70.1812],[-146.624,70.1811],[-146.6236,70.181],[-146.6231,70.1808],[-146.623,70.1808],[-146.623,70.1806],[-146.623,70.1804],[-146.623,70.1803],[-146.6232,70.1802],[-146.6232,70.1801],[-146.6232,70.18],[-146.6232,70.1798],[-146.6232,70.1797],[-146.6236,70.1796],[-146.6242,70.1795],[-146.6246,70.1794],[-146.6253,70.1794],[-146.6256,70.1794],[-146.6259,70.1794],[-146.6266,70.1794],[-146.6266,70.1792],[-146.6267,70.179],[-146.6272,70.179],[-146.6276,70.1791],[-146.628,70.1791],[-146.6284,70.1791],[-146.6285,70.179],[-146.6287,70.1789],[-146.6288,70.1788],[-146.6288,70.1786],[-146.6289,70.1785],[-146.6291,70.1784],[-146.6298,70.1784],[-146.6302,70.1783],[-146.6304,70.1781],[-146.6304,70.1778],[-146.6298,70.1776],[-146.6296,70.1774],[-146.6297,70.1772],[-146.6297,70.1771],[-146.6298,70.1771],[-146.63,70.1771],[-146.6301,70.1771],[-146.6306,70.1771],[-146.6305,70.1769],[-146.6302,70.1768],[-146.6296,70.1767],[-146.6292,70.1765],[-146.629,70.1764],[-146.629,70.1763],[-146.6293,70.1761],[-146.6298,70.176],[-146.6301,70.1759],[-146.6305,70.1758],[-146.631,70.1756],[-146.6317,70.1756],[-146.6325,70.1756],[-146.6331,70.1756],[-146.6326,70.1758],[-146.6321,70.1761],[-146.6323,70.1764],[-146.6328,70.1765],[-146.6328,70.1766],[-146.6329,70.1768],[-146.6332,70.1769],[-146.6335,70.1769],[-146.634,70.1769],[-146.6343,70.1772],[-146.635,70.1772],[-146.6356,70.1772],[-146.6359,70.1773],[-146.636,70.1776],[-146.6364,70.1777],[-146.6369,70.1777],[-146.6373,70.1777],[-146.6376,70.1777],[-146.6379,70.1778],[-146.6389,70.1777],[-146.6392,70.1777],[-146.6395,70.1776],[-146.6402,70.1777],[-146.6408,70.1777],[-146.6415,70.1776],[-146.6422,70.1776],[-146.6427,70.1775],[-146.643,70.1773],[-146.6431,70.1771],[-146.6433,70.1768],[-146.6436,70.1765],[-146.6439,70.1764],[-146.6444,70.1764],[-146.6447,70.1763],[-146.6453,70.1763],[-146.6461,70.1761],[-146.6462,70.1759],[-146.6462,70.1758],[-146.6465,70.1756],[-146.6467,70.1755],[-146.6469,70.1754],[-146.6474,70.1752],[-146.6478,70.1751],[-146.6485,70.1751],[-146.649,70.1751],[-146.6494,70.175],[-146.6498,70.1749],[-146.6502,70.1748],[-146.6505,70.1748],[-146.6507,70.1748],[-146.6512,70.175],[-146.6518,70.1749],[-146.6522,70.1749],[-146.6533,70.1748],[-146.6537,70.1748],[-146.6543,70.1748],[-146.6545,70.1748],[-146.655,70.1748],[-146.6561,70.1747],[-146.6563,70.1746],[-146.6566,70.1745],[-146.6568,70.1744],[-146.6578,70.1745],[-146.6582,70.1746],[-146.6588,70.1747],[-146.6595,70.1748],[-146.6599,70.1748],[-146.6601,70.1748],[-146.6606,70.1749],[-146.6607,70.1748],[-146.6607,70.1747],[-146.6609,70.1745],[-146.6614,70.1744],[-146.6621,70.1744],[-146.6624,70.1744],[-146.6627,70.1744],[-146.6628,70.1745],[-146.6634,70.1746],[-146.6639,70.1746],[-146.664,70.1745],[-146.6643,70.1745],[-146.6645,70.1746],[-146.6648,70.1746],[-146.6649,70.1746],[-146.665,70.1747],[-146.6648,70.1749],[-146.6648,70.175],[-146.6651,70.175],[-146.6654,70.1751],[-146.6657,70.175],[-146.6659,70.1749],[-146.6662,70.1749],[-146.6662,70.175],[-146.666,70.1751],[-146.6658,70.1752],[-146.6657,70.1753],[-146.6651,70.1754],[-146.6646,70.1755],[-146.6642,70.1755],[-146.6636,70.1756],[-146.6633,70.1756],[-146.6623,70.1756],[-146.6614,70.1756],[-146.6604,70.1756],[-146.6598,70.1756],[-146.6572,70.1757],[-146.6559,70.1757],[-146.6547,70.1758],[-146.6514,70.1762],[-146.6488,70.1766],[-146.646,70.1771],[-146.6435,70.1777],[-146.6432,70.1777],[-146.643,70.1777],[-146.6428,70.1777],[-146.6428,70.1778],[-146.6427,70.1779],[-146.6408,70.1786],[-146.6399,70.179],[-146.6392,70.1793],[-146.6373,70.1802],[-146.636,70.1808],[-146.6349,70.1811],[-146.6336,70.1813],[-146.6329,70.1816],[-146.6328,70.1816],[-146.633,70.1817],[-146.6332,70.1817],[-146.6338,70.1815],[-146.6351,70.1812],[-146.6372,70.1806],[-146.6386,70.1801],[-146.6406,70.1792],[-146.6426,70.1785],[-146.6438,70.1782],[-146.6463,70.1774],[-146.649,70.1769],[-146.6511,70.1766],[-146.6519,70.1764],[-146.6538,70.1762],[-146.6558,70.176],[-146.6571,70.176],[-146.6579,70.1759],[-146.6591,70.1759],[-146.6611,70.1758],[-146.6618,70.1758],[-146.6627,70.1758],[-146.6638,70.1758],[-146.6647,70.1758],[-146.6665,70.1756],[-146.668,70.1756],[-146.6704,70.1755],[-146.6742,70.1754],[-146.6779,70.1753],[-146.6806,70.1751],[-146.6832,70.1749],[-146.6854,70.1748],[-146.6888,70.1746],[-146.6914,70.1744],[-146.6946,70.1743],[-146.7006,70.1744],[-146.7034,70.1743],[-146.7072,70.1741],[-146.7087,70.1741],[-146.7108,70.1741],[-146.7114,70.1742],[-146.7128,70.1743],[-146.7148,70.1744],[-146.7172,70.1744],[-146.7206,70.1745],[-146.724,70.1745],[-146.7267,70.1746],[-146.7297,70.1747],[-146.7325,70.175],[-146.7367,70.1755],[-146.7427,70.1762],[-146.7478,70.1768],[-146.7514,70.1773],[-146.7522,70.1774],[-146.7536,70.1776],[-146.7586,70.1783],[-146.7627,70.1788],[-146.7638,70.1788],[-146.7653,70.179],[-146.7663,70.179],[-146.7679,70.1789],[-146.7691,70.1788],[-146.77,70.1787],[-146.7705,70.1786],[-146.7707,70.1785],[-146.7704,70.1783],[-146.77,70.1784],[-146.7699,70.1785],[-146.7697,70.1785],[-146.7694,70.1785],[-146.7687,70.1786],[-146.7675,70.1787],[-146.7667,70.1786],[-146.7662,70.1786],[-146.7657,70.1787],[-146.7648,70.1786],[-146.7639,70.1786],[-146.7629,70.1784],[-146.7616,70.1783],[-146.7613,70.1781],[-146.7615,70.178],[-146.762,70.1779],[-146.7625,70.1775],[-146.7628,70.1772],[-146.7632,70.177],[-146.7633,70.1767],[-146.7633,70.1765],[-146.7639,70.1755],[-146.7637,70.1753],[-146.7636,70.175],[-146.7639,70.1747],[-146.7647,70.1745],[-146.7648,70.1744],[-146.7646,70.1739],[-146.7647,70.1736],[-146.7647,70.1731],[-146.7649,70.1729],[-146.7653,70.1726],[-146.7658,70.172],[-146.7662,70.1717],[-146.7667,70.1715],[-146.7668,70.1713],[-146.7668,70.1709],[-146.7669,70.1704],[-146.7666,70.1702],[-146.7663,70.1698],[-146.7659,70.1694],[-146.7656,70.1691],[-146.7653,70.1688],[-146.7651,70.1686],[-146.7651,70.1683],[-146.7648,70.1681],[-146.7643,70.1676],[-146.7641,70.1673],[-146.7641,70.1671],[-146.764,70.1669],[-146.764,70.1666],[-146.7646,70.1664],[-146.7655,70.1663],[-146.7663,70.1664],[-146.7668,70.1665],[-146.7671,70.1665],[-146.7679,70.1665],[-146.7685,70.1665],[-146.769,70.1664],[-146.7691,70.1663],[-146.7691,70.1661],[-146.769,70.166],[-146.7691,70.1658],[-146.7694,70.166],[-146.7696,70.1662],[-146.7698,70.1664],[-146.7698,70.1666],[-146.7697,70.1668],[-146.7691,70.1669],[-146.7682,70.1669],[-146.7673,70.1669],[-146.7664,70.1667],[-146.7654,70.1667],[-146.7653,70.167],[-146.7656,70.1673],[-146.7663,70.1679],[-146.7664,70.168],[-146.767,70.1682],[-146.7679,70.1685],[-146.7689,70.1689],[-146.7704,70.1692],[-146.7711,70.1694],[-146.7714,70.1697],[-146.7716,70.1699],[-146.7722,70.17],[-146.7727,70.1701],[-146.7737,70.1704],[-146.7744,70.1705],[-146.775,70.1707],[-146.7753,70.171],[-146.7759,70.1712],[-146.7768,70.1713],[-146.7782,70.1716],[-146.7786,70.1718],[-146.779,70.172],[-146.7793,70.1722],[-146.7798,70.1726],[-146.7805,70.173],[-146.7812,70.1736],[-146.7817,70.1742],[-146.782,70.1745],[-146.7822,70.1748],[-146.7824,70.175],[-146.7826,70.1751],[-146.783,70.1753],[-146.7835,70.1757],[-146.7835,70.1759],[-146.7837,70.1762],[-146.784,70.1765],[-146.7841,70.1768],[-146.7842,70.177],[-146.7844,70.1775],[-146.7844,70.1778],[-146.7844,70.178],[-146.7843,70.1782],[-146.7841,70.1782],[-146.7818,70.1784],[-146.7811,70.1785],[-146.7809,70.1787],[-146.7804,70.1787],[-146.7795,70.1787],[-146.779,70.1787],[-146.7785,70.1787],[-146.7778,70.1786],[-146.7776,70.1785],[-146.7773,70.1785],[-146.777,70.1784],[-146.7769,70.1784],[-146.7768,70.1784],[-146.777,70.1785],[-146.7771,70.1786],[-146.7778,70.1787],[-146.778,70.1787],[-146.7783,70.1787],[-146.7789,70.1788],[-146.7794,70.1789],[-146.7799,70.1789],[-146.7806,70.179],[-146.7843,70.1786],[-146.7866,70.1784],[-146.789,70.1782],[-146.7901,70.1782],[-146.7931,70.178],[-146.7962,70.1778],[-146.8001,70.1777],[-146.8028,70.1775],[-146.8067,70.1774],[-146.8105,70.1773],[-146.8139,70.1774],[-146.8178,70.1775],[-146.8214,70.1776],[-146.8233,70.1778],[-146.8301,70.1783],[-146.8376,70.1791],[-146.8426,70.1799],[-146.8457,70.1805],[-146.8491,70.1809],[-146.8514,70.1811],[-146.8543,70.1812],[-146.8564,70.1813],[-146.8601,70.1813],[-146.8616,70.1815],[-146.8621,70.1813],[-146.863,70.1811],[-146.8637,70.1809],[-146.864,70.1808],[-146.8642,70.1806],[-146.8642,70.1804],[-146.8642,70.1803],[-146.8632,70.1805],[-146.8627,70.1805],[-146.8622,70.1805],[-146.8614,70.1804],[-146.8611,70.1804],[-146.8613,70.1804],[-146.8619,70.1805],[-146.8621,70.1806],[-146.8621,70.1807],[-146.8622,70.1808],[-146.8618,70.181],[-146.8614,70.181],[-146.8606,70.181],[-146.8598,70.181],[-146.8586,70.181],[-146.8569,70.181],[-146.8548,70.181],[-146.854,70.1809],[-146.8538,70.1808],[-146.8535,70.1804],[-146.8538,70.1798],[-146.8544,70.1789],[-146.8565,70.1771],[-146.8592,70.1756],[-146.8614,70.1743],[-146.8632,70.1737],[-146.8651,70.1732],[-146.8672,70.1729],[-146.8678,70.1728],[-146.8681,70.1727],[-146.8693,70.1727],[-146.8684,70.1723],[-146.8685,70.1719],[-146.8678,70.1715],[-146.8658,70.1711],[-146.865,70.1712],[-146.8648,70.1712],[-146.8645,70.1713],[-146.8635,70.1715],[-146.8627,70.1716],[-146.8615,70.1715],[-146.861,70.1715],[-146.8604,70.1714],[-146.859,70.1707],[-146.8585,70.1702],[-146.8583,70.1693],[-146.858,70.1686],[-146.8575,70.1684],[-146.8573,70.1682],[-146.8573,70.1681],[-146.8572,70.1679],[-146.8572,70.1676],[-146.8574,70.1676],[-146.8577,70.1678],[-146.8586,70.1681],[-146.8601,70.1681],[-146.8607,70.1682],[-146.862,70.1684],[-146.8631,70.1683],[-146.8645,70.1682],[-146.8654,70.168],[-146.8657,70.1676],[-146.8653,70.1675],[-146.8648,70.1674],[-146.8643,70.1673],[-146.8643,70.1671],[-146.8648,70.1669],[-146.8653,70.1669],[-146.8657,70.1669],[-146.8664,70.1669],[-146.8665,70.1668],[-146.867,70.1667],[-146.8673,70.1667],[-146.8682,70.1668],[-146.8694,70.167],[-146.8699,70.1674],[-146.8701,70.1678],[-146.8711,70.168],[-146.8724,70.1679],[-146.8735,70.168],[-146.8738,70.1682],[-146.8745,70.1685],[-146.8752,70.1685],[-146.8755,70.1685],[-146.8758,70.1684],[-146.8765,70.1684],[-146.8768,70.1684],[-146.8772,70.1685],[-146.8772,70.1685],[-146.8771,70.1687],[-146.8772,70.1689],[-146.8772,70.169],[-146.8773,70.1691],[-146.8772,70.1692],[-146.8773,70.1692],[-146.8776,70.1693],[-146.8779,70.1692],[-146.8776,70.169],[-146.8777,70.1687],[-146.8778,70.1687],[-146.8777,70.1685],[-146.8776,70.1683],[-146.8772,70.1682],[-146.8772,70.1681],[-146.877,70.1679],[-146.8767,70.1678],[-146.8765,70.1676],[-146.8763,70.1675],[-146.876,70.1673],[-146.8759,70.1672],[-146.8756,70.167],[-146.875,70.1669],[-146.8744,70.1666],[-146.8743,70.1664],[-146.874,70.1662],[-146.8736,70.1659],[-146.8736,70.1656],[-146.8736,70.1655],[-146.8733,70.1652],[-146.873,70.1651],[-146.8728,70.1649],[-146.8727,70.1648],[-146.8725,70.1646],[-146.8724,70.1644],[-146.8723,70.164],[-146.8738,70.164],[-146.8743,70.1642],[-146.8752,70.1643],[-146.8759,70.1646],[-146.8764,70.1648],[-146.8778,70.1652],[-146.8789,70.1653],[-146.8796,70.1652],[-146.8808,70.1651],[-146.8819,70.165],[-146.8823,70.165],[-146.883,70.1653],[-146.8841,70.1654],[-146.8865,70.1655],[-146.8879,70.1656],[-146.8886,70.1657],[-146.8893,70.1658],[-146.8899,70.1658],[-146.8914,70.166],[-146.892,70.166],[-146.8927,70.1661],[-146.8932,70.1664],[-146.8936,70.1665],[-146.8943,70.1671],[-146.8945,70.1674],[-146.8945,70.1676],[-146.8953,70.1683],[-146.8955,70.1686],[-146.8957,70.1694],[-146.8958,70.1696],[-146.8958,70.1699],[-146.8955,70.1699],[-146.8949,70.1699],[-146.8945,70.1698],[-146.8943,70.1698],[-146.894,70.1699],[-146.8927,70.17],[-146.8919,70.1704],[-146.8915,70.1707],[-146.8916,70.1708],[-146.8922,70.1707],[-146.8926,70.1705],[-146.8934,70.1703],[-146.8944,70.1702],[-146.8953,70.1701],[-146.8969,70.17],[-146.8983,70.17],[-146.8998,70.17],[-146.9009,70.1698],[-146.9015,70.1696],[-146.9019,70.1695],[-146.903,70.1693],[-146.9046,70.1689],[-146.9056,70.1687],[-146.9069,70.1684],[-146.9083,70.1683],[-146.9112,70.168],[-146.9133,70.1678],[-146.9152,70.1677],[-146.916,70.1675],[-146.9166,70.1674],[-146.9171,70.1673],[-146.9171,70.1672],[-146.9171,70.167],[-146.9177,70.1665],[-146.9189,70.166],[-146.9212,70.1652],[-146.9227,70.1648],[-146.9248,70.1641],[-146.9265,70.1636],[-146.9281,70.1631],[-146.9305,70.1623],[-146.9331,70.1616],[-146.9349,70.1611],[-146.9366,70.1606],[-146.9376,70.1603],[-146.9402,70.1595],[-146.9431,70.1585],[-146.9446,70.158],[-146.947,70.1569],[-146.9502,70.1559],[-146.9521,70.1553],[-146.9554,70.1546],[-146.9558,70.1545],[-146.9581,70.1538],[-146.9603,70.1531],[-146.9651,70.1521],[-146.9677,70.1515],[-146.9687,70.1512],[-146.9719,70.1507],[-146.9728,70.1507],[-146.9737,70.1505],[-146.9741,70.1505],[-146.9766,70.1503],[-146.9799,70.1502],[-146.9818,70.1502],[-146.9829,70.1502],[-146.9837,70.1499],[-146.9853,70.1498],[-146.9887,70.1503],[-146.9892,70.1503],[-146.9891,70.15],[-146.9902,70.15],[-146.9906,70.1502],[-146.9919,70.1504],[-146.9928,70.1501],[-146.9935,70.1495],[-146.9941,70.1492],[-146.9963,70.1491],[-146.9979,70.1489],[-146.9989,70.1492],[-147.0008,70.1495],[-147.0019,70.1499],[-147.0033,70.1505],[-147.005,70.151],[-147.0073,70.1515],[-147.0079,70.152],[-147.0101,70.1528],[-147.0104,70.1533],[-147.0108,70.1538],[-147.0115,70.1541],[-147.0128,70.1541],[-147.0138,70.1538],[-147.0148,70.1536],[-147.016,70.1534],[-147.017,70.1534],[-147.0196,70.1533],[-147.0223,70.1535],[-147.0247,70.1538],[-147.0269,70.1542],[-147.0271,70.1553],[-147.0272,70.1557],[-147.027,70.1559],[-147.0267,70.1562],[-147.0272,70.1565],[-147.0282,70.1565],[-147.0282,70.156],[-147.0279,70.1558],[-147.0281,70.1544],[-147.0286,70.1538],[-147.0292,70.1535],[-147.0304,70.1533],[-147.0346,70.1527],[-147.0372,70.1526],[-147.0401,70.1526],[-147.042,70.1527],[-147.0453,70.1529],[-147.0473,70.1531],[-147.0506,70.1536],[-147.0515,70.1537],[-147.0522,70.1535],[-147.0543,70.1531],[-147.0554,70.153],[-147.0563,70.153],[-147.0582,70.1531],[-147.0593,70.1529],[-147.0596,70.1528],[-147.0598,70.1526],[-147.0599,70.1524],[-147.0598,70.1523],[-147.0597,70.1523],[-147.0593,70.1523],[-147.0591,70.1524],[-147.0589,70.1524],[-147.0584,70.1525],[-147.0581,70.1526],[-147.0578,70.1527],[-147.0573,70.1528],[-147.0557,70.1528],[-147.0549,70.1527],[-147.0544,70.1524],[-147.0539,70.1521],[-147.0536,70.1519],[-147.0527,70.1509],[-147.0522,70.15],[-147.0526,70.1497],[-147.0532,70.1496],[-147.0542,70.1496],[-147.0544,70.1495],[-147.0548,70.1492],[-147.0546,70.149],[-147.0546,70.1486],[-147.0551,70.1482],[-147.0551,70.1478],[-147.055,70.1473],[-147.0533,70.1465],[-147.0525,70.1462],[-147.052,70.1461],[-147.0513,70.1457],[-147.0503,70.1455],[-147.0493,70.1451],[-147.0488,70.1449],[-147.0482,70.1441],[-147.0479,70.1435],[-147.0478,70.1431],[-147.048,70.1428],[-147.0483,70.1427],[-147.0488,70.1425],[-147.0498,70.142],[-147.0506,70.1418],[-147.0507,70.1415],[-147.0513,70.1415],[-147.0518,70.1415],[-147.0525,70.1415],[-147.0535,70.1415],[-147.0543,70.1415],[-147.0548,70.1414],[-147.0561,70.1418],[-147.0551,70.1421],[-147.0542,70.1423],[-147.0523,70.143],[-147.0519,70.1434],[-147.0517,70.1439],[-147.0523,70.1444],[-147.0525,70.1446],[-147.053,70.1449],[-147.0535,70.1451],[-147.0546,70.1453],[-147.055,70.1454],[-147.0553,70.1453],[-147.056,70.1454],[-147.0568,70.1456],[-147.0573,70.1459],[-147.0582,70.146],[-147.0596,70.1459],[-147.0608,70.146],[-147.0617,70.1462],[-147.0625,70.1463],[-147.0633,70.1468],[-147.0641,70.1473],[-147.0643,70.1476],[-147.0643,70.1479],[-147.0645,70.1482],[-147.0649,70.1486],[-147.0655,70.1488],[-147.0665,70.149],[-147.0671,70.1493],[-147.0692,70.15],[-147.0697,70.1502],[-147.0703,70.1503],[-147.071,70.1503],[-147.0723,70.1503],[-147.0736,70.1505],[-147.0759,70.1509],[-147.0776,70.1514],[-147.0792,70.1519],[-147.0806,70.1525],[-147.0816,70.1529],[-147.0829,70.1531],[-147.0842,70.1533],[-147.0857,70.1534],[-147.0865,70.1534],[-147.0872,70.1533],[-147.0887,70.1532],[-147.0905,70.1532],[-147.092,70.1532],[-147.0931,70.1532],[-147.0955,70.1535],[-147.0966,70.1536],[-147.0983,70.1537],[-147.1,70.1537],[-147.1008,70.1537],[-147.1015,70.1537],[-147.1024,70.1537],[-147.1039,70.1538],[-147.1052,70.1539],[-147.1068,70.1542],[-147.109,70.1546],[-147.1102,70.1548],[-147.1109,70.1549],[-147.1123,70.1549],[-147.1139,70.155],[-147.1152,70.1552],[-147.1176,70.1557],[-147.1204,70.1563],[-147.1228,70.157],[-147.1248,70.1573],[-147.1256,70.1574],[-147.1264,70.1575],[-147.1269,70.1575],[-147.1284,70.1576],[-147.1289,70.1577],[-147.1292,70.1577],[-147.1304,70.158],[-147.1317,70.1581],[-147.1329,70.158],[-147.1337,70.1579],[-147.1342,70.158],[-147.1347,70.1579],[-147.1361,70.1576],[-147.137,70.1573],[-147.1377,70.1572],[-147.1386,70.157],[-147.1413,70.1566],[-147.1426,70.1565],[-147.1437,70.1563],[-147.1442,70.1562],[-147.1453,70.156],[-147.1465,70.1558],[-147.1481,70.1558],[-147.1491,70.1557],[-147.1498,70.1557],[-147.1517,70.1557],[-147.1529,70.1558],[-147.1542,70.156],[-147.1554,70.1562],[-147.1572,70.1565],[-147.1579,70.1566],[-147.1583,70.1566],[-147.1583,70.1566],[-147.159,70.1567],[-147.1598,70.1566],[-147.1601,70.1566],[-147.1606,70.1566],[-147.1612,70.1566],[-147.1615,70.1566],[-147.1619,70.1567],[-147.1625,70.1567],[-147.1634,70.1568],[-147.1652,70.1573],[-147.1665,70.1572],[-147.1676,70.1569],[-147.1675,70.1566],[-147.1669,70.1568],[-147.1653,70.1569],[-147.1639,70.1568],[-147.1633,70.1567],[-147.1627,70.1566],[-147.1619,70.1565],[-147.1615,70.1565],[-147.161,70.1564],[-147.1606,70.1564],[-147.1595,70.1566],[-147.1593,70.1565],[-147.1591,70.1564],[-147.1593,70.1561],[-147.1595,70.156],[-147.1598,70.1559],[-147.1607,70.1557],[-147.1618,70.1555],[-147.1624,70.1554],[-147.1628,70.1553],[-147.1631,70.1552],[-147.1634,70.155],[-147.1638,70.1547],[-147.165,70.1544],[-147.1659,70.154],[-147.1669,70.1538],[-147.1675,70.1535],[-147.1678,70.1534],[-147.1679,70.1533],[-147.168,70.1532],[-147.1683,70.153],[-147.1683,70.1528],[-147.1684,70.1527],[-147.1685,70.1525],[-147.1684,70.1524],[-147.1684,70.1524],[-147.1684,70.1522],[-147.1685,70.1521],[-147.1685,70.1522],[-147.1686,70.1523],[-147.1686,70.1525],[-147.1687,70.1526],[-147.1688,70.1529],[-147.1688,70.153],[-147.1688,70.1533],[-147.1688,70.1534],[-147.1694,70.1534],[-147.1701,70.1533],[-147.1712,70.1529],[-147.172,70.1527],[-147.1733,70.1525],[-147.1749,70.1524],[-147.1767,70.1524],[-147.1792,70.1524],[-147.1808,70.1526],[-147.1821,70.1528],[-147.1832,70.1531],[-147.1838,70.1535],[-147.1839,70.1537],[-147.1831,70.154],[-147.1825,70.1544],[-147.1825,70.1547],[-147.1823,70.1549],[-147.1828,70.1552],[-147.1832,70.1553],[-147.1834,70.1552],[-147.1836,70.155],[-147.1838,70.1547],[-147.1842,70.1545],[-147.1857,70.1547],[-147.1857,70.1548],[-147.1856,70.155],[-147.1853,70.1552],[-147.185,70.1556],[-147.1852,70.1561],[-147.1854,70.1562],[-147.1858,70.1565],[-147.1861,70.1569],[-147.1862,70.1573],[-147.1862,70.1575],[-147.1862,70.1577],[-147.186,70.1582],[-147.1861,70.1586],[-147.1863,70.159],[-147.187,70.1599],[-147.1883,70.1602],[-147.1891,70.1604],[-147.19,70.1606],[-147.1906,70.1608],[-147.191,70.1609],[-147.191,70.1611],[-147.191,70.1612],[-147.1911,70.1615],[-147.1909,70.1616],[-147.1909,70.1617],[-147.1911,70.1618],[-147.1922,70.1621],[-147.1931,70.1623],[-147.1939,70.1625],[-147.1946,70.1627],[-147.195,70.1629],[-147.1952,70.1631],[-147.1954,70.1632],[-147.196,70.1633],[-147.1965,70.1637],[-147.1973,70.164],[-147.1977,70.1643],[-147.1983,70.1646],[-147.1991,70.1654],[-147.1996,70.166],[-147.2001,70.1665],[-147.2002,70.1668],[-147.2004,70.1669],[-147.2009,70.1671],[-147.201,70.1672],[-147.2015,70.1675],[-147.2019,70.1677],[-147.2024,70.168],[-147.2026,70.1681],[-147.2031,70.1682],[-147.2039,70.1682],[-147.2046,70.1683],[-147.2048,70.1684],[-147.2051,70.1685],[-147.206,70.1687],[-147.2064,70.1688],[-147.2068,70.1688],[-147.2075,70.1691],[-147.2083,70.1693],[-147.2083,70.1695],[-147.2085,70.1696],[-147.2088,70.1698],[-147.2094,70.17],[-147.2098,70.1702],[-147.2102,70.1706],[-147.2108,70.171],[-147.2112,70.1715],[-147.2119,70.1723],[-147.2122,70.1726],[-147.2123,70.1727],[-147.2122,70.1729],[-147.2123,70.1731],[-147.2127,70.1734],[-147.2129,70.1736],[-147.2133,70.1738],[-147.2134,70.1739],[-147.2139,70.1742],[-147.214,70.1744],[-147.2141,70.1747],[-147.2143,70.1749],[-147.2144,70.175],[-147.2149,70.1753],[-147.2152,70.1756],[-147.2157,70.1759],[-147.2162,70.1762],[-147.2167,70.1763],[-147.217,70.1766],[-147.2171,70.1766],[-147.2178,70.1768],[-147.2181,70.177],[-147.2184,70.1772],[-147.2191,70.1773],[-147.2195,70.1774],[-147.2197,70.1771],[-147.2198,70.1768],[-147.2201,70.1765],[-147.2202,70.1764],[-147.2201,70.1761],[-147.2199,70.1759],[-147.2199,70.1757],[-147.2198,70.1753],[-147.2197,70.175],[-147.2194,70.1747],[-147.2193,70.1746],[-147.2195,70.1744],[-147.2196,70.1743],[-147.2193,70.174],[-147.2188,70.1738],[-147.2187,70.1736],[-147.2181,70.1733],[-147.2197,70.173],[-147.2202,70.1728],[-147.2206,70.1725],[-147.2212,70.1723],[-147.2208,70.1721],[-147.2208,70.1719],[-147.2206,70.1716],[-147.2202,70.1711],[-147.2206,70.171],[-147.2211,70.171],[-147.2216,70.171],[-147.222,70.171],[-147.2225,70.1707],[-147.2225,70.1704],[-147.2225,70.1702],[-147.2229,70.17],[-147.2234,70.1699],[-147.2236,70.1696],[-147.2231,70.1694],[-147.2227,70.1693],[-147.2225,70.169],[-147.222,70.1688],[-147.2212,70.1685],[-147.2205,70.1682],[-147.2204,70.1679],[-147.2198,70.1676],[-147.2198,70.1674],[-147.219,70.1671],[-147.2186,70.167],[-147.2174,70.1669],[-147.2165,70.1669],[-147.2159,70.1668],[-147.2161,70.1666],[-147.2166,70.1664],[-147.2173,70.1662],[-147.2179,70.1661],[-147.2184,70.166],[-147.2188,70.166],[-147.2195,70.166],[-147.2199,70.1662],[-147.2203,70.1662],[-147.2205,70.166],[-147.2205,70.1657],[-147.221,70.1651],[-147.2215,70.1649],[-147.2225,70.1646],[-147.223,70.1645],[-147.2238,70.1643],[-147.2247,70.1643],[-147.2255,70.1641],[-147.226,70.1641],[-147.2267,70.1642],[-147.2271,70.1642],[-147.2277,70.1642],[-147.2283,70.1641],[-147.2288,70.1639],[-147.2292,70.1637],[-147.2297,70.1633],[-147.2302,70.1631],[-147.2302,70.163],[-147.2306,70.1627],[-147.2298,70.1622],[-147.2301,70.162],[-147.2302,70.1619],[-147.231,70.1618],[-147.2324,70.1616],[-147.2326,70.1617],[-147.2325,70.1619],[-147.2326,70.162],[-147.233,70.1621],[-147.2334,70.1622],[-147.2338,70.162],[-147.2341,70.1619],[-147.2348,70.1616],[-147.2353,70.1615],[-147.2359,70.1614],[-147.2365,70.1613],[-147.2368,70.1611],[-147.237,70.161],[-147.2372,70.1609],[-147.2372,70.161],[-147.2373,70.1611],[-147.2376,70.1612],[-147.2375,70.1614],[-147.2368,70.1616],[-147.2364,70.1616],[-147.236,70.1617],[-147.2353,70.1619],[-147.2352,70.1621],[-147.2353,70.1623],[-147.2357,70.1623],[-147.2358,70.1624],[-147.2358,70.1625],[-147.2355,70.1625],[-147.2352,70.1626],[-147.2345,70.1627],[-147.2341,70.1627],[-147.2339,70.1628],[-147.2336,70.1629],[-147.2334,70.163],[-147.2331,70.1631],[-147.2326,70.1632],[-147.2325,70.1633],[-147.2324,70.1634],[-147.2321,70.1635],[-147.2317,70.1636],[-147.2314,70.1637],[-147.2314,70.1638],[-147.2313,70.1639],[-147.2314,70.164],[-147.2313,70.1641],[-147.2311,70.1643],[-147.231,70.1644],[-147.2312,70.1646],[-147.2311,70.1648],[-147.231,70.1649],[-147.2307,70.165],[-147.2307,70.165],[-147.2304,70.1652],[-147.2299,70.1653],[-147.2296,70.1654],[-147.2294,70.1655],[-147.2293,70.1655],[-147.2288,70.1656],[-147.2287,70.1658],[-147.2286,70.1659],[-147.2286,70.1661],[-147.2289,70.1662],[-147.2291,70.1663],[-147.2291,70.1665],[-147.2296,70.1666],[-147.2297,70.1667],[-147.2301,70.1668],[-147.2303,70.1668],[-147.2306,70.167],[-147.2311,70.1672],[-147.2313,70.1673],[-147.2316,70.1675],[-147.2318,70.1677],[-147.232,70.1678],[-147.232,70.1679],[-147.2322,70.1681],[-147.2323,70.1682],[-147.2324,70.1683],[-147.2326,70.1685],[-147.2328,70.1686],[-147.2329,70.1688],[-147.233,70.1689],[-147.233,70.1689],[-147.233,70.169],[-147.2332,70.1691],[-147.2332,70.1692],[-147.2334,70.1693],[-147.2337,70.1696],[-147.2338,70.1697],[-147.2339,70.1698],[-147.2342,70.17],[-147.2345,70.1703],[-147.2346,70.1705],[-147.2343,70.1705],[-147.2339,70.1706],[-147.2338,70.1706],[-147.2337,70.1708],[-147.2341,70.1709],[-147.2342,70.1711],[-147.234,70.1712],[-147.2344,70.1714],[-147.2344,70.1715],[-147.2343,70.1716],[-147.2339,70.1716],[-147.2334,70.1714],[-147.2332,70.1713],[-147.2329,70.1713],[-147.2327,70.1713],[-147.2325,70.1714],[-147.2322,70.1717],[-147.2323,70.1717],[-147.2324,70.1719],[-147.2324,70.172],[-147.2327,70.1723],[-147.2325,70.1724],[-147.2326,70.1725],[-147.2324,70.1725],[-147.2323,70.1726],[-147.2323,70.1727],[-147.2324,70.1728],[-147.2322,70.1729],[-147.2321,70.1729],[-147.2322,70.173],[-147.2322,70.1731],[-147.2321,70.1732],[-147.2321,70.1734],[-147.2322,70.1735],[-147.2321,70.1736],[-147.232,70.1736],[-147.2321,70.1738],[-147.2324,70.1742],[-147.2325,70.1745],[-147.2326,70.1746],[-147.2328,70.1747],[-147.2329,70.1749],[-147.2332,70.175],[-147.2336,70.1751],[-147.2339,70.1751],[-147.2341,70.1752],[-147.2341,70.1753],[-147.2343,70.1753],[-147.2347,70.1754],[-147.235,70.1755],[-147.2352,70.1755],[-147.2354,70.1757],[-147.2355,70.1758],[-147.2358,70.176],[-147.236,70.1761],[-147.236,70.1762],[-147.236,70.1763],[-147.2361,70.1765],[-147.2362,70.1766],[-147.2364,70.1767],[-147.2367,70.1767],[-147.2369,70.1767],[-147.2372,70.1768],[-147.2373,70.177],[-147.2373,70.1771],[-147.2373,70.1772],[-147.2371,70.1773],[-147.237,70.1774],[-147.237,70.1775],[-147.237,70.1776],[-147.2369,70.1777],[-147.2368,70.1778],[-147.2367,70.1779],[-147.2367,70.1779],[-147.2368,70.178],[-147.2371,70.1778],[-147.2374,70.1778],[-147.2378,70.1778],[-147.238,70.1779],[-147.2382,70.178],[-147.2383,70.1781],[-147.2383,70.1783],[-147.238,70.1784],[-147.2381,70.1785],[-147.2383,70.1786],[-147.2384,70.1787],[-147.2385,70.1788],[-147.2384,70.1789],[-147.2384,70.179],[-147.2386,70.1792],[-147.2387,70.1793],[-147.2386,70.1793],[-147.2386,70.1794],[-147.2387,70.1795],[-147.239,70.1796],[-147.2393,70.1798],[-147.2395,70.1799],[-147.2395,70.18],[-147.2395,70.1801],[-147.2396,70.1801],[-147.2397,70.1802],[-147.2397,70.1803],[-147.2402,70.1803],[-147.2408,70.1803],[-147.241,70.1802],[-147.2416,70.18]]},"properties":{}},{"type":"Feature","geometry":{"type":"LineString","coordinates":[[-147.5391,70.2043],[-147.5412,70.2045],[-147.5429,70.2046],[-147.5436,70.2047],[-147.5457,70.2047],[-147.5465,70.2048],[-147.5474,70.2048],[-147.5488,70.205],[-147.5499,70.2051],[-147.5528,70.2053],[-147.5535,70.2054],[-147.5552,70.2055],[-147.556,70.2056],[-147.5575,70.2057],[-147.5582,70.2057],[-147.559,70.2057],[-147.56,70.2056],[-147.5608,70.2056],[-147.5611,70.2054],[-147.5601,70.2054],[-147.5597,70.2054],[-147.5594,70.2053],[-147.559,70.2051],[-147.5583,70.2052],[-147.5579,70.2053],[-147.5576,70.2054],[-147.5568,70.2055],[-147.5562,70.2055],[-147.5551,70.2054],[-147.5543,70.2053],[-147.5531,70.2052],[-147.5517,70.205],[-147.5494,70.2048],[-147.5487,70.2048],[-147.5482,70.2047],[-147.5476,70.2046],[-147.5471,70.2045],[-147.5467,70.2044],[-147.5468,70.2041],[-147.5464,70.2041],[-147.5455,70.2043],[-147.5446,70.2044],[-147.5436,70.2045],[-147.542,70.2044],[-147.5406,70.2043],[-147.5397,70.2042],[-147.539,70.2041],[-147.5382,70.204],[-147.5379,70.204],[-147.5374,70.204],[-147.5373,70.204],[-147.5382,70.2042],[-147.5391,70.2043]]},"properties":{}},{"type":"Feature","geometry":{"type":"LineString","coordinates":[[-147.2703,70.1913],[-147.2666,70.1908],[-147.2629,70.1909],[-147.2586,70.1916],[-147.2552,70.1924],[-147.2532,70.1936],[-147.2518,70.1952],[-147.2519,70.1969],[-147.2539,70.1978],[-147.2571,70.199],[-147.2592,70.2005],[-147.2613,70.2019],[-147.2629,70.2024],[-147.2696,70.2024],[-147.2732,70.2022],[-147.2744,70.2015],[-147.2742,70.199],[-147.2752,70.1977],[-147.2789,70.1964],[-147.2825,70.1952],[-147.2846,70.194],[-147.2852,70.1928],[-147.2835,70.1921],[-147.2806,70.192],[-147.2779,70.192],[-147.2757,70.1922],[-147.2753,70.1925],[-147.2762,70.1937],[-147.275,70.1946],[-147.2728,70.195],[-147.271,70.195],[-147.2702,70.1946],[-147.2699,70.1943],[-147.2708,70.1933],[-147.2717,70.1928],[-147.2722,70.1923],[-147.2721,70.1919],[-147.2718,70.1917],[-147.2703,70.1913]]},"properties":{}},{"type":"Feature","geometry":{"type":"LineString","coordinates":[[-147.1827,70.2199],[-147.1815,70.2195],[-147.1808,70.2192],[-147.1798,70.2188],[-147.1793,70.2184],[-147.179,70.218],[-147.1787,70.2178],[-147.1787,70.2177],[-147.1787,70.2175],[-147.1784,70.2171],[-147.1776,70.2159],[-147.1776,70.2157],[-147.1772,70.2152],[-147.177,70.215],[-147.1766,70.2144],[-147.1759,70.2133],[-147.1755,70.2126],[-147.1748,70.2109],[-147.1744,70.2098],[-147.1742,70.2088],[-147.1743,70.2087],[-147.1743,70.2086],[-147.1744,70.2082],[-147.1745,70.2081],[-147.1747,70.208],[-147.1753,70.2077],[-147.1758,70.2075],[-147.1771,70.2071],[-147.1777,70.2071],[-147.178,70.207],[-147.1782,70.207],[-147.1785,70.2069],[-147.1792,70.2067],[-147.1797,70.2067],[-147.1801,70.2067],[-147.1803,70.2066],[-147.1808,70.2065],[-147.181,70.2065],[-147.1815,70.2065],[-147.1818,70.2065],[-147.182,70.2065],[-147.1821,70.2064],[-147.1818,70.2063],[-147.1815,70.2063],[-147.1807,70.2063],[-147.1802,70.2064],[-147.1798,70.2064],[-147.1793,70.2065],[-147.1788,70.2065],[-147.1785,70.2065],[-147.1782,70.2065],[-147.1774,70.2064],[-147.1771,70.2064],[-147.1768,70.2063],[-147.1764,70.2063],[-147.1759,70.2066],[-147.1757,70.2067],[-147.1752,70.2068],[-147.1748,70.2069],[-147.1742,70.2069],[-147.1739,70.2071],[-147.1738,70.2072],[-147.1737,70.2075],[-147.1736,70.2079],[-147.1736,70.2087],[-147.1735,70.209],[-147.1736,70.2094],[-147.1736,70.2098],[-147.1737,70.2102],[-147.1738,70.2109],[-147.1743,70.2118],[-147.1746,70.2125],[-147.1752,70.2135],[-147.1757,70.2142],[-147.1766,70.2156],[-147.1775,70.2165],[-147.1779,70.2173],[-147.1781,70.2177],[-147.1787,70.2186],[-147.1792,70.2192],[-147.18,70.2198],[-147.1808,70.2204],[-147.1823,70.2213],[-147.1839,70.2223],[-147.1852,70.223],[-147.1859,70.2234],[-147.1868,70.2238],[-147.1885,70.2245],[-147.1905,70.2255],[-147.192,70.2263],[-147.193,70.2268],[-147.1944,70.2275],[-147.1961,70.2283],[-147.1977,70.2289],[-147.1991,70.2294],[-147.2,70.2296],[-147.2006,70.2299],[-147.2017,70.2304],[-147.2034,70.231],[-147.2049,70.2314],[-147.2059,70.2317],[-147.2086,70.2322],[-147.2098,70.2323],[-147.2116,70.2326],[-147.2129,70.2328],[-147.2136,70.2329],[-147.2153,70.233],[-147.2169,70.2331],[-147.2178,70.2331],[-147.219,70.2331],[-147.2195,70.2331],[-147.2201,70.2331],[-147.2207,70.2331],[-147.222,70.2329],[-147.2238,70.2328],[-147.2243,70.2327],[-147.225,70.2325],[-147.2255,70.2323],[-147.227,70.2322],[-147.2291,70.2322],[-147.231,70.2323],[-147.2319,70.2321],[-147.2333,70.2317],[-147.2359,70.231],[-147.2364,70.2308],[-147.2366,70.2307],[-147.2365,70.2305],[-147.2361,70.2305],[-147.2356,70.2306],[-147.2354,70.2307],[-147.235,70.231],[-147.2341,70.2311],[-147.2336,70.231],[-147.2333,70.231],[-147.2328,70.2313],[-147.2325,70.2313],[-147.2322,70.2311],[-147.2321,70.2309],[-147.2319,70.2308],[-147.2315,70.2305],[-147.2308,70.2306],[-147.2308,70.2308],[-147.2311,70.2309],[-147.2312,70.231],[-147.231,70.2312],[-147.2301,70.2315],[-147.2289,70.2317],[-147.2275,70.2318],[-147.2268,70.2319],[-147.2263,70.2318],[-147.2255,70.2317],[-147.2252,70.2315],[-147.2251,70.2311],[-147.2256,70.2302],[-147.2269,70.2284],[-147.2286,70.2267],[-147.2311,70.225],[-147.2336,70.2234],[-147.2368,70.2217],[-147.2404,70.2201],[-147.2441,70.2189],[-147.2464,70.2182],[-147.2497,70.2173],[-147.2521,70.2168],[-147.2541,70.2163],[-147.2583,70.2155],[-147.2604,70.2149],[-147.2617,70.2144],[-147.2632,70.2137],[-147.2643,70.213],[-147.2647,70.2124],[-147.2649,70.2119],[-147.2646,70.2115],[-147.2634,70.2109],[-147.2629,70.2109],[-147.2625,70.2108],[-147.2624,70.2109],[-147.2624,70.2109],[-147.2629,70.2111],[-147.2633,70.2115],[-147.2639,70.2122],[-147.264,70.2125],[-147.2635,70.213],[-147.2632,70.2133],[-147.2622,70.2137],[-147.2615,70.2138],[-147.261,70.214],[-147.2603,70.2141],[-147.2594,70.2141],[-147.2585,70.214],[-147.2569,70.2138],[-147.2559,70.2135],[-147.255,70.2133],[-147.2542,70.2132],[-147.2535,70.2131],[-147.2527,70.2131],[-147.2517,70.2131],[-147.251,70.2131],[-147.2506,70.2131],[-147.2495,70.2131],[-147.2489,70.2131],[-147.2481,70.2131],[-147.2477,70.2131],[-147.2473,70.2132],[-147.2462,70.2131],[-147.2455,70.2133],[-147.245,70.2134],[-147.2443,70.2134],[-147.2438,70.2134],[-147.2429,70.2133],[-147.242,70.2132],[-147.2415,70.2131],[-147.2406,70.2126],[-147.2396,70.2116],[-147.2389,70.211],[-147.2384,70.2103],[-147.2383,70.2097],[-147.2385,70.2093],[-147.2387,70.2091],[-147.239,70.2089],[-147.239,70.2087],[-147.2391,70.2085],[-147.2391,70.2081],[-147.2391,70.2079],[-147.239,70.2077],[-147.2383,70.2077],[-147.2375,70.2078],[-147.2368,70.2081],[-147.2363,70.2084],[-147.236,70.2087],[-147.2359,70.2089],[-147.2359,70.209],[-147.2357,70.2092],[-147.2349,70.2095],[-147.2344,70.2096],[-147.2342,70.2097],[-147.2335,70.2098],[-147.2331,70.21],[-147.2327,70.2101],[-147.2322,70.2103],[-147.2321,70.2104],[-147.2315,70.2105],[-147.2311,70.2106],[-147.2304,70.2107],[-147.2306,70.2109],[-147.2304,70.2112],[-147.2303,70.2113],[-147.2302,70.2115],[-147.2302,70.2117],[-147.2301,70.2118],[-147.2299,70.212],[-147.2296,70.2123],[-147.2293,70.2125],[-147.229,70.2125],[-147.2286,70.2129],[-147.2282,70.2132],[-147.2281,70.2133],[-147.2277,70.2135],[-147.2273,70.2136],[-147.2269,70.2137],[-147.2263,70.2137],[-147.226,70.2138],[-147.2252,70.214],[-147.2248,70.2142],[-147.2241,70.2143],[-147.2236,70.2143],[-147.223,70.2144],[-147.2227,70.2145],[-147.2224,70.2146],[-147.2216,70.2148],[-147.2209,70.215],[-147.2206,70.2152],[-147.2199,70.2152],[-147.2197,70.2152],[-147.2189,70.2153],[-147.218,70.2154],[-147.2175,70.2154],[-147.217,70.2154],[-147.2162,70.2153],[-147.2153,70.2153],[-147.2139,70.2153],[-147.2123,70.2156],[-147.2114,70.2158],[-147.2107,70.2159],[-147.21,70.216],[-147.2096,70.2161],[-147.2087,70.2163],[-147.2074,70.2165],[-147.2068,70.2167],[-147.2064,70.2168],[-147.206,70.2169],[-147.2059,70.217],[-147.2055,70.2171],[-147.2048,70.2173],[-147.2043,70.2174],[-147.2041,70.2175],[-147.2036,70.2176],[-147.2033,70.2177],[-147.2023,70.2179],[-147.2017,70.218],[-147.2012,70.2183],[-147.2011,70.2184],[-147.2009,70.2185],[-147.2005,70.2187],[-147.1994,70.2191],[-147.1985,70.2194],[-147.1981,70.2194],[-147.1977,70.2195],[-147.1974,70.2196],[-147.1973,70.2196],[-147.1965,70.2198],[-147.196,70.2199],[-147.1956,70.22],[-147.1949,70.2201],[-147.1944,70.2202],[-147.1941,70.2203],[-147.1937,70.2204],[-147.1929,70.2205],[-147.192,70.2206],[-147.1915,70.2207],[-147.1912,70.2208],[-147.1908,70.2208],[-147.1896,70.2208],[-147.189,70.2209],[-147.1887,70.2209],[-147.1884,70.2209],[-147.1881,70.221],[-147.1875,70.221],[-147.1871,70.221],[-147.1865,70.2209],[-147.1861,70.2209],[-147.1857,70.2207],[-147.1847,70.2205],[-147.1836,70.2202],[-147.1827,70.2199]]},"properties":{}},{"type":"Feature","geometry":{"type":"LineString","coordinates":[[-147.2402,70.1823],[-147.2396,70.1827],[-147.2393,70.1829],[-147.2391,70.1832],[-147.2392,70.1834],[-147.2392,70.1835],[-147.2393,70.1839],[-147.2393,70.1841],[-147.2394,70.1842],[-147.2397,70.1842],[-147.2398,70.1841],[-147.24,70.1839],[-147.241,70.1836],[-147.2416,70.1834],[-147.2427,70.1834],[-147.2434,70.1833],[-147.2443,70.1834],[-147.2451,70.1838],[-147.2454,70.1842],[-147.2453,70.1844],[-147.2449,70.1846],[-147.2446,70.1848],[-147.2448,70.1852],[-147.2453,70.1856],[-147.2455,70.186],[-147.2458,70.1868],[-147.2458,70.1874],[-147.2457,70.1877],[-147.2457,70.1879],[-147.2466,70.1883],[-147.2474,70.1884],[-147.248,70.1885],[-147.2485,70.1884],[-147.2497,70.1877],[-147.2511,70.1868],[-147.2518,70.1867],[-147.2529,70.1866],[-147.2534,70.1866],[-147.2543,70.1865],[-147.2552,70.1863],[-147.2556,70.1861],[-147.256,70.1859],[-147.2563,70.1854],[-147.2569,70.1852],[-147.2572,70.1851],[-147.2575,70.1848],[-147.2574,70.1847],[-147.2569,70.1846],[-147.2564,70.1846],[-147.2556,70.1845],[-147.2552,70.1843],[-147.2551,70.1841],[-147.2552,70.1839],[-147.2554,70.1836],[-147.256,70.1833],[-147.2567,70.1828],[-147.2567,70.1826],[-147.2565,70.1825],[-147.2567,70.1823],[-147.2567,70.1821],[-147.2574,70.1818],[-147.258,70.1817],[-147.2586,70.1814],[-147.2593,70.1813],[-147.2596,70.181],[-147.2599,70.181],[-147.2604,70.1809],[-147.2604,70.1805],[-147.2599,70.1802],[-147.2596,70.1801],[-147.2592,70.18],[-147.2584,70.1802],[-147.2581,70.1803],[-147.2575,70.1803],[-147.2571,70.1805],[-147.2568,70.1806],[-147.2562,70.1807],[-147.2559,70.1808],[-147.2551,70.1808],[-147.2538,70.181],[-147.2528,70.1812],[-147.2511,70.1817],[-147.2509,70.1818],[-147.2504,70.1817],[-147.2502,70.1817],[-147.2496,70.1819],[-147.2498,70.1821],[-147.2502,70.1825],[-147.2504,70.1827],[-147.2505,70.183],[-147.252,70.1832],[-147.2525,70.1834],[-147.2527,70.1837],[-147.2527,70.184],[-147.253,70.1841],[-147.2532,70.1842],[-147.2539,70.1843],[-147.2544,70.1844],[-147.2546,70.1845],[-147.2545,70.1847],[-147.2541,70.1849],[-147.2536,70.185],[-147.254,70.1851],[-147.2546,70.1852],[-147.2543,70.1854],[-147.2539,70.1854],[-147.2531,70.1853],[-147.2524,70.1852],[-147.2517,70.1852],[-147.251,70.1851],[-147.2506,70.185],[-147.2504,70.1848],[-147.2503,70.1846],[-147.2502,70.1844],[-147.2501,70.1843],[-147.2512,70.1841],[-147.2509,70.1839],[-147.2506,70.1837],[-147.2505,70.1835],[-147.2504,70.1834],[-147.25,70.1833],[-147.2495,70.1834],[-147.249,70.1837],[-147.249,70.1839],[-147.2491,70.1841],[-147.249,70.1843],[-147.2487,70.1847],[-147.249,70.1849],[-147.249,70.1851],[-147.2487,70.1852],[-147.2481,70.1853],[-147.2476,70.1854],[-147.2472,70.1853],[-147.2469,70.1851],[-147.2469,70.1849],[-147.247,70.1847],[-147.2472,70.1844],[-147.2472,70.1841],[-147.2476,70.1839],[-147.248,70.1838],[-147.2485,70.1836],[-147.2485,70.1834],[-147.2485,70.1832],[-147.2485,70.1831],[-147.2489,70.1828],[-147.2488,70.1824],[-147.2487,70.1822],[-147.2481,70.182],[-147.2469,70.182],[-147.2454,70.182],[-147.2446,70.1823],[-147.2441,70.1825],[-147.2432,70.1824],[-147.2426,70.1823],[-147.242,70.1822],[-147.2412,70.1823],[-147.2408,70.1823],[-147.2402,70.1823]]},"properties":{}},{"type":"Feature","geometry":{"type":"LineString","coordinates":[[-147.2452,70.1886],[-147.2438,70.1881],[-147.2426,70.1876],[-147.2424,70.1873],[-147.2434,70.1871],[-147.2438,70.1867],[-147.2431,70.1864],[-147.2408,70.1857],[-147.2398,70.1853],[-147.2385,70.1853],[-147.2374,70.1851],[-147.2357,70.185],[-147.2349,70.1857],[-147.2359,70.1861],[-147.236,70.1864],[-147.2349,70.1865],[-147.2351,70.1871],[-147.236,70.1878],[-147.2377,70.1882],[-147.2378,70.1884],[-147.2372,70.1889],[-147.2376,70.1892],[-147.2378,70.1898],[-147.2378,70.1907],[-147.2388,70.1914],[-147.2403,70.192],[-147.2421,70.1926],[-147.2442,70.1929],[-147.2464,70.1922],[-147.2471,70.1915],[-147.2471,70.1904],[-147.2472,70.1895],[-147.2467,70.189],[-147.2452,70.1886]]},"properties":{}},{"type":"Feature","geometry":{"type":"LineString","coordinates":[[-147.2359,70.1829],[-147.2359,70.1831],[-147.2372,70.1835],[-147.2376,70.1835],[-147.2379,70.1835],[-147.2382,70.1833],[-147.2385,70.1831],[-147.2386,70.1827],[-147.2386,70.1824],[-147.2384,70.1821],[-147.2381,70.1818],[-147.2376,70.1818],[-147.2368,70.1817],[-147.2363,70.1818],[-147.2363,70.182],[-147.2359,70.1821],[-147.2362,70.1822],[-147.2364,70.1824],[-147.2362,70.1826],[-147.236,70.1828],[-147.2359,70.1829]]},"properties":{}},{"type":"Feature","geometry":{"type":"LineString","coordinates":[[-147.2313,70.182],[-147.2316,70.1819],[-147.231,70.1814],[-147.2312,70.1812],[-147.2313,70.1811],[-147.2313,70.1808],[-147.2315,70.1807],[-147.2312,70.1807],[-147.2306,70.1808],[-147.2301,70.1809],[-147.23,70.1812],[-147.2304,70.1815],[-147.2307,70.1816],[-147.2309,70.1818],[-147.2313,70.182]]},"properties":{}},{"type":"Feature","geometry":{"type":"LineString","coordinates":[[-147.2792,70.2406],[-147.2781,70.2408],[-147.2782,70.2411],[-147.2788,70.2415],[-147.2783,70.2418],[-147.2776,70.2421],[-147.2772,70.2421],[-147.2763,70.2417],[-147.2755,70.2414],[-147.2738,70.2413],[-147.273,70.2412],[-147.2734,70.2419],[-147.2721,70.2427],[-147.2706,70.2431],[-147.2697,70.2432],[-147.2671,70.2429],[-147.2618,70.2418],[-147.2568,70.2405],[-147.2529,70.2391],[-147.25,70.2381],[-147.249,70.2374],[-147.2476,70.2367],[-147.2464,70.2358],[-147.2456,70.2353],[-147.245,70.2348],[-147.2443,70.234],[-147.2433,70.2329],[-147.2429,70.2324],[-147.2423,70.2312],[-147.242,70.2312],[-147.2421,70.2317],[-147.2415,70.232],[-147.2408,70.2322],[-147.2409,70.2325],[-147.2418,70.233],[-147.2428,70.2339],[-147.2441,70.2349],[-147.244,70.2354],[-147.2444,70.2358],[-147.2458,70.2364],[-147.2473,70.237],[-147.2478,70.2376],[-147.2487,70.2381],[-147.25,70.2385],[-147.2513,70.2388],[-147.2535,70.2395],[-147.2559,70.2405],[-147.2598,70.2417],[-147.263,70.2424],[-147.2662,70.2431],[-147.2688,70.2435],[-147.2717,70.2437],[-147.2744,70.2436],[-147.277,70.2434],[-147.2795,70.2429],[-147.2803,70.2425],[-147.2808,70.242],[-147.2812,70.2417],[-147.2817,70.2414],[-147.282,70.2412],[-147.2818,70.2411],[-147.2813,70.2413],[-147.2808,70.2416],[-147.2805,70.2417],[-147.2802,70.2417],[-147.2799,70.2412],[-147.2797,70.2408],[-147.2795,70.2406],[-147.2792,70.2406]]},"properties":{}},{"type":"Feature","geometry":{"type":"LineString","coordinates":[[-147.4759,70.3778],[-147.4754,70.3781],[-147.4748,70.3785],[-147.4745,70.3789],[-147.4738,70.3797],[-147.4733,70.3804],[-147.473,70.381],[-147.4729,70.3815],[-147.4728,70.3826],[-147.4728,70.3833],[-147.4728,70.384],[-147.4726,70.3846],[-147.473,70.3854],[-147.4739,70.3861],[-147.4747,70.3868],[-147.4761,70.3876],[-147.478,70.3888],[-147.4806,70.39],[-147.4815,70.3903],[-147.4838,70.3911],[-147.4861,70.3918],[-147.488,70.392],[-147.4897,70.3922],[-147.4913,70.392],[-147.4921,70.3918],[-147.4923,70.3918],[-147.492,70.3916],[-147.4908,70.3918],[-147.4891,70.3918],[-147.4877,70.3915],[-147.486,70.3911],[-147.4844,70.3906],[-147.483,70.3901],[-147.4806,70.3894],[-147.4744,70.3849],[-147.4744,70.3823],[-147.4743,70.3819],[-147.4755,70.3806],[-147.4765,70.3797],[-147.4766,70.3793],[-147.4771,70.3791],[-147.4787,70.3788],[-147.4802,70.3786],[-147.4817,70.378],[-147.4832,70.3774],[-147.4855,70.377],[-147.4873,70.3766],[-147.4891,70.3762],[-147.4904,70.376],[-147.4913,70.3758],[-147.4917,70.3757],[-147.4922,70.3755],[-147.4923,70.3754],[-147.4917,70.3755],[-147.4912,70.3757],[-147.4907,70.3758],[-147.4903,70.3759],[-147.4891,70.376],[-147.4886,70.3759],[-147.4876,70.3757],[-147.4866,70.3757],[-147.4857,70.3758],[-147.4838,70.3762],[-147.4816,70.3762],[-147.4808,70.3765],[-147.4791,70.377],[-147.4759,70.3778]]},"properties":{}},{"type":"Feature","geometry":{"type":"LineString","coordinates":[[-147.4733,70.3661],[-147.4738,70.3659],[-147.4737,70.3658],[-147.473,70.3656],[-147.4719,70.3654],[-147.471,70.3653],[-147.4698,70.3653],[-147.4693,70.3655],[-147.4694,70.3657],[-147.4698,70.3659],[-147.4709,70.3662],[-147.4724,70.3663],[-147.4733,70.3661]]},"properties":{}},{"type":"Feature","geometry":{"type":"LineString","coordinates":[[-147.5102,70.394],[-147.5079,70.3936],[-147.5063,70.3932],[-147.5056,70.3931],[-147.5048,70.3931],[-147.5047,70.3934],[-147.5084,70.3945],[-147.511,70.3955],[-147.5133,70.3961],[-147.5165,70.3966],[-147.5186,70.3968],[-147.5194,70.3968],[-147.5222,70.3971],[-147.525,70.3973],[-147.529,70.3976],[-147.5345,70.3981],[-147.5386,70.3984],[-147.5422,70.3986],[-147.5459,70.3985],[-147.5484,70.3984],[-147.5495,70.3983],[-147.5502,70.398],[-147.5507,70.3977],[-147.5504,70.3974],[-147.5496,70.3975],[-147.5489,70.3976],[-147.5476,70.3974],[-147.5467,70.3974],[-147.5453,70.3974],[-147.544,70.3972],[-147.5421,70.397],[-147.5397,70.3971],[-147.5383,70.397],[-147.5369,70.3968],[-147.5322,70.3956],[-147.5255,70.3952],[-147.5216,70.3957],[-147.5178,70.3956],[-147.516,70.3951],[-147.5111,70.3949],[-147.5102,70.394]]},"properties":{}},{"type":"Feature","geometry":{"type":"LineString","coordinates":[[-147.3705,70.3464],[-147.369,70.3459],[-147.366,70.3451],[-147.3613,70.3435],[-147.3579,70.3427],[-147.3558,70.342],[-147.3551,70.3416],[-147.3535,70.3411],[-147.3535,70.3409],[-147.3537,70.3405],[-147.3545,70.34],[-147.355,70.3393],[-147.3559,70.3388],[-147.3549,70.3385],[-147.3544,70.3389],[-147.3543,70.3391],[-147.354,70.3395],[-147.3517,70.3399],[-147.3511,70.3397],[-147.3512,70.339],[-147.3514,70.3388],[-147.3517,70.3385],[-147.3526,70.3378],[-147.3528,70.3374],[-147.3521,70.3374],[-147.351,70.3378],[-147.3503,70.3388],[-147.3497,70.3394],[-147.35,70.3397],[-147.3512,70.3406],[-147.3579,70.3432],[-147.362,70.3442],[-147.3674,70.3461],[-147.3719,70.3473],[-147.3738,70.3478],[-147.3753,70.3481],[-147.3773,70.3486],[-147.3807,70.3492],[-147.3821,70.3494],[-147.3844,70.3497],[-147.3852,70.3498],[-147.3869,70.3499],[-147.3896,70.3502],[-147.3922,70.3503],[-147.3955,70.3503],[-147.3986,70.3502],[-147.4018,70.3498],[-147.4013,70.3497],[-147.3985,70.3498],[-147.3973,70.3498],[-147.3955,70.3499],[-147.3922,70.3499],[-147.3889,70.3498],[-147.3856,70.3496],[-147.3819,70.3491],[-147.3784,70.3485],[-147.377,70.3482],[-147.3731,70.3474],[-147.3705,70.3464]]},"properties":{}},{"type":"Feature","geometry":{"type":"LineString","coordinates":[[-147.1796,70.1565],[-147.1805,70.1564],[-147.1811,70.1564],[-147.1815,70.1564],[-147.182,70.1565],[-147.182,70.1566],[-147.1824,70.157],[-147.1824,70.1571],[-147.1827,70.1574],[-147.1827,70.1576],[-147.1836,70.1578],[-147.1839,70.1576],[-147.1842,70.1574],[-147.1841,70.1572],[-147.1837,70.1569],[-147.1834,70.1567],[-147.1832,70.1565],[-147.1831,70.1563],[-147.1829,70.1562],[-147.1826,70.1561],[-147.1815,70.1559],[-147.1813,70.1555],[-147.1811,70.1552],[-147.1809,70.155],[-147.1807,70.1549],[-147.1792,70.1547],[-147.1784,70.1547],[-147.1774,70.1547],[-147.1766,70.1549],[-147.1761,70.1551],[-147.1758,70.1553],[-147.1756,70.1554],[-147.1754,70.1557],[-147.176,70.156],[-147.1768,70.1563],[-147.1778,70.1565],[-147.1787,70.1565],[-147.1796,70.1565]]},"properties":{}},{"type":"Feature","geometry":{"type":"LineString","coordinates":[[-147.0574,70.3027],[-147.0585,70.3025],[-147.0589,70.3025],[-147.0602,70.3025],[-147.0619,70.3025],[-147.0622,70.3024],[-147.0626,70.3023],[-147.0628,70.3021],[-147.0628,70.3019],[-147.0628,70.3018],[-147.0634,70.3017],[-147.0658,70.3021],[-147.0671,70.3022],[-147.0682,70.3024],[-147.0685,70.3024],[-147.0689,70.3023],[-147.0693,70.3022],[-147.0694,70.3021],[-147.0691,70.302],[-147.0689,70.302],[-147.0687,70.302],[-147.0683,70.302],[-147.0685,70.3019],[-147.069,70.3016],[-147.0696,70.3014],[-147.0694,70.3012],[-147.069,70.3013],[-147.0683,70.3015],[-147.0678,70.3015],[-147.0672,70.3016],[-147.0667,70.3016],[-147.0646,70.3014],[-147.0627,70.3014],[-147.0618,70.3013],[-147.0611,70.301],[-147.0608,70.3009],[-147.0599,70.301],[-147.059,70.3011],[-147.0582,70.3012],[-147.0579,70.3014],[-147.0563,70.3016],[-147.0527,70.3024],[-147.0506,70.3025],[-147.0458,70.3027],[-147.0428,70.3031],[-147.0393,70.3036],[-147.0354,70.3039],[-147.0333,70.3039],[-147.0291,70.3034],[-147.0269,70.3029],[-147.0249,70.3027],[-147.0232,70.3027],[-147.0193,70.3034],[-147.0128,70.3021],[-147.0099,70.3015],[-147.0081,70.3011],[-147.0069,70.3006],[-147.0055,70.3002],[-147.0034,70.2996],[-147.0003,70.2989],[-146.9978,70.2982],[-146.9956,70.2977],[-146.9938,70.2971],[-146.9918,70.2966],[-146.9904,70.2963],[-146.9889,70.2959],[-146.9873,70.2954],[-146.9849,70.2952],[-146.9829,70.2949],[-146.981,70.2942],[-146.9802,70.2938],[-146.9761,70.2923],[-146.9747,70.2917],[-146.9715,70.2916],[-146.9696,70.2918],[-146.9682,70.2918],[-146.9665,70.2916],[-146.9639,70.2919],[-146.9622,70.2916],[-146.9614,70.2913],[-146.9606,70.291],[-146.9598,70.2908],[-146.9588,70.2906],[-146.9577,70.2904],[-146.9568,70.2905],[-146.9561,70.2901],[-146.9553,70.2898],[-146.9532,70.2891],[-146.9513,70.2876],[-146.9504,70.2867],[-146.9495,70.2863],[-146.9491,70.2861],[-146.949,70.2859],[-146.9493,70.2857],[-146.9499,70.2857],[-146.9504,70.2855],[-146.9504,70.285],[-146.9505,70.2846],[-146.9507,70.2842],[-146.9504,70.284],[-146.9499,70.2839],[-146.9485,70.2839],[-146.9474,70.2842],[-146.9469,70.2848],[-146.9487,70.2864],[-146.9497,70.2869],[-146.9494,70.2878],[-146.9506,70.2887],[-146.9534,70.2899],[-146.9555,70.2906],[-146.957,70.2911],[-146.9605,70.292],[-146.9624,70.2923],[-146.9645,70.2927],[-146.9656,70.293],[-146.9669,70.2932],[-146.9682,70.2933],[-146.9694,70.2935],[-146.9701,70.2936],[-146.9721,70.294],[-146.973,70.2941],[-146.9757,70.2943],[-146.9778,70.2948],[-146.9805,70.2954],[-146.9839,70.2962],[-146.9866,70.2967],[-146.9914,70.2978],[-146.9979,70.2993],[-147.0037,70.3004],[-147.0094,70.3019],[-147.0106,70.3023],[-147.0154,70.3031],[-147.0199,70.3043],[-147.0227,70.3049],[-147.025,70.3055],[-147.0263,70.3058],[-147.0283,70.306],[-147.0283,70.306],[-147.0322,70.3059],[-147.0349,70.3055],[-147.0393,70.3054],[-147.0412,70.3048],[-147.0442,70.3043],[-147.0491,70.3038],[-147.0537,70.3039],[-147.0559,70.3031],[-147.0574,70.3027]]},"properties":{}},{"type":"Feature","geometry":{"type":"LineString","coordinates":[[-147.0689,70.3033],[-147.069,70.3039],[-147.0713,70.3046],[-147.0757,70.3056],[-147.0788,70.306],[-147.0821,70.3066],[-147.0845,70.307],[-147.0861,70.3075],[-147.0875,70.3078],[-147.0895,70.308],[-147.0913,70.3082],[-147.0935,70.3083],[-147.095,70.3085],[-147.0973,70.3087],[-147.0989,70.3089],[-147.1005,70.3089],[-147.1025,70.3091],[-147.1054,70.3092],[-147.1105,70.3093],[-147.112,70.3093],[-147.114,70.3093],[-147.1169,70.3092],[-147.1209,70.3089],[-147.1224,70.3087],[-147.1233,70.3084],[-147.1238,70.3083],[-147.1244,70.3079],[-147.1256,70.3075],[-147.1276,70.3069],[-147.1285,70.3066],[-147.1291,70.3061],[-147.131,70.3055],[-147.129,70.3057],[-147.1278,70.3059],[-147.1264,70.3063],[-147.1257,70.3067],[-147.124,70.3073],[-147.1232,70.3075],[-147.1215,70.3076],[-147.1202,70.3075],[-147.1183,70.3071],[-147.1173,70.3069],[-147.1157,70.3067],[-147.1146,70.3067],[-147.1138,70.3069],[-147.1129,70.3074],[-147.1116,70.3076],[-147.1102,70.3081],[-147.1085,70.3083],[-147.1069,70.3084],[-147.1041,70.3084],[-147.1026,70.3082],[-147.1009,70.3074],[-147.0993,70.3068],[-147.0983,70.3063],[-147.0973,70.3058],[-147.0968,70.3053],[-147.098,70.3048],[-147.0975,70.3047],[-147.0968,70.3047],[-147.095,70.305],[-147.0915,70.3058],[-147.0883,70.3063],[-147.0874,70.3064],[-147.0848,70.3063],[-147.0815,70.3061],[-147.0802,70.3058],[-147.0804,70.3055],[-147.0836,70.3049],[-147.0863,70.3051],[-147.0874,70.305],[-147.0876,70.3048],[-147.087,70.3046],[-147.0846,70.3045],[-147.0813,70.3049],[-147.0799,70.3052],[-147.0783,70.3054],[-147.0771,70.3054],[-147.0762,70.3053],[-147.075,70.3051],[-147.074,70.305],[-147.0732,70.3048],[-147.072,70.3046],[-147.0713,70.3044],[-147.0709,70.3041],[-147.0706,70.3039],[-147.0698,70.3033],[-147.0689,70.3033]]},"properties":{}},{"type":"Feature","geometry":{"type":"LineString","coordinates":[[-146.9504,70.2817],[-146.9501,70.282],[-146.9499,70.2827],[-146.9508,70.2829],[-146.9545,70.2826],[-146.9545,70.2825],[-146.9522,70.2827],[-146.9512,70.2827],[-146.951,70.2821],[-146.9521,70.2815],[-146.9534,70.2811],[-146.9539,70.2807],[-146.9541,70.2804],[-146.9558,70.2804],[-146.9569,70.2801],[-146.9578,70.2795],[-146.9583,70.2789],[-146.9576,70.2785],[-146.9565,70.2786],[-146.9537,70.2792],[-146.952,70.2805],[-146.951,70.2811],[-146.9504,70.2817]]},"properties":{}},{"type":"Feature","geometry":{"type":"LineString","coordinates":[[-146.9488,70.2899],[-146.9442,70.2899],[-146.9435,70.2892],[-146.942,70.2895],[-146.942,70.289],[-146.9389,70.289],[-146.939,70.2884],[-146.9367,70.2887],[-146.9367,70.2882],[-146.9283,70.2869],[-146.9283,70.2864],[-146.9268,70.2864],[-146.9276,70.2872],[-146.9299,70.2874],[-146.9299,70.2877],[-146.9306,70.2877],[-146.9314,70.2879],[-146.9314,70.2882],[-146.9329,70.2882],[-146.9329,70.2884],[-146.9344,70.2884],[-146.9352,70.289],[-146.9359,70.289],[-146.9371,70.2895],[-146.9397,70.29],[-146.9413,70.2901],[-146.942,70.2902],[-146.9427,70.2902],[-146.9451,70.2907],[-146.9464,70.2906],[-146.9473,70.2908],[-146.9473,70.2905],[-146.948,70.2905],[-146.9495,70.2908],[-146.9488,70.2899]]},"properties":{}},{"type":"Feature","geometry":{"type":"LineString","coordinates":[[-146.5537,70.2335],[-146.5562,70.2337],[-146.559,70.2337],[-146.5615,70.2337],[-146.5641,70.2337],[-146.5655,70.2338],[-146.567,70.2339],[-146.5684,70.2339],[-146.5716,70.234],[-146.5736,70.234],[-146.5799,70.234],[-146.5824,70.234],[-146.5842,70.234],[-146.5864,70.234],[-146.5886,70.2338],[-146.5909,70.2339],[-146.5927,70.234],[-146.5944,70.234],[-146.5963,70.2341],[-146.5993,70.2343],[-146.6017,70.2345],[-146.6046,70.2349],[-146.6061,70.235],[-146.6078,70.2351],[-146.6095,70.2352],[-146.6113,70.2354],[-146.6143,70.2356],[-146.615,70.2356],[-146.6168,70.2358],[-146.6207,70.2359],[-146.6231,70.2359],[-146.6257,70.2359],[-146.629,70.236],[-146.6321,70.236],[-146.638,70.2359],[-146.6386,70.2358],[-146.639,70.2357],[-146.6409,70.2357],[-146.6413,70.2355],[-146.6424,70.2355],[-146.6436,70.2355],[-146.6454,70.2356],[-146.6476,70.2356],[-146.6491,70.2357],[-146.6509,70.2355],[-146.653,70.2355],[-146.6564,70.2354],[-146.6588,70.2354],[-146.6599,70.2353],[-146.6615,70.2352],[-146.6639,70.2351],[-146.6657,70.2351],[-146.6676,70.235],[-146.6695,70.2347],[-146.6758,70.2338],[-146.6782,70.2333],[-146.6818,70.2325],[-146.6855,70.2313],[-146.6878,70.2304],[-146.689,70.2299],[-146.6895,70.2295],[-146.6879,70.2298],[-146.687,70.2301],[-146.6859,70.2301],[-146.6846,70.23],[-146.6835,70.2301],[-146.6824,70.2304],[-146.6804,70.2306],[-146.6783,70.2307],[-146.6775,70.2307],[-146.6767,70.2308],[-146.6746,70.2311],[-146.6731,70.2315],[-146.669,70.2332],[-146.6671,70.2338],[-146.665,70.2344],[-146.6632,70.2347],[-146.6619,70.2349],[-146.6611,70.2349],[-146.6601,70.2348],[-146.6595,70.2347],[-146.6576,70.235],[-146.6566,70.2351],[-146.6559,70.2351],[-146.6544,70.2352],[-146.6531,70.2352],[-146.6519,70.2352],[-146.6505,70.2353],[-146.6481,70.2352],[-146.6468,70.2352],[-146.6453,70.2353],[-146.6404,70.2352],[-146.6388,70.2352],[-146.6369,70.2351],[-146.6355,70.2351],[-146.634,70.2351],[-146.6329,70.2351],[-146.6318,70.2351],[-146.6311,70.2351],[-146.6302,70.235],[-146.6295,70.2351],[-146.6286,70.2351],[-146.6278,70.2352],[-146.6271,70.2351],[-146.6266,70.2351],[-146.626,70.2352],[-146.6252,70.2352],[-146.6242,70.2354],[-146.6229,70.2354],[-146.6219,70.2354],[-146.6208,70.2354],[-146.6201,70.2354],[-146.6191,70.2353],[-146.6185,70.2353],[-146.6179,70.2353],[-146.6176,70.2352],[-146.617,70.2351],[-146.6167,70.2351],[-146.6157,70.235],[-146.6145,70.2349],[-146.6138,70.2348],[-146.613,70.2349],[-146.6125,70.235],[-146.6113,70.2349],[-146.6104,70.2347],[-146.6098,70.2347],[-146.609,70.2347],[-146.6082,70.2347],[-146.607,70.2346],[-146.6065,70.2345],[-146.6058,70.2345],[-146.605,70.2345],[-146.6041,70.2344],[-146.6028,70.2342],[-146.6017,70.234],[-146.6005,70.2338],[-146.5998,70.2338],[-146.5988,70.2337],[-146.5978,70.2336],[-146.597,70.2335],[-146.5961,70.2335],[-146.5948,70.2335],[-146.5942,70.2335],[-146.5932,70.2333],[-146.5924,70.2332],[-146.5919,70.2331],[-146.5913,70.2331],[-146.5908,70.2331],[-146.5901,70.2332],[-146.5894,70.2332],[-146.5888,70.2332],[-146.588,70.2332],[-146.5872,70.233],[-146.5868,70.233],[-146.5862,70.2328],[-146.5859,70.2328],[-146.5855,70.2328],[-146.585,70.2328],[-146.5844,70.233],[-146.5838,70.233],[-146.583,70.2331],[-146.5824,70.2332],[-146.582,70.2332],[-146.5812,70.2332],[-146.5807,70.2332],[-146.5801,70.2331],[-146.5794,70.2332],[-146.5784,70.2332],[-146.5774,70.2333],[-146.5761,70.2333],[-146.5751,70.2333],[-146.5741,70.2332],[-146.573,70.2331],[-146.5721,70.233],[-146.5714,70.2329],[-146.5706,70.2329],[-146.5702,70.2328],[-146.5697,70.2328],[-146.5691,70.2328],[-146.5686,70.2328],[-146.5669,70.2325],[-146.5648,70.2322],[-146.5638,70.2319],[-146.5632,70.2318],[-146.5628,70.2319],[-146.5622,70.232],[-146.5615,70.2323],[-146.561,70.2324],[-146.5603,70.2325],[-146.5595,70.2326],[-146.5585,70.2326],[-146.5512,70.2326],[-146.5506,70.2325],[-146.5497,70.2325],[-146.5488,70.2323],[-146.5484,70.2322],[-146.548,70.2322],[-146.5473,70.2321],[-146.5465,70.2319],[-146.5459,70.2317],[-146.5449,70.2314],[-146.5445,70.2311],[-146.5444,70.2309],[-146.5442,70.2308],[-146.544,70.2307],[-146.5439,70.2306],[-146.5435,70.2306],[-146.5428,70.2306],[-146.5418,70.2305],[-146.5412,70.2305],[-146.5394,70.2303],[-146.5375,70.23],[-146.5366,70.2297],[-146.5363,70.2296],[-146.536,70.2294],[-146.5357,70.2293],[-146.5353,70.2294],[-146.5351,70.2294],[-146.5347,70.2294],[-146.5337,70.2292],[-146.533,70.2289],[-146.5327,70.2288],[-146.5324,70.2287],[-146.5325,70.2284],[-146.5325,70.2282],[-146.5329,70.2278],[-146.5339,70.2274],[-146.5334,70.2268],[-146.5324,70.2267],[-146.5322,70.227],[-146.5324,70.2272],[-146.5321,70.2275],[-146.5313,70.2279],[-146.5306,70.2278],[-146.5298,70.2275],[-146.5294,70.2276],[-146.529,70.2277],[-146.5286,70.2279],[-146.5286,70.2281],[-146.5289,70.2283],[-146.5293,70.2285],[-146.5302,70.229],[-146.5328,70.2295],[-146.5367,70.2302],[-146.54,70.2307],[-146.5429,70.2314],[-146.5447,70.2317],[-146.547,70.2325],[-146.5491,70.2327],[-146.5509,70.2331],[-146.5524,70.2334],[-146.5537,70.2335]]},"properties":{}},{"type":"Feature","geometry":{"type":"LineString","coordinates":[[-146.0852,70.1964],[-146.0848,70.1963],[-146.0843,70.1963],[-146.0836,70.1963],[-146.0829,70.1962],[-146.0819,70.1962],[-146.0807,70.1961],[-146.0799,70.1961],[-146.0787,70.196],[-146.0777,70.196],[-146.0767,70.1959],[-146.0759,70.1957],[-146.0753,70.1957],[-146.0729,70.1956],[-146.0715,70.1955],[-146.0698,70.1953],[-146.068,70.1952],[-146.0644,70.1949],[-146.0621,70.1946],[-146.0604,70.1944],[-146.0592,70.1945],[-146.0582,70.1944],[-146.0572,70.1942],[-146.0564,70.194],[-146.0543,70.1941],[-146.0526,70.1941],[-146.0494,70.1939],[-146.0462,70.1937],[-146.0445,70.1936],[-146.0433,70.1936],[-146.0425,70.1937],[-146.0385,70.1931],[-146.0359,70.1927],[-146.0344,70.1924],[-146.0334,70.1922],[-146.0329,70.1921],[-146.0327,70.1918],[-146.0333,70.1912],[-146.0345,70.1909],[-146.0363,70.1906],[-146.0371,70.1905],[-146.0375,70.1901],[-146.0385,70.1897],[-146.0401,70.1895],[-146.0414,70.1895],[-146.0429,70.1896],[-146.0448,70.19],[-146.0457,70.1902],[-146.0474,70.1905],[-146.0494,70.1904],[-146.0503,70.1901],[-146.0509,70.1895],[-146.0506,70.1887],[-146.0492,70.1881],[-146.0483,70.1881],[-146.0462,70.1886],[-146.0445,70.1887],[-146.0425,70.1884],[-146.0403,70.1882],[-146.0385,70.1883],[-146.037,70.1887],[-146.035,70.1896],[-146.0335,70.1904],[-146.0313,70.1909],[-146.0286,70.1908],[-146.0272,70.1906],[-146.0255,70.1902],[-146.0238,70.1897],[-146.0226,70.1893],[-146.0208,70.1892],[-146.0194,70.1891],[-146.0186,70.1889],[-146.0171,70.1883],[-146.0154,70.1876],[-146.0135,70.187],[-146.012,70.1864],[-146.0105,70.1856],[-146.0087,70.1848],[-146.0082,70.1845],[-146.0076,70.1843],[-146.0068,70.1843],[-146.0055,70.1843],[-146.0043,70.1842],[-146.0036,70.1842],[-146.0019,70.1842],[-146.0007,70.1844],[-145.9998,70.1845],[-145.999,70.1846],[-145.998,70.1845],[-145.9967,70.1841],[-145.9957,70.1837],[-145.9952,70.1835],[-145.9938,70.1835],[-145.9925,70.1835],[-145.9919,70.1836],[-145.9911,70.1837],[-145.9901,70.1838],[-145.9894,70.1838],[-145.9884,70.1836],[-145.9871,70.183],[-145.9863,70.1824],[-145.9858,70.1819],[-145.9854,70.1816],[-145.9849,70.1814],[-145.9841,70.1812],[-145.9827,70.1812],[-145.9812,70.1813],[-145.9801,70.1812],[-145.9789,70.1811],[-145.9777,70.1809],[-145.977,70.1808],[-145.976,70.1806],[-145.9754,70.1803],[-145.975,70.1802],[-145.9738,70.1799],[-145.9726,70.1797],[-145.9719,70.1793],[-145.9711,70.179],[-145.9692,70.1787],[-145.968,70.1783],[-145.9672,70.1778],[-145.9665,70.1777],[-145.9653,70.1774],[-145.9646,70.1771],[-145.9638,70.1769],[-145.9629,70.1766],[-145.9623,70.1765],[-145.9618,70.1764],[-145.9608,70.1763],[-145.9599,70.1761],[-145.9586,70.176],[-145.9578,70.1758],[-145.9569,70.1758],[-145.9562,70.1756],[-145.9555,70.1755],[-145.955,70.1753],[-145.9545,70.1751],[-145.9544,70.175],[-145.9543,70.1749],[-145.9545,70.1747],[-145.9549,70.1747],[-145.9549,70.1745],[-145.9549,70.1744],[-145.9547,70.1744],[-145.9543,70.1744],[-145.954,70.1745],[-145.9533,70.1748],[-145.9528,70.1751],[-145.9525,70.1754],[-145.9526,70.1758],[-145.9528,70.1762],[-145.9529,70.1764],[-145.954,70.177],[-145.9542,70.1773],[-145.9545,70.1775],[-145.9548,70.1777],[-145.9553,70.178],[-145.9557,70.1782],[-145.9572,70.1789],[-145.9577,70.1791],[-145.9587,70.1793],[-145.9598,70.1796],[-145.9615,70.1802],[-145.9624,70.1804],[-145.9633,70.1806],[-145.9643,70.1808],[-145.9659,70.1812],[-145.9675,70.1815],[-145.9697,70.1819],[-145.9709,70.1822],[-145.9717,70.1824],[-145.9725,70.1826],[-145.9746,70.1831],[-145.976,70.1834],[-145.9771,70.1836],[-145.9783,70.1837],[-145.9804,70.1839],[-145.9846,70.1843],[-145.9862,70.1845],[-145.9882,70.1849],[-145.9902,70.1853],[-145.992,70.1856],[-145.9958,70.1861],[-145.9988,70.1865],[-146.0013,70.1868],[-146.004,70.1872],[-146.0062,70.1875],[-146.0089,70.188],[-146.0112,70.1884],[-146.0122,70.1886],[-146.0136,70.189],[-146.0145,70.1892],[-146.015,70.1893],[-146.0164,70.1895],[-146.0177,70.1896],[-146.02,70.1899],[-146.0216,70.1902],[-146.0229,70.1905],[-146.0258,70.1913],[-146.0283,70.1918],[-146.0307,70.1923],[-146.0331,70.1927],[-146.0359,70.1931],[-146.0394,70.1936],[-146.0412,70.1938],[-146.0424,70.1939],[-146.0439,70.1939],[-146.045,70.194],[-146.0455,70.194],[-146.0472,70.1942],[-146.049,70.1943],[-146.052,70.1944],[-146.0535,70.1944],[-146.0548,70.1945],[-146.0567,70.1947],[-146.0586,70.1949],[-146.0613,70.1951],[-146.0637,70.1953],[-146.0655,70.1954],[-146.0678,70.1956],[-146.0707,70.1957],[-146.0727,70.1959],[-146.0743,70.1962],[-146.0749,70.1962],[-146.0765,70.1962],[-146.0779,70.1963],[-146.0791,70.1964],[-146.0802,70.1965],[-146.0815,70.1966],[-146.0836,70.1967],[-146.085,70.1967],[-146.0865,70.1968],[-146.0877,70.1969],[-146.0919,70.197],[-146.094,70.197],[-146.0961,70.1972],[-146.0982,70.1974],[-146.1012,70.1976],[-146.104,70.1978],[-146.1065,70.1979],[-146.1096,70.1982],[-146.1132,70.1985],[-146.1163,70.1987],[-146.1187,70.1988],[-146.1206,70.1988],[-146.124,70.1989],[-146.1258,70.1991],[-146.1273,70.1993],[-146.1301,70.1995],[-146.1322,70.1996],[-146.1357,70.1998],[-146.139,70.2],[-146.1412,70.2001],[-146.1434,70.2004],[-146.1449,70.2005],[-146.1463,70.2005],[-146.1497,70.201],[-146.1535,70.2015],[-146.1576,70.2023],[-146.1591,70.2026],[-146.1603,70.2029],[-146.1613,70.2031],[-146.1636,70.2033],[-146.167,70.2034],[-146.1702,70.2035],[-146.1721,70.2037],[-146.1744,70.2039],[-146.1763,70.2042],[-146.1773,70.2044],[-146.1791,70.2044],[-146.1803,70.2043],[-146.1834,70.2043],[-146.1881,70.2043],[-146.1929,70.2043],[-146.1953,70.2043],[-146.1982,70.204],[-146.2016,70.2038],[-146.2054,70.2037],[-146.2103,70.2033],[-146.2135,70.2031],[-146.2205,70.2025],[-146.2227,70.2023],[-146.2251,70.2019],[-146.2281,70.2011],[-146.2304,70.2003],[-146.2324,70.1998],[-146.2354,70.1992],[-146.2375,70.199],[-146.2383,70.1986],[-146.2396,70.1982],[-146.2419,70.1975],[-146.2475,70.1965],[-146.2514,70.1956],[-146.2543,70.1949],[-146.2551,70.1944],[-146.2549,70.194],[-146.2539,70.1939],[-146.254,70.1942],[-146.254,70.1945],[-146.2529,70.1949],[-146.2497,70.1957],[-146.2434,70.1969],[-146.2415,70.1972],[-146.2411,70.1969],[-146.2417,70.1962],[-146.2406,70.1962],[-146.2394,70.1965],[-146.2386,70.1969],[-146.2376,70.1973],[-146.2364,70.1976],[-146.2357,70.1978],[-146.2351,70.1982],[-146.2339,70.1987],[-146.2332,70.1988],[-146.232,70.1988],[-146.2314,70.199],[-146.2305,70.1992],[-146.2299,70.1992],[-146.2293,70.199],[-146.229,70.1982],[-146.2288,70.1973],[-146.2281,70.197],[-146.2272,70.1971],[-146.2268,70.1975],[-146.2254,70.1977],[-146.2261,70.1971],[-146.2287,70.1951],[-146.2297,70.1945],[-146.2293,70.1944],[-146.2267,70.1958],[-146.2247,70.1966],[-146.2232,70.197],[-146.2187,70.1978],[-146.2164,70.1981],[-146.2133,70.1989],[-146.2115,70.1996],[-146.2081,70.2007],[-146.2054,70.2013],[-146.203,70.2015],[-146.2012,70.2018],[-146.1998,70.202],[-146.1987,70.2021],[-146.1958,70.202],[-146.1943,70.2019],[-146.1935,70.202],[-146.1924,70.2023],[-146.1906,70.2024],[-146.188,70.2024],[-146.1856,70.2025],[-146.1831,70.2024],[-146.1811,70.2025],[-146.1799,70.2025],[-146.1774,70.2025],[-146.1755,70.2025],[-146.1748,70.2025],[-146.1745,70.2023],[-146.1746,70.2022],[-146.1751,70.202],[-146.176,70.2018],[-146.179,70.2016],[-146.1789,70.2015],[-146.1756,70.2017],[-146.1735,70.2022],[-146.1724,70.2024],[-146.1696,70.2025],[-146.1672,70.2027],[-146.1657,70.2028],[-146.164,70.2028],[-146.1631,70.2028],[-146.1625,70.2025],[-146.1616,70.2023],[-146.1605,70.2021],[-146.1602,70.2021],[-146.1586,70.202],[-146.157,70.2016],[-146.1559,70.2013],[-146.154,70.2012],[-146.1523,70.201],[-146.1503,70.2008],[-146.1484,70.2003],[-146.1466,70.2001],[-146.1447,70.2],[-146.1437,70.1998],[-146.1422,70.1994],[-146.1412,70.1993],[-146.1398,70.1994],[-146.1386,70.1993],[-146.1369,70.1992],[-146.1352,70.199],[-146.1334,70.1989],[-146.1305,70.1988],[-146.1286,70.1985],[-146.1272,70.1982],[-146.126,70.1979],[-146.125,70.1974],[-146.1241,70.1971],[-146.123,70.1968],[-146.1219,70.1966],[-146.1213,70.1962],[-146.1217,70.1959],[-146.1219,70.1956],[-146.1219,70.1954],[-146.1194,70.1958],[-146.1177,70.1963],[-146.1166,70.1968],[-146.116,70.197],[-146.1155,70.1972],[-146.1147,70.1972],[-146.1139,70.1972],[-146.1133,70.1971],[-146.1126,70.1971],[-146.1106,70.1973],[-146.1088,70.1974],[-146.1074,70.1973],[-146.1059,70.1972],[-146.1045,70.1972],[-146.1033,70.1973],[-146.1022,70.1972],[-146.1005,70.1972],[-146.1,70.1972],[-146.0995,70.1972],[-146.0977,70.1969],[-146.0963,70.1968],[-146.0935,70.1967],[-146.0915,70.1968],[-146.0892,70.1967],[-146.0872,70.1965],[-146.0852,70.1964]]},"properties":{}},{"type":"Feature","geometry":{"type":"LineString","coordinates":[[-146.1809,70.1668],[-146.1843,70.1673],[-146.1862,70.1672],[-146.1867,70.1671],[-146.1866,70.1669],[-146.1864,70.1667],[-146.1862,70.1667],[-146.186,70.1666],[-146.1858,70.1664],[-146.1858,70.1661],[-146.1856,70.1663],[-146.1852,70.1665],[-146.1844,70.1668],[-146.1842,70.1668],[-146.1833,70.1667],[-146.183,70.1667],[-146.1826,70.1667],[-146.182,70.1667],[-146.181,70.1666],[-146.1805,70.1665],[-146.18,70.1663],[-146.1796,70.1662],[-146.1792,70.1661],[-146.1783,70.1661],[-146.178,70.166],[-146.1776,70.1659],[-146.1765,70.1657],[-146.1764,70.1656],[-146.1763,70.1655],[-146.176,70.1654],[-146.1754,70.1652],[-146.175,70.1651],[-146.175,70.165],[-146.175,70.1649],[-146.1751,70.1646],[-146.1752,70.1645],[-146.1754,70.1643],[-146.1753,70.1641],[-146.175,70.1638],[-146.1751,70.1636],[-146.1752,70.1635],[-146.1753,70.1633],[-146.1755,70.1632],[-146.1755,70.1631],[-146.1756,70.163],[-146.1761,70.163],[-146.1764,70.163],[-146.1768,70.1629],[-146.1772,70.1629],[-146.1776,70.1629],[-146.1777,70.1629],[-146.1778,70.163],[-146.177,70.1631],[-146.1765,70.1633],[-146.176,70.1634],[-146.1759,70.1635],[-146.1759,70.1635],[-146.1761,70.1635],[-146.1766,70.1635],[-146.1772,70.1633],[-146.1777,70.1631],[-146.1782,70.1631],[-146.1786,70.1631],[-146.1787,70.163],[-146.179,70.1629],[-146.1796,70.1628],[-146.1803,70.1627],[-146.1809,70.1625],[-146.1815,70.1624],[-146.1824,70.1622],[-146.1831,70.162],[-146.1834,70.162],[-146.184,70.1619],[-146.1846,70.1617],[-146.1855,70.1614],[-146.1867,70.1612],[-146.1873,70.1611],[-146.1878,70.1609],[-146.1878,70.1608],[-146.1879,70.1607],[-146.1881,70.1607],[-146.1887,70.1607],[-146.1894,70.1607],[-146.1897,70.1607],[-146.1901,70.1607],[-146.1903,70.1608],[-146.1907,70.1609],[-146.1909,70.1609],[-146.1915,70.1609],[-146.1918,70.1609],[-146.1922,70.1609],[-146.1927,70.161],[-146.1931,70.1611],[-146.1932,70.1612],[-146.1936,70.1613],[-146.1941,70.1614],[-146.1944,70.1614],[-146.1945,70.1614],[-146.1948,70.1615],[-146.1954,70.1615],[-146.1958,70.1619],[-146.1963,70.1621],[-146.1966,70.1623],[-146.1971,70.1627],[-146.1976,70.163],[-146.1978,70.1633],[-146.198,70.1636],[-146.1981,70.1638],[-146.1982,70.1639],[-146.1983,70.1641],[-146.1982,70.1643],[-146.1981,70.1644],[-146.198,70.1645],[-146.1974,70.1646],[-146.197,70.1646],[-146.1967,70.1646],[-146.1961,70.1647],[-146.1957,70.1647],[-146.1956,70.1647],[-146.1953,70.1647],[-146.1952,70.1646],[-146.1951,70.1646],[-146.1953,70.1645],[-146.1958,70.1644],[-146.1958,70.1643],[-146.1957,70.1643],[-146.1953,70.1643],[-146.195,70.1644],[-146.1947,70.1645],[-146.1945,70.1645],[-146.1942,70.1646],[-146.1938,70.1648],[-146.1938,70.165],[-146.194,70.165],[-146.1942,70.165],[-146.1945,70.165],[-146.1951,70.165],[-146.1958,70.1649],[-146.197,70.1648],[-146.1982,70.1646],[-146.1992,70.1646],[-146.1998,70.1646],[-146.2005,70.1645],[-146.2017,70.1646],[-146.2024,70.1647],[-146.203,70.1648],[-146.2038,70.1649],[-146.2049,70.1653],[-146.2055,70.1654],[-146.207,70.1661],[-146.2077,70.1664],[-146.2081,70.1666],[-146.2085,70.1669],[-146.2091,70.1671],[-146.2096,70.1672],[-146.2099,70.1673],[-146.2101,70.1672],[-146.2101,70.1671],[-146.21,70.1671],[-146.2096,70.1671],[-146.2092,70.1668],[-146.2091,70.1667],[-146.2092,70.1666],[-146.2091,70.1664],[-146.209,70.1663],[-146.2088,70.1663],[-146.2085,70.1662],[-146.2085,70.1661],[-146.2088,70.1658],[-146.2093,70.1657],[-146.2098,70.1655],[-146.2106,70.1654],[-146.2111,70.1653],[-146.2115,70.1652],[-146.2116,70.1651],[-146.2118,70.1649],[-146.2118,70.1648],[-146.2119,70.1647],[-146.2121,70.1646],[-146.2123,70.1645],[-146.2124,70.1644],[-146.2125,70.1643],[-146.2127,70.1643],[-146.213,70.1642],[-146.2131,70.1641],[-146.2133,70.1641],[-146.2134,70.1641],[-146.2136,70.1642],[-146.2143,70.1642],[-146.2146,70.1643],[-146.2146,70.1644],[-146.2148,70.1645],[-146.2153,70.1647],[-146.2157,70.1648],[-146.2162,70.1649],[-146.2165,70.1649],[-146.217,70.1651],[-146.2176,70.1651],[-146.2185,70.1651],[-146.2191,70.165],[-146.2196,70.1649],[-146.22,70.1649],[-146.2203,70.1649],[-146.2211,70.1649],[-146.2217,70.1649],[-146.2219,70.1649],[-146.2224,70.1649],[-146.2229,70.1649],[-146.2235,70.1648],[-146.2242,70.1646],[-146.2244,70.1645],[-146.2246,70.1644],[-146.2249,70.1643],[-146.2261,70.1642],[-146.2269,70.1641],[-146.2272,70.164],[-146.2282,70.1639],[-146.2285,70.1639],[-146.2289,70.1638],[-146.2292,70.1638],[-146.2296,70.1638],[-146.2298,70.1638],[-146.2302,70.164],[-146.2304,70.1641],[-146.2306,70.1641],[-146.2315,70.1642],[-146.2316,70.1643],[-146.2318,70.1644],[-146.2323,70.1644],[-146.233,70.1645],[-146.2335,70.1646],[-146.2339,70.1647],[-146.2343,70.1646],[-146.2346,70.1646],[-146.2347,70.1647],[-146.235,70.1648],[-146.2353,70.1648],[-146.2356,70.1648],[-146.2359,70.1649],[-146.2359,70.165],[-146.236,70.1651],[-146.2367,70.1653],[-146.2371,70.1653],[-146.2372,70.1654],[-146.2374,70.1655],[-146.2377,70.1655],[-146.2379,70.1657],[-146.2381,70.1657],[-146.2386,70.1657],[-146.2388,70.1657],[-146.2392,70.1658],[-146.2396,70.1658],[-146.2397,70.1658],[-146.2402,70.1659],[-146.2408,70.1661],[-146.241,70.1662],[-146.2416,70.1664],[-146.2422,70.1665],[-146.2429,70.1666],[-146.2433,70.1666],[-146.2436,70.1666],[-146.2441,70.1666],[-146.2444,70.1666],[-146.245,70.1666],[-146.2452,70.1666],[-146.2453,70.1666],[-146.2455,70.1668],[-146.2456,70.1668],[-146.2458,70.1669],[-146.2459,70.1668],[-146.246,70.1668],[-146.2461,70.1667],[-146.2463,70.1666],[-146.2465,70.1666],[-146.247,70.1666],[-146.2473,70.1665],[-146.2475,70.1664],[-146.2475,70.1662],[-146.2477,70.1661],[-146.2476,70.166],[-146.2477,70.1659],[-146.2475,70.1658],[-146.2474,70.1657],[-146.2473,70.1654],[-146.2472,70.1652],[-146.2471,70.1651],[-146.2472,70.165],[-146.2473,70.165],[-146.2475,70.1649],[-146.2476,70.1647],[-146.2476,70.1646],[-146.2477,70.1645],[-146.2478,70.1644],[-146.2484,70.164],[-146.2487,70.1639],[-146.2488,70.1637],[-146.2489,70.1636],[-146.2489,70.1633],[-146.2488,70.1631],[-146.2487,70.1629],[-146.2497,70.1626],[-146.2497,70.1628],[-146.2499,70.163],[-146.2501,70.1633],[-146.2501,70.1636],[-146.25,70.1639],[-146.2499,70.164],[-146.2498,70.1642],[-146.2498,70.1643],[-146.2497,70.1644],[-146.2496,70.1644],[-146.2496,70.1645],[-146.2495,70.1647],[-146.2497,70.1648],[-146.2498,70.165],[-146.25,70.1652],[-146.25,70.1654],[-146.25,70.1654],[-146.2502,70.1655],[-146.2502,70.1656],[-146.2503,70.1657],[-146.2504,70.1658],[-146.2504,70.1658],[-146.2503,70.1659],[-146.2504,70.166],[-146.2506,70.1661],[-146.2505,70.1663],[-146.2504,70.1664],[-146.2503,70.1665],[-146.2503,70.1666],[-146.25,70.1666],[-146.2496,70.1668],[-146.2495,70.1669],[-146.2496,70.1671],[-146.2497,70.1672],[-146.2497,70.1673],[-146.2497,70.1674],[-146.2495,70.1675],[-146.2493,70.1675],[-146.249,70.1676],[-146.2487,70.1677],[-146.2484,70.1678],[-146.2482,70.1678],[-146.2477,70.1678],[-146.2474,70.1679],[-146.2473,70.1679],[-146.2467,70.1679],[-146.2464,70.168],[-146.2462,70.168],[-146.2459,70.1679],[-146.2456,70.1678],[-146.2453,70.1678],[-146.2449,70.1678],[-146.2445,70.1678],[-146.2444,70.1679],[-146.2444,70.1679],[-146.2438,70.1679],[-146.2435,70.1679],[-146.2432,70.1678],[-146.2429,70.1679],[-146.2425,70.168],[-146.2424,70.168],[-146.2422,70.168],[-146.242,70.1679],[-146.2417,70.1679],[-146.2418,70.1678],[-146.2419,70.1677],[-146.2424,70.1677],[-146.2424,70.1676],[-146.2423,70.1676],[-146.2421,70.1676],[-146.2415,70.1677],[-146.2411,70.1678],[-146.241,70.1679],[-146.2411,70.168],[-146.241,70.1682],[-146.241,70.1682],[-146.241,70.1683],[-146.2411,70.1686],[-146.2415,70.1686],[-146.2417,70.1687],[-146.2419,70.1687],[-146.2423,70.1689],[-146.2426,70.169],[-146.2429,70.1691],[-146.2432,70.1691],[-146.2435,70.1691],[-146.2439,70.1691],[-146.2439,70.169],[-146.2439,70.169],[-146.2437,70.1689],[-146.2438,70.1688],[-146.2441,70.1688],[-146.2445,70.1687],[-146.2447,70.1687],[-146.245,70.1687],[-146.2453,70.1686],[-146.2457,70.1685],[-146.2459,70.1685],[-146.2461,70.1684],[-146.2463,70.1684],[-146.2465,70.1684],[-146.2466,70.1683],[-146.2469,70.1683],[-146.2475,70.1683],[-146.248,70.1684],[-146.2484,70.1686],[-146.2487,70.1688],[-146.249,70.1689],[-146.2493,70.169],[-146.2494,70.1691],[-146.2494,70.1692],[-146.2496,70.1694],[-146.2499,70.1696],[-146.2502,70.17],[-146.2503,70.1703],[-146.25,70.1704],[-146.2501,70.1705],[-146.2501,70.1705],[-146.2505,70.1706],[-146.2506,70.1706],[-146.2506,70.1707],[-146.2507,70.171],[-146.251,70.1712],[-146.2512,70.1713],[-146.2513,70.1714],[-146.2513,70.1716],[-146.2513,70.1717],[-146.2514,70.1719],[-146.2517,70.172],[-146.2519,70.1721],[-146.2521,70.1722],[-146.2522,70.1723],[-146.2521,70.1725],[-146.252,70.1725],[-146.2521,70.1727],[-146.2524,70.1729],[-146.2526,70.1732],[-146.2528,70.1734],[-146.253,70.1735],[-146.2528,70.1735],[-146.2523,70.1734],[-146.2519,70.1735],[-146.2516,70.1734],[-146.2514,70.1734],[-146.2511,70.1734],[-146.2507,70.1733],[-146.2505,70.1732],[-146.2504,70.1732],[-146.2503,70.1731],[-146.2501,70.1731],[-146.25,70.1732],[-146.2499,70.1732],[-146.2495,70.1732],[-146.2493,70.1731],[-146.2492,70.1731],[-146.2491,70.1731],[-146.2489,70.173],[-146.2486,70.173],[-146.2483,70.173],[-146.2482,70.1731],[-146.2484,70.1732],[-146.2486,70.1733],[-146.249,70.1734],[-146.2497,70.1735],[-146.2508,70.1735],[-146.2516,70.1736],[-146.252,70.1736],[-146.2525,70.1736],[-146.253,70.1737],[-146.2543,70.1738],[-146.2546,70.1738],[-146.2551,70.1739],[-146.2555,70.174],[-146.2556,70.174],[-146.2556,70.1741],[-146.2558,70.1741],[-146.256,70.1742],[-146.2563,70.1742],[-146.2565,70.1742],[-146.2567,70.1742],[-146.257,70.1743],[-146.2571,70.1743],[-146.2574,70.1743],[-146.2579,70.1743],[-146.258,70.1743],[-146.2582,70.1743],[-146.2585,70.1743],[-146.259,70.1742],[-146.2601,70.1742],[-146.2609,70.1743],[-146.2613,70.1743],[-146.2623,70.1743],[-146.263,70.1742],[-146.264,70.1742],[-146.2649,70.1742],[-146.2659,70.1743],[-146.2666,70.1743],[-146.2675,70.1743],[-146.2678,70.1743],[-146.2679,70.1743],[-146.268,70.1743],[-146.2682,70.1743],[-146.2688,70.1743],[-146.2691,70.1743],[-146.2699,70.1743],[-146.2706,70.1744],[-146.2712,70.1744],[-146.2719,70.1745],[-146.2724,70.1745],[-146.2726,70.1745],[-146.2727,70.1746],[-146.2733,70.1746],[-146.2735,70.1746],[-146.2744,70.1745],[-146.275,70.1746],[-146.2759,70.1747],[-146.2768,70.1749],[-146.2783,70.1751],[-146.2795,70.1753],[-146.2807,70.1754],[-146.282,70.1756],[-146.2829,70.1757],[-146.2838,70.1758],[-146.2846,70.1758],[-146.2862,70.1761],[-146.2873,70.1763],[-146.2884,70.1765],[-146.2896,70.1768],[-146.2908,70.1771],[-146.2919,70.1772],[-146.2929,70.1773],[-146.2938,70.1775],[-146.2982,70.1778],[-146.3004,70.178],[-146.3027,70.1782],[-146.3043,70.1782],[-146.3062,70.1784],[-146.3075,70.1785],[-146.3099,70.1785],[-146.3133,70.1787],[-146.316,70.1789],[-146.3174,70.1788],[-146.3184,70.1788],[-146.3193,70.1788],[-146.3194,70.1786],[-146.3193,70.1784],[-146.3191,70.1783],[-146.3187,70.1784],[-146.318,70.1785],[-146.3174,70.1785],[-146.3163,70.1787],[-146.3153,70.1787],[-146.3145,70.1786],[-146.3133,70.1786],[-146.3106,70.1784],[-146.3095,70.1783],[-146.3085,70.1784],[-146.3066,70.1782],[-146.3055,70.1781],[-146.3041,70.1779],[-146.303,70.1779],[-146.3017,70.1779],[-146.2998,70.1778],[-146.2972,70.1775],[-146.2948,70.1773],[-146.2942,70.1772],[-146.2942,70.177],[-146.2944,70.1769],[-146.2948,70.1766],[-146.2952,70.1763],[-146.2953,70.1762],[-146.2956,70.1761],[-146.2964,70.1762],[-146.2968,70.1762],[-146.2972,70.1762],[-146.2979,70.1761],[-146.2981,70.176],[-146.2985,70.1759],[-146.299,70.1758],[-146.2996,70.1759],[-146.3,70.176],[-146.3006,70.1761],[-146.3009,70.1761],[-146.3014,70.1761],[-146.3019,70.176],[-146.3025,70.1759],[-146.3034,70.1758],[-146.3042,70.1757],[-146.3049,70.1755],[-146.3059,70.1755],[-146.3063,70.1755],[-146.3066,70.1756],[-146.3069,70.1759],[-146.3074,70.176],[-146.3076,70.1761],[-146.308,70.1762],[-146.3085,70.1761],[-146.3091,70.1761],[-146.3101,70.1761],[-146.3106,70.176],[-146.3115,70.1761],[-146.3122,70.176],[-146.3125,70.1759],[-146.3131,70.1758],[-146.3145,70.1756],[-146.3159,70.1756],[-146.3165,70.1757],[-146.317,70.1757],[-146.3182,70.1758],[-146.3189,70.1759],[-146.3202,70.1757],[-146.3207,70.1757],[-146.3211,70.1757],[-146.3215,70.176],[-146.3217,70.1761],[-146.3221,70.1763],[-146.3231,70.1766],[-146.3236,70.1766],[-146.3239,70.1765],[-146.3248,70.1762],[-146.3261,70.1761],[-146.3278,70.1762],[-146.3293,70.1765],[-146.3313,70.1766],[-146.3344,70.1772],[-146.3372,70.1776],[-146.339,70.1778],[-146.3396,70.1778],[-146.34,70.1778],[-146.3404,70.1777],[-146.3404,70.1776],[-146.3396,70.1776],[-146.3388,70.1775],[-146.3383,70.1775],[-146.3379,70.1775],[-146.3374,70.1774],[-146.3372,70.1773],[-146.3372,70.1771],[-146.3374,70.177],[-146.3377,70.1768],[-146.338,70.1767],[-146.3384,70.1767],[-146.3393,70.1765],[-146.3399,70.1764],[-146.3403,70.1763],[-146.3408,70.1762],[-146.3414,70.1762],[-146.3426,70.1763],[-146.3435,70.1764],[-146.3441,70.1764],[-146.3448,70.1764],[-146.3447,70.1762],[-146.3447,70.176],[-146.3437,70.1757],[-146.3435,70.1755],[-146.3438,70.1753],[-146.3441,70.175],[-146.3445,70.1748],[-146.3447,70.1746],[-146.345,70.1744],[-146.3452,70.1741],[-146.345,70.1741],[-146.3445,70.174],[-146.344,70.1738],[-146.3442,70.1737],[-146.3447,70.1737],[-146.3452,70.1738],[-146.3456,70.1739],[-146.3458,70.1742],[-146.3457,70.1745],[-146.3451,70.1749],[-146.345,70.1752],[-146.345,70.1754],[-146.3451,70.1756],[-146.346,70.1757],[-146.3467,70.1758],[-146.3468,70.1759],[-146.3469,70.1761],[-146.3469,70.1762],[-146.347,70.1765],[-146.3474,70.1768],[-146.3474,70.177],[-146.3473,70.1772],[-146.3471,70.1775],[-146.3457,70.1774],[-146.3444,70.1774],[-146.3436,70.1773],[-146.3426,70.1771],[-146.3422,70.1769],[-146.342,70.1769],[-146.3417,70.1769],[-146.3417,70.177],[-146.3418,70.1772],[-146.3425,70.1774],[-146.3438,70.1776],[-146.3446,70.1776],[-146.3464,70.1777],[-146.3478,70.1778],[-146.3506,70.1784],[-146.3524,70.1788],[-146.3533,70.179],[-146.3539,70.1791],[-146.3545,70.1792],[-146.3549,70.1791],[-146.3556,70.1791],[-146.3565,70.1791],[-146.3569,70.1791],[-146.3577,70.1791],[-146.3584,70.1791],[-146.3586,70.1791],[-146.3591,70.1788],[-146.3595,70.1787],[-146.36,70.1786],[-146.3605,70.1785],[-146.3616,70.1784],[-146.3632,70.1781],[-146.3645,70.178],[-146.3659,70.1779],[-146.368,70.178],[-146.3688,70.1781],[-146.3697,70.1782],[-146.3707,70.1784],[-146.3715,70.1784],[-146.3721,70.1785],[-146.373,70.1785],[-146.373,70.1784],[-146.3725,70.1782],[-146.3718,70.1781],[-146.3715,70.1781],[-146.3713,70.1779],[-146.3716,70.1778],[-146.3722,70.1777],[-146.3724,70.1777],[-146.3724,70.1775],[-146.3718,70.1775],[-146.3717,70.1774],[-146.3717,70.1773],[-146.3717,70.1771],[-146.3719,70.177],[-146.3726,70.177],[-146.3732,70.177],[-146.3737,70.177],[-146.3742,70.177],[-146.3748,70.1771],[-146.3753,70.1773],[-146.3755,70.1775],[-146.376,70.1778],[-146.3761,70.1781],[-146.3765,70.1783],[-146.3768,70.1785],[-146.3778,70.1786],[-146.3781,70.1786],[-146.3785,70.1787],[-146.3787,70.1787],[-146.3794,70.1786],[-146.3798,70.1786],[-146.3802,70.1785],[-146.3802,70.1783],[-146.3802,70.1782],[-146.3803,70.178],[-146.3806,70.1778],[-146.3813,70.1777],[-146.3821,70.1777],[-146.3827,70.1778],[-146.383,70.178],[-146.3833,70.1781],[-146.3838,70.1783],[-146.3842,70.1783],[-146.3846,70.1783],[-146.3856,70.1782],[-146.3859,70.1783],[-146.3864,70.1784],[-146.3871,70.1785],[-146.3874,70.1787],[-146.3877,70.1789],[-146.3881,70.179],[-146.3895,70.1792],[-146.3904,70.1794],[-146.391,70.1796],[-146.3913,70.1799],[-146.392,70.1807],[-146.3921,70.1808],[-146.3925,70.1812],[-146.3925,70.1814],[-146.3927,70.1816],[-146.393,70.1818],[-146.3931,70.1819],[-146.3937,70.182],[-146.3943,70.182],[-146.3949,70.182],[-146.3957,70.1818],[-146.3962,70.1816],[-146.3972,70.1813],[-146.3972,70.1811],[-146.3977,70.1809],[-146.3982,70.1806],[-146.3988,70.1805],[-146.3992,70.1803],[-146.3999,70.18],[-146.4013,70.1798],[-146.4027,70.1795],[-146.404,70.1793],[-146.4051,70.1792],[-146.4061,70.179],[-146.4083,70.1788],[-146.4091,70.1788],[-146.4113,70.1785],[-146.4117,70.1784],[-146.4117,70.1783],[-146.4113,70.1781],[-146.4112,70.1779],[-146.4111,70.1778],[-146.411,70.1776],[-146.4111,70.1773],[-146.4114,70.1772],[-146.4115,70.177],[-146.4116,70.1769],[-146.4116,70.1768],[-146.4119,70.1767],[-146.4123,70.1768],[-146.4124,70.177],[-146.4123,70.1773],[-146.4127,70.1774],[-146.4131,70.1776],[-146.414,70.1779],[-146.4141,70.1781],[-146.4142,70.1783],[-146.4142,70.1785],[-146.414,70.1786],[-146.4137,70.1788],[-146.4133,70.1788],[-146.4129,70.1786],[-146.4126,70.1785],[-146.4123,70.1785],[-146.4122,70.1785],[-146.4122,70.1787],[-146.4135,70.1792],[-146.4142,70.1794],[-146.415,70.1797],[-146.4159,70.18],[-146.4162,70.1802],[-146.4164,70.1803],[-146.417,70.1804],[-146.4179,70.1807],[-146.4185,70.1808],[-146.4187,70.1808],[-146.4191,70.1809],[-146.4194,70.181],[-146.4199,70.181],[-146.42,70.181],[-146.4204,70.1808],[-146.4211,70.1808],[-146.422,70.1808],[-146.4233,70.181],[-146.4244,70.1814],[-146.4251,70.1818],[-146.426,70.1823],[-146.4269,70.1831],[-146.4279,70.1839],[-146.4285,70.1843],[-146.4288,70.1846],[-146.4291,70.1847],[-146.4297,70.1849],[-146.4306,70.1851],[-146.4311,70.185],[-146.432,70.1849],[-146.4327,70.1847],[-146.4336,70.1844],[-146.4342,70.1842],[-146.4349,70.184],[-146.4358,70.1838],[-146.437,70.1835],[-146.4381,70.1833],[-146.4389,70.1832],[-146.4394,70.1831],[-146.4411,70.1828],[-146.4417,70.1827],[-146.4425,70.1825],[-146.4429,70.1825],[-146.4441,70.1823],[-146.4452,70.1821],[-146.4463,70.182],[-146.4474,70.1818],[-146.4486,70.1816],[-146.4495,70.1814],[-146.4505,70.1813],[-146.4524,70.1812],[-146.4534,70.1812],[-146.4539,70.1812],[-146.4545,70.1813],[-146.4563,70.181],[-146.4569,70.1809],[-146.4591,70.1806],[-146.46,70.1803],[-146.4607,70.18],[-146.4612,70.1797],[-146.4614,70.1796],[-146.4613,70.1793],[-146.4611,70.179],[-146.4606,70.1788],[-146.4605,70.1786],[-146.4604,70.1785],[-146.4606,70.1783],[-146.4612,70.1779],[-146.4613,70.1778],[-146.4612,70.1775],[-146.461,70.1774],[-146.4606,70.1771],[-146.4604,70.1769],[-146.4608,70.1768],[-146.4613,70.1769],[-146.4618,70.177],[-146.4622,70.1772],[-146.4623,70.1776],[-146.462,70.178],[-146.462,70.1783],[-146.4623,70.1784],[-146.4628,70.1786],[-146.4634,70.1789],[-146.4636,70.1792],[-146.4634,70.1794],[-146.4632,70.1797],[-146.4633,70.1801],[-146.4631,70.1804],[-146.4626,70.1809],[-146.4625,70.1811],[-146.4625,70.1813],[-146.4626,70.1814],[-146.4628,70.1815],[-146.4637,70.1817],[-146.4637,70.1818],[-146.4633,70.1818],[-146.4626,70.1817],[-146.4622,70.1816],[-146.4622,70.1815],[-146.4616,70.1814],[-146.4613,70.1814],[-146.4617,70.1816],[-146.4625,70.1819],[-146.4627,70.1819],[-146.4632,70.1819],[-146.464,70.182],[-146.4649,70.1822],[-146.4662,70.1826],[-146.4681,70.1829],[-146.4687,70.1829],[-146.4689,70.1829],[-146.4691,70.1829],[-146.4695,70.1829],[-146.4697,70.1828],[-146.47,70.1826],[-146.4701,70.1823],[-146.4698,70.1822],[-146.4689,70.1821],[-146.4687,70.1819],[-146.4688,70.1816],[-146.4696,70.1813],[-146.4704,70.181],[-146.4714,70.1807],[-146.4722,70.1807],[-146.4735,70.1806],[-146.4749,70.1806],[-146.4774,70.1808],[-146.478,70.1807],[-146.4785,70.1805],[-146.4785,70.1802],[-146.4788,70.18],[-146.4788,70.1798],[-146.4786,70.1797],[-146.4782,70.1793],[-146.4778,70.1789],[-146.4776,70.1788],[-146.4778,70.1786],[-146.4776,70.1784],[-146.4775,70.1782],[-146.4776,70.1781],[-146.4779,70.1781],[-146.4786,70.1783],[-146.4789,70.1785],[-146.479,70.1786],[-146.4792,70.1788],[-146.4794,70.179],[-146.4797,70.1794],[-146.4799,70.1797],[-146.48,70.1798],[-146.48,70.1801],[-146.48,70.1806],[-146.4809,70.1808],[-146.4816,70.1811],[-146.4829,70.1813],[-146.4836,70.1811],[-146.4841,70.1809],[-146.4846,70.1807],[-146.4855,70.1806],[-146.4866,70.1806],[-146.4879,70.1806],[-146.4889,70.1808],[-146.4897,70.181],[-146.4905,70.1811],[-146.4922,70.1814],[-146.4934,70.1813],[-146.4947,70.1812],[-146.4956,70.1812],[-146.4962,70.1811],[-146.4967,70.1811],[-146.4971,70.1812],[-146.4976,70.1812],[-146.498,70.1812],[-146.4984,70.1812],[-146.4989,70.1807],[-146.4993,70.1807],[-146.4999,70.1808],[-146.4998,70.181],[-146.4995,70.1812],[-146.4999,70.1814],[-146.5001,70.1816],[-146.4999,70.1818],[-146.4992,70.1819],[-146.4975,70.1819],[-146.4961,70.1818],[-146.4943,70.1818],[-146.4936,70.1819],[-146.4918,70.182],[-146.491,70.182],[-146.4907,70.1821],[-146.49,70.1822],[-146.4897,70.1823],[-146.4893,70.1822],[-146.4889,70.182],[-146.4885,70.1818],[-146.4881,70.1817],[-146.4873,70.1815],[-146.4868,70.1815],[-146.4862,70.1814],[-146.4859,70.1814],[-146.4855,70.1813],[-146.4852,70.1812],[-146.4851,70.1813],[-146.4852,70.1814],[-146.4853,70.1815],[-146.4853,70.1815],[-146.4849,70.1815],[-146.4847,70.1814],[-146.4846,70.1815],[-146.4847,70.1815],[-146.4848,70.1816],[-146.4843,70.1817],[-146.4838,70.1818],[-146.4832,70.1817],[-146.4828,70.1817],[-146.482,70.1816],[-146.481,70.1816],[-146.4807,70.1815],[-146.4801,70.1813],[-146.48,70.1815],[-146.4799,70.1818],[-146.4804,70.182],[-146.4813,70.182],[-146.4825,70.182],[-146.484,70.1819],[-146.485,70.1817],[-146.4862,70.1817],[-146.4869,70.1817],[-146.4876,70.1819],[-146.4883,70.1821],[-146.4892,70.1824],[-146.4904,70.1826],[-146.4913,70.1829],[-146.4923,70.1832],[-146.4932,70.1835],[-146.4946,70.1841],[-146.4958,70.1846],[-146.496,70.1847],[-146.4962,70.1848],[-146.4965,70.1849],[-146.4966,70.1848],[-146.4967,70.1847],[-146.4967,70.1846],[-146.4965,70.1845],[-146.4962,70.1845],[-146.4959,70.1845],[-146.4957,70.1844],[-146.4955,70.1843],[-146.4952,70.1842],[-146.4948,70.184],[-146.4945,70.1838],[-146.4944,70.1838],[-146.494,70.1837],[-146.4937,70.1835],[-146.4937,70.1835],[-146.4939,70.1834],[-146.4943,70.1834],[-146.4948,70.1834],[-146.4952,70.1835],[-146.4958,70.1835],[-146.4963,70.1836],[-146.4967,70.1837],[-146.4972,70.1838],[-146.4978,70.1839],[-146.4983,70.1839],[-146.4987,70.1838],[-146.4993,70.1837],[-146.4999,70.1837],[-146.5002,70.1837],[-146.501,70.1839],[-146.5012,70.184],[-146.5012,70.1841],[-146.5013,70.1843],[-146.5013,70.1843],[-146.5012,70.1844],[-146.501,70.1844],[-146.5008,70.1845],[-146.5007,70.1845],[-146.5006,70.1846],[-146.5004,70.1847],[-146.5,70.1847],[-146.4997,70.1847],[-146.4996,70.1846],[-146.4995,70.1845],[-146.4994,70.1845],[-146.4992,70.1845],[-146.4991,70.1846],[-146.4991,70.1847],[-146.4992,70.1848],[-146.4993,70.1849],[-146.4993,70.185],[-146.4992,70.1851],[-146.4988,70.1852],[-146.4983,70.1853],[-146.498,70.1854],[-146.4979,70.1855],[-146.4979,70.1856],[-146.4989,70.1853],[-146.4998,70.1849],[-146.5005,70.1847],[-146.5009,70.1847],[-146.5022,70.1846],[-146.5026,70.1846],[-146.5035,70.1846],[-146.5044,70.1847],[-146.5049,70.1848],[-146.5062,70.1851],[-146.5066,70.1852],[-146.5076,70.1854],[-146.5082,70.1856],[-146.5086,70.1857],[-146.5089,70.1858],[-146.5092,70.1859],[-146.5095,70.1859],[-146.5094,70.1858],[-146.5091,70.1857],[-146.509,70.1856],[-146.5089,70.1856],[-146.5092,70.1855],[-146.5093,70.1855],[-146.5097,70.1855],[-146.5099,70.1854],[-146.5104,70.1854],[-146.5108,70.1853],[-146.5108,70.1852],[-146.5106,70.1851],[-146.5105,70.1849],[-146.5106,70.1847],[-146.5103,70.1846],[-146.5099,70.1845],[-146.5093,70.1844],[-146.5091,70.1844],[-146.5088,70.1844],[-146.5087,70.1843],[-146.5087,70.1841],[-146.5085,70.1839],[-146.5085,70.1839],[-146.5084,70.1838],[-146.5086,70.1836],[-146.5088,70.1836],[-146.5091,70.1835],[-146.5094,70.1836],[-146.5093,70.1837],[-146.5093,70.1838],[-146.5095,70.184],[-146.5097,70.184],[-146.51,70.1839],[-146.5102,70.1839],[-146.5108,70.184],[-146.511,70.1841],[-146.5115,70.184],[-146.5119,70.1838],[-146.5121,70.1837],[-146.5122,70.1836],[-146.5125,70.1836],[-146.5128,70.1837],[-146.5133,70.1838],[-146.514,70.184],[-146.5145,70.184],[-146.5145,70.1841],[-146.5146,70.1841],[-146.5148,70.1842],[-146.515,70.1843],[-146.5151,70.1844],[-146.5151,70.1844],[-146.5149,70.1845],[-146.5147,70.1846],[-146.5147,70.1847],[-146.5147,70.1848],[-146.5149,70.1849],[-146.515,70.185],[-146.5151,70.1852],[-146.515,70.1853],[-146.5152,70.1854],[-146.5153,70.1855],[-146.5154,70.1855],[-146.5153,70.1856],[-146.5154,70.1857],[-146.5154,70.1858],[-146.5152,70.1859],[-146.5152,70.186],[-146.5152,70.1861],[-146.5153,70.1861],[-146.5154,70.1862],[-146.5157,70.1864],[-146.5159,70.1865],[-146.5161,70.1867],[-146.5162,70.187],[-146.5163,70.1872],[-146.5163,70.1874],[-146.5161,70.1876],[-146.5157,70.1876],[-146.515,70.1875],[-146.5145,70.1874],[-146.5143,70.1873],[-146.5139,70.1872],[-146.5137,70.1871],[-146.5134,70.1871],[-146.5131,70.1871],[-146.5128,70.1871],[-146.5127,70.1871],[-146.5128,70.1872],[-146.5132,70.1872],[-146.5135,70.1872],[-146.5138,70.1873],[-146.514,70.1874],[-146.5145,70.1876],[-146.5148,70.1877],[-146.5154,70.1879],[-146.5158,70.1881],[-146.5161,70.1884],[-146.5162,70.1886],[-146.5171,70.1891],[-146.5179,70.1893],[-146.5186,70.1894],[-146.5192,70.1896],[-146.52,70.1896],[-146.5202,70.1895],[-146.5205,70.1892],[-146.5203,70.1888],[-146.5207,70.1883],[-146.5214,70.1879],[-146.5227,70.1872],[-146.5236,70.1869],[-146.5255,70.1861],[-146.5269,70.1856],[-146.5284,70.1852],[-146.5301,70.1849],[-146.5312,70.1847],[-146.5323,70.1845],[-146.5342,70.1847],[-146.5349,70.1847],[-146.5353,70.1848],[-146.5355,70.1848],[-146.5359,70.1848],[-146.5367,70.1848],[-146.5372,70.1848],[-146.5376,70.1848],[-146.5384,70.1849],[-146.5389,70.1849],[-146.5393,70.1848],[-146.5396,70.1848],[-146.5401,70.1847],[-146.5407,70.1847],[-146.5416,70.1847],[-146.5424,70.1848],[-146.5428,70.1848],[-146.5431,70.1849],[-146.5439,70.185],[-146.5442,70.1851],[-146.5446,70.1851],[-146.5448,70.1851],[-146.5453,70.1852],[-146.5458,70.1852],[-146.5463,70.1853],[-146.5467,70.1853],[-146.547,70.1854],[-146.5472,70.1855],[-146.5474,70.1855],[-146.5473,70.1854],[-146.547,70.1854],[-146.5467,70.1853],[-146.5464,70.1852],[-146.5461,70.1852],[-146.5457,70.1851],[-146.5455,70.1851],[-146.5454,70.185],[-146.5443,70.1847],[-146.5441,70.1845],[-146.5442,70.1842],[-146.5444,70.184],[-146.5445,70.1838],[-146.5446,70.1835],[-146.5446,70.1831],[-146.5445,70.1828],[-146.5446,70.1826],[-146.5456,70.1825],[-146.5468,70.1825],[-146.5475,70.1824],[-146.5484,70.1824],[-146.5498,70.1825],[-146.5511,70.1826],[-146.5519,70.1827],[-146.5526,70.1827],[-146.5543,70.1827],[-146.5556,70.1826],[-146.5564,70.1825],[-146.5573,70.1824],[-146.5575,70.1825],[-146.5572,70.1827],[-146.5571,70.183],[-146.556,70.1836],[-146.5554,70.1838],[-146.5549,70.184],[-146.5541,70.1842],[-146.5537,70.1843],[-146.5533,70.1842],[-146.5532,70.1841],[-146.5531,70.184],[-146.5528,70.184],[-146.5527,70.1842],[-146.5525,70.1843],[-146.5526,70.1845],[-146.5532,70.1846],[-146.5534,70.1846],[-146.5537,70.1845],[-146.554,70.1845],[-146.5548,70.1843],[-146.557,70.1835],[-146.5589,70.1827],[-146.5607,70.1823],[-146.561,70.1821],[-146.5616,70.1819],[-146.5624,70.1817],[-146.5631,70.1816],[-146.5634,70.1814],[-146.5646,70.1811],[-146.5653,70.181],[-146.5658,70.1808],[-146.5662,70.1807],[-146.5672,70.1805],[-146.5698,70.18],[-146.5708,70.1799],[-146.5712,70.1798],[-146.5722,70.1797],[-146.5728,70.1795],[-146.5734,70.1793],[-146.5745,70.1791],[-146.5754,70.179]]},"properties":{}},{"type":"Feature","geometry":{"type":"LineString","coordinates":[[-146.5483,70.1857],[-146.5485,70.1859],[-146.5487,70.1859],[-146.5491,70.1859],[-146.5496,70.1859],[-146.5502,70.1859],[-146.5505,70.1859],[-146.5507,70.1858],[-146.5508,70.1856],[-146.5509,70.1856],[-146.5512,70.1854],[-146.5515,70.1853],[-146.5515,70.1852],[-146.5514,70.1852],[-146.5511,70.1852],[-146.5507,70.1853],[-146.5506,70.1854],[-146.5504,70.1856],[-146.5503,70.1856],[-146.55,70.1857],[-146.5499,70.1857],[-146.5494,70.1858],[-146.5491,70.1858],[-146.5489,70.1858],[-146.5488,70.1857],[-146.5485,70.1856],[-146.5484,70.1855],[-146.5483,70.1855],[-146.5483,70.1857],[-146.5483,70.1857]]},"properties":{}},{"type":"Feature","geometry":{"type":"LineString","coordinates":[[-146.4991,70.2209],[-146.4979,70.2209],[-146.4956,70.2204],[-146.4946,70.2199],[-146.4952,70.2193],[-146.4959,70.2187],[-146.495,70.2185],[-146.4941,70.2192],[-146.4928,70.2194],[-146.4914,70.2192],[-146.4908,70.2188],[-146.4899,70.2187],[-146.4898,70.2192],[-146.493,70.22],[-146.4948,70.2206],[-146.4958,70.2212],[-146.4976,70.2215],[-146.4999,70.2215],[-146.502,70.2211],[-146.502,70.2206],[-146.5007,70.2206],[-146.4991,70.2209]]},"properties":{}},{"type":"Feature","geometry":{"type":"LineString","coordinates":[[-146.522,70.2244],[-146.5202,70.2246],[-146.5183,70.2247],[-146.5162,70.2247],[-146.5153,70.2251],[-146.5156,70.2252],[-146.5175,70.2249],[-146.5208,70.2248],[-146.5222,70.2249],[-146.5224,70.2246],[-146.522,70.2244]]},"properties":{}},{"type":"Feature","geometry":{"type":"LineString","coordinates":[[-146.4159,70.2321],[-146.4196,70.2323],[-146.4438,70.2312],[-146.4469,70.231],[-146.459,70.2281],[-146.459,70.2276],[-146.462,70.2271],[-146.4631,70.2254],[-146.4636,70.225],[-146.4621,70.2253],[-146.4621,70.2258],[-146.4606,70.2258],[-146.4598,70.2268],[-146.4583,70.2268],[-146.4583,70.2273],[-146.4568,70.2273],[-146.4552,70.2285],[-146.4537,70.2283],[-146.4537,70.2291],[-146.4514,70.2291],[-146.4514,70.2296],[-146.4499,70.2296],[-146.4496,70.23],[-146.4461,70.2304],[-146.4461,70.2298],[-146.4476,70.2298],[-146.4469,70.2293],[-146.4499,70.2288],[-146.4499,70.2283],[-146.4484,70.2283],[-146.4484,70.2281],[-146.4499,70.2281],[-146.4507,70.2273],[-146.4538,70.2271],[-146.4538,70.2266],[-146.456,70.2266],[-146.4576,70.2255],[-146.4591,70.2255],[-146.4633,70.2235],[-146.4632,70.2228],[-146.4644,70.2228],[-146.4644,70.2225],[-146.4584,70.2235],[-146.4568,70.2255],[-146.4553,70.2253],[-146.4549,70.2258],[-146.453,70.226],[-146.4523,70.2267],[-146.45,70.2268],[-146.45,70.2273],[-146.4477,70.2273],[-146.4477,70.2278],[-146.4447,70.2278],[-146.4447,70.2283],[-146.4371,70.2285],[-146.4371,70.228],[-146.4318,70.2289],[-146.4288,70.2289],[-146.4257,70.2295],[-146.4257,70.23],[-146.4235,70.23],[-146.4197,70.2314],[-146.3948,70.2298],[-146.3948,70.2305],[-146.3963,70.2305],[-146.4008,70.231],[-146.4016,70.231],[-146.4015,70.2312],[-146.4023,70.2312],[-146.4046,70.2312],[-146.4053,70.2312],[-146.4068,70.2313],[-146.4076,70.2313],[-146.4113,70.2318],[-146.4128,70.2318],[-146.4144,70.2318],[-146.4144,70.2321],[-146.4159,70.2321]]},"properties":{}},{"type":"Feature","geometry":{"type":"LineString","coordinates":[[-146.3813,70.2293],[-146.3871,70.2294],[-146.388,70.2292],[-146.3888,70.2292],[-146.3892,70.2284],[-146.388,70.2281],[-146.388,70.2286],[-146.3692,70.2272],[-146.3676,70.227],[-146.3707,70.2265],[-146.3715,70.2253],[-146.3678,70.2252],[-146.3677,70.2258],[-146.3655,70.2258],[-146.3654,70.2263],[-146.3534,70.2257],[-146.3534,70.2252],[-146.3511,70.2252],[-146.3512,70.2247],[-146.3482,70.2245],[-146.3369,70.2223],[-146.3369,70.2218],[-146.3339,70.2216],[-146.3336,70.2212],[-146.3324,70.221],[-146.3317,70.2203],[-146.3302,70.2202],[-146.3302,70.2205],[-146.3318,70.2214],[-146.3341,70.2223],[-146.3355,70.2227],[-146.3372,70.223],[-146.3399,70.2234],[-146.3406,70.2234],[-146.3414,70.2239],[-146.3444,70.2244],[-146.3444,70.2247],[-146.3481,70.2254],[-146.3496,70.2257],[-146.3504,70.2259],[-146.3511,70.2259],[-146.3534,70.2262],[-146.3594,70.227],[-146.3594,70.2273],[-146.3609,70.2273],[-146.3639,70.2278],[-146.3647,70.2278],[-146.3699,70.2283],[-146.3707,70.2283],[-146.3744,70.2286],[-146.3752,70.2286],[-146.3813,70.2293]]},"properties":{}},{"type":"Feature","geometry":{"type":"LineString","coordinates":[[-146.0147,70.1387],[-146.0142,70.1389],[-146.0135,70.1391],[-146.0123,70.1393],[-146.0118,70.1396],[-146.0113,70.14],[-146.0111,70.1405],[-146.0108,70.1406],[-146.0103,70.1406],[-146.01,70.1408],[-146.0103,70.141],[-146.0104,70.1411],[-146.0111,70.1412],[-146.0116,70.1412],[-146.013,70.1412],[-146.0139,70.1411],[-146.0145,70.141],[-146.0149,70.141],[-146.0153,70.141],[-146.0161,70.1412],[-146.0166,70.1413],[-146.0175,70.1412],[-146.018,70.1412],[-146.019,70.141],[-146.0211,70.1405],[-146.0241,70.14],[-146.0265,70.1397],[-146.0267,70.1395],[-146.0272,70.1394],[-146.0277,70.1393],[-146.0282,70.1392],[-146.0298,70.1391],[-146.0316,70.139],[-146.0331,70.1394],[-146.0341,70.1397],[-146.0345,70.1401],[-146.0346,70.1412],[-146.0346,70.1418],[-146.034,70.1421],[-146.033,70.1422],[-146.0298,70.1425],[-146.027,70.1427],[-146.0248,70.1428],[-146.0229,70.1428],[-146.0215,70.1431],[-146.0221,70.1433],[-146.0236,70.1433],[-146.0254,70.1434],[-146.0272,70.1434],[-146.0291,70.1438],[-146.0307,70.1438],[-146.0319,70.1437],[-146.033,70.1435],[-146.0345,70.1435],[-146.0357,70.1434],[-146.0364,70.1432],[-146.0366,70.1431],[-146.0381,70.1429],[-146.0396,70.1431],[-146.0404,70.1436],[-146.0413,70.1441],[-146.0416,70.1443],[-146.0431,70.1451],[-146.0448,70.1453],[-146.0456,70.1454],[-146.0466,70.1457],[-146.0483,70.1461],[-146.0494,70.1469],[-146.0505,70.1474],[-146.0525,70.1487],[-146.0537,70.1489],[-146.0548,70.1487],[-146.0557,70.1491],[-146.0565,70.1487],[-146.0575,70.1482],[-146.0586,70.1476],[-146.0596,70.1467],[-146.0605,70.1463],[-146.0611,70.146],[-146.0624,70.1454],[-146.0632,70.1454],[-146.064,70.1454],[-146.0649,70.1457],[-146.0659,70.1458],[-146.067,70.1453],[-146.0675,70.1452],[-146.069,70.1451],[-146.0699,70.145],[-146.0722,70.145],[-146.0728,70.145],[-146.0739,70.1451],[-146.0753,70.1455],[-146.0771,70.1456],[-146.0784,70.1454],[-146.0792,70.1451],[-146.08,70.145],[-146.0806,70.1448],[-146.0815,70.1445],[-146.0837,70.1442],[-146.0852,70.1441],[-146.0867,70.1439],[-146.0884,70.1435],[-146.0901,70.1433],[-146.0922,70.1434],[-146.0948,70.1437],[-146.098,70.1444],[-146.0992,70.1447],[-146.1005,70.1448],[-146.1019,70.1451],[-146.1023,70.1453],[-146.1022,70.1454],[-146.1005,70.1455],[-146.0989,70.1454],[-146.0982,70.1453],[-146.0975,70.1455],[-146.0989,70.146],[-146.1008,70.1466],[-146.1034,70.1474],[-146.1046,70.148],[-146.1063,70.1487],[-146.1083,70.1499],[-146.1092,70.1502],[-146.1123,70.1525],[-146.1138,70.1541],[-146.1145,70.1547],[-146.115,70.1551],[-146.1151,70.1555],[-146.116,70.1556],[-146.1171,70.1553],[-146.1179,70.1549],[-146.12,70.1547],[-146.1218,70.155],[-146.1225,70.1552],[-146.1232,70.1549],[-146.1239,70.1547],[-146.1246,70.1546],[-146.1249,70.1546],[-146.1262,70.1549],[-146.1283,70.1559],[-146.1299,70.1573],[-146.1308,70.1578],[-146.1315,70.1584],[-146.132,70.1588],[-146.1321,70.159],[-146.1322,70.1592],[-146.1321,70.1593],[-146.133,70.16],[-146.1341,70.1602],[-146.1355,70.1599],[-146.1373,70.1598],[-146.1381,70.1598],[-146.1387,70.1599],[-146.1406,70.16],[-146.1413,70.16],[-146.1423,70.1603],[-146.1431,70.1607],[-146.1439,70.1609],[-146.1441,70.161],[-146.1442,70.1611],[-146.1446,70.1612],[-146.1448,70.1611],[-146.1457,70.1609],[-146.1457,70.1606],[-146.1457,70.1606],[-146.1459,70.1604],[-146.1465,70.1602],[-146.1454,70.1602],[-146.1451,70.1602],[-146.1449,70.1602],[-146.1449,70.1604],[-146.145,70.1605],[-146.1449,70.1606],[-146.1447,70.1607],[-146.1444,70.1608],[-146.144,70.1606],[-146.1436,70.1605],[-146.1432,70.1604],[-146.1427,70.1602],[-146.1423,70.1601],[-146.142,70.1599],[-146.1421,70.1596],[-146.1418,70.1595],[-146.1423,70.1591],[-146.1426,70.1588],[-146.1427,70.1585],[-146.1425,70.1582],[-146.1426,70.1576],[-146.1427,70.1575],[-146.1433,70.1574],[-146.1437,70.1572],[-146.1437,70.1571],[-146.1441,70.1568],[-146.1445,70.1567],[-146.1453,70.1567],[-146.1467,70.1564],[-146.1475,70.1561],[-146.1486,70.1557],[-146.149,70.1558],[-146.1491,70.1559],[-146.149,70.1561],[-146.149,70.1563],[-146.1487,70.1565],[-146.1485,70.1566],[-146.1482,70.1567],[-146.1482,70.157],[-146.1481,70.1571],[-146.148,70.1572],[-146.1479,70.1576],[-146.1478,70.1578],[-146.1475,70.158],[-146.1468,70.1582],[-146.1462,70.1583],[-146.1459,70.1583],[-146.1461,70.1584],[-146.1477,70.1586],[-146.1483,70.1586],[-146.1489,70.1586],[-146.1494,70.1587],[-146.1496,70.1587],[-146.1508,70.1588],[-146.1517,70.1587],[-146.1525,70.1587],[-146.1533,70.1587],[-146.1546,70.1586],[-146.1552,70.1584],[-146.156,70.1582],[-146.1566,70.1582],[-146.1578,70.1584],[-146.1595,70.1588],[-146.1605,70.1591],[-146.161,70.1593],[-146.1612,70.1594],[-146.1618,70.1595],[-146.1631,70.1597],[-146.164,70.16],[-146.1647,70.1601],[-146.165,70.1603],[-146.165,70.1606],[-146.1652,70.1613],[-146.1665,70.1618],[-146.1679,70.1625],[-146.1697,70.1638],[-146.1709,70.1641],[-146.1716,70.1646],[-146.1737,70.1648],[-146.1752,70.1655],[-146.1759,70.1659],[-146.177,70.1661],[-146.1809,70.1668]]},"properties":{}},{"type":"Feature","geometry":{"type":"LineString","coordinates":[[-146.0031,70.1324],[-146.0032,70.1333],[-146.003,70.1341],[-146.0026,70.1349],[-146.0034,70.1367],[-146.0045,70.1377],[-146.009,70.1383],[-146.0131,70.1386],[-146.0147,70.1387]]},"properties":{}},{"type":"Feature","geometry":{"type":"LineString","coordinates":[[-145.9305,70.123],[-145.9316,70.1229],[-145.932,70.1229],[-145.933,70.1228],[-145.9346,70.1225],[-145.9363,70.1224],[-145.9383,70.1224],[-145.9403,70.1225],[-145.9413,70.1231],[-145.9424,70.1235],[-145.9449,70.1232],[-145.9474,70.123],[-145.9513,70.1228],[-145.9534,70.1227],[-145.9548,70.1228],[-145.956,70.1234],[-145.9589,70.1254],[-145.9603,70.1271],[-145.9602,70.1283],[-145.9589,70.1294],[-145.9552,70.1299],[-145.9502,70.1307],[-145.9484,70.1312],[-145.9471,70.1322],[-145.9463,70.1324],[-145.9447,70.1323],[-145.9434,70.1322],[-145.942,70.1325],[-145.9403,70.1324],[-145.9372,70.1322],[-145.9331,70.1319],[-145.9313,70.1319],[-145.9312,70.1322],[-145.9323,70.1327],[-145.9351,70.1335],[-145.9371,70.1338],[-145.9394,70.1344],[-145.941,70.1348],[-145.9416,70.1357],[-145.9431,70.1357],[-145.9446,70.1359],[-145.9464,70.1364],[-145.9477,70.137],[-145.9478,70.1375],[-145.9482,70.1379],[-145.9509,70.1385],[-145.9527,70.1383],[-145.9543,70.1379],[-145.9548,70.1369],[-145.9544,70.136],[-145.955,70.1357],[-145.9561,70.1356],[-145.9583,70.136],[-145.9611,70.1368],[-145.9632,70.1377],[-145.9657,70.1391],[-145.9684,70.1423],[-145.9693,70.1429],[-145.9713,70.1435],[-145.973,70.1435],[-145.9746,70.1433],[-145.9765,70.1434],[-145.9792,70.1436],[-145.9836,70.1434],[-145.9855,70.143],[-145.9873,70.1416],[-145.9885,70.1402],[-145.9902,70.1396],[-145.9917,70.1386],[-145.993,70.1373],[-145.9963,70.1328],[-145.998,70.1326],[-146.0009,70.1322],[-146.0031,70.1324]]},"properties":{}},{"type":"Feature","geometry":{"type":"LineString","coordinates":[[-146.0697,70.1945],[-146.0704,70.1947],[-146.071,70.195],[-146.0718,70.1952],[-146.0737,70.1955],[-146.0743,70.1955],[-146.0749,70.1955],[-146.0755,70.1954],[-146.0764,70.1954],[-146.0771,70.1954],[-146.0782,70.1954],[-146.0791,70.1955],[-146.0797,70.1957],[-146.0801,70.1958],[-146.0807,70.1958],[-146.081,70.1957],[-146.0812,70.1956],[-146.0813,70.1953],[-146.0811,70.1949],[-146.0805,70.1949],[-146.0796,70.195],[-146.0787,70.195],[-146.078,70.195],[-146.0771,70.1948],[-146.0753,70.1935],[-146.0735,70.1915],[-146.0709,70.1878],[-146.0696,70.1862],[-146.0689,70.1858],[-146.068,70.1855],[-146.0673,70.1855],[-146.066,70.1858],[-146.0647,70.1859],[-146.064,70.186],[-146.0633,70.1858],[-146.0621,70.1854],[-146.0603,70.1852],[-146.0596,70.1854],[-146.0588,70.1856],[-146.0577,70.1857],[-146.057,70.1856],[-146.0557,70.1853],[-146.0542,70.1848],[-146.0536,70.1848],[-146.0522,70.1851],[-146.0508,70.1855],[-146.0501,70.1857],[-146.0495,70.186],[-146.0492,70.1862],[-146.0487,70.1864],[-146.0482,70.1867],[-146.0484,70.187],[-146.0496,70.1871],[-146.0513,70.1871],[-146.0522,70.1872],[-146.0526,70.1874],[-146.052,70.1879],[-146.0517,70.1884],[-146.0517,70.1887],[-146.0522,70.1889],[-146.053,70.1892],[-146.0547,70.1895],[-146.056,70.19],[-146.0569,70.1903],[-146.058,70.1907],[-146.0607,70.191],[-146.0623,70.1914],[-146.0633,70.1918],[-146.064,70.192],[-146.0662,70.1923],[-146.0674,70.1925],[-146.0689,70.1931],[-146.0694,70.1934],[-146.0698,70.1939],[-146.0697,70.1945]]},"properties":{}},{"type":"Feature","geometry":{"type":"LineString","coordinates":[[-145.8284,70.1549],[-145.8265,70.1546],[-145.8226,70.1536],[-145.8194,70.1528],[-145.8165,70.152],[-145.8143,70.1515],[-145.8121,70.1511],[-145.8105,70.1503],[-145.8077,70.1499],[-145.8039,70.1489],[-145.8008,70.148],[-145.7998,70.1472],[-145.7986,70.1468],[-145.7986,70.1461],[-145.797,70.1467],[-145.7969,70.1469],[-145.7964,70.1468],[-145.7956,70.1464],[-145.7952,70.1457],[-145.7957,70.1454],[-145.7934,70.1459],[-145.7914,70.1455],[-145.7871,70.1445],[-145.7831,70.143],[-145.7808,70.1429],[-145.7799,70.1429],[-145.7761,70.1416],[-145.7732,70.1409],[-145.7721,70.1406],[-145.7707,70.1397],[-145.7699,70.1395],[-145.7683,70.1392],[-145.7647,70.1381],[-145.7634,70.1376],[-145.7631,70.1373],[-145.7627,70.1372],[-145.7602,70.1366],[-145.7526,70.1342],[-145.7492,70.1327],[-145.7458,70.1319],[-145.7439,70.1306],[-145.7426,70.1303],[-145.7419,70.1296],[-145.7406,70.1291],[-145.7406,70.1287],[-145.7386,70.1275],[-145.7363,70.127],[-145.7359,70.1268],[-145.7359,70.1267],[-145.7359,70.1265],[-145.7359,70.1263],[-145.7354,70.1261],[-145.7354,70.1265],[-145.7354,70.1268],[-145.7351,70.1269],[-145.7348,70.1272],[-145.735,70.1275],[-145.7354,70.128],[-145.7371,70.129],[-145.7409,70.1305]]},"properties":{}},{"type":"Feature","geometry":{"type":"LineString","coordinates":[[-145.7409,70.1305],[-145.7525,70.1349],[-145.7591,70.1369],[-145.7656,70.139],[-145.7736,70.1416],[-145.7794,70.1433],[-145.7831,70.1444],[-145.7925,70.1467],[-145.7942,70.1471],[-145.7948,70.1473],[-145.7969,70.1478],[-145.799,70.1485],[-145.8053,70.1501],[-145.813,70.1518],[-145.8174,70.153],[-145.8236,70.1544],[-145.8307,70.1563],[-145.8354,70.1575],[-145.8383,70.1581]]},"properties":{}},{"type":"Feature","geometry":{"type":"LineString","coordinates":[[-145.8561,70.1623],[-145.8568,70.1626],[-145.8577,70.1628],[-145.8623,70.1636],[-145.8668,70.1643],[-145.8697,70.1648],[-145.8715,70.1651],[-145.8737,70.1656],[-145.8829,70.1667],[-145.8943,70.1678],[-145.9042,70.1688],[-145.9132,70.1697],[-145.9202,70.1702],[-145.9229,70.1703],[-145.9249,70.1704],[-145.9311,70.1704],[-145.9364,70.1702],[-145.9403,70.17],[-145.9423,70.1698]]},"properties":{}},{"type":"Feature","geometry":{"type":"LineString","coordinates":[[-145.8605,70.1619],[-145.8616,70.1618],[-145.8632,70.1613],[-145.8643,70.161],[-145.8663,70.1598],[-145.8707,70.1553],[-145.8713,70.1518],[-145.8714,70.1498],[-145.8726,70.1481],[-145.8727,70.1468],[-145.8712,70.1456],[-145.8654,70.1439],[-145.8619,70.1415],[-145.8598,70.1385],[-145.8577,70.1354],[-145.8576,70.1326],[-145.8601,70.1316],[-145.8674,70.1307],[-145.8727,70.1306],[-145.8754,70.1308],[-145.8783,70.1318],[-145.8817,70.1334],[-145.8844,70.1328],[-145.8893,70.1337],[-145.892,70.134],[-145.8946,70.1347],[-145.8973,70.1367],[-145.8989,70.1383],[-145.8995,70.1393],[-145.8976,70.1412],[-145.8958,70.1425],[-145.8959,70.1435],[-145.8949,70.1445],[-145.898,70.1446],[-145.9012,70.145],[-145.9061,70.1437],[-145.9104,70.1413],[-145.9122,70.1394],[-145.9101,70.1372],[-145.8997,70.1338],[-145.8927,70.1317],[-145.8858,70.1301],[-145.8804,70.1293],[-145.8789,70.128],[-145.8771,70.1246],[-145.8747,70.1222],[-145.8755,70.1215],[-145.8778,70.1212],[-145.8802,70.1227],[-145.8819,70.1238],[-145.8854,70.1238],[-145.8855,70.1231],[-145.8841,70.1218],[-145.8901,70.1207],[-145.8961,70.1217],[-145.8984,70.123],[-145.9037,70.124],[-145.9076,70.1251],[-145.911,70.1261],[-145.9143,70.1265],[-145.9178,70.1263],[-145.9231,70.1252],[-145.9238,70.1245],[-145.9205,70.1233],[-145.9225,70.1225],[-145.9264,70.1217],[-145.9307,70.1215],[-145.9317,70.1217],[-145.9304,70.1226],[-145.9305,70.123]]},"properties":{}},{"type":"Feature","geometry":{"type":"LineString","coordinates":[[-145.9423,70.1698],[-145.9441,70.1697],[-145.9463,70.1693],[-145.9476,70.1689],[-145.9509,70.1686],[-145.9532,70.1682],[-145.9553,70.1683],[-145.9567,70.1685],[-145.9581,70.1691],[-145.959,70.1692],[-145.959,70.1689],[-145.957,70.168],[-145.9541,70.1679],[-145.9514,70.1679],[-145.9492,70.1683],[-145.9475,70.1686],[-145.9456,70.1687],[-145.9438,70.169],[-145.9419,70.1693],[-145.9379,70.1696],[-145.9359,70.1698],[-145.9339,70.17],[-145.9328,70.17],[-145.9307,70.1696],[-145.9254,70.1698],[-145.9232,70.1698],[-145.9217,70.1698],[-145.9198,70.1697],[-145.9119,70.1694],[-145.9048,70.1683],[-145.8948,70.1673],[-145.8899,70.1668],[-145.8855,70.1662],[-145.879,70.1656],[-145.8761,70.1654],[-145.8721,70.1649],[-145.8692,70.1642],[-145.8661,70.1637],[-145.8636,70.1634],[-145.8618,70.1631],[-145.8602,70.1627],[-145.8594,70.1626],[-145.8593,70.1625],[-145.8595,70.1624],[-145.8598,70.1622],[-145.8605,70.1619]]},"properties":{}},{"type":"Feature","geometry":{"type":"LineString","coordinates":[[-145.9292,70.1277],[-145.9301,70.1271],[-145.9314,70.1268],[-145.932,70.1262],[-145.9322,70.1258],[-145.932,70.1255],[-145.9314,70.1253],[-145.9306,70.1252],[-145.9295,70.1251],[-145.9291,70.1246],[-145.929,70.124],[-145.9288,70.1237],[-145.9278,70.1238],[-145.9269,70.1241],[-145.9267,70.1247],[-145.9268,70.1253],[-145.9266,70.1257],[-145.9254,70.1263],[-145.9233,70.1266],[-145.9211,70.1269],[-145.9186,70.1271],[-145.9171,70.1273],[-145.9153,70.1275],[-145.9141,70.1275],[-145.9137,70.1279],[-145.9137,70.1282],[-145.917,70.128],[-145.9186,70.128],[-145.9197,70.1285],[-145.9203,70.1293],[-145.9197,70.1299],[-145.9182,70.1302],[-145.9157,70.1302],[-145.9144,70.1304],[-145.9136,70.1303],[-145.9123,70.1302],[-145.9113,70.1302],[-145.9108,70.1303],[-145.9128,70.1305],[-145.9143,70.1309],[-145.9175,70.1309],[-145.9198,70.131],[-145.9222,70.1311],[-145.9238,70.1312],[-145.9253,70.1313],[-145.9265,70.1315],[-145.9273,70.1314],[-145.9289,70.131],[-145.9293,70.1309],[-145.929,70.13],[-145.9288,70.1288],[-145.9288,70.1281],[-145.9292,70.1277]]},"properties":{}},{"type":"Feature","geometry":{"type":"LineString","coordinates":[[-145.9082,70.1308],[-145.9078,70.1291],[-145.9074,70.1283],[-145.9058,70.1271],[-145.9044,70.1263],[-145.9029,70.1255],[-145.901,70.1248],[-145.8985,70.1242],[-145.8968,70.1239],[-145.8956,70.1238],[-145.8931,70.1239],[-145.8911,70.1239],[-145.8899,70.1239],[-145.8891,70.1245],[-145.8882,70.1255],[-145.8869,70.1264],[-145.8869,70.1277],[-145.8883,70.1289],[-145.8902,70.1301],[-145.8919,70.1308],[-145.8976,70.1313],[-145.901,70.1318],[-145.9036,70.1323],[-145.9049,70.1317],[-145.9063,70.1312],[-145.9082,70.1308]]},"properties":{}},{"type":"Feature","geometry":{"type":"LineString","coordinates":[[-145.8383,70.1581],[-145.842,70.1591],[-145.8455,70.1599],[-145.8514,70.1613],[-145.8549,70.1621],[-145.8561,70.1623]]},"properties":{}},{"type":"Feature","geometry":{"type":"LineString","coordinates":[[-145.9556,70.1735],[-145.9546,70.1735],[-145.9535,70.1734],[-145.9524,70.1733],[-145.9522,70.1732],[-145.9521,70.173],[-145.9523,70.1729],[-145.9531,70.1725],[-145.9535,70.1723],[-145.954,70.1723],[-145.9545,70.1723],[-145.9552,70.1724],[-145.9553,70.1723],[-145.9546,70.1718],[-145.9545,70.1716],[-145.9546,70.1715],[-145.9549,70.1714],[-145.9549,70.1712],[-145.955,70.1711],[-145.9556,70.171],[-145.9564,70.1709],[-145.9568,70.1709],[-145.957,70.1708],[-145.957,70.1708],[-145.9567,70.1707],[-145.9551,70.1708],[-145.9538,70.171],[-145.9531,70.1716],[-145.9529,70.1722],[-145.9522,70.1727],[-145.9516,70.173],[-145.9517,70.1732],[-145.952,70.1734],[-145.9542,70.1737],[-145.9546,70.1737],[-145.9552,70.1736],[-145.9556,70.1735]]},"properties":{}},{"type":"Feature","geometry":{"type":"LineString","coordinates":[[-145.7168,70.1232],[-145.7216,70.1244],[-145.7306,70.1263],[-145.7315,70.1261],[-145.7326,70.1257],[-145.7327,70.1256],[-145.7318,70.1254],[-145.731,70.1255],[-145.73,70.1255],[-145.7297,70.1256],[-145.7292,70.1257],[-145.7268,70.1253],[-145.7239,70.1246],[-145.7227,70.1243],[-145.7215,70.1239],[-145.7212,70.1236],[-145.7207,70.1234],[-145.7198,70.1233],[-145.7185,70.1231],[-145.7178,70.1229],[-145.7169,70.1226],[-145.7158,70.1222],[-145.7147,70.122],[-145.7141,70.1219],[-145.7115,70.1212],[-145.7105,70.1208],[-145.7076,70.1198],[-145.7065,70.1196],[-145.7051,70.1191],[-145.7038,70.1188],[-145.7016,70.1181],[-145.7006,70.1176],[-145.6959,70.1162],[-145.6935,70.1154],[-145.6929,70.1149],[-145.6908,70.1146],[-145.6878,70.1134],[-145.685,70.1128],[-145.6774,70.1103],[-145.6709,70.1083],[-145.6629,70.1056],[-145.6581,70.1037],[-145.6476,70.1008],[-145.6303,70.0974],[-145.6264,70.0964],[-145.6258,70.0963],[-145.625,70.0962],[-145.6247,70.0959],[-145.6233,70.0953],[-145.6221,70.0949],[-145.6213,70.0948],[-145.6212,70.0951],[-145.6216,70.0954],[-145.6219,70.0955],[-145.6228,70.0959],[-145.6244,70.0963],[-145.6254,70.0966],[-145.6269,70.097],[-145.6265,70.0972],[-145.626,70.0972],[-145.6244,70.0969],[-145.6229,70.0965],[-145.6215,70.0966],[-145.6214,70.0969],[-145.621,70.097],[-145.6203,70.097],[-145.6196,70.0972],[-145.6196,70.0975],[-145.6208,70.0976]]},"properties":{}},{"type":"Feature","geometry":{"type":"LineString","coordinates":[[-145.6208,70.0976],[-145.6383,70.1003],[-145.6521,70.1036],[-145.6568,70.1051],[-145.6646,70.1072],[-145.6729,70.1098],[-145.6795,70.1117],[-145.6893,70.1145],[-145.6932,70.1159],[-145.6984,70.1176],[-145.7088,70.1208],[-145.7168,70.1232]]},"properties":{}},{"type":"Feature","geometry":{"type":"LineString","coordinates":[[-145.6028,70.096],[-145.6027,70.0957],[-145.6029,70.0955],[-145.6034,70.0955],[-145.6041,70.0953],[-145.6042,70.095],[-145.6014,70.095],[-145.6003,70.095],[-145.5983,70.0949],[-145.5979,70.0949],[-145.5932,70.0943],[-145.587,70.0937],[-145.5758,70.0923],[-145.5623,70.0906],[-145.5605,70.0904],[-145.5586,70.0902],[-145.5546,70.0896],[-145.5522,70.0895],[-145.5517,70.0898],[-145.5519,70.09],[-145.5526,70.0902],[-145.5538,70.0902],[-145.5556,70.0903],[-145.5681,70.092],[-145.5836,70.0938],[-145.5969,70.0956],[-145.6,70.0957],[-145.6012,70.096],[-145.6028,70.096]]},"properties":{}},{"type":"Feature","geometry":{"type":"LineString","coordinates":[[-144.0597,70.0741],[-144.0604,70.072],[-144.0563,70.0681],[-144.0534,70.0661],[-144.0497,70.065],[-144.043,70.0644],[-144.039,70.0636],[-144.035,70.063],[-144.0296,70.0624],[-144.0352,70.0657],[-144.0439,70.0692],[-144.0486,70.0714],[-144.0519,70.0733],[-144.0555,70.0747],[-144.0579,70.0752],[-144.0597,70.0741]]},"properties":{}},{"type":"Feature","geometry":{"type":"LineString","coordinates":[[-144.0406,70.0767],[-144.0419,70.0773],[-144.0424,70.0776],[-144.0431,70.0779],[-144.0452,70.078],[-144.0454,70.0781],[-144.0456,70.0782],[-144.0456,70.0785],[-144.0463,70.0789],[-144.0466,70.079],[-144.0471,70.0788],[-144.0473,70.0783],[-144.0477,70.0782],[-144.0485,70.0781],[-144.0487,70.0779],[-144.0489,70.0776],[-144.0487,70.0774],[-144.0494,70.0768],[-144.0492,70.0765],[-144.0485,70.0761],[-144.0466,70.0755],[-144.0466,70.0751],[-144.0469,70.0745],[-144.0467,70.0743],[-144.0464,70.0741],[-144.0434,70.0733],[-144.0423,70.073],[-144.0406,70.072],[-144.0376,70.071],[-144.0364,70.0701],[-144.0356,70.0695],[-144.0355,70.0692],[-144.0351,70.0691],[-144.0328,70.0685],[-144.0307,70.0676],[-144.0295,70.0673],[-144.0291,70.0672],[-144.0286,70.0675],[-144.0288,70.0677],[-144.029,70.0688],[-144.0292,70.0689],[-144.029,70.0692],[-144.0292,70.0695],[-144.0292,70.0701],[-144.0304,70.0717],[-144.0324,70.0725],[-144.0327,70.0728],[-144.0348,70.0733],[-144.0359,70.0738],[-144.0368,70.0745],[-144.0406,70.0767]]},"properties":{}},{"type":"Feature","geometry":{"type":"LineString","coordinates":[[-143.7746,70.1117],[-143.7756,70.1117],[-143.7776,70.1114],[-143.7818,70.1107],[-143.7849,70.1101],[-143.7946,70.1084],[-143.8069,70.1068],[-143.8183,70.1061],[-143.8284,70.1065],[-143.8305,70.1068],[-143.8317,70.1077],[-143.8354,70.1091],[-143.8424,70.1112],[-143.8499,70.1132],[-143.8588,70.115],[-143.8733,70.1175],[-143.8838,70.1192],[-143.8912,70.1201],[-143.897,70.1203],[-143.9027,70.12],[-143.9069,70.1193],[-143.9143,70.1173],[-143.9174,70.1153],[-143.9186,70.1131],[-143.9206,70.1119],[-143.927,70.1093],[-143.9422,70.1031],[-143.9487,70.1009],[-143.9538,70.0993],[-143.966,70.0977],[-143.97,70.0974],[-143.9757,70.0967],[-143.9849,70.0947],[-144.0054,70.0911],[-144.017,70.0894],[-144.0179,70.0889],[-144.0177,70.0883]]},"properties":{}},{"type":"Feature","geometry":{"type":"LineString","coordinates":[[-144.0177,70.0883],[-144.0151,70.0878],[-144.012,70.0875],[-144.0094,70.088],[-144.0064,70.089],[-143.9999,70.0901],[-143.996,70.0906],[-143.993,70.0913],[-143.9902,70.0918],[-143.9819,70.0933],[-143.9698,70.0957],[-143.9642,70.0968],[-143.9519,70.0987],[-143.9486,70.0997],[-143.9454,70.1004],[-143.9401,70.1011],[-143.9367,70.1024],[-143.9351,70.1039],[-143.9242,70.1087],[-143.9098,70.115],[-143.9037,70.1181],[-143.9009,70.1195],[-143.8979,70.1199],[-143.895,70.1199],[-143.8893,70.1196],[-143.8848,70.1189],[-143.8837,70.1187],[-143.8795,70.1183],[-143.8757,70.1176],[-143.873,70.117],[-143.8667,70.1159],[-143.8583,70.1146],[-143.8543,70.1137],[-143.8495,70.1125],[-143.843,70.1106],[-143.8401,70.1095],[-143.8378,70.1084],[-143.8353,70.1073],[-143.8323,70.1064],[-143.8304,70.1062],[-143.8267,70.106],[-143.8221,70.1057],[-143.8129,70.1059],[-143.8073,70.1064],[-143.8004,70.1071],[-143.7991,70.1072],[-143.7974,70.1074],[-143.7949,70.1079],[-143.7883,70.1088],[-143.7872,70.1088],[-143.785,70.1089],[-143.7794,70.1097],[-143.7778,70.1097],[-143.7757,70.1099],[-143.7728,70.1104],[-143.7705,70.1107],[-143.771,70.1108],[-143.781,70.1102],[-143.7773,70.1107],[-143.7747,70.1109],[-143.7736,70.111],[-143.7737,70.1112],[-143.7746,70.1117]]},"properties":{}},{"type":"Feature","geometry":{"type":"LineString","coordinates":[[-144.0002,70.0803],[-144.0006,70.0805],[-144.0021,70.0806],[-144.0031,70.0805],[-144.0047,70.0806],[-144.006,70.0806],[-144.008,70.0807],[-144.0098,70.0807]]},"properties":{}},{"type":"Feature","geometry":{"type":"LineString","coordinates":[[-143.675,70.134],[-143.6864,70.1334],[-143.7051,70.1321],[-143.7214,70.1308],[-143.7306,70.13],[-143.7375,70.1293],[-143.7423,70.129],[-143.7597,70.1273],[-143.7661,70.1266],[-143.7684,70.1256],[-143.7727,70.1249],[-143.7751,70.1243],[-143.7757,70.1241],[-143.7762,70.1238],[-143.7761,70.1236],[-143.7759,70.1235],[-143.7756,70.1235],[-143.7753,70.1235],[-143.7758,70.1236],[-143.7758,70.1237],[-143.7755,70.1239],[-143.7752,70.1241],[-143.7744,70.1243],[-143.7736,70.1243],[-143.7735,70.1241],[-143.7735,70.1239],[-143.7737,70.1237],[-143.7743,70.1235],[-143.7754,70.123],[-143.7764,70.1224],[-143.778,70.1219],[-143.7811,70.1205],[-143.7835,70.1199],[-143.7843,70.1195],[-143.7845,70.119],[-143.7839,70.1191],[-143.7837,70.1193],[-143.783,70.1193],[-143.7828,70.119],[-143.7832,70.1181],[-143.7822,70.118],[-143.7821,70.1183],[-143.7817,70.1184],[-143.7809,70.1184],[-143.7809,70.1186],[-143.7813,70.1188],[-143.7801,70.1192],[-143.7804,70.1195],[-143.7804,70.1197],[-143.7793,70.1203],[-143.7789,70.1207],[-143.7771,70.1216],[-143.7776,70.1206],[-143.7772,70.1201],[-143.7765,70.1196],[-143.7761,70.1189],[-143.7757,70.1182],[-143.7744,70.1175],[-143.7735,70.1164],[-143.7729,70.1146],[-143.7727,70.1135]]},"properties":{}},{"type":"Feature","geometry":{"type":"LineString","coordinates":[[-143.7721,70.113],[-143.7726,70.1147],[-143.7725,70.116],[-143.7718,70.117],[-143.7704,70.1188],[-143.7697,70.1207],[-143.7685,70.1216],[-143.7671,70.1221],[-143.7647,70.1221],[-143.7644,70.1229],[-143.7642,70.1234],[-143.7632,70.1235],[-143.7635,70.1242],[-143.7633,70.1247],[-143.7617,70.1252],[-143.7607,70.1258],[-143.7604,70.1261],[-143.7593,70.1264],[-143.7512,70.1275],[-143.744,70.1283],[-143.7321,70.1291],[-143.7312,70.1288],[-143.7318,70.1275],[-143.7341,70.1273],[-143.7362,70.1258],[-143.7328,70.1241],[-143.7313,70.1225],[-143.7331,70.1218],[-143.731,70.1209],[-143.7307,70.1204],[-143.7284,70.1183],[-143.7235,70.1165],[-143.7208,70.1165],[-143.7198,70.1159],[-143.719,70.115],[-143.7174,70.1142],[-143.7158,70.114],[-143.7143,70.1143],[-143.7086,70.1122],[-143.7059,70.1109],[-143.7023,70.1097],[-143.697,70.1092],[-143.6946,70.1086],[-143.6927,70.1074],[-143.69,70.1068],[-143.6875,70.106],[-143.6866,70.1047],[-143.6852,70.1035],[-143.6859,70.1019],[-143.6849,70.1011],[-143.6815,70.1007]]},"properties":{}},{"type":"Feature","geometry":{"type":"LineString","coordinates":[[-143.5354,70.1243],[-143.5355,70.1234],[-143.5351,70.1218],[-143.535,70.1203],[-143.5349,70.1191],[-143.5347,70.1184],[-143.5346,70.1179],[-143.5338,70.1163],[-143.5334,70.1157],[-143.5324,70.1144],[-143.5311,70.1133],[-143.5295,70.1122],[-143.5277,70.111],[-143.5265,70.1103],[-143.5255,70.1099],[-143.5218,70.1084],[-143.5206,70.1081],[-143.5187,70.1079],[-143.5185,70.1079],[-143.5176,70.1077],[-143.5174,70.1076],[-143.5166,70.1073],[-143.5161,70.1073],[-143.5156,70.1073],[-143.5153,70.1074],[-143.5154,70.1076],[-143.5158,70.1077],[-143.5162,70.1077],[-143.5167,70.1078],[-143.5174,70.1079],[-143.5178,70.108],[-143.5182,70.1081],[-143.5184,70.1081],[-143.5191,70.1082],[-143.5198,70.1082],[-143.5204,70.1083],[-143.5209,70.1085],[-143.5217,70.1086],[-143.5223,70.1088],[-143.5225,70.109],[-143.5228,70.1091],[-143.5231,70.1093],[-143.5235,70.1094],[-143.5235,70.1095],[-143.5233,70.1097],[-143.5229,70.1097],[-143.5206,70.1098],[-143.5202,70.1098],[-143.52,70.1099],[-143.5195,70.1099],[-143.5188,70.1099],[-143.5184,70.1099],[-143.5181,70.11],[-143.5171,70.11],[-143.5167,70.1099],[-143.5164,70.1099],[-143.5162,70.1099],[-143.5156,70.1099],[-143.5149,70.1098],[-143.5147,70.1098],[-143.5145,70.1098],[-143.5141,70.1098],[-143.5139,70.1098],[-143.5135,70.1098],[-143.5135,70.1096],[-143.5142,70.108],[-143.5144,70.1065],[-143.5149,70.1051],[-143.5148,70.1039],[-143.5148,70.1026],[-143.514,70.0995],[-143.5135,70.0982],[-143.5122,70.0957],[-143.5106,70.0932],[-143.5103,70.0929],[-143.5087,70.0911],[-143.5047,70.0879],[-143.5048,70.0878],[-143.5052,70.0877],[-143.5054,70.0876],[-143.5058,70.0876],[-143.5061,70.0876],[-143.5065,70.0876],[-143.507,70.0876],[-143.5074,70.0877],[-143.5078,70.0876],[-143.5088,70.0875],[-143.5096,70.0875],[-143.5102,70.0875],[-143.5108,70.0875],[-143.5113,70.0876],[-143.5116,70.0876],[-143.5119,70.0875],[-143.5121,70.0875],[-143.5129,70.0876],[-143.5132,70.0878],[-143.5134,70.0877],[-143.514,70.0878],[-143.5147,70.0879],[-143.5152,70.088],[-143.5154,70.088],[-143.5161,70.0881],[-143.5169,70.0882],[-143.5172,70.0883],[-143.5175,70.0883],[-143.5177,70.0884],[-143.5179,70.0887],[-143.5162,70.0915],[-143.5153,70.0933],[-143.5149,70.0946],[-143.5151,70.0975],[-143.5153,70.0989],[-143.5158,70.0998],[-143.5168,70.1033],[-143.5174,70.1048],[-143.5174,70.1048],[-143.5174,70.1049],[-143.5173,70.1049],[-143.5171,70.105],[-143.517,70.105],[-143.5168,70.105],[-143.5166,70.105],[-143.5166,70.1051],[-143.5165,70.1052],[-143.5163,70.1052],[-143.5162,70.1052],[-143.5162,70.1052],[-143.5162,70.1053],[-143.5163,70.1053],[-143.5163,70.1053],[-143.5165,70.1054],[-143.5166,70.1054],[-143.5167,70.1053],[-143.5172,70.1052],[-143.5177,70.105],[-143.5179,70.105],[-143.5179,70.1048],[-143.5178,70.1041],[-143.5171,70.1016],[-143.5165,70.0976],[-143.5163,70.0948],[-143.5167,70.0933],[-143.5176,70.091],[-143.5185,70.0887],[-143.5196,70.0876],[-143.5205,70.0868],[-143.5216,70.0861],[-143.5234,70.0848],[-143.5248,70.0839],[-143.5276,70.0822],[-143.5297,70.0811],[-143.5323,70.08],[-143.5332,70.0797],[-143.5342,70.0794],[-143.5351,70.0794],[-143.5357,70.0793],[-143.5368,70.0793],[-143.5376,70.0793],[-143.538,70.0794],[-143.5385,70.0795],[-143.5391,70.0795],[-143.5395,70.0796],[-143.5403,70.0796],[-143.5408,70.0796],[-143.541,70.0795],[-143.541,70.0794],[-143.5409,70.0792],[-143.5401,70.0792],[-143.5395,70.0791],[-143.5389,70.0791],[-143.5384,70.0791],[-143.5381,70.0791],[-143.5379,70.0791],[-143.5374,70.0789],[-143.5372,70.0787],[-143.5373,70.0786],[-143.5375,70.0785],[-143.5376,70.0783],[-143.5376,70.0782],[-143.5375,70.078],[-143.5374,70.0779],[-143.5368,70.0776],[-143.5364,70.0774],[-143.5362,70.0772],[-143.5364,70.0771],[-143.5362,70.0769],[-143.5366,70.0768],[-143.5368,70.0766],[-143.5367,70.0765],[-143.5362,70.0764],[-143.5357,70.0764],[-143.5352,70.0764],[-143.5347,70.0765],[-143.5347,70.0762],[-143.5349,70.0761],[-143.5351,70.076],[-143.5355,70.0758],[-143.5358,70.0757],[-143.5362,70.0757],[-143.5366,70.0757],[-143.5374,70.0758],[-143.5381,70.0761],[-143.5383,70.0762],[-143.5387,70.0764],[-143.5391,70.0767],[-143.5392,70.077],[-143.5394,70.0773],[-143.54,70.0776],[-143.5409,70.0778],[-143.5418,70.078],[-143.5422,70.0782],[-143.5426,70.0783],[-143.5432,70.0784],[-143.5437,70.0785],[-143.5441,70.0786],[-143.5446,70.0787],[-143.5455,70.0787],[-143.5461,70.0787],[-143.5472,70.0787],[-143.5476,70.0789],[-143.5481,70.079],[-143.5485,70.079],[-143.5494,70.079],[-143.5501,70.079],[-143.5506,70.0791],[-143.5508,70.0791],[-143.5512,70.0796],[-143.5512,70.0798],[-143.5512,70.08],[-143.5514,70.0802],[-143.5516,70.0805],[-143.5516,70.0806],[-143.5512,70.0807],[-143.5511,70.0808],[-143.5512,70.0809],[-143.5522,70.081],[-143.5525,70.0812],[-143.5533,70.0813],[-143.5545,70.0815],[-143.5549,70.0816],[-143.5558,70.082],[-143.5566,70.0823],[-143.5568,70.0826],[-143.5572,70.0828],[-143.5574,70.083],[-143.5573,70.0832],[-143.5569,70.0834],[-143.5565,70.0834],[-143.5559,70.0834],[-143.5557,70.0834],[-143.5554,70.0835],[-143.5555,70.0836],[-143.5557,70.0836],[-143.5566,70.0837],[-143.5573,70.0836],[-143.5577,70.0835],[-143.5583,70.0834],[-143.559,70.083],[-143.5599,70.0828],[-143.5607,70.0826],[-143.5616,70.0824],[-143.5622,70.0824],[-143.5632,70.0824],[-143.5639,70.0823],[-143.5647,70.0822],[-143.566,70.0821],[-143.567,70.082],[-143.568,70.0819],[-143.5689,70.0819],[-143.5697,70.0818],[-143.5704,70.0818],[-143.5709,70.0818],[-143.5718,70.0819],[-143.5724,70.0819],[-143.573,70.0821],[-143.5735,70.0823],[-143.5739,70.0824],[-143.5748,70.0824],[-143.5754,70.0824],[-143.5764,70.0823],[-143.5778,70.0821],[-143.579,70.0819],[-143.5801,70.0817],[-143.5817,70.0813],[-143.584,70.0808],[-143.5854,70.0804],[-143.5862,70.0802],[-143.5873,70.0799],[-143.5886,70.0797],[-143.5896,70.0796],[-143.59,70.0795],[-143.5904,70.0795],[-143.5908,70.0795],[-143.5914,70.0795],[-143.592,70.0794],[-143.5927,70.0795],[-143.593,70.0795],[-143.5936,70.0796],[-143.594,70.0796],[-143.5944,70.0797],[-143.5952,70.0797],[-143.5962,70.0797],[-143.5968,70.0796],[-143.5976,70.0795],[-143.5983,70.0794],[-143.5994,70.0791],[-143.6003,70.0789],[-143.6012,70.0788],[-143.602,70.0788],[-143.6037,70.0787],[-143.6044,70.0787],[-143.6049,70.0787],[-143.6056,70.0788],[-143.6062,70.0789],[-143.6069,70.0789],[-143.6076,70.0789],[-143.6081,70.0789],[-143.6087,70.0789],[-143.6094,70.079],[-143.6097,70.0789],[-143.6099,70.0789],[-143.6101,70.0789],[-143.6103,70.0788],[-143.6107,70.0786],[-143.6108,70.0785],[-143.611,70.0784],[-143.6115,70.0782],[-143.6121,70.078],[-143.6131,70.0778],[-143.615,70.0775],[-143.6159,70.0775],[-143.6163,70.0774],[-143.6167,70.0773],[-143.6177,70.0771],[-143.6183,70.077],[-143.619,70.0769],[-143.6195,70.0768],[-143.6199,70.0766],[-143.6205,70.0765],[-143.6209,70.0764],[-143.6218,70.0763],[-143.6224,70.0762],[-143.6227,70.0761],[-143.623,70.0761],[-143.6238,70.0759],[-143.6244,70.0758],[-143.6248,70.0758],[-143.6253,70.0758],[-143.626,70.0757],[-143.6269,70.0756],[-143.6276,70.0756],[-143.6287,70.0756],[-143.6296,70.0756],[-143.6299,70.0755],[-143.6306,70.0754],[-143.6315,70.0755],[-143.6325,70.0756],[-143.6329,70.0756],[-143.6341,70.0755],[-143.6348,70.0755],[-143.6353,70.0755],[-143.6358,70.0754],[-143.6362,70.0755],[-143.6368,70.0754],[-143.6374,70.0754],[-143.6383,70.0752],[-143.6397,70.075],[-143.6401,70.075],[-143.6404,70.0749],[-143.6408,70.0748],[-143.6413,70.0748],[-143.6417,70.0747],[-143.642,70.0747],[-143.6423,70.0748],[-143.6425,70.0748],[-143.6428,70.0747],[-143.643,70.0747],[-143.6431,70.0745],[-143.6427,70.0743],[-143.6427,70.0741],[-143.643,70.0739],[-143.6433,70.0738],[-143.6438,70.0736],[-143.6445,70.0734],[-143.6449,70.0733],[-143.6453,70.0731],[-143.6457,70.073],[-143.6461,70.0728],[-143.6469,70.0724],[-143.6473,70.0723],[-143.6478,70.0723],[-143.6487,70.0721],[-143.6494,70.072],[-143.6497,70.0721],[-143.6502,70.0722],[-143.651,70.0723],[-143.6511,70.0724],[-143.6511,70.0724],[-143.6513,70.0725],[-143.6516,70.0726],[-143.652,70.0725],[-143.6524,70.0724],[-143.6529,70.0724],[-143.6533,70.0725],[-143.6539,70.0726],[-143.6542,70.0726],[-143.6545,70.0726],[-143.6549,70.0726],[-143.6553,70.0725],[-143.6556,70.0725],[-143.656,70.0724],[-143.6562,70.0724],[-143.6566,70.0723],[-143.6568,70.0723],[-143.6569,70.0722],[-143.657,70.072],[-143.6572,70.0719],[-143.6572,70.0717],[-143.6572,70.0716],[-143.6572,70.0714],[-143.6571,70.0713],[-143.657,70.0712],[-143.657,70.0711],[-143.6569,70.071],[-143.6569,70.0708],[-143.6567,70.0708],[-143.6564,70.0707],[-143.6561,70.0707],[-143.656,70.0706],[-143.6558,70.0705],[-143.6556,70.0704],[-143.6556,70.0702],[-143.6556,70.0702],[-143.6558,70.0701],[-143.656,70.07],[-143.656,70.07],[-143.6559,70.0699],[-143.6558,70.0698],[-143.6559,70.0698],[-143.6559,70.0697],[-143.6561,70.0697],[-143.6562,70.0698],[-143.6564,70.0699],[-143.6565,70.07],[-143.6565,70.0701],[-143.6565,70.0703],[-143.6565,70.0704],[-143.6567,70.0706],[-143.6569,70.0707],[-143.6572,70.0708],[-143.6573,70.0708],[-143.6575,70.071],[-143.6575,70.0711],[-143.6578,70.0712],[-143.6579,70.0712],[-143.6581,70.0712],[-143.6583,70.0712],[-143.6584,70.0714],[-143.6582,70.0715],[-143.6582,70.0716],[-143.6584,70.0718],[-143.6584,70.0719],[-143.6584,70.072],[-143.6581,70.0722],[-143.658,70.0723],[-143.6577,70.0724],[-143.6577,70.0726],[-143.6577,70.0726],[-143.6578,70.0728],[-143.6584,70.0729],[-143.6586,70.0731],[-143.6588,70.0732],[-143.6588,70.0734],[-143.6588,70.0735],[-143.6587,70.0736],[-143.6587,70.0737],[-143.6589,70.0738],[-143.6593,70.074],[-143.6596,70.0741],[-143.6601,70.0743],[-143.6606,70.0746],[-143.6613,70.075],[-143.6615,70.0752],[-143.6617,70.0754],[-143.662,70.0756],[-143.6622,70.0757],[-143.6623,70.0758],[-143.6624,70.0759],[-143.6627,70.0761],[-143.663,70.0761],[-143.6633,70.0761],[-143.6638,70.0761],[-143.6643,70.076],[-143.6648,70.0761],[-143.6653,70.0761],[-143.6658,70.076],[-143.6663,70.076],[-143.6668,70.0761],[-143.667,70.0761],[-143.6673,70.0761],[-143.6676,70.0761],[-143.6679,70.0761],[-143.6684,70.0761],[-143.6686,70.0761],[-143.6688,70.0762],[-143.669,70.0762],[-143.6697,70.0763],[-143.6697,70.0762],[-143.6697,70.0761],[-143.6697,70.0761],[-143.6699,70.0759],[-143.67,70.0757],[-143.6699,70.0757],[-143.6696,70.0756],[-143.6693,70.0756],[-143.6689,70.0756],[-143.6686,70.0756],[-143.6686,70.0756],[-143.6683,70.0756],[-143.6682,70.0755],[-143.6681,70.0754],[-143.6681,70.0753],[-143.6683,70.0753],[-143.6685,70.0752],[-143.6688,70.0752],[-143.6694,70.0752],[-143.6697,70.0752],[-143.67,70.0751],[-143.6701,70.0751],[-143.67,70.0749],[-143.6701,70.0748],[-143.6702,70.0748],[-143.6709,70.0746],[-143.6712,70.0745],[-143.6715,70.0745],[-143.6717,70.0745],[-143.6721,70.0746],[-143.6725,70.0745],[-143.6729,70.0745],[-143.6732,70.0744],[-143.6733,70.0743],[-143.6735,70.0743],[-143.6737,70.0743],[-143.6739,70.0742],[-143.674,70.0741],[-143.674,70.074],[-143.6741,70.0739],[-143.6743,70.0738],[-143.6746,70.0737],[-143.675,70.0736],[-143.6751,70.0736],[-143.6752,70.0735],[-143.6753,70.0733],[-143.6753,70.0732],[-143.6751,70.0731],[-143.6751,70.0729],[-143.6751,70.0727],[-143.6752,70.0726],[-143.6752,70.0725],[-143.6752,70.0724],[-143.6752,70.0723],[-143.6756,70.0722],[-143.6759,70.0722],[-143.6761,70.0722],[-143.6772,70.0721],[-143.679,70.0721],[-143.6792,70.0723],[-143.6796,70.0724],[-143.68,70.0725],[-143.68,70.0726],[-143.6801,70.0728],[-143.6801,70.0729],[-143.68,70.0731],[-143.6798,70.0734],[-143.6796,70.0735],[-143.6792,70.0737],[-143.6787,70.0739],[-143.6785,70.0742],[-143.6784,70.0743],[-143.6783,70.0745],[-143.6781,70.0746],[-143.6778,70.0747],[-143.6774,70.0747],[-143.677,70.0748],[-143.6769,70.0748],[-143.6764,70.0749],[-143.6763,70.0749],[-143.6761,70.075],[-143.6759,70.075],[-143.6738,70.0752],[-143.6732,70.0755],[-143.6728,70.076],[-143.6729,70.0764],[-143.6731,70.0766],[-143.6734,70.0767],[-143.6733,70.0769],[-143.6733,70.077],[-143.6735,70.0773],[-143.6735,70.0774],[-143.6734,70.0775],[-143.6733,70.0776],[-143.673,70.0777],[-143.6726,70.0778],[-143.6725,70.0778],[-143.672,70.0779],[-143.672,70.0781],[-143.6721,70.0783],[-143.6722,70.0784],[-143.6724,70.0787],[-143.6725,70.0789],[-143.6726,70.0791],[-143.6726,70.0793],[-143.6729,70.0796],[-143.6729,70.0799],[-143.6729,70.0802],[-143.6728,70.0804],[-143.6727,70.0805],[-143.6726,70.0806],[-143.6724,70.0809],[-143.6721,70.081],[-143.6721,70.0811],[-143.6721,70.0812],[-143.672,70.0814],[-143.672,70.0815],[-143.6717,70.0817],[-143.671,70.0821],[-143.6703,70.0824],[-143.6699,70.0825],[-143.6696,70.0826],[-143.6695,70.0828],[-143.6697,70.083],[-143.6698,70.0831],[-143.6702,70.0833],[-143.6707,70.0834],[-143.6713,70.0834],[-143.6722,70.0834],[-143.6734,70.0833],[-143.674,70.0831],[-143.6748,70.0831],[-143.6753,70.083],[-143.6756,70.0829],[-143.6767,70.0826],[-143.6775,70.0823],[-143.6777,70.0822],[-143.6784,70.0822],[-143.679,70.0822],[-143.6795,70.0821],[-143.68,70.082],[-143.6805,70.0819],[-143.6812,70.0819],[-143.6816,70.0819],[-143.6821,70.0818],[-143.6825,70.0818],[-143.6836,70.0819],[-143.6848,70.0819],[-143.6855,70.0819],[-143.6861,70.0819],[-143.6865,70.082],[-143.6873,70.0822],[-143.6879,70.0825],[-143.688,70.0827],[-143.6877,70.0829],[-143.6877,70.0831],[-143.6882,70.0833],[-143.6884,70.0836],[-143.6885,70.0838],[-143.6887,70.0841],[-143.6889,70.0843],[-143.6893,70.0846],[-143.6895,70.0848],[-143.6893,70.085],[-143.6895,70.0852],[-143.6898,70.0854],[-143.6901,70.0856],[-143.6904,70.0857],[-143.6905,70.0858],[-143.6909,70.086],[-143.6911,70.086],[-143.6916,70.086],[-143.6919,70.086],[-143.6923,70.0859],[-143.6929,70.0858],[-143.6935,70.0857],[-143.6938,70.0856],[-143.6944,70.0855],[-143.6949,70.0855],[-143.6958,70.0855],[-143.6964,70.0854],[-143.697,70.0853],[-143.6977,70.0853],[-143.6984,70.0852],[-143.6989,70.085],[-143.6998,70.0846],[-143.6997,70.0845],[-143.6995,70.0843],[-143.6994,70.0841],[-143.6994,70.084],[-143.6996,70.0838],[-143.7003,70.0839],[-143.7005,70.084],[-143.7008,70.0844],[-143.7009,70.0845],[-143.7009,70.0846],[-143.7012,70.0849],[-143.7018,70.0852],[-143.7025,70.0854],[-143.7032,70.0856],[-143.7036,70.0858],[-143.7038,70.0861],[-143.7042,70.0861],[-143.7048,70.0864],[-143.7052,70.0867],[-143.7055,70.0869],[-143.7057,70.0873],[-143.7054,70.0878],[-143.7055,70.0881],[-143.7055,70.0883],[-143.7054,70.0887],[-143.7054,70.0889],[-143.7054,70.089],[-143.7052,70.0893],[-143.705,70.0895],[-143.7049,70.0896],[-143.705,70.0898],[-143.7051,70.09],[-143.7051,70.0902],[-143.7051,70.0903],[-143.705,70.0905],[-143.7046,70.0907],[-143.7041,70.0908],[-143.7039,70.091],[-143.7036,70.0911],[-143.703,70.0912],[-143.7024,70.0914],[-143.7015,70.0915],[-143.7006,70.0915],[-143.7001,70.0916],[-143.6998,70.0917],[-143.699,70.0917],[-143.6983,70.0917],[-143.6978,70.0917],[-143.6974,70.0917],[-143.6964,70.0917],[-143.6953,70.0916],[-143.6943,70.0916],[-143.6934,70.0916],[-143.6931,70.0915],[-143.6919,70.0917],[-143.6909,70.0919],[-143.6902,70.092],[-143.6896,70.0922],[-143.6892,70.0923],[-143.6887,70.0925],[-143.6882,70.0927],[-143.6881,70.0928],[-143.6878,70.093],[-143.6874,70.0932],[-143.6872,70.0934],[-143.6869,70.0936],[-143.6866,70.0937],[-143.6863,70.0939],[-143.6861,70.0941],[-143.6863,70.0943],[-143.6864,70.0945],[-143.6863,70.0949],[-143.686,70.0952],[-143.6859,70.0954],[-143.6859,70.0956],[-143.6861,70.096],[-143.6864,70.0963],[-143.6866,70.0966],[-143.6867,70.097],[-143.687,70.0972],[-143.6872,70.0974],[-143.6875,70.0977],[-143.6876,70.0979],[-143.6877,70.0981],[-143.6879,70.0983]]},"properties":{}},{"type":"Feature","geometry":{"type":"LineString","coordinates":[[-143.6815,70.1007],[-143.6798,70.1001],[-143.6765,70.0996],[-143.6785,70.0894],[-143.68,70.0895],[-143.6815,70.0893],[-143.6828,70.0887],[-143.6837,70.088],[-143.6831,70.0864],[-143.6799,70.0855],[-143.6761,70.0854],[-143.6711,70.0858],[-143.6692,70.0862],[-143.6676,70.0857],[-143.6648,70.0859],[-143.6657,70.0881],[-143.6665,70.0897],[-143.6666,70.0905],[-143.6643,70.0914],[-143.6642,70.0992],[-143.6664,70.0995],[-143.6655,70.1],[-143.6671,70.1],[-143.6687,70.1013],[-143.6677,70.1031],[-143.6665,70.1032],[-143.6629,70.1027],[-143.6625,70.1002],[-143.664,70.1002],[-143.6641,70.0997],[-143.6603,70.0997],[-143.6595,70.1004],[-143.6552,70.101],[-143.6566,70.1018],[-143.6567,70.1036],[-143.6497,70.1017],[-143.6483,70.1021],[-143.647,70.1027],[-143.6445,70.103],[-143.6431,70.1034],[-143.643,70.1038],[-143.6438,70.1042],[-143.6443,70.1046],[-143.6403,70.1042],[-143.6389,70.1038],[-143.6376,70.104],[-143.637,70.105],[-143.634,70.1056],[-143.6324,70.1063],[-143.6301,70.1069],[-143.6265,70.1069],[-143.6244,70.1074],[-143.6229,70.1079],[-143.6191,70.1083],[-143.6183,70.1079],[-143.6175,70.1078],[-143.6136,70.1105],[-143.6113,70.1121],[-143.6082,70.1139],[-143.6061,70.1145],[-143.6046,70.1152],[-143.6029,70.1162],[-143.6006,70.1182],[-143.5988,70.1223],[-143.5977,70.124],[-143.5964,70.1268],[-143.5957,70.1282],[-143.5954,70.1294],[-143.5951,70.1299],[-143.595,70.1301],[-143.5945,70.1308],[-143.5944,70.131],[-143.5944,70.1312],[-143.5945,70.1313],[-143.5947,70.1313],[-143.5949,70.1314],[-143.5951,70.1315],[-143.5955,70.1315],[-143.5958,70.1316],[-143.5961,70.1316],[-143.5964,70.1317],[-143.5965,70.1317],[-143.5966,70.1318]]},"properties":{}},{"type":"Feature","geometry":{"type":"LineString","coordinates":[[-143.7727,70.1135],[-143.7721,70.113]]},"properties":{}},{"type":"Feature","geometry":{"type":"LineString","coordinates":[[-143.6199,70.1345],[-143.6225,70.1345],[-143.6259,70.1342],[-143.6273,70.1342],[-143.6294,70.1339],[-143.6314,70.1337],[-143.6337,70.1337],[-143.638,70.1337],[-143.6473,70.1338],[-143.6552,70.1339],[-143.658,70.1341],[-143.6588,70.1341],[-143.6597,70.1341],[-143.6624,70.1339],[-143.675,70.134]]},"properties":{}},{"type":"Feature","geometry":{"type":"LineString","coordinates":[[-143.5513,70.1312],[-143.5511,70.1314],[-143.551,70.1315],[-143.5508,70.1318],[-143.5505,70.1319],[-143.5501,70.1323],[-143.5495,70.1331],[-143.5494,70.1334],[-143.5493,70.1338],[-143.5493,70.1343],[-143.5495,70.1347],[-143.5497,70.1351],[-143.5503,70.1357],[-143.5506,70.1359],[-143.551,70.136],[-143.5513,70.1361],[-143.5521,70.1362],[-143.5528,70.1362],[-143.5533,70.1362],[-143.5536,70.1362],[-143.5538,70.1361],[-143.5538,70.136],[-143.5539,70.1358],[-143.5538,70.1356],[-143.5537,70.1355],[-143.5534,70.1355],[-143.5532,70.1355],[-143.5525,70.1354],[-143.5522,70.1354],[-143.5521,70.1353],[-143.5521,70.1353],[-143.5522,70.1351],[-143.5525,70.135],[-143.5528,70.1346],[-143.5533,70.1342],[-143.5534,70.1341],[-143.5536,70.134],[-143.554,70.1339],[-143.5545,70.1338],[-143.5549,70.1336],[-143.5553,70.1336],[-143.5557,70.1335],[-143.5561,70.1335],[-143.5563,70.1335],[-143.5569,70.1335],[-143.5573,70.1336],[-143.5583,70.1337],[-143.5592,70.1338],[-143.5599,70.1339],[-143.5599,70.134],[-143.5602,70.1341],[-143.5603,70.1341],[-143.5605,70.1342],[-143.5607,70.1341],[-143.5609,70.1341],[-143.5611,70.1341],[-143.5614,70.1341],[-143.5617,70.1341],[-143.5621,70.1342],[-143.5624,70.1343],[-143.5625,70.1343],[-143.5632,70.1343],[-143.5635,70.1343],[-143.5639,70.1342],[-143.5643,70.1341],[-143.5647,70.134],[-143.5655,70.134],[-143.5668,70.1341],[-143.5676,70.1341],[-143.568,70.1341],[-143.5684,70.1342],[-143.569,70.1344],[-143.5693,70.1344],[-143.5698,70.1346],[-143.5702,70.1346],[-143.5708,70.1346],[-143.5716,70.1346],[-143.5723,70.1346],[-143.5727,70.1345],[-143.5735,70.1343],[-143.5739,70.1342],[-143.5758,70.1342],[-143.577,70.1343],[-143.5778,70.1343],[-143.579,70.1345],[-143.5799,70.1346],[-143.5812,70.1347],[-143.5823,70.1348],[-143.5832,70.1349],[-143.5839,70.1351],[-143.5846,70.1352],[-143.5851,70.1353],[-143.5857,70.1353],[-143.5862,70.1353],[-143.5865,70.1353],[-143.5868,70.1354],[-143.587,70.1355],[-143.5877,70.1359],[-143.5881,70.1362],[-143.5886,70.1363],[-143.5891,70.1364],[-143.5893,70.1364],[-143.5901,70.1364],[-143.5908,70.1364],[-143.5916,70.1365],[-143.592,70.1366],[-143.5932,70.1365],[-143.594,70.1366],[-143.5946,70.1365],[-143.5955,70.1364],[-143.596,70.1363],[-143.5968,70.1363],[-143.5972,70.1363],[-143.5983,70.1362],[-143.5989,70.1361],[-143.5994,70.136],[-143.6,70.1359],[-143.6007,70.1359],[-143.6014,70.1358],[-143.6018,70.1356],[-143.6024,70.1355],[-143.6028,70.1355],[-143.6034,70.1355],[-143.6039,70.1355],[-143.6043,70.1355],[-143.6047,70.1354],[-143.6049,70.1353],[-143.6052,70.1354],[-143.6063,70.1354],[-143.6069,70.1354],[-143.6075,70.1353],[-143.6088,70.1352],[-143.6095,70.1351],[-143.6102,70.1349],[-143.6107,70.1349],[-143.6111,70.1347],[-143.6115,70.1346],[-143.6122,70.1345],[-143.6127,70.1344],[-143.6131,70.1343],[-143.6134,70.1342],[-143.6136,70.1343],[-143.6143,70.1344],[-143.6147,70.1345],[-143.6151,70.1345],[-143.6161,70.1344],[-143.617,70.1344],[-143.6184,70.1345],[-143.6199,70.1345]]},"properties":{}},{"type":"Feature","geometry":{"type":"LineString","coordinates":[[-143.6016,70.1451],[-143.6032,70.1449],[-143.605,70.1447],[-143.6071,70.1444],[-143.6086,70.144],[-143.6105,70.1436],[-143.6146,70.1425],[-143.6152,70.1423],[-143.6158,70.142],[-143.6162,70.1416],[-143.6162,70.1415],[-143.6158,70.1412],[-143.6152,70.141],[-143.6149,70.1411],[-143.6149,70.1412],[-143.615,70.1413],[-143.6151,70.1414],[-143.6148,70.1419],[-143.6144,70.1423],[-143.6131,70.1427],[-143.6127,70.1428],[-143.6128,70.1427],[-143.6129,70.1426],[-143.613,70.1424],[-143.613,70.1423],[-143.6128,70.1423],[-143.6128,70.1423],[-143.6128,70.1424],[-143.6127,70.1425],[-143.6126,70.1427],[-143.6124,70.1428],[-143.6122,70.143],[-143.6119,70.143],[-143.6112,70.1432],[-143.6107,70.1433],[-143.611,70.1432],[-143.6115,70.1431],[-143.6118,70.1429],[-143.6121,70.1428],[-143.6121,70.1427],[-143.612,70.1426],[-143.6116,70.1425],[-143.6113,70.1425],[-143.6111,70.1425],[-143.611,70.1426],[-143.611,70.1427],[-143.611,70.1427],[-143.611,70.1428],[-143.6109,70.1428],[-143.6108,70.1429],[-143.6107,70.143],[-143.6104,70.1431],[-143.6103,70.1432],[-143.6099,70.1435],[-143.6094,70.1436],[-143.6087,70.1437],[-143.6084,70.1438],[-143.608,70.1439],[-143.6079,70.1438],[-143.6078,70.1438],[-143.6078,70.1438],[-143.608,70.1437],[-143.6082,70.1437],[-143.6085,70.1436],[-143.6088,70.1435],[-143.609,70.1435],[-143.609,70.1434],[-143.6088,70.1433],[-143.6083,70.1433],[-143.6072,70.1433],[-143.6064,70.1433],[-143.6061,70.1434],[-143.6059,70.1436],[-143.6057,70.1437],[-143.6055,70.1437],[-143.6051,70.1436],[-143.6051,70.1436],[-143.6053,70.1435],[-143.6055,70.1433],[-143.6056,70.1432],[-143.606,70.143],[-143.6063,70.1429],[-143.6065,70.1427],[-143.6072,70.1423],[-143.6082,70.1418],[-143.6096,70.141],[-143.613,70.1396],[-143.6139,70.1391],[-143.6145,70.1388],[-143.6149,70.1382],[-143.615,70.1374],[-143.6148,70.1369],[-143.6144,70.1367],[-143.6137,70.1366],[-143.613,70.1367],[-143.6122,70.1371],[-143.6122,70.1373],[-143.6124,70.1374],[-143.6128,70.1375],[-143.6131,70.1377],[-143.6134,70.1379],[-143.6136,70.138],[-143.6135,70.1382],[-143.6133,70.1384],[-143.6131,70.1385],[-143.6124,70.1386],[-143.6118,70.1388],[-143.6113,70.1389],[-143.6106,70.139],[-143.6096,70.1392],[-143.6082,70.1392],[-143.6069,70.1392],[-143.6063,70.1393],[-143.6059,70.1395],[-143.6056,70.1398],[-143.6049,70.1403],[-143.6045,70.1409],[-143.6043,70.1412],[-143.6042,70.1416],[-143.6039,70.1419],[-143.6037,70.1423],[-143.6037,70.1425],[-143.6037,70.1426],[-143.6032,70.1427],[-143.6024,70.1427],[-143.6021,70.1427],[-143.6015,70.1426],[-143.6013,70.1425],[-143.6011,70.1423],[-143.6011,70.1422],[-143.6011,70.1419],[-143.601,70.1416],[-143.6008,70.1414],[-143.6002,70.1409],[-143.5998,70.1407],[-143.5991,70.1404],[-143.5988,70.1403],[-143.5976,70.1399],[-143.5969,70.1397],[-143.5964,70.1398],[-143.5956,70.1399],[-143.5954,70.1401],[-143.5954,70.1405],[-143.596,70.1407],[-143.5966,70.141],[-143.5976,70.1413],[-143.5983,70.1416],[-143.5985,70.1419],[-143.5984,70.1421],[-143.5981,70.1423],[-143.598,70.1425],[-143.5981,70.1427],[-143.5982,70.1428],[-143.5975,70.1431],[-143.5969,70.1434],[-143.5965,70.1435],[-143.5959,70.1434],[-143.5957,70.1433],[-143.5956,70.1431],[-143.5952,70.1426],[-143.5954,70.1416],[-143.5953,70.1412],[-143.5951,70.141],[-143.5945,70.1407],[-143.5939,70.1404],[-143.5934,70.1402],[-143.5916,70.1398],[-143.5907,70.1394],[-143.5901,70.1392],[-143.5894,70.139],[-143.5888,70.1389],[-143.5885,70.1388],[-143.5881,70.1386],[-143.5876,70.1384],[-143.587,70.1382],[-143.5861,70.138],[-143.5856,70.1378],[-143.5852,70.1378],[-143.585,70.1381],[-143.5851,70.1384],[-143.5852,70.1385],[-143.5853,70.1387],[-143.5858,70.1389],[-143.5861,70.1391],[-143.5869,70.1392],[-143.5875,70.1393],[-143.5881,70.1394],[-143.5885,70.1395],[-143.5891,70.1398],[-143.5894,70.1399],[-143.5898,70.1401],[-143.59,70.1402],[-143.5902,70.1404],[-143.5906,70.1409],[-143.5908,70.1412],[-143.5911,70.1414],[-143.5909,70.1417],[-143.5905,70.1421],[-143.5901,70.1423],[-143.5896,70.1424],[-143.5896,70.1427],[-143.5895,70.143],[-143.589,70.1434],[-143.5884,70.1436],[-143.588,70.1438],[-143.587,70.1438],[-143.5866,70.1437],[-143.586,70.1434],[-143.586,70.1432],[-143.586,70.1428],[-143.5866,70.1422],[-143.5869,70.1418],[-143.5873,70.1412],[-143.5871,70.141],[-143.5866,70.1409],[-143.5851,70.1407],[-143.5839,70.1406],[-143.5828,70.1405],[-143.5803,70.1403],[-143.5801,70.1403],[-143.5799,70.1404],[-143.5792,70.1417],[-143.5783,70.1427],[-143.5768,70.1439],[-143.5756,70.1445],[-143.5743,70.145],[-143.5739,70.1451],[-143.5735,70.1451],[-143.5727,70.1451],[-143.5719,70.1451],[-143.571,70.1452],[-143.57,70.1453],[-143.569,70.1453],[-143.5679,70.1453],[-143.5667,70.1453],[-143.5656,70.1452],[-143.5647,70.1452],[-143.5643,70.1452],[-143.5639,70.1452],[-143.5633,70.1453],[-143.5625,70.1451],[-143.562,70.1451],[-143.5612,70.145],[-143.5606,70.1449],[-143.5603,70.1448],[-143.5596,70.1448],[-143.5585,70.1447],[-143.5574,70.1446],[-143.5569,70.1445],[-143.5563,70.1444],[-143.5555,70.1444],[-143.5548,70.1444],[-143.5542,70.1443],[-143.5532,70.1442],[-143.552,70.144],[-143.5504,70.1439],[-143.5491,70.1438],[-143.5489,70.1437],[-143.5485,70.1437],[-143.5483,70.1437],[-143.548,70.1436],[-143.5478,70.1436],[-143.5473,70.1436],[-143.547,70.1435],[-143.5466,70.1434],[-143.5463,70.1434],[-143.5455,70.1432],[-143.5449,70.1431],[-143.5444,70.143],[-143.5438,70.1428],[-143.5431,70.1426],[-143.5427,70.1425],[-143.5422,70.1425],[-143.5412,70.1424],[-143.5405,70.1423],[-143.5401,70.1423],[-143.5397,70.1422],[-143.5394,70.1421],[-143.5391,70.142],[-143.5387,70.142],[-143.5383,70.1419],[-143.5381,70.1419],[-143.5376,70.1418],[-143.5374,70.1417],[-143.5366,70.1415],[-143.5362,70.1414],[-143.5352,70.1413],[-143.5343,70.1411],[-143.5329,70.1408],[-143.5317,70.1405],[-143.5297,70.1401],[-143.5291,70.14],[-143.5286,70.1398],[-143.5281,70.1397],[-143.5276,70.1395],[-143.5273,70.1393],[-143.5269,70.1391],[-143.5259,70.1386],[-143.5245,70.1381],[-143.5231,70.1377],[-143.522,70.1375],[-143.5216,70.1375],[-143.5213,70.1376],[-143.5212,70.1378],[-143.5214,70.1378],[-143.5218,70.1378],[-143.522,70.1379],[-143.5219,70.1379],[-143.5216,70.138],[-143.5211,70.138],[-143.5204,70.1379],[-143.5198,70.1379],[-143.5194,70.1378],[-143.5186,70.1377],[-143.5183,70.1375],[-143.5178,70.1373],[-143.5174,70.1372],[-143.5174,70.1371],[-143.517,70.1365],[-143.5169,70.1362],[-143.5169,70.1358],[-143.5167,70.1356],[-143.5166,70.1355],[-143.5163,70.1354],[-143.5158,70.1354],[-143.5152,70.1354],[-143.5146,70.1354],[-143.514,70.1355],[-143.5136,70.1355],[-143.5126,70.1355],[-143.5117,70.1355],[-143.5107,70.1354],[-143.5095,70.1354],[-143.5086,70.1354],[-143.5083,70.1354],[-143.508,70.1354],[-143.5075,70.1354],[-143.506,70.1353],[-143.5051,70.1352],[-143.5044,70.1352],[-143.5029,70.1351],[-143.5016,70.1349],[-143.5008,70.1347],[-143.5,70.1345],[-143.4996,70.1344],[-143.4983,70.1338],[-143.4968,70.1334],[-143.4978,70.133],[-143.4971,70.1327],[-143.4937,70.1324],[-143.4919,70.1323],[-143.4897,70.1322],[-143.487,70.1321],[-143.4855,70.1321],[-143.4845,70.1321],[-143.4789,70.1314],[-143.471,70.13],[-143.4637,70.1284],[-143.4615,70.1279],[-143.4589,70.1275],[-143.4571,70.1274],[-143.4546,70.127],[-143.4511,70.1262],[-143.4493,70.1258],[-143.4488,70.1255],[-143.4484,70.1252],[-143.4483,70.1251],[-143.4482,70.1248],[-143.4484,70.1247],[-143.4483,70.1245],[-143.4479,70.1245],[-143.4474,70.1245],[-143.4469,70.1244],[-143.4468,70.1243],[-143.4466,70.1242],[-143.4458,70.1242],[-143.4452,70.1242],[-143.4449,70.1243],[-143.4448,70.1245],[-143.4449,70.1247],[-143.4455,70.1249],[-143.4461,70.1252],[-143.4466,70.1254]]},"properties":{}},{"type":"Feature","geometry":{"type":"LineString","coordinates":[[-143.4466,70.1254],[-143.4471,70.1255],[-143.4478,70.1258],[-143.4481,70.1259],[-143.4489,70.126],[-143.4491,70.1261],[-143.4493,70.1262],[-143.45,70.1263],[-143.4506,70.1265],[-143.4515,70.1266],[-143.4522,70.1268],[-143.4537,70.127],[-143.4552,70.1273],[-143.4567,70.1275],[-143.4572,70.1276],[-143.458,70.1278],[-143.4591,70.128],[-143.4603,70.1281],[-143.463,70.1286],[-143.4646,70.129],[-143.4681,70.1298],[-143.4704,70.1302],[-143.4721,70.1304],[-143.473,70.1307],[-143.4761,70.1313],[-143.4784,70.1317],[-143.4809,70.1321],[-143.4836,70.1325],[-143.4867,70.1331],[-143.4875,70.1332],[-143.4889,70.1334],[-143.4907,70.1337],[-143.4932,70.1342],[-143.4964,70.1347],[-143.4997,70.1353],[-143.5021,70.1357],[-143.5045,70.1362],[-143.5065,70.1366],[-143.5101,70.1372],[-143.5117,70.1375],[-143.5128,70.1377],[-143.5142,70.1379],[-143.5152,70.1381],[-143.5177,70.1385],[-143.5195,70.1388],[-143.521,70.1391],[-143.5223,70.1393],[-143.5236,70.1396],[-143.525,70.1399],[-143.5263,70.1402],[-143.5297,70.1408],[-143.532,70.1412],[-143.5402,70.1427],[-143.5445,70.1434],[-143.5501,70.1442],[-143.5545,70.1447],[-143.5586,70.1452],[-143.5643,70.1457],[-143.5678,70.1459],[-143.5706,70.146],[-143.5747,70.1459],[-143.5767,70.146],[-143.5789,70.1461],[-143.5805,70.1461],[-143.5841,70.146],[-143.5881,70.146],[-143.5907,70.1459],[-143.5921,70.1459],[-143.5947,70.1459],[-143.5973,70.1457],[-143.6004,70.1453],[-143.6016,70.1451]]},"properties":{}},{"type":"Feature","geometry":{"type":"LineString","coordinates":[[-143.5966,70.1318],[-143.5967,70.1317],[-143.5967,70.1317],[-143.5967,70.1317],[-143.5967,70.1317],[-143.5965,70.1317],[-143.5964,70.1316],[-143.5961,70.1316],[-143.5958,70.1315],[-143.5952,70.1314],[-143.5949,70.1313],[-143.5948,70.1312],[-143.5947,70.1312],[-143.5946,70.1311],[-143.5946,70.131],[-143.5947,70.1309],[-143.5949,70.1306],[-143.5952,70.1303],[-143.5956,70.1303],[-143.5961,70.1303],[-143.5967,70.1304],[-143.5976,70.1304],[-143.5982,70.1301],[-143.5986,70.1294],[-143.598,70.129],[-143.5972,70.129],[-143.5967,70.129],[-143.5962,70.1289],[-143.5964,70.1287],[-143.5971,70.1287],[-143.5974,70.1285],[-143.5962,70.1283],[-143.5965,70.1281],[-143.5984,70.1279],[-143.603,70.1287],[-143.604,70.1284],[-143.6083,70.1286],[-143.6126,70.1294],[-143.6134,70.1297],[-143.6148,70.1303],[-143.6152,70.1308],[-143.6153,70.1312],[-143.6153,70.1314],[-143.6153,70.1321],[-143.6152,70.1325],[-143.6147,70.1327],[-143.6128,70.133],[-143.6105,70.1332],[-143.6093,70.1333],[-143.6072,70.1336],[-143.6064,70.1335],[-143.604,70.1336],[-143.6035,70.1338],[-143.6028,70.1338],[-143.6017,70.1337],[-143.601,70.1338],[-143.6002,70.1338],[-143.5995,70.1335],[-143.5984,70.1334]]},"properties":{}},{"type":"Feature","geometry":{"type":"LineString","coordinates":[[-143.5984,70.1334],[-143.5949,70.1337],[-143.5936,70.1339],[-143.5919,70.1338],[-143.5895,70.1338],[-143.5881,70.1334],[-143.5866,70.1336],[-143.584,70.1337],[-143.583,70.1336],[-143.5812,70.1337],[-143.5802,70.1336],[-143.5695,70.1335],[-143.5673,70.1332],[-143.5625,70.1327],[-143.5579,70.132],[-143.5564,70.1318],[-143.5559,70.1316],[-143.5551,70.1313],[-143.555,70.1312],[-143.5546,70.1313],[-143.5541,70.1314],[-143.5533,70.1316],[-143.5528,70.1316],[-143.5519,70.1313],[-143.5513,70.1312]]},"properties":{}}]}