{"type":"FeatureCollection","features":[{"type":"Feature","geometry":{"type":"LineString","coordinates":[[-126.8978,69.9961],[-126.8993,69.9961],[-126.9079,70.0003],[-126.9143,70.0042],[-126.9158,70.0042],[-126.922,70.0094],[-126.9235,70.0094],[-126.9449,70.0297],[-126.9495,70.0359],[-126.951,70.0359],[-126.9518,70.0367],[-126.9504,70.0367],[-126.9504,70.037],[-126.9519,70.0369],[-126.9537,70.0407],[-126.9547,70.041],[-126.9548,70.0422],[-126.9564,70.043],[-126.9563,70.0442],[-126.9585,70.0439],[-126.9586,70.0445],[-126.9571,70.0445],[-126.96,70.048],[-126.9615,70.048],[-126.9725,70.0615],[-126.9854,70.0745],[-126.9973,70.0875],[-127.01,70.0991],[-127.0098,70.1002],[-127.0113,70.1001],[-127.0133,70.1029],[-127.0148,70.1029],[-127.0143,70.1039],[-127.0158,70.1039],[-127.0159,70.1044],[-127.0143,70.1042],[-127.0181,70.1082],[-127.0204,70.1084],[-127.0203,70.1097],[-127.0309,70.1217],[-127.0326,70.1224],[-127.0324,70.1235],[-127.0336,70.1237],[-127.0451,70.1367],[-127.0661,70.157],[-127.0675,70.157],[-127.0725,70.163],[-127.074,70.163],[-127.0734,70.1635],[-127.0749,70.1637],[-127.0734,70.1637],[-127.0762,70.1663],[-127.0777,70.1662],[-127.0774,70.1667],[-127.0784,70.1677],[-127.0797,70.169],[-127.0825,70.1715],[-127.084,70.1714],[-127.0837,70.172],[-127.0877,70.1749],[-127.0892,70.1749],[-127.0902,70.1764],[-127.0918,70.1764],[-127.0903,70.1767],[-127.0913,70.1777],[-127.0922,70.1784],[-127.093,70.1789],[-127.0956,70.1804],[-127.0971,70.1813],[-127.1011,70.1845],[-127.105,70.1861],[-127.107,70.1874],[-127.1098,70.1902],[-127.1134,70.193],[-127.1169,70.1945],[-127.1175,70.1957],[-127.1191,70.196],[-127.1192,70.1968],[-127.1211,70.1985],[-127.1228,70.1995],[-127.1243,70.1995],[-127.1245,70.2007],[-127.1254,70.2015],[-127.1286,70.2019],[-127.1286,70.2024],[-127.1271,70.2025],[-127.1298,70.2045],[-127.1313,70.2044],[-127.1314,70.2054],[-127.1342,70.2074],[-127.1357,70.2084],[-127.1412,70.2121],[-127.1424,70.2127],[-127.144,70.2142],[-127.1468,70.2158],[-127.1485,70.2172],[-127.1506,70.2187],[-127.1523,70.2203],[-127.158,70.2246],[-127.161,70.2263],[-127.1641,70.2285],[-127.1657,70.229],[-127.1646,70.2296],[-127.1653,70.2305],[-127.1688,70.2317],[-127.1733,70.2344],[-127.173,70.2349],[-127.1745,70.2349],[-127.1765,70.2372],[-127.178,70.2371],[-127.1841,70.2411],[-127.1856,70.2411],[-127.1919,70.2458],[-127.1934,70.2458],[-127.2073,70.2546],[-127.2104,70.2559],[-127.2167,70.2596],[-127.2182,70.2595],[-127.2219,70.263],[-127.2234,70.263],[-127.2253,70.2647],[-127.2268,70.2647],[-127.2314,70.2687],[-127.2329,70.2686],[-127.2339,70.2699],[-127.2354,70.2699],[-127.2352,70.2704],[-127.2411,70.2733],[-127.2409,70.2741],[-127.2424,70.274],[-127.2421,70.2746],[-127.2462,70.2763],[-127.2461,70.2773],[-127.2483,70.2772],[-127.2537,70.2809],[-127.2562,70.2824],[-127.2572,70.2832],[-127.2597,70.2844],[-127.2612,70.2862],[-127.2626,70.2866],[-127.2642,70.2879],[-127.2654,70.2884],[-127.2685,70.2903],[-127.2698,70.2908],[-127.278,70.2956],[-127.282,70.298],[-127.284,70.2989],[-127.2875,70.3014],[-127.289,70.3014],[-127.2888,70.3019],[-127.29,70.3026],[-127.2913,70.3031],[-127.2987,70.3078],[-127.3004,70.3074],[-127.2995,70.3085],[-127.3009,70.309],[-127.3144,70.3172],[-127.3178,70.3189],[-127.3187,70.3199],[-127.3202,70.3198],[-127.3433,70.3345],[-127.3558,70.3419],[-127.3544,70.3419],[-127.3556,70.3428],[-127.358,70.3429],[-127.3623,70.3457],[-127.3634,70.3459],[-127.3624,70.3463],[-127.3647,70.3467],[-127.3663,70.347],[-127.369,70.3489],[-127.3742,70.3518],[-127.3757,70.3518],[-127.3751,70.3523],[-127.3766,70.3523],[-127.3802,70.3548],[-127.3817,70.3547],[-127.3838,70.356],[-127.3836,70.3565],[-127.3847,70.3567],[-127.387,70.3578],[-127.3908,70.3583],[-127.3933,70.3593],[-127.3942,70.3598],[-127.3993,70.3623],[-127.4017,70.3627],[-127.4039,70.3637],[-127.4036,70.3643],[-127.4073,70.3656],[-127.4168,70.3695],[-127.426,70.3731],[-127.4274,70.3735],[-127.4304,70.3738],[-127.4316,70.3745],[-127.4336,70.3745],[-127.4359,70.3746],[-127.4318,70.3755],[-127.4366,70.376],[-127.4357,70.3766],[-127.4375,70.3769],[-127.4401,70.3781],[-127.4432,70.3784],[-127.4415,70.379],[-127.4452,70.3806],[-127.4467,70.3805],[-127.4499,70.3825],[-127.4557,70.3844],[-127.4595,70.3863],[-127.463,70.3869],[-127.4632,70.3884],[-127.4653,70.3886],[-127.4678,70.39],[-127.4708,70.3911],[-127.4712,70.3917],[-127.4743,70.3926],[-127.4762,70.3934],[-127.4792,70.3947],[-127.4839,70.3967],[-127.487,70.3982],[-127.4943,70.4011],[-127.4999,70.4037],[-127.5034,70.4051],[-127.5093,70.4078],[-127.5132,70.4094],[-127.5204,70.4124],[-127.5278,70.4152],[-127.5314,70.4166],[-127.5341,70.4173],[-127.5365,70.4183],[-127.5359,70.4191],[-127.5382,70.42],[-127.541,70.4209],[-127.5435,70.4216],[-127.5472,70.4227],[-127.5503,70.4236],[-127.5548,70.4253],[-127.5599,70.4266],[-127.5628,70.4273],[-127.5638,70.427],[-127.5669,70.428],[-127.5704,70.429],[-127.5745,70.4302],[-127.5769,70.4308],[-127.5815,70.4323],[-127.5844,70.4334],[-127.5884,70.4345],[-127.5914,70.4356],[-127.5937,70.4364],[-127.5938,70.4374],[-127.5977,70.4385],[-127.6002,70.4393],[-127.6083,70.4413],[-127.61,70.4417],[-127.6114,70.4421],[-127.6136,70.4428],[-127.6157,70.4434],[-127.6181,70.4441],[-127.6198,70.4446],[-127.6231,70.4458],[-127.6247,70.4463],[-127.627,70.4471],[-127.6281,70.4475],[-127.633,70.4489],[-127.6361,70.4497],[-127.6395,70.4508],[-127.6414,70.4515],[-127.6441,70.4523],[-127.6461,70.4526],[-127.6481,70.4534],[-127.6526,70.4545],[-127.6559,70.4555],[-127.6581,70.4562],[-127.6616,70.4571],[-127.6647,70.4588],[-127.666,70.4593],[-127.6693,70.4605],[-127.671,70.461],[-127.6708,70.4615],[-127.6769,70.4636],[-127.6843,70.4657],[-127.6859,70.4662],[-127.6885,70.4672],[-127.6904,70.4679],[-127.6929,70.4691],[-127.6944,70.4696],[-127.6986,70.4713],[-127.7027,70.4724],[-127.7043,70.4729],[-127.7069,70.4739],[-127.7102,70.4751],[-127.7118,70.4755],[-127.7202,70.479],[-127.724,70.481],[-127.7261,70.4818],[-127.7288,70.4828],[-127.7326,70.4842],[-127.7371,70.4854],[-127.7379,70.4859],[-127.7412,70.4863],[-127.7427,70.487],[-127.7452,70.4872],[-127.7469,70.4877],[-127.7487,70.4882],[-127.7508,70.4885],[-127.7548,70.4895],[-127.7574,70.4895],[-127.7589,70.4899],[-127.7642,70.4921],[-127.7671,70.4935],[-127.771,70.4947],[-127.7753,70.4961],[-127.7782,70.4969],[-127.781,70.4977],[-127.7843,70.4986],[-127.788,70.4994],[-127.7888,70.4999],[-127.7912,70.5006],[-127.7938,70.5013],[-127.7954,70.5018],[-127.7987,70.5027],[-127.8012,70.5034],[-127.8028,70.5039],[-127.8051,70.5045],[-127.8081,70.5053],[-127.8116,70.5065],[-127.8145,70.5077],[-127.8176,70.5084],[-127.8194,70.5088],[-127.8218,70.5095],[-127.8225,70.5101],[-127.8247,70.5105],[-127.8275,70.5111],[-127.8335,70.5126],[-127.8359,70.5138],[-127.8375,70.5143],[-127.8425,70.5157],[-127.8449,70.5164],[-127.8474,70.5171],[-127.8505,70.5177],[-127.8526,70.5181],[-127.8539,70.5184],[-127.8564,70.5191],[-127.8565,70.5196],[-127.8581,70.5201],[-127.8606,70.5208],[-127.8631,70.5215],[-127.8655,70.5222],[-127.868,70.5229],[-127.8831,70.5248],[-127.8845,70.5252],[-127.8882,70.5259],[-127.8912,70.5267],[-127.8937,70.5274],[-127.8953,70.5278],[-127.8992,70.5292],[-127.9029,70.5304],[-127.9053,70.5311],[-127.9103,70.5326],[-127.9133,70.5335],[-127.9168,70.5342],[-127.9193,70.5349],[-127.9218,70.5356],[-127.9242,70.5365],[-127.9293,70.5385],[-127.9329,70.5396],[-127.9347,70.5404],[-127.9368,70.5415],[-127.9407,70.5424],[-127.944,70.5435],[-127.9444,70.5444],[-127.9513,70.5469],[-127.9538,70.5473],[-127.9556,70.5482],[-127.9565,70.5487],[-127.959,70.5494],[-127.9615,70.5504],[-127.9641,70.5513],[-127.9666,70.5523],[-127.9698,70.5528],[-127.9716,70.5537],[-127.9732,70.5542],[-127.9756,70.5543],[-127.9757,70.5549],[-127.9783,70.5556],[-127.9806,70.556],[-127.9807,70.5565],[-127.9832,70.5572],[-127.9854,70.5577],[-127.9882,70.5586],[-127.9899,70.5591],[-127.9923,70.5598],[-127.9947,70.56],[-127.9972,70.5607],[-127.9988,70.5611],[-128.0008,70.5618],[-128.0029,70.5621],[-128.0036,70.5625],[-128.0053,70.5631],[-128.0064,70.5638],[-128.0089,70.5647],[-128.0115,70.5657],[-128.014,70.5666],[-128.0156,70.5666]]},"properties":{}},{"type":"Feature","geometry":{"type":"LineString","coordinates":[[-128.3459,70.518],[-128.3473,70.517],[-128.3524,70.5145],[-128.3542,70.5122],[-128.3539,70.5094],[-128.349,70.5059],[-128.342,70.5031],[-128.3377,70.5022],[-128.3355,70.5021]]},"properties":{}},{"type":"Feature","geometry":{"type":"LineString","coordinates":[[-128.3355,70.5021],[-128.3341,70.5026],[-128.3348,70.5033],[-128.3394,70.505],[-128.3457,70.5083],[-128.3516,70.5116],[-128.3515,70.5132],[-128.348,70.5159],[-128.3452,70.5172],[-128.3448,70.5178],[-128.3459,70.518]]},"properties":{}},{"type":"Feature","geometry":{"type":"LineString","coordinates":[[-128.1559,70.3595],[-128.1422,70.3594],[-128.1318,70.3604],[-128.1201,70.3595],[-128.1121,70.361],[-128.0923,70.3596],[-128.09,70.3582],[-128.0885,70.3582],[-128.0871,70.3572],[-128.0773,70.3558],[-128.075,70.356],[-128.0751,70.3563],[-128.0782,70.3564],[-128.0783,70.3585],[-128.0815,70.3605],[-128.0986,70.3619],[-128.1001,70.3617],[-128.101,70.3625],[-128.1088,70.363],[-128.109,70.3638],[-128.1119,70.3633],[-128.1181,70.3636],[-128.1195,70.3633],[-128.1251,70.3641],[-128.1251,70.3644],[-128.1228,70.3644],[-128.123,70.3649],[-128.1207,70.365],[-128.1206,70.3645],[-128.1191,70.3646],[-128.1175,70.3642],[-128.1152,70.3642],[-128.1138,70.3648],[-128.1054,70.3649],[-128.106,70.3641],[-128.0981,70.3629],[-128.0929,70.3633],[-128.0897,70.363],[-128.0899,70.3635],[-128.0866,70.3642],[-128.0865,70.3652],[-128.0849,70.3652],[-128.0839,70.3686],[-128.0824,70.3704],[-128.0817,70.3704],[-128.0829,70.3679],[-128.081,70.3661],[-128.0819,70.3653],[-128.0834,70.3653],[-128.0817,70.363],[-128.082,70.3625],[-128.0805,70.3625],[-128.0803,70.362],[-128.0744,70.3612],[-128.0739,70.3607],[-128.0724,70.3607],[-128.0724,70.3579],[-128.067,70.3573],[-128.062,70.3528],[-128.0552,70.3527],[-128.0553,70.3533],[-128.0531,70.3534],[-128.0525,70.3541],[-128.051,70.3543],[-128.0504,70.3549],[-128.0489,70.355],[-128.049,70.3555],[-128.0424,70.3564],[-128.0425,70.3569],[-128.0241,70.3567],[-128.0248,70.3561],[-128.0115,70.3549],[-127.9969,70.3731],[-127.9954,70.3731],[-127.9942,70.3743],[-127.9927,70.3745],[-127.9928,70.375],[-127.9891,70.3756],[-127.9893,70.3761],[-127.9749,70.3766],[-127.9725,70.3762],[-127.9544,70.3771],[-127.9525,70.3785],[-127.9463,70.3799],[-127.9445,70.3817],[-127.9463,70.3827],[-127.9459,70.3845],[-127.9484,70.3854],[-127.9494,70.3877],[-127.9525,70.3879],[-127.9543,70.3889],[-127.9593,70.3878],[-127.9624,70.3879],[-127.9625,70.3881],[-127.9602,70.3881],[-127.9581,70.389],[-127.9528,70.3894],[-127.9511,70.3883],[-127.9481,70.3885],[-127.9464,70.3927],[-127.9438,70.3931],[-127.9375,70.392],[-127.9307,70.3935],[-127.9256,70.3935],[-127.9321,70.3919],[-127.9344,70.392],[-127.935,70.3912],[-127.9418,70.3912],[-127.9428,70.392],[-127.9436,70.392],[-127.9448,70.386],[-127.9415,70.3818],[-127.9311,70.3814],[-127.927,70.3805],[-127.9248,70.3806],[-127.9219,70.3814],[-127.9204,70.3812],[-127.911,70.3804],[-127.9069,70.3826],[-127.9054,70.3824],[-127.9039,70.3825],[-127.9038,70.382],[-127.8999,70.3816],[-127.8997,70.3811],[-127.892,70.3806],[-127.8915,70.3819],[-127.8835,70.3833],[-127.8831,70.3851],[-127.8871,70.3858],[-127.8873,70.3866],[-127.8855,70.3869],[-127.8852,70.3874],[-127.8837,70.3874],[-127.8843,70.3884],[-127.8827,70.3898],[-127.8805,70.3898],[-127.8803,70.3893],[-127.8781,70.3897],[-127.8768,70.3906],[-127.8718,70.391],[-127.8722,70.3906],[-127.8774,70.3899],[-127.878,70.3891],[-127.8824,70.3885],[-127.883,70.3859],[-127.8811,70.386],[-127.8811,70.3829],[-127.8862,70.382],[-127.8861,70.3815],[-127.8905,70.3808],[-127.8893,70.3791],[-127.8878,70.3791],[-127.8851,70.3759],[-127.8858,70.3753],[-127.8827,70.3738],[-127.8798,70.3741],[-127.8755,70.3738],[-127.873,70.3713],[-127.8715,70.3714],[-127.8709,70.3704],[-127.8673,70.3697],[-127.8681,70.3715],[-127.8662,70.3718],[-127.8664,70.3723],[-127.8626,70.3725],[-127.8621,70.3734],[-127.8598,70.3735],[-127.8593,70.373],[-127.8527,70.3725],[-127.8526,70.372],[-127.8576,70.3718],[-127.8587,70.372],[-127.856,70.3702],[-127.8544,70.3703],[-127.8498,70.3684],[-127.8499,70.3671],[-127.8509,70.3683],[-127.8524,70.3683],[-127.8567,70.3702],[-127.8582,70.3702],[-127.8581,70.3697],[-127.8589,70.3697],[-127.859,70.3702],[-127.8656,70.3692],[-127.8655,70.3687],[-127.8693,70.3686],[-127.8699,70.3678],[-127.8715,70.3683],[-127.87,70.3683],[-127.8701,70.3686],[-127.8754,70.3686],[-127.8788,70.3679],[-127.8795,70.3681],[-127.8812,70.3675],[-127.8813,70.368],[-127.8821,70.368],[-127.882,70.3675],[-127.8835,70.3675],[-127.8842,70.3687],[-127.8813,70.3709],[-127.8873,70.3707],[-127.8874,70.3712],[-127.8859,70.3712],[-127.8875,70.3745],[-127.8898,70.3745],[-127.8904,70.377],[-127.901,70.3767],[-127.9032,70.3797],[-127.9107,70.379],[-127.9106,70.3785],[-127.9179,70.3775],[-127.9175,70.3758],[-127.9199,70.376],[-127.9193,70.3756],[-127.9204,70.3749],[-127.9235,70.3751],[-127.9233,70.3746],[-127.9257,70.3748],[-127.9252,70.3758],[-127.9289,70.3754],[-127.9352,70.3732],[-127.9357,70.3722],[-127.9387,70.3719],[-127.9405,70.37],[-127.942,70.37],[-127.9442,70.3679],[-127.9436,70.3671],[-127.9451,70.3671],[-127.9428,70.3559],[-127.9353,70.3502],[-127.9331,70.3441],[-127.9384,70.3362],[-127.94,70.3362],[-127.9411,70.3346],[-127.9441,70.3343],[-127.9439,70.3338],[-127.9456,70.3345],[-127.9464,70.3345],[-127.947,70.334],[-127.9472,70.3345],[-127.9805,70.3338],[-127.9804,70.3333],[-127.9811,70.3333],[-127.9812,70.3338],[-127.9902,70.333],[-127.9902,70.3333],[-127.9887,70.3333],[-127.9888,70.3336],[-128.0204,70.3351],[-128.0299,70.3369],[-128.0357,70.3385],[-128.0387,70.3386],[-128.0397,70.3393],[-128.0411,70.3392],[-128.0452,70.3401],[-128.0498,70.3403],[-128.0508,70.3411],[-128.0593,70.3416],[-128.0602,70.3423],[-128.0675,70.3411],[-128.0674,70.3406],[-128.0731,70.3389],[-128.0747,70.3378],[-128.0739,70.3361],[-128.0724,70.3361],[-128.0721,70.3351],[-128.0754,70.336],[-128.0769,70.336],[-128.078,70.3372],[-128.0765,70.3373],[-128.0775,70.3383],[-128.094,70.3404],[-128.1029,70.3455],[-128.1075,70.3455],[-128.1082,70.3453],[-128.109,70.3456],[-128.1104,70.3459],[-128.1114,70.3463],[-128.1125,70.3475],[-128.1169,70.3469],[-128.1171,70.3474],[-128.1252,70.3464]]},"properties":{}},{"type":"Feature","geometry":{"type":"LineString","coordinates":[[-128.157,70.4962],[-128.1626,70.4897],[-128.1657,70.4747],[-128.1785,70.4574],[-128.18,70.4574],[-128.1796,70.4571],[-128.1941,70.436],[-128.2092,70.3996],[-128.2104,70.3952],[-128.2107,70.3786],[-128.2109,70.3778],[-128.2094,70.3778],[-128.2096,70.3771],[-128.2042,70.3726],[-128.2016,70.3729],[-128.2065,70.3769],[-128.2026,70.3782],[-128.1996,70.3784],[-128.2019,70.3801],[-128.2006,70.3807],[-128.2006,70.3837],[-128.2018,70.3842],[-128.2034,70.3842],[-128.2044,70.3851],[-128.1973,70.3845],[-128.195,70.3857],[-128.1952,70.3898],[-128.1931,70.3916],[-128.1977,70.3918],[-128.1978,70.3923],[-128.1894,70.3921],[-128.1893,70.3935],[-128.1877,70.3945],[-128.1827,70.3949],[-128.1816,70.3948],[-128.1829,70.3953],[-128.1835,70.396],[-128.185,70.396],[-128.1851,70.3965],[-128.1829,70.3965],[-128.1807,70.3956],[-128.181,70.3951],[-128.1695,70.3952],[-128.1677,70.3957],[-128.1674,70.3975],[-128.1656,70.3978],[-128.1669,70.3985],[-128.1666,70.4003],[-128.1627,70.4043],[-128.1657,70.4042],[-128.1667,70.4052],[-128.165,70.4045],[-128.16,70.4058],[-128.1554,70.4058],[-128.1561,70.4083],[-128.1528,70.4089],[-128.1528,70.4105],[-128.1501,70.4107],[-128.15,70.4085],[-128.1543,70.4076],[-128.1535,70.4056],[-128.1545,70.405],[-128.1605,70.4046],[-128.1607,70.4026],[-128.1592,70.4026],[-128.1589,70.4013],[-128.1604,70.4015],[-128.1619,70.3997],[-128.1607,70.3979],[-128.162,70.3971],[-128.1616,70.3938],[-128.1623,70.3938],[-128.1624,70.3943],[-128.1816,70.3914],[-128.1827,70.3901],[-128.1843,70.3901],[-128.186,70.3862],[-128.1893,70.383],[-128.1909,70.383],[-128.1895,70.3779],[-128.1911,70.3781],[-128.191,70.3776],[-128.1925,70.3775],[-128.1943,70.3773],[-128.1971,70.377],[-128.2001,70.3768],[-128.2005,70.3751],[-128.1978,70.3731],[-128.1976,70.3698],[-128.186,70.37],[-128.1866,70.3677],[-128.1809,70.3648],[-128.1644,70.3614],[-128.1639,70.3609],[-128.1608,70.3606],[-128.1599,70.36],[-128.1559,70.3595]]},"properties":{}},{"type":"Feature","geometry":{"type":"LineString","coordinates":[[-128.0031,70.5288],[-128.0053,70.5321],[-128.0069,70.5324],[-128.0094,70.5328],[-128.0112,70.5336],[-128.0126,70.5344],[-128.0122,70.5353],[-128.0116,70.5365],[-128.0127,70.5376],[-128.0163,70.5384],[-128.0168,70.5405],[-128.0186,70.5415],[-128.0206,70.5453],[-128.0228,70.5454],[-128.025,70.5458],[-128.0272,70.5463],[-128.0291,70.547],[-128.0319,70.5486],[-128.0366,70.549],[-128.0378,70.55],[-128.0385,70.5503],[-128.0443,70.5492],[-128.0509,70.548],[-128.0509,70.5488],[-128.0534,70.5484],[-128.0567,70.5475],[-128.0583,70.5461],[-128.0567,70.5437],[-128.0579,70.5421],[-128.0602,70.5416],[-128.0668,70.5428],[-128.066,70.5432],[-128.0628,70.5439],[-128.0614,70.5447],[-128.0616,70.5453],[-128.0701,70.5431],[-128.0771,70.5405],[-128.0795,70.5388],[-128.0841,70.5378],[-128.0851,70.5339],[-128.0904,70.5337],[-128.0855,70.5378],[-128.0835,70.5418],[-128.0818,70.5428],[-128.0819,70.5434],[-128.0846,70.5435],[-128.086,70.5422],[-128.0884,70.5382],[-128.0913,70.5352],[-128.0947,70.5327],[-128.096,70.5287],[-128.0979,70.5266],[-128.0984,70.525],[-128.1005,70.5231],[-128.1038,70.5211],[-128.1044,70.5203],[-128.1057,70.5204],[-128.1125,70.5182],[-128.1147,70.5174],[-128.1182,70.5158],[-128.1276,70.5137],[-128.1298,70.5119],[-128.1301,70.5113],[-128.1348,70.5089],[-128.1382,70.507],[-128.1429,70.5043],[-128.1442,70.5033],[-128.1468,70.5009],[-128.1511,70.4974],[-128.157,70.4962]]},"properties":{}},{"type":"Feature","geometry":{"type":"LineString","coordinates":[[-128.115,70.5824],[-128.1148,70.5826],[-128.1071,70.5876],[-128.1058,70.5904],[-128.1083,70.5934],[-128.1199,70.5985],[-128.1353,70.6029],[-128.1409,70.6029],[-128.1447,70.6063],[-128.1516,70.6076],[-128.1533,70.6105],[-128.1661,70.6151],[-128.1965,70.6239],[-128.2175,70.6293],[-128.2397,70.6347],[-128.2586,70.6374],[-128.2667,70.6379],[-128.2731,70.6367],[-128.2783,70.6316],[-128.2808,70.6237],[-128.2855,70.6193],[-128.286,70.6151],[-128.283,70.6087],[-128.2867,70.6067],[-128.2868,70.6053],[-128.2899,70.602],[-128.2915,70.5975],[-128.2927,70.594],[-128.3009,70.5857],[-128.3057,70.58],[-128.3164,70.5712],[-128.3164,70.5668],[-128.3151,70.5622],[-128.3202,70.5554],[-128.3408,70.5391]]},"properties":{}},{"type":"Feature","geometry":{"type":"LineString","coordinates":[[-128.3408,70.5391],[-128.3074,70.5447],[-128.3033,70.5464],[-128.2962,70.5475],[-128.2828,70.5475],[-128.2699,70.5473],[-128.2603,70.5473],[-128.2481,70.5497],[-128.2432,70.5513],[-128.244,70.5531],[-128.2412,70.554],[-128.2421,70.5548],[-128.2429,70.5548],[-128.2429,70.5542],[-128.2437,70.5536],[-128.2443,70.554],[-128.2446,70.5553],[-128.2462,70.5557],[-128.2511,70.5568],[-128.2557,70.5581],[-128.2577,70.559],[-128.2592,70.559],[-128.2604,70.5583],[-128.2609,70.5567],[-128.2615,70.5568],[-128.2617,70.5586],[-128.2608,70.5594],[-128.2616,70.56],[-128.2613,70.5604],[-128.26,70.5605],[-128.2593,70.5601],[-128.2584,70.56],[-128.2578,70.5603],[-128.2576,70.5607],[-128.2568,70.5615],[-128.2574,70.5618],[-128.261,70.5632],[-128.2635,70.5642],[-128.2659,70.5645],[-128.2669,70.565],[-128.2661,70.5652],[-128.2653,70.565],[-128.2644,70.5649],[-128.2642,70.5653],[-128.2656,70.5664],[-128.2653,70.5677],[-128.266,70.5686],[-128.2667,70.5701],[-128.2695,70.5708],[-128.2712,70.5708],[-128.2735,70.5713],[-128.274,70.5716],[-128.2755,70.5716],[-128.2772,70.5713],[-128.2787,70.5717],[-128.2784,70.5723],[-128.2766,70.5725],[-128.2755,70.5728],[-128.2765,70.5735],[-128.2774,70.5743],[-128.2774,70.5763],[-128.2787,70.5775],[-128.281,70.5789],[-128.284,70.5796],[-128.286,70.5799],[-128.2874,70.5799],[-128.2891,70.5799],[-128.2912,70.5801],[-128.2931,70.5806],[-128.2954,70.5806],[-128.2967,70.5806],[-128.2964,70.581],[-128.2948,70.5812],[-128.2921,70.581],[-128.2903,70.581],[-128.2874,70.5811],[-128.2849,70.5809],[-128.2824,70.5803],[-128.2771,70.5804],[-128.2741,70.5803],[-128.2734,70.5804],[-128.2726,70.5839],[-128.2714,70.5866],[-128.2708,70.5869],[-128.2713,70.5886],[-128.2703,70.5892],[-128.2675,70.5897],[-128.2639,70.5902],[-128.2623,70.5912],[-128.2602,70.593],[-128.2605,70.5939],[-128.2597,70.5948],[-128.2583,70.5956],[-128.257,70.5964],[-128.2568,70.5971],[-128.257,70.5979],[-128.2595,70.5991],[-128.2606,70.6001],[-128.2609,70.6008],[-128.2635,70.6015],[-128.2674,70.6022],[-128.2715,70.6028],[-128.2747,70.6035],[-128.2766,70.6047],[-128.2765,70.6058],[-128.2772,70.6063],[-128.2776,70.6066],[-128.2763,70.6067],[-128.2746,70.6069],[-128.2752,70.6063],[-128.2743,70.6055],[-128.2716,70.6046],[-128.2669,70.6038],[-128.2636,70.6034],[-128.2612,70.6037],[-128.2592,70.6045],[-128.2568,70.6056],[-128.253,70.6065],[-128.2485,70.6068],[-128.2465,70.607],[-128.2453,70.6075],[-128.2438,70.6081],[-128.2406,70.6082],[-128.2382,70.608],[-128.2361,70.6082],[-128.2352,70.6087],[-128.2346,70.6095],[-128.2349,70.6103],[-128.2361,70.611],[-128.2358,70.6117],[-128.2342,70.6118],[-128.2339,70.6117],[-128.2346,70.6113],[-128.2345,70.6109],[-128.2337,70.6104],[-128.2331,70.61],[-128.2333,70.6098],[-128.2323,70.6094],[-128.2319,70.609],[-128.2322,70.6086],[-128.2312,70.6082],[-128.2296,70.6079],[-128.2288,70.6078],[-128.2293,70.6076],[-128.2301,70.6077],[-128.2315,70.6076],[-128.2325,70.6073],[-128.2333,70.6068],[-128.234,70.6063],[-128.2352,70.6067],[-128.2364,70.6072],[-128.2389,70.6072],[-128.2406,70.6069],[-128.243,70.6062],[-128.2466,70.6052],[-128.2492,70.6052],[-128.2509,70.6047],[-128.2536,70.6037],[-128.2552,70.6026],[-128.2553,70.6024],[-128.2541,70.6022],[-128.2533,70.6016],[-128.2527,70.6006],[-128.2509,70.5998],[-128.2478,70.5993],[-128.2455,70.5993],[-128.2448,70.5991],[-128.2449,70.5989],[-128.2443,70.5986],[-128.2433,70.5985],[-128.2421,70.5986],[-128.2412,70.5981],[-128.2412,70.5975],[-128.2408,70.5968],[-128.2394,70.5967],[-128.2384,70.5967],[-128.2374,70.5965],[-128.2366,70.596],[-128.2359,70.5956],[-128.2359,70.5954],[-128.2364,70.5954],[-128.2375,70.5958],[-128.2389,70.5964],[-128.2405,70.5964],[-128.2418,70.5964],[-128.2435,70.5964],[-128.2449,70.5968],[-128.2464,70.5967],[-128.2475,70.596],[-128.2499,70.5945],[-128.2496,70.5941],[-128.2492,70.5932],[-128.25,70.5916],[-128.2514,70.5904],[-128.253,70.5899],[-128.2529,70.5896],[-128.2517,70.5892],[-128.2509,70.5887],[-128.2511,70.5884],[-128.2504,70.5881],[-128.2496,70.5881],[-128.2495,70.5879],[-128.2508,70.588],[-128.2518,70.5883],[-128.2527,70.5883],[-128.256,70.5874],[-128.2585,70.586],[-128.2598,70.5847],[-128.2594,70.5837],[-128.2578,70.5839],[-128.2563,70.5839],[-128.2557,70.5836],[-128.256,70.5836],[-128.2564,70.5838],[-128.2571,70.5837],[-128.2594,70.5831],[-128.26,70.5817],[-128.2593,70.5814],[-128.2599,70.5809],[-128.2602,70.5805],[-128.2594,70.5791],[-128.2602,70.5776],[-128.2616,70.5762],[-128.2627,70.5751],[-128.2627,70.5748],[-128.2617,70.5745],[-128.2588,70.5744],[-128.2548,70.5748],[-128.2523,70.5747],[-128.251,70.5742],[-128.2496,70.5739],[-128.2462,70.574],[-128.2425,70.5745],[-128.2408,70.5751],[-128.24,70.5754],[-128.2385,70.575],[-128.2375,70.5749],[-128.2333,70.575],[-128.2299,70.575],[-128.2282,70.575],[-128.2267,70.5749],[-128.2269,70.5747],[-128.2283,70.5748],[-128.2319,70.5747],[-128.2364,70.5742],[-128.2378,70.5734],[-128.2378,70.573],[-128.2386,70.5719],[-128.2409,70.5702],[-128.2424,70.5686],[-128.242,70.5677],[-128.2403,70.5667],[-128.2371,70.5646],[-128.2358,70.5624],[-128.2338,70.5598],[-128.231,70.5589],[-128.228,70.5582],[-128.2253,70.558],[-128.2243,70.558],[-128.2245,70.5589],[-128.2236,70.559],[-128.2233,70.5587],[-128.2232,70.5581],[-128.2194,70.5574],[-128.2144,70.5569],[-128.2103,70.5567],[-128.1932,70.5559],[-128.1809,70.5554],[-128.176,70.5552],[-128.1726,70.556],[-128.1701,70.556],[-128.1681,70.5567],[-128.1666,70.5564],[-128.1644,70.5564],[-128.1638,70.5561],[-128.1605,70.5562],[-128.1601,70.5565],[-128.1576,70.5564],[-128.1563,70.5561],[-128.1554,70.5566],[-128.1543,70.5566],[-128.156,70.556],[-128.1561,70.5552],[-128.1564,70.5549],[-128.1523,70.5549],[-128.1474,70.5547],[-128.1454,70.5547],[-128.145,70.5548],[-128.1434,70.5551],[-128.144,70.5554],[-128.1453,70.5554],[-128.1451,70.5575],[-128.1461,70.5583],[-128.1473,70.5596],[-128.1472,70.5619],[-128.1435,70.5656],[-128.1386,70.5691],[-128.1358,70.5717],[-128.1325,70.5741],[-128.1314,70.5742],[-128.1287,70.5761],[-128.1281,70.5761],[-128.1275,70.5778],[-128.1263,70.5791],[-128.1251,70.5798],[-128.1257,70.5812],[-128.1267,70.5816],[-128.1274,70.5815],[-128.1275,70.5811],[-128.1296,70.5806],[-128.1351,70.5807],[-128.1391,70.5814],[-128.1406,70.5823],[-128.1413,70.5826],[-128.1427,70.5823],[-128.143,70.5822],[-128.1448,70.582],[-128.1451,70.5816],[-128.1455,70.5812],[-128.1465,70.581],[-128.1474,70.5811],[-128.1474,70.5813],[-128.1467,70.5813],[-128.146,70.5816],[-128.1462,70.5819],[-128.146,70.5824],[-128.1452,70.5829],[-128.1446,70.5831],[-128.1452,70.5832],[-128.147,70.5832],[-128.1486,70.5833],[-128.15,70.5838],[-128.1517,70.5846],[-128.1523,70.5855],[-128.1518,70.5857],[-128.1515,70.5853],[-128.1502,70.5844],[-128.1475,70.584],[-128.1447,70.5839],[-128.1436,70.584],[-128.1434,70.5845],[-128.1418,70.5848],[-128.1411,70.5844],[-128.1404,70.5842],[-128.1397,70.5844],[-128.1397,70.5851],[-128.1396,70.5857],[-128.1359,70.5877],[-128.1359,70.5881],[-128.1374,70.5887],[-128.1384,70.589],[-128.1377,70.5899],[-128.1382,70.5902],[-128.1399,70.5908],[-128.1432,70.5913],[-128.1435,70.5921],[-128.1432,70.5927],[-128.1446,70.5929],[-128.1463,70.5933],[-128.1469,70.594],[-128.1467,70.5947],[-128.1464,70.5951],[-128.1472,70.5956],[-128.1483,70.5961],[-128.1491,70.5968],[-128.1491,70.5975],[-128.1481,70.598],[-128.1465,70.5979],[-128.144,70.5983],[-128.144,70.5987],[-128.1445,70.5991],[-128.1449,70.5996],[-128.1449,70.5999],[-128.1452,70.6003],[-128.1468,70.6003],[-128.1485,70.6006],[-128.1492,70.6023],[-128.1479,70.6029],[-128.1474,70.6034],[-128.1482,70.6037],[-128.1492,70.6041],[-128.1492,70.6046],[-128.1484,70.6049],[-128.1488,70.6053],[-128.1499,70.6054],[-128.151,70.6055],[-128.1516,70.6053],[-128.1519,70.6054],[-128.151,70.6056],[-128.1502,70.6057],[-128.1497,70.6056],[-128.1491,70.6057],[-128.1484,70.6058],[-128.1472,70.6057],[-128.1465,70.6054],[-128.1463,70.6047],[-128.1456,70.6043],[-128.1442,70.6036],[-128.1439,70.603],[-128.1437,70.6019],[-128.1432,70.6017],[-128.1402,70.6018],[-128.1395,70.6018],[-128.1386,70.6016],[-128.1386,70.6012],[-128.1374,70.6012],[-128.1363,70.6015],[-128.136,70.6013],[-128.1367,70.601],[-128.1383,70.6008],[-128.1392,70.6007],[-128.1399,70.6001],[-128.1394,70.5998],[-128.1387,70.599],[-128.1388,70.5981],[-128.1394,70.5974],[-128.1408,70.5968],[-128.1418,70.5967],[-128.1426,70.5965],[-128.1427,70.5962],[-128.1423,70.596],[-128.1417,70.5961],[-128.1405,70.5961],[-128.1394,70.5957],[-128.1394,70.5953],[-128.1399,70.595],[-128.1395,70.5947],[-128.1391,70.5947],[-128.1378,70.5948],[-128.1361,70.5941],[-128.1364,70.5935],[-128.1372,70.5931],[-128.1367,70.5929],[-128.1355,70.5928],[-128.1342,70.5922],[-128.1328,70.5917],[-128.1315,70.5915],[-128.1304,70.5915],[-128.1301,70.5912],[-128.1287,70.5914],[-128.1282,70.5913],[-128.1297,70.5911],[-128.1299,70.5908],[-128.1286,70.5897],[-128.1288,70.5885],[-128.1281,70.5866],[-128.1265,70.5852],[-128.1253,70.5851],[-128.1232,70.5837],[-128.1214,70.5831],[-128.1208,70.5829],[-128.1194,70.583],[-128.1176,70.5825],[-128.116,70.5823],[-128.115,70.5824]]},"properties":{}},{"type":"Feature","geometry":{"type":"LineString","coordinates":[[-128.1922,70.5435],[-128.1987,70.5418],[-128.2054,70.541],[-128.2099,70.5399],[-128.2125,70.538],[-128.2131,70.5358],[-128.2123,70.5346],[-128.2108,70.5339],[-128.2063,70.5339],[-128.1909,70.5336],[-128.1843,70.534],[-128.1786,70.5351],[-128.1718,70.5369],[-128.1654,70.5395],[-128.1617,70.54],[-128.1597,70.5408],[-128.1598,70.5416],[-128.1543,70.5431],[-128.1532,70.5431],[-128.1537,70.5434],[-128.1561,70.5432],[-128.1579,70.5427],[-128.1603,70.5426],[-128.1606,70.542],[-128.1627,70.5413],[-128.165,70.5414],[-128.166,70.5419],[-128.1658,70.5425],[-128.1681,70.5427],[-128.172,70.5429],[-128.1768,70.543],[-128.1831,70.543],[-128.1886,70.543],[-128.1894,70.5433],[-128.1892,70.5437],[-128.1878,70.5441],[-128.1854,70.5442],[-128.1832,70.5443],[-128.1832,70.5444],[-128.1848,70.5444],[-128.1877,70.5444],[-128.1896,70.544],[-128.1922,70.5435]]},"properties":{}},{"type":"Feature","geometry":{"type":"LineString","coordinates":[[-128.0156,70.5666],[-128.0161,70.5655],[-128.0145,70.5656],[-128.0129,70.5651],[-128.0115,70.5641],[-128.0086,70.5632],[-128.0108,70.5625],[-128.0138,70.5626],[-128.0183,70.5623],[-128.0198,70.5619],[-128.0212,70.5613],[-128.0249,70.5588],[-128.026,70.5573],[-128.0294,70.5562],[-128.0321,70.555],[-128.0349,70.5533],[-128.0349,70.5517],[-128.0311,70.551],[-128.0271,70.5507],[-128.0232,70.5498],[-128.021,70.5495],[-128.0193,70.5485],[-128.0182,70.5475],[-128.0158,70.5473],[-128.0165,70.5462],[-128.0161,70.5455],[-128.0144,70.5454],[-128.0136,70.5431],[-128.015,70.542],[-128.0146,70.5408],[-128.0131,70.5397],[-128.0111,70.5393],[-128.0085,70.5386],[-128.0047,70.5386],[-128.0044,70.5383],[-128.0072,70.5377],[-128.0084,70.5369],[-128.0048,70.5348],[-128.0051,70.5343],[-128.007,70.534],[-128.0064,70.5335],[-128.0051,70.5336],[-128.0039,70.533],[-128.0028,70.5318],[-128.0015,70.5309],[-128.0011,70.5291]]},"properties":{}},{"type":"Feature","geometry":{"type":"LineString","coordinates":[[-128.1221,70.575],[-128.1219,70.5762],[-128.1213,70.5775],[-128.1208,70.578],[-128.1208,70.5784],[-128.1215,70.5784],[-128.1222,70.5781],[-128.1225,70.5773],[-128.1229,70.5765],[-128.1236,70.5759],[-128.1244,70.5756],[-128.1233,70.5752],[-128.1221,70.575]]},"properties":{}},{"type":"Feature","geometry":{"type":"LineString","coordinates":[[-128.1202,70.579],[-128.1205,70.5797],[-128.12,70.5797],[-128.1199,70.5803],[-128.1202,70.5804],[-128.1208,70.5804],[-128.1211,70.5798],[-128.1221,70.5795],[-128.1223,70.5793],[-128.1219,70.5792],[-128.1211,70.5792],[-128.1207,70.5789],[-128.1202,70.579]]},"properties":{}},{"type":"Feature","geometry":{"type":"LineString","coordinates":[[-128.0434,70.5757],[-128.0483,70.5767],[-128.05,70.5773],[-128.0536,70.578],[-128.0582,70.5786],[-128.0633,70.5794],[-128.0677,70.5798],[-128.073,70.5799],[-128.0769,70.5797],[-128.0817,70.5792],[-128.0829,70.5789],[-128.083,70.5785]]},"properties":{}},{"type":"Feature","geometry":{"type":"LineString","coordinates":[[-128.083,70.5785],[-128.0823,70.5783],[-128.0817,70.5786],[-128.0805,70.5788],[-128.0792,70.5789],[-128.0775,70.5787],[-128.0757,70.5781],[-128.0744,70.5772],[-128.0735,70.5769],[-128.0729,70.577],[-128.0712,70.5775],[-128.0691,70.5776],[-128.0674,70.5775],[-128.0661,70.5773],[-128.0645,70.5775],[-128.0614,70.5775],[-128.0573,70.5774],[-128.0554,70.5771],[-128.054,70.5765],[-128.0516,70.5766],[-128.051,70.5762],[-128.0498,70.576],[-128.0484,70.5758],[-128.0461,70.5758],[-128.0453,70.5758],[-128.044,70.5755],[-128.0434,70.5757]]},"properties":{}},{"type":"Feature","geometry":{"type":"LineString","coordinates":[[-128.02,70.5681],[-128.0234,70.5697],[-128.0271,70.5711],[-128.0317,70.5722],[-128.0334,70.573]]},"properties":{}},{"type":"Feature","geometry":{"type":"LineString","coordinates":[[-128.0334,70.573],[-128.0336,70.5727],[-128.0331,70.5722],[-128.0315,70.5713],[-128.0304,70.5713],[-128.0282,70.5708],[-128.0239,70.5688],[-128.0233,70.5683],[-128.0232,70.5679],[-128.0226,70.5678],[-128.02,70.5681]]},"properties":{}},{"type":"Feature","geometry":{"type":"LineString","coordinates":[[-128.0116,70.5231],[-128.0116,70.5232]]},"properties":{}},{"type":"Feature","geometry":{"type":"LineString","coordinates":[[-128.0116,70.5232],[-128.0114,70.5232],[-128.0113,70.5232],[-128.0112,70.5232],[-128.011,70.5232],[-128.0106,70.5233],[-128.0103,70.5233],[-128.0101,70.5233],[-128.01,70.5232],[-128.0099,70.5232],[-128.0098,70.5231],[-128.0097,70.5231],[-128.0094,70.523],[-128.009,70.5229],[-128.0087,70.5228],[-128.0086,70.5228],[-128.0081,70.5228],[-128.008,70.5228],[-128.0078,70.5228],[-128.0077,70.5229],[-128.0074,70.5229],[-128.0069,70.523],[-128.0068,70.523],[-128.0067,70.5231],[-128.0066,70.5231],[-128.0065,70.5232],[-128.0064,70.5233],[-128.0063,70.5233],[-128.0062,70.5234],[-128.0061,70.5234],[-128.006,70.5234],[-128.0058,70.5235],[-128.0057,70.5235],[-128.0055,70.5235],[-128.0054,70.5235],[-128.0053,70.5236],[-128.0052,70.5236],[-128.0051,70.5236],[-128.0049,70.5236],[-128.0048,70.5237],[-128.0048,70.5238],[-128.0047,70.5239],[-128.0045,70.524],[-128.0044,70.524],[-128.0042,70.5241],[-128.0041,70.5242],[-128.004,70.5242],[-128.004,70.5243],[-128.004,70.5244],[-128.0041,70.5245],[-128.0043,70.5245],[-128.0044,70.5247],[-128.0044,70.5248],[-128.0044,70.5249],[-128.0045,70.525],[-128.0046,70.5251],[-128.0046,70.5252],[-128.0046,70.5252],[-128.0044,70.5253],[-128.0044,70.5255],[-128.0043,70.5256],[-128.0043,70.5257],[-128.0041,70.5257],[-128.004,70.5258],[-128.0037,70.5259],[-128.0035,70.5261],[-128.0033,70.5262],[-128.0032,70.5263],[-128.0032,70.5264],[-128.0031,70.5265],[-128.0031,70.5266],[-128.0032,70.5267],[-128.0034,70.5268],[-128.0035,70.5268],[-128.0035,70.5269],[-128.0034,70.527],[-128.0034,70.5271],[-128.0032,70.5272],[-128.0031,70.5273],[-128.0026,70.5274],[-128.0022,70.5275],[-128.0022,70.5276],[-128.0021,70.5276],[-128.0019,70.5277],[-128.0018,70.5278],[-128.0016,70.5279],[-128.0013,70.528],[-128.0012,70.5281],[-128.0012,70.5282],[-128.0013,70.5283],[-128.0014,70.5283],[-128.0016,70.5284],[-128.0018,70.5284],[-128.002,70.5285],[-128.002,70.5286],[-128.0021,70.5286],[-128.0022,70.5286],[-128.0023,70.5286],[-128.0026,70.5286],[-128.0027,70.5286],[-128.0028,70.5286],[-128.0029,70.5287],[-128.003,70.5287],[-128.003,70.5288],[-128.0031,70.5288],[-128.0031,70.5288]]},"properties":{}},{"type":"Feature","geometry":{"type":"LineString","coordinates":[[-128.0011,70.5291],[-128.001,70.529],[-128.0008,70.529],[-128.0005,70.5289],[-128.0003,70.5289],[-128.0,70.5289],[-127.9995,70.5288],[-127.9991,70.5288],[-127.9987,70.5287],[-127.9984,70.5287],[-127.9982,70.5286],[-127.9981,70.5286],[-127.9981,70.5286],[-127.998,70.5286],[-127.9977,70.5286],[-127.9976,70.5286],[-127.9975,70.5286],[-127.9974,70.5286],[-127.9974,70.5286],[-127.9972,70.5286],[-127.9971,70.5286],[-127.9971,70.5286],[-127.997,70.5285],[-127.9969,70.5285],[-127.9967,70.5285],[-127.9966,70.5285],[-127.9965,70.5285],[-127.9965,70.5285],[-127.9966,70.5285],[-127.9968,70.5285],[-127.9971,70.5285],[-127.9972,70.5285],[-127.9973,70.5285],[-127.9973,70.5285],[-127.9973,70.5284],[-127.9974,70.5284],[-127.9975,70.5284],[-127.9976,70.5285],[-127.9977,70.5285],[-127.9978,70.5285],[-127.9981,70.5284],[-127.9983,70.5284],[-127.9985,70.5283],[-127.9985,70.5283],[-127.9985,70.5282],[-127.9985,70.528],[-127.9986,70.528],[-127.9988,70.5279],[-127.9993,70.5277],[-127.9998,70.5276],[-128.0002,70.5275],[-128.0008,70.5275],[-128.001,70.5275],[-128.0012,70.5275],[-128.0012,70.5274],[-128.0012,70.5274],[-128.0013,70.5273],[-128.0014,70.5272],[-128.0015,70.5272],[-128.0016,70.5271],[-128.0015,70.5271],[-128.0014,70.5271],[-128.0015,70.5271],[-128.0016,70.5271],[-128.0018,70.527],[-128.002,70.527],[-128.0021,70.527],[-128.0022,70.527],[-128.0022,70.527],[-128.0022,70.527],[-128.0022,70.527],[-128.0021,70.527],[-128.0021,70.5271],[-128.0022,70.5271],[-128.0023,70.527],[-128.0025,70.527],[-128.0026,70.5269],[-128.0026,70.5269],[-128.0026,70.5268],[-128.0025,70.5267],[-128.0025,70.5267],[-128.0025,70.5267],[-128.0025,70.5266],[-128.0026,70.5265],[-128.0026,70.5264],[-128.0025,70.5264],[-128.0024,70.5264],[-128.0024,70.5263],[-128.0024,70.5262],[-128.0025,70.5261],[-128.0026,70.526],[-128.0028,70.5259],[-128.003,70.5258],[-128.0032,70.5257],[-128.0032,70.5256],[-128.0033,70.5255],[-128.0033,70.5255],[-128.0034,70.5254],[-128.0034,70.5253],[-128.0035,70.5252],[-128.0036,70.5252],[-128.0037,70.525],[-128.0038,70.525],[-128.0038,70.525],[-128.0039,70.525],[-128.0038,70.5249],[-128.0038,70.5249],[-128.0038,70.5249],[-128.0038,70.5248],[-128.0039,70.5248],[-128.0039,70.5247],[-128.0037,70.5246],[-128.0037,70.5245],[-128.0036,70.5245],[-128.0036,70.5244],[-128.0035,70.5244],[-128.0035,70.5244],[-128.0035,70.5244],[-128.0034,70.5243],[-128.0033,70.5243],[-128.0033,70.5243],[-128.0032,70.5243],[-128.0032,70.5243],[-128.0031,70.5242],[-128.003,70.5242],[-128.003,70.5241],[-128.003,70.5241],[-128.003,70.5241],[-128.003,70.524],[-128.003,70.524],[-128.003,70.524],[-128.0031,70.524],[-128.0032,70.524],[-128.0033,70.5239],[-128.0033,70.5239],[-128.0034,70.5239],[-128.0034,70.5239],[-128.0033,70.5239],[-128.0034,70.5239],[-128.0034,70.5239],[-128.0034,70.5239],[-128.0035,70.5239],[-128.0035,70.5239],[-128.0035,70.5238],[-128.0035,70.5238],[-128.0035,70.5238],[-128.0036,70.5238],[-128.0036,70.5238],[-128.0036,70.5238],[-128.0037,70.5238],[-128.0037,70.5238],[-128.0037,70.5238],[-128.0036,70.5238],[-128.0036,70.5238],[-128.0036,70.5238],[-128.0034,70.5238],[-128.0034,70.5238],[-128.0033,70.5238],[-128.0033,70.5238],[-128.0033,70.5237],[-128.0032,70.5237],[-128.0032,70.5237],[-128.0032,70.5237],[-128.0032,70.5236],[-128.0032,70.5236],[-128.0032,70.5236],[-128.0031,70.5236],[-128.0031,70.5236],[-128.003,70.5236],[-128.0029,70.5236],[-128.0028,70.5236],[-128.0027,70.5236],[-128.0027,70.5236],[-128.0026,70.5236],[-128.0025,70.5235],[-128.0025,70.5235],[-128.0025,70.5234],[-128.0025,70.5234],[-128.0025,70.5233],[-128.0026,70.5233],[-128.0026,70.5232],[-128.0025,70.5232],[-128.002,70.5232],[-128.002,70.5232],[-128.0019,70.5232],[-128.0019,70.5232],[-128.0019,70.5233],[-128.0019,70.5233],[-128.0018,70.5233],[-128.0018,70.5233],[-128.0018,70.5233],[-128.0018,70.5233],[-128.0017,70.5233],[-128.0017,70.5232],[-128.0018,70.5232],[-128.0018,70.5232],[-128.0019,70.5232],[-128.0019,70.5231],[-128.0019,70.5231],[-128.0019,70.5231],[-128.0019,70.5231],[-128.0019,70.5231],[-128.002,70.5231],[-128.002,70.5231],[-128.0022,70.5232],[-128.0026,70.5232],[-128.0027,70.5232],[-128.0027,70.5232],[-128.0026,70.5232],[-128.0026,70.5233],[-128.0025,70.5234],[-128.0025,70.5234],[-128.0025,70.5235],[-128.0025,70.5235],[-128.0026,70.5235],[-128.0026,70.5235],[-128.0026,70.5236],[-128.0027,70.5236],[-128.0027,70.5236],[-128.0028,70.5236],[-128.0028,70.5236],[-128.0029,70.5236],[-128.0031,70.5236],[-128.0032,70.5236],[-128.0032,70.5236],[-128.0032,70.5236],[-128.0032,70.5236],[-128.0032,70.5237],[-128.0033,70.5237],[-128.0033,70.5237],[-128.0033,70.5237],[-128.0033,70.5237],[-128.0033,70.5237],[-128.0034,70.5238],[-128.0034,70.5238],[-128.0034,70.5238],[-128.0035,70.5238],[-128.0036,70.5238],[-128.0036,70.5238],[-128.0036,70.5238],[-128.0037,70.5238],[-128.0037,70.5238],[-128.0037,70.5238],[-128.0037,70.5239],[-128.0037,70.5239],[-128.0036,70.5239],[-128.0036,70.5239],[-128.0036,70.5239],[-128.0034,70.5239],[-128.0033,70.524],[-128.0033,70.524],[-128.0032,70.524],[-128.0032,70.524],[-128.0032,70.524],[-128.0031,70.524],[-128.0032,70.5241],[-128.0031,70.5241],[-128.0031,70.5241],[-128.0032,70.5241],[-128.0032,70.5241],[-128.0032,70.5242],[-128.0032,70.5242],[-128.0032,70.5242],[-128.0033,70.5242],[-128.0033,70.5242],[-128.0033,70.5242],[-128.0033,70.5242],[-128.0033,70.5242],[-128.0033,70.5242],[-128.0033,70.5242],[-128.0033,70.5241],[-128.0034,70.5241],[-128.0034,70.5241],[-128.0034,70.5241],[-128.0033,70.5241],[-128.0033,70.5241],[-128.0033,70.5241],[-128.0034,70.5241],[-128.0036,70.5241],[-128.0037,70.5241],[-128.0037,70.524],[-128.0038,70.524],[-128.0038,70.524],[-128.0038,70.524],[-128.0038,70.524],[-128.0039,70.524],[-128.004,70.524],[-128.0041,70.5239],[-128.0041,70.5239],[-128.004,70.5239],[-128.0041,70.5239],[-128.0042,70.5239],[-128.0042,70.5239],[-128.0042,70.5239],[-128.0043,70.5239],[-128.0043,70.5238],[-128.0044,70.5238],[-128.0045,70.5238],[-128.0045,70.5238],[-128.0046,70.5238],[-128.0046,70.5238],[-128.0046,70.5238],[-128.0046,70.5237],[-128.0046,70.5237],[-128.0046,70.5237],[-128.0047,70.5237],[-128.0047,70.5236],[-128.0047,70.5236],[-128.0048,70.5235],[-128.0049,70.5235],[-128.0049,70.5235],[-128.0049,70.5234],[-128.005,70.5234],[-128.005,70.5234],[-128.005,70.5233],[-128.005,70.5233],[-128.005,70.5233],[-128.005,70.5233],[-128.0049,70.5233],[-128.0049,70.5233],[-128.0048,70.5233],[-128.0048,70.5233],[-128.0048,70.5233],[-128.0048,70.5233],[-128.0049,70.5233],[-128.0049,70.5233],[-128.0049,70.5232],[-128.0049,70.5232],[-128.0049,70.5232],[-128.0049,70.5232],[-128.005,70.5232],[-128.005,70.5232],[-128.0052,70.5232],[-128.0053,70.5232],[-128.0054,70.5232],[-128.0055,70.5231],[-128.0055,70.5231],[-128.0056,70.5231],[-128.0057,70.5231],[-128.0058,70.5231],[-128.006,70.5231],[-128.0061,70.5231],[-128.0062,70.523],[-128.0063,70.523],[-128.0063,70.523],[-128.0063,70.5229],[-128.0064,70.5229],[-128.0065,70.5229],[-128.0067,70.5228],[-128.0068,70.5228],[-128.0068,70.5227],[-128.0069,70.5227],[-128.0069,70.5226],[-128.0068,70.5226],[-128.0068,70.5226],[-128.0067,70.5225],[-128.0065,70.5225],[-128.0063,70.5225],[-128.0062,70.5224],[-128.0062,70.5224],[-128.0062,70.5224],[-128.0062,70.5224],[-128.0061,70.5224],[-128.0061,70.5223],[-128.0061,70.5223],[-128.0061,70.5223],[-128.006,70.5222],[-128.006,70.5222],[-128.006,70.5222],[-128.006,70.5221],[-128.006,70.5221],[-128.006,70.5221],[-128.006,70.522],[-128.0061,70.522],[-128.0061,70.522],[-128.006,70.522],[-128.0059,70.522],[-128.0059,70.5219],[-128.0058,70.5218],[-128.0057,70.5218],[-128.0056,70.5218],[-128.0055,70.5218],[-128.0054,70.5217],[-128.0053,70.5217],[-128.0052,70.5217],[-128.0051,70.5217],[-128.005,70.5216],[-128.0049,70.5216],[-128.0049,70.5216],[-128.005,70.5216],[-128.005,70.5216],[-128.0051,70.5216],[-128.0052,70.5217],[-128.0053,70.5217],[-128.0053,70.5217],[-128.0054,70.5217],[-128.0055,70.5217],[-128.0055,70.5217],[-128.0056,70.5218],[-128.0058,70.5218],[-128.0058,70.5218],[-128.0058,70.5218],[-128.0059,70.5219],[-128.0061,70.5219],[-128.0061,70.5219],[-128.0061,70.522],[-128.0062,70.522],[-128.0062,70.522],[-128.0061,70.522],[-128.0061,70.522],[-128.0061,70.5221],[-128.0061,70.5221],[-128.0061,70.5221],[-128.0061,70.5222],[-128.0062,70.5222],[-128.0062,70.5222],[-128.0062,70.5223],[-128.0062,70.5223],[-128.0063,70.5223],[-128.0064,70.5224],[-128.0064,70.5224],[-128.0066,70.5224],[-128.0067,70.5225],[-128.0069,70.5225],[-128.007,70.5225],[-128.007,70.5226],[-128.0071,70.5226],[-128.0071,70.5227],[-128.007,70.5227],[-128.0071,70.5227],[-128.0071,70.5227],[-128.0073,70.5228],[-128.0075,70.5228],[-128.0076,70.5228],[-128.0077,70.5228],[-128.0077,70.5228],[-128.0078,70.5227],[-128.0079,70.5227],[-128.0081,70.5227],[-128.0084,70.5227],[-128.0087,70.5227],[-128.009,70.5227],[-128.0092,70.5228],[-128.0095,70.5229],[-128.0098,70.523],[-128.01,70.523],[-128.0101,70.5231],[-128.0102,70.5231],[-128.0103,70.5231],[-128.0104,70.5231],[-128.0105,70.5232],[-128.0107,70.5231],[-128.0108,70.5231],[-128.0109,70.5231],[-128.011,70.5231],[-128.0112,70.5231],[-128.0113,70.5231],[-128.0113,70.5231],[-128.0114,70.5231],[-128.0115,70.5231],[-128.0115,70.5231],[-128.0116,70.5231]]},"properties":{}},{"type":"Feature","geometry":{"type":"LineString","coordinates":[[-125.2709,71.9686],[-125.2708,71.9678],[-125.2715,71.9677],[-125.2718,71.9673],[-125.2718,71.9667],[-125.2714,71.9662],[-125.2705,71.9656],[-125.2685,71.9646],[-125.261,71.9614],[-125.2558,71.9595],[-125.2533,71.9585],[-125.2492,71.9571],[-125.2451,71.9557],[-125.2434,71.9551],[-125.2403,71.954],[-125.2327,71.9513],[-125.228,71.9498],[-125.2228,71.9482],[-125.22,71.9472],[-125.2168,71.9463],[-125.2131,71.9454],[-125.2086,71.9441],[-125.2011,71.9418],[-125.1955,71.9402],[-125.1911,71.9388],[-125.1868,71.9375],[-125.1809,71.9357],[-125.1769,71.9342],[-125.1738,71.9331],[-125.1692,71.9315],[-125.1666,71.9306],[-125.1617,71.9286],[-125.1592,71.9277],[-125.1569,71.927],[-125.1532,71.9257],[-125.1522,71.9254],[-125.1471,71.9236],[-125.144,71.9225],[-125.1409,71.9215],[-125.1383,71.9209],[-125.1326,71.9195],[-125.1302,71.9188],[-125.127,71.9178],[-125.1251,71.9173],[-125.1193,71.916],[-125.1141,71.9148],[-125.1015,71.9118],[-125.0989,71.9112],[-125.093,71.9102],[-125.0925,71.9101],[-125.0866,71.9091],[-125.0842,71.9086],[-125.0774,71.907],[-125.0675,71.9048],[-125.0617,71.9035],[-125.0527,71.9016],[-125.0446,71.8998],[-125.0443,71.8998],[-125.0351,71.8978],[-125.0296,71.8965],[-125.0219,71.8947],[-125.0136,71.8927],[-125.0075,71.8913],[-125.0048,71.8907],[-125.0,71.8898],[-124.9994,71.8894],[-124.9984,71.8892],[-124.9983,71.8891],[-124.998,71.8891],[-124.9976,71.889],[-124.9968,71.8888],[-124.9966,71.8887],[-124.9956,71.8885],[-124.9944,71.8882],[-124.9942,71.8882],[-124.9936,71.888],[-124.9896,71.8871],[-124.9886,71.8868],[-124.988,71.8866],[-124.9872,71.8864],[-124.987,71.8863],[-124.9868,71.8863],[-124.9858,71.886],[-124.9856,71.8859],[-124.9854,71.8858],[-124.9851,71.8858],[-124.9844,71.8856],[-124.9838,71.8855],[-124.9832,71.8853],[-124.9825,71.8852],[-124.9823,71.8851],[-124.9807,71.8847],[-124.9803,71.8846],[-124.98,71.8846],[-124.9789,71.8842],[-124.9761,71.8835],[-124.9759,71.8835],[-124.9744,71.8831],[-124.9741,71.8831],[-124.9734,71.8829],[-124.9728,71.8827],[-124.9723,71.8826],[-124.9714,71.8823],[-124.9703,71.882],[-124.9702,71.8819],[-124.9681,71.8814],[-124.9681,71.8814],[-124.9675,71.8812],[-124.9668,71.881],[-124.9658,71.8807],[-124.9656,71.8805],[-124.965,71.8804],[-124.9616,71.8796],[-124.9611,71.8795],[-124.96,71.8792],[-124.9597,71.8791],[-124.9592,71.879],[-124.9587,71.8788],[-124.9583,71.8788],[-124.9581,71.8786],[-124.9579,71.8786],[-124.957,71.8783],[-124.9567,71.8782],[-124.9557,71.878],[-124.9545,71.8778],[-124.9543,71.8777],[-124.9538,71.8776],[-124.9513,71.8772],[-124.9508,71.8771],[-124.9485,71.8766],[-124.9444,71.8758],[-124.9419,71.8752],[-124.9407,71.875],[-124.9402,71.8749],[-124.9388,71.8746],[-124.9373,71.8744],[-124.9363,71.8741],[-124.9351,71.8739],[-124.9339,71.8737],[-124.9334,71.8735],[-124.9332,71.8735],[-124.9325,71.8735],[-124.9326,71.8736],[-124.9301,71.8741],[-124.9293,71.8743],[-124.9289,71.8744],[-124.9285,71.8744],[-124.9275,71.8745],[-124.926,71.8746],[-124.9242,71.8749],[-124.9239,71.875],[-124.9232,71.8751],[-124.9213,71.8754],[-124.9207,71.8754],[-124.9199,71.8755],[-124.9189,71.8754],[-124.917,71.875],[-124.917,71.875],[-124.9149,71.8745],[-124.9137,71.8741],[-124.9129,71.8738],[-124.9122,71.8732],[-124.9122,71.8727],[-124.9124,71.8727],[-124.9127,71.8725],[-124.9127,71.8724],[-124.9125,71.8723],[-124.9114,71.872],[-124.9113,71.872],[-124.9111,71.872],[-124.9108,71.8716],[-124.9107,71.8712],[-124.9099,71.87],[-124.9098,71.8696],[-124.9101,71.8691],[-124.9102,71.8688],[-124.9105,71.8686],[-124.9109,71.8685],[-124.9111,71.8684],[-124.9116,71.8684],[-124.912,71.8682],[-124.9121,71.8679],[-124.912,71.8678],[-124.9116,71.8676],[-124.9077,71.8663],[-124.9067,71.866],[-124.905,71.8653],[-124.9049,71.8653],[-124.9047,71.8652],[-124.9044,71.865],[-124.9043,71.865],[-124.9023,71.8641],[-124.9012,71.8639],[-124.8991,71.8632],[-124.8974,71.8627],[-124.8963,71.8623],[-124.8952,71.862],[-124.8943,71.8618],[-124.8931,71.8615],[-124.8926,71.8618],[-124.8924,71.8622],[-124.8923,71.8624],[-124.8923,71.8625],[-124.8926,71.8626],[-124.8937,71.8627],[-124.8944,71.8629],[-124.8949,71.863],[-124.8954,71.8634],[-124.8953,71.8638],[-124.8947,71.8642],[-124.8947,71.8643],[-124.8953,71.8645],[-124.8955,71.8646],[-124.8955,71.8648],[-124.8955,71.8648],[-124.8953,71.8649],[-124.8949,71.865],[-124.8945,71.8651],[-124.8942,71.8653],[-124.8939,71.8655],[-124.8935,71.8657],[-124.8933,71.8658],[-124.8935,71.8659],[-124.8936,71.866],[-124.8934,71.866],[-124.8925,71.8661],[-124.892,71.8661],[-124.8916,71.8662],[-124.8913,71.8664],[-124.8907,71.8666],[-124.8895,71.8668],[-124.8884,71.8671],[-124.8879,71.8672],[-124.8876,71.8673],[-124.8873,71.8674],[-124.8867,71.8674],[-124.885,71.8672],[-124.8846,71.8672],[-124.884,71.8671],[-124.8837,71.8671],[-124.8829,71.8668],[-124.8823,71.8665],[-124.8816,71.8664],[-124.8811,71.8664],[-124.8802,71.8664],[-124.8795,71.8666],[-124.8793,71.8666],[-124.8793,71.8665],[-124.8798,71.8663],[-124.8801,71.8662],[-124.8815,71.8661],[-124.882,71.8661],[-124.8826,71.8662],[-124.8834,71.8663],[-124.8857,71.867],[-124.8858,71.867],[-124.8865,71.867],[-124.8871,71.8669],[-124.8907,71.8658],[-124.8912,71.8656],[-124.8915,71.8654],[-124.8912,71.8649],[-124.8912,71.8647],[-124.8913,71.8646],[-124.8915,71.8645],[-124.8924,71.8642],[-124.8926,71.864],[-124.8926,71.8639],[-124.8924,71.8637],[-124.8917,71.8634],[-124.8908,71.863],[-124.8906,71.8629],[-124.8906,71.8626],[-124.8908,71.8623],[-124.8907,71.8621],[-124.8901,71.8617],[-124.89,71.8615],[-124.8902,71.8612],[-124.8901,71.861],[-124.8898,71.8609],[-124.8892,71.8609],[-124.8888,71.8609],[-124.8886,71.8609],[-124.8883,71.8611],[-124.8883,71.8612],[-124.888,71.8614],[-124.8874,71.8616],[-124.8864,71.8618],[-124.8862,71.8618],[-124.8855,71.862],[-124.8852,71.862],[-124.8849,71.8623],[-124.8827,71.8626],[-124.8823,71.8627],[-124.8814,71.8627],[-124.8807,71.8627],[-124.8788,71.8628],[-124.8776,71.8627],[-124.8768,71.8626],[-124.8763,71.8626],[-124.8753,71.8628],[-124.8747,71.8627],[-124.8737,71.8625],[-124.8729,71.8623],[-124.8721,71.8623],[-124.8715,71.8622],[-124.8712,71.8621],[-124.8707,71.8618],[-124.8704,71.8617],[-124.8681,71.8612],[-124.8668,71.8608],[-124.8665,71.8606],[-124.8662,71.8606],[-124.8657,71.8605],[-124.8638,71.8605],[-124.8625,71.8604],[-124.8607,71.8603],[-124.8597,71.8602],[-124.8586,71.8601],[-124.8579,71.86],[-124.8569,71.8598],[-124.8564,71.8596],[-124.8564,71.8596],[-124.8566,71.8596],[-124.8573,71.8597],[-124.8601,71.8599],[-124.862,71.8599],[-124.8634,71.86],[-124.8646,71.86],[-124.8653,71.86],[-124.8661,71.86],[-124.867,71.8602],[-124.868,71.8602],[-124.8683,71.8603],[-124.8687,71.8604],[-124.8693,71.8607],[-124.8705,71.861],[-124.8713,71.8611],[-124.8727,71.8614],[-124.8735,71.8616],[-124.8738,71.8616],[-124.8747,71.8615],[-124.8753,71.8615],[-124.8757,71.8616],[-124.876,71.8616],[-124.8761,71.8616],[-124.8766,71.8613],[-124.877,71.8612],[-124.8777,71.8611],[-124.879,71.861],[-124.8796,71.8609],[-124.8799,71.8609],[-124.8806,71.8609],[-124.8812,71.8608],[-124.8816,71.8607],[-124.8829,71.8606],[-124.8838,71.8607],[-124.8864,71.8606],[-124.8868,71.8606],[-124.8872,71.8604],[-124.8875,71.86],[-124.8879,71.8599],[-124.8881,71.8599],[-124.8883,71.8599],[-124.8889,71.86],[-124.8887,71.8598],[-124.8841,71.8583],[-124.8832,71.8581],[-124.8815,71.8575],[-124.8811,71.8574],[-124.8799,71.857],[-124.8774,71.8564],[-124.875,71.8558],[-124.8732,71.8554],[-124.8718,71.8552],[-124.869,71.8546],[-124.8681,71.8543],[-124.8681,71.8539],[-124.8653,71.8533],[-124.8648,71.8532],[-124.8627,71.8526],[-124.8618,71.8525],[-124.8527,71.8498],[-124.8505,71.8493],[-124.8471,71.8484],[-124.8456,71.848],[-124.8443,71.8477],[-124.8432,71.8475],[-124.8425,71.8472],[-124.8419,71.847],[-124.8393,71.8463],[-124.8384,71.846],[-124.8371,71.8458],[-124.8359,71.8454],[-124.8341,71.845],[-124.8321,71.8448],[-124.8298,71.8442],[-124.8269,71.8436],[-124.8214,71.8424],[-124.8202,71.8422],[-124.819,71.8418],[-124.8178,71.8417],[-124.8174,71.8416],[-124.8161,71.8413],[-124.815,71.8411],[-124.8142,71.8409],[-124.8137,71.8408],[-124.812,71.8404],[-124.8089,71.8399],[-124.8066,71.8396],[-124.8025,71.8389],[-124.8,71.8384],[-124.7945,71.8375],[-124.7921,71.837],[-124.7913,71.8367],[-124.7903,71.8366],[-124.7869,71.8359],[-124.7825,71.8348],[-124.7797,71.8343],[-124.7746,71.8334],[-124.7709,71.8329],[-124.7696,71.8326],[-124.7681,71.8324],[-124.7629,71.8315],[-124.7591,71.8307],[-124.7562,71.83],[-124.753,71.8294],[-124.7511,71.829],[-124.7502,71.8291],[-124.7492,71.8291],[-124.7482,71.8291],[-124.7486,71.8293],[-124.7487,71.8293],[-124.7486,71.8294],[-124.7484,71.8295],[-124.7479,71.8297],[-124.7473,71.8302],[-124.7472,71.8302],[-124.7472,71.8307],[-124.7471,71.8307],[-124.7467,71.8311],[-124.7463,71.8312],[-124.7455,71.8314],[-124.7429,71.8319],[-124.7425,71.832],[-124.7419,71.8323],[-124.7414,71.8327],[-124.7412,71.8327],[-124.7407,71.8328],[-124.7397,71.8329],[-124.7393,71.833],[-124.739,71.8331],[-124.7389,71.8332],[-124.7387,71.8332],[-124.7387,71.8338],[-124.7388,71.8346],[-124.7385,71.8351],[-124.7386,71.8358],[-124.7389,71.8367],[-124.7393,71.8371],[-124.7394,71.8373],[-124.7394,71.8374],[-124.7392,71.8375],[-124.7393,71.8376],[-124.7403,71.8378],[-124.741,71.838],[-124.7419,71.8385],[-124.742,71.8386],[-124.7425,71.8389],[-124.7431,71.8391],[-124.7444,71.8399],[-124.7445,71.8401],[-124.7449,71.8403],[-124.745,71.8405],[-124.7447,71.8408],[-124.7446,71.8409],[-124.7445,71.841],[-124.7445,71.8416],[-124.7444,71.8419],[-124.7438,71.8425],[-124.7436,71.8427],[-124.7431,71.8428],[-124.743,71.8429],[-124.7426,71.843],[-124.7414,71.8433],[-124.7399,71.8435],[-124.7385,71.8439],[-124.738,71.8441],[-124.7377,71.8441],[-124.7376,71.8441],[-124.7375,71.844],[-124.7374,71.8438],[-124.7373,71.8438],[-124.7367,71.8437],[-124.7355,71.8437],[-124.7348,71.8437],[-124.7343,71.8436],[-124.7338,71.8435],[-124.7338,71.8435],[-124.7342,71.8434],[-124.735,71.8433],[-124.7358,71.8432],[-124.7368,71.8433],[-124.7376,71.8432],[-124.7383,71.8431],[-124.7396,71.8429],[-124.7406,71.8426],[-124.7419,71.8421],[-124.7422,71.8419],[-124.7428,71.8415],[-124.7429,71.8413],[-124.7429,71.8411],[-124.7424,71.8407],[-124.7423,71.8405],[-124.7423,71.84],[-124.7419,71.8398],[-124.7411,71.8395],[-124.7409,71.8392],[-124.7406,71.8391],[-124.7393,71.8387],[-124.7388,71.8384],[-124.7381,71.8382],[-124.7375,71.838],[-124.7364,71.8374],[-124.7359,71.8367],[-124.7357,71.8364],[-124.7352,71.8358],[-124.7351,71.8355],[-124.7348,71.8353],[-124.7345,71.8348],[-124.7341,71.8346],[-124.7339,71.8345],[-124.7336,71.8344],[-124.734,71.8342],[-124.7342,71.8342],[-124.7345,71.8339],[-124.7346,71.8337],[-124.7344,71.8333],[-124.7344,71.8325],[-124.7348,71.8322],[-124.7353,71.832],[-124.7373,71.8316],[-124.741,71.8311],[-124.7423,71.831],[-124.7441,71.8307],[-124.7446,71.8305],[-124.7447,71.8305],[-124.7447,71.8304],[-124.7445,71.8301],[-124.7445,71.8299],[-124.7446,71.8296],[-124.7451,71.8291],[-124.745,71.829],[-124.7446,71.8288],[-124.7413,71.8284],[-124.7394,71.828],[-124.7378,71.8277],[-124.7376,71.8275],[-124.7376,71.8271],[-124.7376,71.827],[-124.7374,71.8268],[-124.7374,71.8266],[-124.7376,71.8264],[-124.7379,71.8263],[-124.7345,71.8255],[-124.731,71.8247],[-124.7288,71.824],[-124.7254,71.8231],[-124.725,71.8231],[-124.7249,71.823],[-124.724,71.8227],[-124.7236,71.8226],[-124.7221,71.8222],[-124.7212,71.822],[-124.7151,71.8202],[-124.7147,71.82],[-124.7145,71.82],[-124.7145,71.82],[-124.7133,71.8196],[-124.7075,71.8181],[-124.707,71.818],[-124.7049,71.8174],[-124.7029,71.8169],[-124.7025,71.8168],[-124.7015,71.8165],[-124.6994,71.816],[-124.6985,71.8157],[-124.6982,71.8156],[-124.6928,71.814],[-124.6917,71.8138],[-124.6907,71.8136],[-124.6906,71.8135],[-124.6904,71.8135],[-124.6903,71.8134],[-124.689,71.8131],[-124.6883,71.8129],[-124.6868,71.8125],[-124.6851,71.812],[-124.6848,71.8119],[-124.6835,71.8115],[-124.6832,71.8114],[-124.6783,71.81],[-124.6764,71.8095],[-124.6755,71.8092],[-124.6739,71.8088],[-124.6735,71.8086],[-124.6722,71.8082],[-124.6699,71.8077],[-124.6685,71.8073],[-124.6657,71.8066],[-124.6653,71.8064],[-124.6642,71.8061],[-124.6609,71.8052],[-124.6594,71.8049],[-124.6587,71.8048],[-124.6587,71.8047],[-124.6584,71.8047],[-124.6556,71.8041],[-124.6502,71.8027],[-124.6491,71.8024],[-124.6474,71.8021],[-124.6444,71.8015],[-124.6424,71.8009],[-124.6409,71.8006],[-124.6406,71.8005],[-124.6403,71.8004],[-124.6386,71.8],[-124.6371,71.7997],[-124.6368,71.7996],[-124.6368,71.7996],[-124.6339,71.7991],[-124.6325,71.7987],[-124.6304,71.7983],[-124.6264,71.7974],[-124.625,71.7971],[-124.6225,71.7965],[-124.6166,71.7952],[-124.6148,71.7948],[-124.611,71.7942],[-124.6101,71.7941],[-124.61,71.794],[-124.6098,71.794],[-124.6096,71.7939],[-124.6071,71.7935],[-124.6024,71.7928],[-124.5985,71.7922],[-124.5949,71.7917],[-124.5931,71.7915],[-124.593,71.7915],[-124.593,71.7914],[-124.591,71.7912],[-124.5876,71.7907],[-124.5831,71.7901],[-124.5806,71.7898],[-124.5788,71.7897],[-124.5769,71.7895],[-124.5759,71.7895],[-124.5738,71.7893],[-124.5732,71.7893],[-124.5713,71.7891],[-124.5697,71.789],[-124.5605,71.7884],[-124.5593,71.7883],[-124.5563,71.7881],[-124.5538,71.7878],[-124.5535,71.7878],[-124.5534,71.7877],[-124.5529,71.7877],[-124.5526,71.7877],[-124.5478,71.7872],[-124.5463,71.787],[-124.5411,71.786],[-124.5398,71.7857],[-124.5369,71.7852],[-124.5343,71.7848],[-124.533,71.7847],[-124.5292,71.7842],[-124.5276,71.784],[-124.5261,71.7838],[-124.5232,71.7834],[-124.522,71.7833],[-124.5219,71.7832],[-124.52,71.783],[-124.5185,71.7827],[-124.5178,71.7826],[-124.5156,71.7819],[-124.514,71.7816],[-124.5126,71.7815],[-124.5092,71.7814],[-124.5056,71.7813],[-124.5039,71.7813],[-124.5025,71.7813],[-124.502,71.7813],[-124.5018,71.7813],[-124.5,71.7812],[-124.4965,71.7812],[-124.4932,71.7812],[-124.493,71.7812],[-124.4925,71.7812],[-124.4892,71.7812],[-124.4872,71.7812],[-124.4853,71.7811],[-124.484,71.7811],[-124.4836,71.7811],[-124.4821,71.7811],[-124.4798,71.781],[-124.4759,71.7807],[-124.4671,71.7797],[-124.4667,71.7797],[-124.4664,71.7797],[-124.4642,71.7794],[-124.4632,71.7792],[-124.463,71.7792],[-124.463,71.7792],[-124.4627,71.7792],[-124.4616,71.779],[-124.4557,71.7782],[-124.4514,71.7776],[-124.4501,71.7774],[-124.4498,71.7773],[-124.4488,71.7771],[-124.4458,71.7766],[-124.4438,71.7764],[-124.4416,71.7762],[-124.4388,71.776],[-124.4352,71.7759],[-124.435,71.7759],[-124.4329,71.7758],[-124.4316,71.7757],[-124.4313,71.7757],[-124.4308,71.7756],[-124.4276,71.7754],[-124.427,71.7753],[-124.4243,71.7751],[-124.4221,71.7749],[-124.4197,71.7746],[-124.4195,71.7746],[-124.4172,71.7744],[-124.4154,71.7742],[-124.414,71.7739],[-124.4128,71.7738],[-124.4118,71.7737],[-124.4087,71.7735],[-124.4057,71.7732],[-124.4015,71.7726],[-124.3997,71.7723],[-124.3992,71.7722],[-124.398,71.7719],[-124.3978,71.7719],[-124.3963,71.7715],[-124.3947,71.7713],[-124.3923,71.7709],[-124.3901,71.7704],[-124.3895,71.7703],[-124.3886,71.7702],[-124.3863,71.77],[-124.3849,71.7699],[-124.3828,71.7699],[-124.3815,71.7697],[-124.3785,71.7694],[-124.3736,71.7693],[-124.3711,71.7692],[-124.3706,71.7692],[-124.3705,71.7691],[-124.3693,71.7691],[-124.3677,71.769],[-124.3666,71.7689],[-124.3657,71.7688],[-124.3636,71.7684],[-124.3631,71.7683],[-124.3586,71.7677],[-124.3576,71.7675],[-124.3566,71.7674],[-124.3546,71.7671],[-124.3508,71.7667],[-124.3475,71.7663],[-124.3461,71.766],[-124.344,71.7658],[-124.3425,71.7655],[-124.3321,71.7638],[-124.3272,71.7627],[-124.3256,71.7624],[-124.3232,71.7619],[-124.3222,71.7618],[-124.3196,71.7615],[-124.3174,71.7612],[-124.3148,71.7607],[-124.3131,71.7603],[-124.3108,71.7599],[-124.3078,71.7596],[-124.3067,71.7593],[-124.3056,71.759],[-124.3038,71.7587],[-124.3022,71.7583],[-124.3006,71.7579],[-124.2988,71.7573],[-124.2971,71.7568],[-124.2956,71.7565],[-124.2941,71.7563],[-124.2922,71.7562],[-124.287,71.7556],[-124.2857,71.7554],[-124.2829,71.7551],[-124.2758,71.7539],[-124.271,71.7532],[-124.2687,71.7529],[-124.2671,71.7527],[-124.2648,71.7524],[-124.258,71.7514],[-124.2525,71.7504],[-124.2513,71.7502],[-124.2503,71.75],[-124.2495,71.7498],[-124.2461,71.7493],[-124.2448,71.749],[-124.2437,71.7487],[-124.2424,71.7484],[-124.2411,71.7482],[-124.2393,71.7477],[-124.238,71.7475],[-124.2378,71.7474],[-124.2336,71.7465],[-124.232,71.746],[-124.231,71.7458],[-124.2306,71.7457],[-124.2306,71.7456],[-124.2302,71.7455],[-124.2282,71.7449],[-124.2268,71.7446],[-124.2265,71.7446],[-124.2249,71.7442],[-124.2233,71.7437],[-124.2214,71.7432],[-124.2186,71.7423],[-124.2171,71.7418],[-124.2157,71.7415],[-124.2125,71.741],[-124.211,71.7408],[-124.2103,71.7407],[-124.2092,71.7405],[-124.204,71.7395],[-124.2022,71.7392],[-124.2019,71.739],[-124.2002,71.7387],[-124.1993,71.7384],[-124.1989,71.7383],[-124.1978,71.738],[-124.1964,71.7376],[-124.1954,71.7374],[-124.1943,71.7373],[-124.1941,71.7373],[-124.1923,71.7371],[-124.1916,71.737],[-124.1908,71.7368],[-124.1903,71.7367],[-124.1889,71.7364],[-124.1863,71.736],[-124.185,71.7356],[-124.184,71.7354],[-124.1832,71.7352],[-124.1826,71.7351],[-124.1817,71.7349],[-124.1811,71.7346],[-124.18,71.7343],[-124.1783,71.7338],[-124.1778,71.7335],[-124.177,71.7333],[-124.1766,71.7331],[-124.176,71.7329],[-124.1759,71.7328],[-124.175,71.7326],[-124.1737,71.7322],[-124.1734,71.7321],[-124.1731,71.7321],[-124.173,71.732],[-124.1726,71.7318],[-124.1723,71.7318],[-124.1701,71.7311],[-124.1698,71.731],[-124.1693,71.7309],[-124.1669,71.7301],[-124.1661,71.7299],[-124.1655,71.7297],[-124.1653,71.7297],[-124.1652,71.7296],[-124.1643,71.7292],[-124.1641,71.7291],[-124.164,71.7291],[-124.1636,71.729],[-124.1634,71.7289],[-124.1624,71.7286],[-124.1621,71.7285],[-124.1611,71.7283],[-124.1609,71.7281],[-124.1602,71.728],[-124.16,71.7279],[-124.1586,71.7275],[-124.1571,71.7269],[-124.1567,71.7267],[-124.1554,71.7262],[-124.1553,71.7262],[-124.1545,71.7259],[-124.1536,71.7254],[-124.1524,71.7249],[-124.1516,71.7244],[-124.1508,71.7241],[-124.1497,71.7233],[-124.1494,71.7232],[-124.1484,71.7225],[-124.1483,71.7225],[-124.1466,71.7215],[-124.1455,71.7209],[-124.1444,71.7204],[-124.1443,71.7203],[-124.1433,71.7199],[-124.1423,71.7194],[-124.141,71.7188],[-124.1406,71.7187],[-124.1397,71.7183],[-124.1385,71.7177],[-124.1376,71.7173],[-124.1361,71.7168],[-124.1349,71.7165],[-124.1339,71.7163],[-124.1323,71.7159],[-124.1312,71.7156],[-124.1309,71.7156],[-124.1308,71.7155],[-124.1302,71.7153],[-124.1275,71.7148],[-124.1257,71.7143],[-124.1254,71.7143],[-124.1248,71.714],[-124.122,71.7134],[-124.1214,71.7133],[-124.1213,71.7133],[-124.1211,71.7132],[-124.12,71.713],[-124.1196,71.7128],[-124.1182,71.7126],[-124.1179,71.7125],[-124.117,71.7122],[-124.1165,71.7122],[-124.1164,71.7121],[-124.1148,71.7118],[-124.1137,71.7116],[-124.1125,71.7113],[-124.1112,71.7109],[-124.1108,71.7108],[-124.1107,71.7107],[-124.1097,71.7104],[-124.1091,71.7103],[-124.1084,71.7101],[-124.1057,71.7095],[-124.1046,71.7092],[-124.1043,71.7091],[-124.1012,71.7082],[-124.0991,71.7077],[-124.0986,71.7076],[-124.0962,71.7069],[-124.0939,71.7065],[-124.0939,71.7064],[-124.0933,71.7061],[-124.0926,71.7058],[-124.0921,71.7056],[-124.0917,71.7055],[-124.0915,71.7054],[-124.09,71.7048],[-124.0893,71.7044],[-124.0886,71.7041],[-124.088,71.7039],[-124.0877,71.7038],[-124.0874,71.7037],[-124.0867,71.7036],[-124.0857,71.7034],[-124.085,71.7033],[-124.0832,71.7029],[-124.082,71.7028],[-124.0819,71.7027],[-124.0812,71.7026],[-124.0806,71.7025],[-124.0796,71.7023],[-124.0792,71.7022],[-124.0787,71.7021],[-124.078,71.702],[-124.0752,71.7016],[-124.074,71.7015],[-124.0731,71.7014],[-124.0721,71.7012],[-124.0719,71.7012],[-124.0718,71.7012],[-124.0711,71.701],[-124.0696,71.7008],[-124.0689,71.7007],[-124.0659,71.7002],[-124.0653,71.7001],[-124.0646,71.6998],[-124.0625,71.6993],[-124.0598,71.6985],[-124.0594,71.6983],[-124.059,71.6982],[-124.0588,71.6981],[-124.0566,71.6974],[-124.0562,71.6973],[-124.056,71.6972],[-124.0536,71.6966],[-124.0532,71.6965],[-124.0518,71.6962],[-124.0507,71.6959],[-124.0494,71.6954],[-124.0487,71.6953],[-124.0474,71.6948],[-124.0472,71.6946],[-124.0469,71.6945],[-124.0468,71.6944],[-124.0454,71.6937],[-124.0444,71.6931],[-124.0439,71.6928],[-124.0431,71.6923],[-124.0425,71.6919],[-124.0418,71.6915],[-124.0403,71.6909],[-124.0395,71.6905],[-124.0386,71.6901],[-124.0381,71.69],[-124.0374,71.6897],[-124.0371,71.6896],[-124.037,71.6895],[-124.0367,71.6895],[-124.0364,71.6893],[-124.0344,71.6886],[-124.0337,71.6885],[-124.0329,71.6882],[-124.0327,71.6881],[-124.0326,71.6881],[-124.0325,71.688],[-124.0323,71.6879],[-124.0318,71.6876],[-124.0315,71.6875],[-124.0314,71.6874],[-124.0312,71.6874],[-124.0301,71.6869],[-124.0298,71.6868],[-124.0294,71.6866],[-124.028,71.6864],[-124.027,71.6862],[-124.0264,71.6861],[-124.0262,71.686],[-124.0257,71.6859],[-124.0251,71.6857],[-124.0247,71.6856],[-124.0243,71.6854],[-124.0235,71.6852],[-124.023,71.685],[-124.0224,71.6848],[-124.0223,71.6847],[-124.0216,71.6845],[-124.021,71.6844],[-124.0203,71.6843],[-124.0197,71.6843],[-124.0192,71.6842],[-124.0186,71.6841],[-124.0183,71.6839],[-124.0164,71.6833],[-124.0161,71.6832],[-124.015,71.6829],[-124.0148,71.6829],[-124.0147,71.6829],[-124.0142,71.6827],[-124.0134,71.6823],[-124.0126,71.6821],[-124.0123,71.6821],[-124.0122,71.682],[-124.0116,71.6818],[-124.011,71.6815],[-124.0093,71.6809],[-124.0088,71.6808],[-124.0087,71.6808],[-124.0085,71.6807],[-124.0083,71.6806],[-124.0079,71.6805],[-124.0066,71.6801],[-124.0057,71.6797],[-124.0039,71.6791],[-124.0024,71.6788],[-124.0,71.6782]]},"properties":{}},{"type":"Feature","geometry":{"type":"LineString","coordinates":[[-125.9996,71.9693],[-125.9941,71.9687],[-125.9897,71.9681],[-125.9859,71.9678],[-125.9776,71.9671],[-125.9741,71.9669],[-125.9698,71.9667],[-125.9661,71.9664],[-125.9636,71.9663],[-125.961,71.9662],[-125.9578,71.9662],[-125.9567,71.9661],[-125.9531,71.9657],[-125.9516,71.9656],[-125.9494,71.9657],[-125.9473,71.9657],[-125.9454,71.9657],[-125.9416,71.9652],[-125.9315,71.9649],[-125.9296,71.9648],[-125.9254,71.9644],[-125.9231,71.9643],[-125.9193,71.9643],[-125.9156,71.9643],[-125.9125,71.9642],[-125.9096,71.9639],[-125.9031,71.963],[-125.9014,71.9629],[-125.8978,71.9628],[-125.8966,71.9628],[-125.8945,71.9625],[-125.893,71.9624],[-125.8904,71.9623],[-125.8892,71.9622],[-125.8866,71.9619],[-125.8835,71.9616],[-125.8803,71.9615],[-125.8766,71.9615],[-125.8728,71.9612],[-125.8679,71.9609],[-125.8631,71.9607],[-125.8614,71.9606],[-125.8595,71.9603],[-125.8577,71.9603],[-125.8538,71.9605],[-125.8524,71.9605],[-125.8507,71.9603],[-125.8486,71.9601],[-125.8465,71.96],[-125.8429,71.9601],[-125.8407,71.96],[-125.8384,71.9599],[-125.8366,71.9597],[-125.8323,71.959],[-125.8307,71.9589],[-125.8259,71.9588],[-125.8242,71.9586],[-125.8194,71.9578],[-125.8175,71.9576],[-125.8048,71.9573],[-125.8007,71.9571],[-125.7998,71.957],[-125.7921,71.9569],[-125.7899,71.9569],[-125.7858,71.957],[-125.7824,71.9571],[-125.7798,71.9571],[-125.7767,71.9569],[-125.7749,71.9569],[-125.7713,71.9571],[-125.7554,71.9573],[-125.7496,71.9575],[-125.7446,71.9578],[-125.7384,71.958],[-125.7346,71.9583],[-125.7318,71.9584],[-125.7263,71.9587],[-125.7177,71.959],[-125.7134,71.9593],[-125.7079,71.9595],[-125.7031,71.9599],[-125.6961,71.9601],[-125.6934,71.9603],[-125.6878,71.9608],[-125.6824,71.9611],[-125.6725,71.9618],[-125.6718,71.9619],[-125.6668,71.9622],[-125.6557,71.9628],[-125.6526,71.963],[-125.6453,71.9637],[-125.6406,71.9639],[-125.6355,71.9643],[-125.6253,71.965],[-125.6234,71.9651],[-125.6185,71.9657],[-125.6133,71.9661],[-125.6041,71.967],[-125.596,71.9677],[-125.5898,71.9683],[-125.5858,71.9686],[-125.5822,71.9689],[-125.5805,71.969],[-125.5739,71.9696],[-125.5674,71.9702],[-125.561,71.9709],[-125.5581,71.9711],[-125.5484,71.9721],[-125.5429,71.9725],[-125.5349,71.9731],[-125.5308,71.9735],[-125.5256,71.9739],[-125.5197,71.9743],[-125.5173,71.9744],[-125.5139,71.9747],[-125.5094,71.9752],[-125.5042,71.9758],[-125.4997,71.9761],[-125.4949,71.9763],[-125.4879,71.9767],[-125.4831,71.9772],[-125.4765,71.9775],[-125.467,71.9782],[-125.4626,71.9786],[-125.4512,71.979],[-125.4434,71.9794],[-125.4342,71.9798],[-125.4303,71.9799],[-125.428,71.9801],[-125.4218,71.9802],[-125.4152,71.9803],[-125.4019,71.9804],[-125.3894,71.9809],[-125.3857,71.9812],[-125.3784,71.9814],[-125.3731,71.9817],[-125.3673,71.9821],[-125.3641,71.9824],[-125.3625,71.9827],[-125.3608,71.9832],[-125.3588,71.984],[-125.3576,71.9842],[-125.3555,71.9843],[-125.3477,71.9845],[-125.3403,71.9846],[-125.3338,71.9845],[-125.3239,71.9845],[-125.3211,71.9845],[-125.3125,71.9847]]},"properties":{}},{"type":"Feature","geometry":{"type":"LineString","coordinates":[[-125.7116,72.0974],[-125.7107,72.0975],[-125.7101,72.0976],[-125.7095,72.0976],[-125.7074,72.0974],[-125.7068,72.0974],[-125.7065,72.0974],[-125.7061,72.0975],[-125.7057,72.0977],[-125.7047,72.0984],[-125.7042,72.0985],[-125.7038,72.0985],[-125.7033,72.0985],[-125.7032,72.0984],[-125.7035,72.0981],[-125.7037,72.0973],[-125.7034,72.0971],[-125.7025,72.0969],[-125.7025,72.0968],[-125.7026,72.0966],[-125.7024,72.0964],[-125.7026,72.0963],[-125.7028,72.0963],[-125.7031,72.0963],[-125.7032,72.0964],[-125.7032,72.0968],[-125.7034,72.0969],[-125.7037,72.097],[-125.704,72.097],[-125.7042,72.097],[-125.7043,72.0969],[-125.7044,72.0967],[-125.7036,72.0961],[-125.7026,72.0955],[-125.702,72.0953],[-125.7001,72.0945],[-125.6985,72.0937],[-125.698,72.0931],[-125.6978,72.093],[-125.6975,72.093],[-125.6974,72.093],[-125.6958,72.0935],[-125.6951,72.0935],[-125.6928,72.0937],[-125.6902,72.0937],[-125.6893,72.0937],[-125.6878,72.0933],[-125.6858,72.0932],[-125.6843,72.0929],[-125.6832,72.0932],[-125.6819,72.0937],[-125.6814,72.0938],[-125.6808,72.0938],[-125.6802,72.0939],[-125.6785,72.0939],[-125.677,72.0942],[-125.6769,72.0941],[-125.6765,72.0942],[-125.6759,72.0942],[-125.6749,72.0941],[-125.6736,72.0939],[-125.671,72.0934],[-125.6704,72.0934],[-125.6699,72.0934],[-125.6683,72.0938],[-125.667,72.094],[-125.6662,72.0941],[-125.6654,72.0942],[-125.6628,72.094],[-125.6592,72.0942],[-125.6574,72.0942],[-125.6561,72.0942],[-125.6558,72.0942],[-125.6553,72.094],[-125.6551,72.094],[-125.6526,72.094],[-125.6513,72.0938],[-125.6499,72.0936],[-125.6482,72.0934],[-125.6479,72.0934],[-125.6475,72.0935],[-125.6469,72.0937],[-125.6463,72.0937],[-125.6454,72.0941],[-125.6447,72.0942],[-125.6441,72.0942],[-125.6432,72.0941],[-125.6421,72.0939],[-125.642,72.0938],[-125.642,72.0936],[-125.6429,72.0928],[-125.6434,72.0924],[-125.6437,72.0922],[-125.6443,72.092],[-125.6453,72.0918],[-125.6458,72.0916],[-125.6459,72.0914],[-125.6459,72.0912],[-125.646,72.0911],[-125.6464,72.091],[-125.6467,72.091],[-125.647,72.0912],[-125.6473,72.0913],[-125.6475,72.0913],[-125.6482,72.0909],[-125.6484,72.0909],[-125.6491,72.0913],[-125.6493,72.0914],[-125.6496,72.0914],[-125.6499,72.0913],[-125.6501,72.0913],[-125.6504,72.091],[-125.6506,72.0909],[-125.6512,72.091],[-125.6518,72.0912],[-125.6521,72.0912],[-125.6524,72.0911],[-125.6524,72.091],[-125.6518,72.0907],[-125.6517,72.0906],[-125.6519,72.0905],[-125.6526,72.0905],[-125.6526,72.0904],[-125.6523,72.0901],[-125.6528,72.0901],[-125.6533,72.0902],[-125.6536,72.0901],[-125.6543,72.09],[-125.6545,72.0899],[-125.6544,72.0898],[-125.6542,72.0897],[-125.6536,72.0898],[-125.6532,72.0898],[-125.653,72.0897],[-125.653,72.0894],[-125.6527,72.0893],[-125.6529,72.0891],[-125.6532,72.089],[-125.6545,72.0888],[-125.6562,72.0887],[-125.6573,72.0886],[-125.6581,72.0886],[-125.6594,72.0885],[-125.6601,72.0884],[-125.6615,72.0884],[-125.6629,72.0887],[-125.6644,72.0887],[-125.6656,72.0887],[-125.6664,72.0885],[-125.667,72.0883],[-125.668,72.0878],[-125.6697,72.0876],[-125.6713,72.0873],[-125.672,72.0871],[-125.6729,72.087],[-125.6742,72.0867],[-125.6748,72.0864],[-125.6765,72.0862],[-125.6783,72.0861],[-125.6803,72.0862],[-125.6813,72.0862],[-125.6831,72.0862],[-125.6846,72.0869],[-125.6862,72.0867],[-125.6883,72.0861],[-125.6902,72.0862],[-125.6914,72.0861],[-125.6929,72.0859],[-125.6931,72.0854],[-125.6932,72.0843],[-125.6941,72.0841],[-125.6968,72.0842],[-125.6979,72.0838],[-125.6974,72.0832],[-125.6973,72.0827],[-125.6959,72.0818],[-125.6965,72.0816],[-125.6968,72.0814],[-125.6979,72.0805],[-125.6982,72.0799],[-125.6991,72.0792],[-125.6984,72.0777],[-125.6986,72.0769],[-125.6991,72.0765],[-125.6998,72.0761],[-125.7002,72.0757],[-125.6999,72.0749],[-125.6996,72.0743],[-125.6995,72.0739],[-125.6996,72.0736],[-125.6995,72.073],[-125.7001,72.0723],[-125.7009,72.0718],[-125.7004,72.0713],[-125.6999,72.0711],[-125.6994,72.0708],[-125.6994,72.0705],[-125.6995,72.07],[-125.6994,72.0696],[-125.6988,72.0692],[-125.6993,72.0689],[-125.6993,72.0686],[-125.6992,72.0685],[-125.6972,72.0683],[-125.6953,72.0685],[-125.6949,72.068],[-125.694,72.0678],[-125.6916,72.0677],[-125.6902,72.0679],[-125.6884,72.0685],[-125.6877,72.0686],[-125.6859,72.0692],[-125.6844,72.0693],[-125.6839,72.0694],[-125.6845,72.0692],[-125.685,72.0689],[-125.6853,72.0687],[-125.6853,72.0684],[-125.6852,72.0683],[-125.6852,72.0681],[-125.685,72.0679],[-125.6868,72.0676],[-125.6868,72.0672],[-125.6874,72.0667],[-125.6875,72.0663],[-125.6851,72.0661],[-125.6835,72.0658],[-125.6849,72.0656],[-125.6965,72.0659],[-125.6991,72.0656],[-125.7002,72.0653],[-125.7005,72.065],[-125.7007,72.0647],[-125.7007,72.0645],[-125.7005,72.0642],[-125.7001,72.0639],[-125.6985,72.064],[-125.6974,72.0642],[-125.6963,72.0643],[-125.6948,72.0643],[-125.6933,72.064],[-125.6928,72.0637],[-125.692,72.0632],[-125.6916,72.0627],[-125.6917,72.0625],[-125.692,72.0622],[-125.6933,72.0617],[-125.694,72.0614],[-125.6947,72.0613],[-125.6955,72.0611],[-125.6984,72.0607],[-125.7009,72.0606],[-125.7024,72.0605],[-125.7027,72.0604],[-125.7027,72.0603],[-125.7025,72.06],[-125.7025,72.06],[-125.7028,72.0599],[-125.7044,72.0596],[-125.7065,72.0595],[-125.7063,72.0582],[-125.7068,72.0576],[-125.707,72.0569],[-125.7069,72.0566],[-125.7059,72.056],[-125.7057,72.0557],[-125.7058,72.0556],[-125.7078,72.055],[-125.7087,72.0546],[-125.7088,72.0541],[-125.7086,72.0536],[-125.7072,72.0513],[-125.7069,72.0511],[-125.7059,72.0509],[-125.7049,72.0504],[-125.7046,72.05],[-125.7045,72.0498],[-125.704,72.0497],[-125.7044,72.0496],[-125.7047,72.0495],[-125.7047,72.0493],[-125.705,72.0491],[-125.706,72.0488],[-125.7061,72.0485],[-125.706,72.0482],[-125.7059,72.0481],[-125.7052,72.048],[-125.7044,72.048],[-125.7032,72.048],[-125.7026,72.048],[-125.7013,72.0482],[-125.7011,72.0481],[-125.7008,72.0482],[-125.7001,72.0481],[-125.6985,72.0481],[-125.6981,72.0479],[-125.6979,72.0477],[-125.697,72.0473],[-125.6966,72.0472],[-125.6962,72.0471],[-125.696,72.0471],[-125.6956,72.0472],[-125.6953,72.0472],[-125.6952,72.0469],[-125.6951,72.0467],[-125.6949,72.0466],[-125.6952,72.0465],[-125.697,72.0463],[-125.6974,72.0462],[-125.6978,72.0462],[-125.6984,72.0461],[-125.7109,72.0432],[-125.7122,72.0429],[-125.7144,72.0425],[-125.7148,72.0424],[-125.715,72.0421],[-125.7163,72.0409],[-125.7169,72.0406],[-125.7174,72.0404],[-125.7202,72.0397],[-125.7214,72.0393],[-125.7218,72.0393],[-125.7221,72.0399],[-125.7223,72.0407],[-125.7222,72.0411],[-125.7213,72.0427],[-125.7198,72.0437],[-125.7186,72.0451],[-125.7185,72.0454],[-125.7189,72.0455],[-125.7196,72.0454],[-125.7203,72.045],[-125.721,72.0445],[-125.7219,72.0435],[-125.7232,72.0424],[-125.7233,72.0419],[-125.7235,72.0411],[-125.7231,72.0377],[-125.724,72.0369],[-125.7261,72.0365],[-125.7267,72.0382],[-125.7274,72.0389],[-125.7284,72.0396],[-125.7293,72.0405],[-125.7307,72.0413],[-125.7309,72.0425],[-125.7311,72.0428],[-125.7326,72.0444],[-125.7331,72.0441],[-125.7333,72.0435],[-125.7332,72.043],[-125.7332,72.0423],[-125.733,72.0416],[-125.7322,72.0406],[-125.7316,72.0392],[-125.731,72.0387],[-125.7297,72.0382],[-125.7277,72.0364],[-125.7258,72.0354],[-125.7261,72.0346],[-125.7262,72.0338],[-125.7266,72.0336],[-125.7264,72.0334],[-125.7269,72.033],[-125.7271,72.0325],[-125.7274,72.0324],[-125.7276,72.032],[-125.7283,72.0315],[-125.7309,72.0292],[-125.7314,72.0289],[-125.7326,72.0284],[-125.7334,72.0281],[-125.7342,72.0278],[-125.7351,72.0275],[-125.7355,72.0273],[-125.7372,72.0258],[-125.7377,72.024],[-125.739,72.0231],[-125.7394,72.0226],[-125.7402,72.0222],[-125.7424,72.0214],[-125.7433,72.0208],[-125.7455,72.0202],[-125.7476,72.0196],[-125.749,72.0191],[-125.7497,72.0188],[-125.7506,72.018],[-125.7498,72.0179],[-125.7487,72.0182],[-125.7468,72.0185],[-125.7453,72.0185],[-125.7442,72.0187],[-125.7438,72.019],[-125.7426,72.0194],[-125.7401,72.0199],[-125.7397,72.02],[-125.7394,72.0199],[-125.7393,72.0199],[-125.7391,72.0197],[-125.7388,72.0185],[-125.7386,72.0181],[-125.738,72.0179],[-125.7367,72.0175],[-125.7361,72.0173],[-125.7361,72.017],[-125.7358,72.0166],[-125.7357,72.0159],[-125.7355,72.0158],[-125.7354,72.0152],[-125.7348,72.0148],[-125.7347,72.0146],[-125.7347,72.0142],[-125.735,72.0136],[-125.7354,72.0134],[-125.7361,72.0133],[-125.7399,72.0133],[-125.7418,72.0133],[-125.7435,72.0131],[-125.7456,72.0131],[-125.7465,72.0131],[-125.7483,72.0128],[-125.7515,72.0123],[-125.7521,72.0122],[-125.7547,72.0117],[-125.7565,72.0114],[-125.7565,72.0113],[-125.7564,72.0112],[-125.7556,72.0111],[-125.7537,72.0108],[-125.7518,72.0104],[-125.7515,72.0101],[-125.7511,72.0097],[-125.7502,72.0094],[-125.75,72.0092],[-125.75,72.009],[-125.7502,72.0084],[-125.7501,72.0076],[-125.7505,72.0067],[-125.7508,72.0064],[-125.7519,72.0057],[-125.753,72.0049],[-125.7542,72.004],[-125.7548,72.0037],[-125.7554,72.0036],[-125.7565,72.0036],[-125.759,72.0034],[-125.7616,72.0031],[-125.7632,72.0027],[-125.764,72.0026],[-125.7657,72.002],[-125.7669,72.0019],[-125.7685,72.0014],[-125.7687,72.0013],[-125.7686,72.0012],[-125.766,72.0005],[-125.7649,72.0],[-125.7643,71.9998],[-125.7639,71.999],[-125.7635,71.9987],[-125.7624,71.9982],[-125.7614,71.9978],[-125.7605,71.9978],[-125.7599,71.9975],[-125.7591,71.9971],[-125.7585,71.9969],[-125.7579,71.9967],[-125.7564,71.9967],[-125.7558,71.9967],[-125.7559,71.9964],[-125.7554,71.9963],[-125.7553,71.996],[-125.7544,71.9958],[-125.7543,71.9957],[-125.7549,71.9956],[-125.7558,71.9958],[-125.7564,71.996],[-125.7586,71.9961],[-125.7601,71.9959],[-125.7606,71.9956],[-125.7607,71.9954],[-125.7603,71.9949],[-125.761,71.9942],[-125.7607,71.9937],[-125.7598,71.9929],[-125.7594,71.9924],[-125.7594,71.992],[-125.7596,71.9918],[-125.7599,71.9917],[-125.7603,71.9916],[-125.7602,71.9926],[-125.7606,71.9929],[-125.7617,71.9934],[-125.7619,71.9937],[-125.762,71.9942],[-125.7628,71.9949],[-125.7637,71.9954],[-125.764,71.9961],[-125.765,71.9966],[-125.7652,71.997],[-125.7657,71.9972],[-125.7686,71.9979],[-125.7702,71.9981],[-125.7716,71.9982],[-125.773,71.9981],[-125.7749,71.9978],[-125.7768,71.9976],[-125.7784,71.9974],[-125.7794,71.997],[-125.7797,71.9965],[-125.7793,71.9957],[-125.7794,71.9954],[-125.7808,71.9943],[-125.781,71.994],[-125.7811,71.9934],[-125.7817,71.9928],[-125.7825,71.9924],[-125.7831,71.9921],[-125.7837,71.9914],[-125.7846,71.9906],[-125.7846,71.9901],[-125.7845,71.9896],[-125.7854,71.9889],[-125.7862,71.9878],[-125.7868,71.9873],[-125.7878,71.9869],[-125.7888,71.9867],[-125.7905,71.9863],[-125.7913,71.9859],[-125.7917,71.9856],[-125.7919,71.9853],[-125.7924,71.9851],[-125.7957,71.9843],[-125.7963,71.9842],[-125.7966,71.9839],[-125.7974,71.9837],[-125.7989,71.9836],[-125.8007,71.9831],[-125.8031,71.9824],[-125.804,71.9819],[-125.8047,71.9814],[-125.8057,71.9809],[-125.8077,71.9804],[-125.813,71.9793],[-125.8146,71.9791],[-125.816,71.9787],[-125.817,71.9784],[-125.8175,71.9781],[-125.8177,71.9779],[-125.8182,71.9775],[-125.8181,71.9771],[-125.8191,71.9762],[-125.8193,71.9759],[-125.8192,71.9758],[-125.8185,71.9756],[-125.8188,71.9753],[-125.8184,71.9752],[-125.8186,71.9751],[-125.8194,71.975],[-125.8201,71.9751],[-125.8204,71.975],[-125.8205,71.974],[-125.8216,71.973],[-125.823,71.9719],[-125.8238,71.9712],[-125.824,71.9708],[-125.8243,71.9696],[-125.8242,71.9687],[-125.8248,71.967],[-125.8253,71.9662],[-125.8266,71.9653],[-125.8283,71.9642],[-125.8302,71.9634],[-125.8336,71.9623],[-125.8349,71.9619],[-125.8365,71.9616],[-125.8385,71.9615],[-125.8409,71.9614],[-125.8414,71.9614],[-125.8439,71.9614],[-125.8455,71.9614],[-125.8469,71.9615],[-125.849,71.9619],[-125.8541,71.9625],[-125.8564,71.9627],[-125.8578,71.9627],[-125.8583,71.9628],[-125.8623,71.9631],[-125.8651,71.9632],[-125.8738,71.9629],[-125.8763,71.9631],[-125.8792,71.9629],[-125.883,71.963],[-125.8876,71.963],[-125.892,71.9632],[-125.8936,71.9633],[-125.8968,71.9637],[-125.8997,71.9639],[-125.9052,71.964],[-125.9074,71.9642],[-125.9094,71.9644],[-125.9161,71.9649],[-125.9195,71.9651],[-125.9245,71.9653],[-125.9319,71.9655],[-125.9365,71.9658],[-125.9515,71.9665],[-125.9614,71.9672],[-125.9684,71.9675],[-125.9721,71.9678],[-125.9768,71.9682],[-125.9803,71.9686],[-125.9814,71.9688],[-125.983,71.9693],[-125.9858,71.9704],[-125.9883,71.9716],[-125.9899,71.9725],[-125.992,71.974],[-125.9933,71.9751],[-125.9947,71.9769],[-125.9951,71.9779],[-125.995,71.9796],[-125.9942,71.9804],[-125.9931,71.9813],[-125.9918,71.9826],[-125.9908,71.9833],[-125.9884,71.9846],[-125.9879,71.9847],[-125.9871,71.9847],[-125.9855,71.9846],[-125.9834,71.9848],[-125.9816,71.9849],[-125.9792,71.9855],[-125.9776,71.9858],[-125.9746,71.9869],[-125.9726,71.9876],[-125.9698,71.9884],[-125.9681,71.9887],[-125.9625,71.9893],[-125.961,71.9893],[-125.9596,71.9892],[-125.9588,71.9892],[-125.9581,71.9892],[-125.9573,71.9893],[-125.9568,71.9894],[-125.9569,71.9896],[-125.9572,71.9897],[-125.9593,71.9901],[-125.9619,71.9906],[-125.963,71.9906],[-125.9652,71.9907],[-125.968,71.9904],[-125.9714,71.9903],[-125.9738,71.9901],[-125.9756,71.9898],[-125.9778,71.9893],[-125.9799,71.9886],[-125.9826,71.9879],[-125.9844,71.9872],[-125.9864,71.9864],[-125.9882,71.9856],[-125.9899,71.9849],[-125.9911,71.9844],[-125.9914,71.9843],[-125.9919,71.9839],[-125.9936,71.9829],[-125.9948,71.982],[-125.9989,71.9783],[-126.0,71.9775],[-126.0006,71.9771],[-126.0025,71.9763],[-126.0034,71.9759],[-126.0047,71.9752],[-126.0063,71.9744],[-126.0081,71.9734],[-126.0087,71.9727],[-126.0084,71.9719],[-126.0072,71.9714],[-126.0065,71.971]]},"properties":{}},{"type":"Feature","geometry":{"type":"LineString","coordinates":[[-125.7776,72.0],[-125.7786,71.9994],[-125.7802,71.998],[-125.7818,71.9972],[-125.783,71.9963],[-125.7862,71.9944],[-125.7875,71.9937],[-125.789,71.9927],[-125.792,71.9911],[-125.7942,71.99],[-125.7989,71.9875],[-125.8027,71.9857],[-125.8055,71.9846],[-125.8077,71.9835],[-125.8139,71.981],[-125.817,71.9796],[-125.8213,71.9778],[-125.8242,71.9763],[-125.8293,71.9741],[-125.8319,71.9732],[-125.8331,71.973],[-125.8342,71.9719],[-125.8353,71.9706],[-125.8363,71.969],[-125.8369,71.9678],[-125.837,71.9665],[-125.8353,71.966],[-125.8345,71.9655],[-125.8345,71.9647],[-125.8343,71.9647],[-125.8339,71.9647],[-125.8338,71.9648],[-125.8339,71.9652],[-125.8334,71.9659],[-125.8337,71.9661],[-125.8338,71.9662],[-125.834,71.9665],[-125.8338,71.9674],[-125.8335,71.9678],[-125.8327,71.9684],[-125.8321,71.9688],[-125.832,71.9692],[-125.8318,71.9695],[-125.8318,71.9697],[-125.8321,71.9704],[-125.8324,71.9713],[-125.8322,71.9722],[-125.8317,71.9728],[-125.8299,71.9734],[-125.8255,71.9749],[-125.8205,71.9769],[-125.8191,71.9774],[-125.8183,71.978],[-125.8172,71.9785],[-125.8164,71.9789],[-125.8158,71.979],[-125.8155,71.9791],[-125.8152,71.9792],[-125.8143,71.9797],[-125.813,71.9805],[-125.8112,71.9813],[-125.8063,71.9835],[-125.8047,71.9842],[-125.8024,71.9852],[-125.8005,71.9861],[-125.7956,71.9883],[-125.7933,71.9894],[-125.7907,71.9909],[-125.7842,71.9944],[-125.7824,71.9957],[-125.7804,71.9968],[-125.7761,71.9993],[-125.7752,72.0],[-125.7743,72.0005],[-125.7739,72.0009],[-125.7728,72.0014],[-125.7721,72.0021],[-125.7711,72.0027],[-125.7704,72.0037],[-125.7697,72.0041],[-125.7688,72.005],[-125.7666,72.007],[-125.7658,72.0074],[-125.7643,72.0085],[-125.7641,72.0087],[-125.764,72.0089],[-125.7625,72.0098],[-125.7621,72.0103],[-125.7613,72.0107],[-125.7603,72.0111],[-125.7591,72.0116],[-125.7579,72.0121],[-125.7574,72.0126],[-125.7574,72.0128],[-125.757,72.0133],[-125.7567,72.0135],[-125.7563,72.0141],[-125.7553,72.0147],[-125.7548,72.0149],[-125.7542,72.0152],[-125.7534,72.0154],[-125.7531,72.0155],[-125.752,72.0156],[-125.7518,72.0156],[-125.7518,72.0156],[-125.7513,72.0157],[-125.7511,72.0159],[-125.7513,72.0161],[-125.7525,72.0163],[-125.754,72.0163],[-125.7552,72.016],[-125.7555,72.0159],[-125.7583,72.0141],[-125.7595,72.0135],[-125.7607,72.0125],[-125.7618,72.0118],[-125.7641,72.0106],[-125.7657,72.0093],[-125.767,72.0085],[-125.768,72.0077],[-125.7682,72.0076],[-125.7686,72.0073],[-125.77,72.0063],[-125.7706,72.0057],[-125.7714,72.0052],[-125.772,72.0048],[-125.7721,72.0044],[-125.7729,72.0032],[-125.7742,72.0025],[-125.7748,72.0018],[-125.7762,72.001],[-125.7776,72.0]]},"properties":{}},{"type":"Feature","geometry":{"type":"LineString","coordinates":[[-126.0065,71.971],[-126.0051,71.9706],[-126.0,71.9694],[-126.0,71.9694],[-125.9996,71.9693]]},"properties":{}},{"type":"Feature","geometry":{"type":"LineString","coordinates":[[-125.3125,71.9847],[-125.3061,71.9849],[-125.2983,71.9851],[-125.2912,71.9852],[-125.2862,71.9853],[-125.2842,71.9854],[-125.2742,71.9854],[-125.2686,71.9853],[-125.2657,71.9852],[-125.2615,71.9848],[-125.2574,71.9847],[-125.2541,71.9845],[-125.2509,71.9843],[-125.2474,71.984],[-125.2459,71.9838],[-125.2439,71.9833],[-125.2432,71.9833],[-125.2421,71.9834],[-125.2411,71.9836],[-125.2399,71.984],[-125.2385,71.9842],[-125.2367,71.9843],[-125.2313,71.9842],[-125.2275,71.9841],[-125.2247,71.984],[-125.2226,71.9841],[-125.2209,71.9843],[-125.2189,71.9844],[-125.2158,71.9843],[-125.2131,71.9841],[-125.2101,71.9842],[-125.2079,71.9841],[-125.2062,71.9839],[-125.2044,71.9836],[-125.202,71.9835],[-125.2012,71.9833],[-125.1999,71.9828],[-125.1988,71.982],[-125.1981,71.9815],[-125.1979,71.9815],[-125.1973,71.9815],[-125.195,71.9824],[-125.1938,71.9827],[-125.1923,71.9829],[-125.1907,71.9831],[-125.1892,71.9831],[-125.1885,71.983],[-125.1877,71.9829],[-125.1866,71.9829],[-125.1864,71.983],[-125.1852,71.9832],[-125.1823,71.9833],[-125.1804,71.9834],[-125.1779,71.9835],[-125.174,71.9834],[-125.1696,71.9833],[-125.1686,71.9831],[-125.1678,71.983],[-125.1667,71.9825],[-125.1661,71.9821],[-125.1657,71.9815],[-125.1657,71.9813],[-125.166,71.9811],[-125.1666,71.981],[-125.1663,71.9808],[-125.1602,71.9805],[-125.1584,71.9806],[-125.1571,71.9807],[-125.1562,71.9808],[-125.1536,71.9814],[-125.1503,71.982],[-125.1469,71.9825],[-125.1462,71.9825],[-125.1447,71.9824],[-125.1424,71.9826],[-125.1413,71.9825],[-125.1403,71.9823],[-125.1396,71.9821],[-125.1382,71.9821],[-125.1359,71.9822],[-125.1325,71.9819],[-125.1305,71.9816],[-125.1289,71.9812],[-125.128,71.9811],[-125.1264,71.9805],[-125.1242,71.9796],[-125.1218,71.9784],[-125.1211,71.978],[-125.1203,71.9777],[-125.1192,71.9775],[-125.1183,71.9775],[-125.1168,71.9776],[-125.1159,71.9777],[-125.1156,71.9777],[-125.1133,71.9778],[-125.1126,71.9779],[-125.1121,71.978],[-125.1117,71.9783],[-125.1115,71.9785],[-125.1102,71.9789],[-125.1085,71.9792],[-125.1063,71.9793],[-125.1039,71.9801],[-125.1025,71.9803],[-125.1004,71.9805],[-125.0959,71.9809],[-125.0932,71.9807],[-125.0893,71.9808],[-125.0876,71.9807],[-125.0871,71.9807],[-125.0863,71.9806],[-125.0859,71.9804],[-125.0854,71.9801],[-125.0852,71.9799],[-125.0841,71.9795],[-125.0832,71.9793],[-125.0829,71.9791],[-125.0832,71.9787],[-125.0813,71.9785],[-125.0805,71.9783],[-125.0793,71.9783],[-125.0771,71.9784],[-125.0753,71.9783],[-125.0732,71.9779],[-125.0702,71.9776],[-125.0691,71.9773],[-125.0685,71.9772],[-125.0663,71.9774],[-125.0657,71.9773],[-125.065,71.9771],[-125.0642,71.9772],[-125.063,71.9773],[-125.0621,71.9773],[-125.0612,71.9772],[-125.0605,71.977],[-125.0583,71.9768],[-125.0567,71.9768],[-125.056,71.9768],[-125.0557,71.9766],[-125.0557,71.9764],[-125.0565,71.9759],[-125.0554,71.976],[-125.0525,71.9764],[-125.0496,71.9766],[-125.0487,71.9766],[-125.0481,71.9765],[-125.0475,71.9762],[-125.0474,71.976],[-125.0478,71.9758],[-125.0483,71.9757],[-125.0493,71.9757],[-125.0493,71.9753],[-125.0491,71.9752],[-125.0487,71.9752],[-125.048,71.9753],[-125.047,71.9756],[-125.0411,71.9756],[-125.0361,71.9756],[-125.0358,71.9755],[-125.0356,71.9753],[-125.0358,71.9752],[-125.0348,71.9752],[-125.0341,71.9753],[-125.0325,71.9756],[-125.0318,71.9756],[-125.0285,71.9754],[-125.0259,71.9755],[-125.0246,71.9755],[-125.0225,71.9754],[-125.0198,71.9752],[-125.0186,71.975],[-125.0181,71.9749],[-125.0172,71.9743],[-125.016,71.9743],[-125.0131,71.9744],[-125.0115,71.9744],[-125.0091,71.9741],[-125.0059,71.9735],[-125.0039,71.9731],[-125.0,71.9726],[-124.9981,71.9728],[-124.9958,71.973],[-124.9931,71.9729],[-124.9885,71.9726],[-124.9882,71.9727],[-124.9881,71.9728],[-124.9879,71.9729],[-124.9877,71.9728],[-124.9864,71.9722],[-124.9862,71.9721],[-124.9858,71.972],[-124.9857,71.9719],[-124.9851,71.9719],[-124.9844,71.9719],[-124.9831,71.9719],[-124.9822,71.9719],[-124.9805,71.9717],[-124.9801,71.9716],[-124.9798,71.9715],[-124.9787,71.9713],[-124.9776,71.9712],[-124.9776,71.9712],[-124.9774,71.9712],[-124.9772,71.9711],[-124.9768,71.9711],[-124.9765,71.971],[-124.976,71.9709],[-124.9757,71.9709],[-124.9753,71.9709],[-124.9746,71.9708],[-124.9743,71.9707],[-124.9739,71.9705],[-124.9731,71.9701],[-124.9726,71.9697],[-124.9722,71.9694],[-124.9722,71.9692],[-124.9724,71.9689],[-124.9721,71.9687],[-124.9715,71.9686],[-124.9712,71.9685],[-124.9708,71.9685],[-124.9697,71.9684],[-124.969,71.9682],[-124.9685,71.9682],[-124.9681,71.9679],[-124.9673,71.9678],[-124.9664,71.9677],[-124.9656,71.9676],[-124.9649,71.9676],[-124.9631,71.9672],[-124.9628,71.9671],[-124.9625,71.9671],[-124.9615,71.9668],[-124.9608,71.9665],[-124.9607,71.9664],[-124.9604,71.9664],[-124.9598,71.9662],[-124.9591,71.966],[-124.959,71.9659],[-124.9583,71.9657],[-124.9579,71.9655],[-124.9576,71.9655],[-124.9563,71.9654],[-124.9549,71.9653],[-124.9545,71.9653],[-124.9536,71.9649],[-124.9529,71.9649],[-124.9511,71.9648],[-124.9508,71.9647],[-124.9504,71.9647],[-124.9498,71.9646],[-124.949,71.9646],[-124.9484,71.9646],[-124.9474,71.9647],[-124.9451,71.9649],[-124.9449,71.9649],[-124.9446,71.965],[-124.9434,71.9651],[-124.9417,71.9655],[-124.9412,71.9656],[-124.9409,71.9657],[-124.9398,71.9658],[-124.9383,71.9657],[-124.9368,71.9657],[-124.9352,71.9657],[-124.9336,71.9655],[-124.9325,71.9654],[-124.9312,71.9655],[-124.9307,71.9654],[-124.9304,71.9654],[-124.9294,71.9654],[-124.9276,71.9652],[-124.927,71.9651],[-124.9267,71.965],[-124.9265,71.9649],[-124.926,71.9649],[-124.9256,71.9647],[-124.9252,71.9647],[-124.9242,71.9646],[-124.9237,71.9645],[-124.9223,71.9641],[-124.9212,71.9639],[-124.9197,71.9638],[-124.9186,71.9635],[-124.9171,71.9634],[-124.9161,71.9632],[-124.9157,71.9629],[-124.9157,71.9626],[-124.9166,71.9621],[-124.9168,71.9618],[-124.9176,71.9614],[-124.9182,71.9612],[-124.9189,71.9611],[-124.9211,71.9607],[-124.9216,71.9606],[-124.9217,71.9605],[-124.9217,71.9603],[-124.9216,71.9601],[-124.9214,71.9599],[-124.9206,71.9597],[-124.9201,71.9588],[-124.92,71.9587],[-124.9201,71.9581],[-124.9206,71.9575],[-124.9206,71.957],[-124.9181,71.9572],[-124.9174,71.9572],[-124.9163,71.9569],[-124.9158,71.9569],[-124.9148,71.9565],[-124.9133,71.9562],[-124.9128,71.9561],[-124.9123,71.9559],[-124.9122,71.9556],[-124.9124,71.9551],[-124.9126,71.9541],[-124.913,71.9538],[-124.9132,71.9535],[-124.9134,71.9533],[-124.9134,71.9533],[-124.9136,71.9531],[-124.9142,71.9527],[-124.9143,71.9527],[-124.9144,71.9526],[-124.9163,71.9515],[-124.9169,71.9509],[-124.9174,71.9507],[-124.918,71.9504],[-124.9184,71.9503],[-124.9186,71.9502],[-124.9198,71.9499],[-124.9204,71.9497],[-124.9215,71.9494],[-124.9229,71.949],[-124.9241,71.9488],[-124.9263,71.9485],[-124.9271,71.9484],[-124.9287,71.9484],[-124.9295,71.9484],[-124.9318,71.9485],[-124.9326,71.9486],[-124.933,71.9486],[-124.9336,71.9487],[-124.9341,71.9489],[-124.9341,71.9489],[-124.9344,71.9489],[-124.9348,71.949],[-124.9351,71.9493],[-124.9352,71.9497],[-124.9351,71.9499],[-124.935,71.9501],[-124.9352,71.9502],[-124.9355,71.9504],[-124.9357,71.9506],[-124.9359,71.9507],[-124.9367,71.9509],[-124.9378,71.9513],[-124.9386,71.9515],[-124.9387,71.9516],[-124.94,71.9516],[-124.9407,71.9517],[-124.9418,71.9517],[-124.9432,71.9517],[-124.9446,71.9516],[-124.9458,71.9514],[-124.9469,71.9513],[-124.9483,71.9512],[-124.9506,71.951],[-124.9517,71.9509],[-124.9519,71.9509],[-124.9526,71.9508],[-124.9537,71.9507],[-124.9542,71.9507],[-124.9549,71.9507],[-124.9554,71.9507],[-124.9573,71.9506],[-124.9586,71.9505],[-124.9607,71.9505],[-124.9613,71.9505],[-124.9625,71.9505],[-124.9627,71.9506],[-124.9639,71.9505],[-124.9645,71.9506],[-124.9647,71.9506],[-124.965,71.9506],[-124.9664,71.9507],[-124.9669,71.9507],[-124.9718,71.951],[-124.9721,71.9511],[-124.9725,71.9511],[-124.9746,71.9513],[-124.9795,71.9515],[-124.9806,71.9516],[-124.9816,71.9518],[-124.9829,71.9519],[-124.9834,71.9519],[-124.9843,71.952],[-124.9845,71.952],[-124.9853,71.9521],[-124.9863,71.9523],[-124.9885,71.9528],[-124.9891,71.9529],[-124.9896,71.953],[-124.99,71.9531],[-124.992,71.9535],[-124.9943,71.9542],[-124.9947,71.9543],[-124.9963,71.9548],[-124.9968,71.955],[-124.9969,71.955],[-124.9972,71.9551],[-124.9974,71.9552],[-124.9983,71.9556],[-124.9986,71.9557],[-124.999,71.9558],[-124.9995,71.956],[-125.0,71.957],[-125.0028,71.9588],[-125.0033,71.9594],[-125.0025,71.9621],[-125.0,71.9644],[-124.9995,71.9652],[-124.9987,71.9656],[-124.9985,71.9657],[-124.9981,71.9659],[-124.9977,71.966],[-124.9972,71.9661],[-124.9965,71.9661],[-124.9954,71.9661],[-124.9949,71.9661],[-124.9944,71.9662],[-124.9939,71.9664],[-124.9933,71.9667],[-124.9928,71.967],[-124.9924,71.9672],[-124.9918,71.9675],[-124.9912,71.9676],[-124.99,71.9679],[-124.9894,71.968],[-124.9891,71.968],[-124.9887,71.9679],[-124.9882,71.9679],[-124.9875,71.9679],[-124.9866,71.9679],[-124.986,71.9678],[-124.9852,71.9678],[-124.9846,71.9679],[-124.9842,71.9681],[-124.9833,71.9684],[-124.9824,71.9685],[-124.9818,71.9686],[-124.9814,71.9686],[-124.9807,71.9687],[-124.9804,71.9688],[-124.9801,71.9691],[-124.9798,71.9692],[-124.9794,71.9694],[-124.9795,71.9696],[-124.9798,71.9696],[-124.9802,71.9697],[-124.9807,71.9697],[-124.9813,71.9698],[-124.9816,71.97],[-124.9817,71.9702],[-124.9819,71.9702],[-124.9821,71.9702],[-124.983,71.9702],[-124.984,71.9701],[-124.9845,71.9702],[-124.9854,71.9702],[-124.9863,71.9701],[-124.987,71.9701],[-124.9889,71.9702],[-124.9894,71.9703],[-124.9904,71.9704],[-124.9908,71.9705],[-124.9914,71.9705],[-124.9939,71.9708],[-124.9954,71.9708],[-124.9963,71.9709],[-124.9974,71.9711],[-124.9981,71.9711],[-125.0,71.9711],[-125.0043,71.9711],[-125.0063,71.9714],[-125.0085,71.9716],[-125.0117,71.9717],[-125.0127,71.9719],[-125.0139,71.9722],[-125.015,71.9723],[-125.0161,71.9722],[-125.0172,71.9721],[-125.019,71.9722],[-125.0219,71.9722],[-125.0233,71.9723],[-125.0253,71.9727],[-125.0258,71.9728],[-125.0271,71.9724],[-125.0301,71.972],[-125.0324,71.9719],[-125.0339,71.9715],[-125.0351,71.9713],[-125.0364,71.9711],[-125.0391,71.9704],[-125.0395,71.9702],[-125.0394,71.97],[-125.0387,71.9697],[-125.0387,71.9691],[-125.0374,71.9688],[-125.0372,71.9687],[-125.0369,71.9684],[-125.037,71.9678],[-125.0372,71.9671],[-125.0378,71.9666],[-125.0385,71.9663],[-125.0394,71.9661],[-125.0417,71.9658],[-125.0455,71.9654],[-125.0468,71.9653],[-125.0484,71.9653],[-125.0495,71.9654],[-125.0513,71.9656],[-125.0541,71.9662],[-125.0551,71.9666],[-125.0556,71.9669],[-125.0558,71.9673],[-125.0559,71.9674],[-125.0555,71.968],[-125.0547,71.9686],[-125.0538,71.9692],[-125.0521,71.97],[-125.0521,71.9703],[-125.0524,71.9705],[-125.0552,71.9709],[-125.059,71.9715],[-125.063,71.9719],[-125.065,71.972],[-125.0715,71.9721],[-125.0748,71.9722],[-125.0762,71.9723],[-125.0772,71.9725],[-125.0783,71.9728],[-125.0798,71.9735],[-125.0805,71.9741],[-125.0809,71.9749],[-125.081,71.9754],[-125.0808,71.9758],[-125.0804,71.9759],[-125.0798,71.9762],[-125.0798,71.9763],[-125.0808,71.9765],[-125.0851,71.977],[-125.0862,71.977],[-125.087,71.9769],[-125.0877,71.9768],[-125.0884,71.9768],[-125.0899,71.9771],[-125.0915,71.9772],[-125.0931,71.9771],[-125.0945,71.9771],[-125.0974,71.9775],[-125.0996,71.9778],[-125.1006,71.9778],[-125.1022,71.9773],[-125.1034,71.9772],[-125.1059,71.9771],[-125.1067,71.977],[-125.1075,71.9764],[-125.1086,71.9761],[-125.1101,71.976],[-125.111,71.9758],[-125.1116,71.9754],[-125.1119,71.975],[-125.1121,71.9739],[-125.1119,71.9731],[-125.1113,71.9725],[-125.1104,71.9719],[-125.1095,71.9715],[-125.1087,71.9714],[-125.1069,71.9715],[-125.1045,71.9714],[-125.1019,71.9713],[-125.0991,71.9711],[-125.0974,71.9709],[-125.0964,71.9707],[-125.0952,71.9703],[-125.0933,71.9692],[-125.0923,71.9685],[-125.0916,71.9677],[-125.0914,71.9671],[-125.0912,71.9661],[-125.0914,71.965],[-125.0917,71.9643],[-125.092,71.9636],[-125.0925,71.9631],[-125.0936,71.9625],[-125.0947,71.9621],[-125.0974,71.9612],[-125.0999,71.9606],[-125.1027,71.9599],[-125.106,71.9592],[-125.1073,71.959],[-125.1119,71.9584],[-125.1247,71.9567],[-125.1277,71.9565],[-125.1303,71.9565],[-125.1331,71.9566],[-125.1358,71.9568],[-125.1382,71.9572],[-125.1398,71.9575],[-125.1424,71.9579],[-125.1465,71.9586],[-125.1483,71.959],[-125.1507,71.9597],[-125.1554,71.9611],[-125.1565,71.9615],[-125.158,71.9622],[-125.1595,71.9631],[-125.1604,71.964],[-125.1604,71.9648],[-125.1595,71.9655],[-125.1582,71.9664],[-125.1566,71.9672],[-125.1552,71.9677],[-125.1503,71.9694],[-125.1492,71.9698],[-125.1491,71.97],[-125.1495,71.9701],[-125.1532,71.9702],[-125.1558,71.9705],[-125.1583,71.9709],[-125.1623,71.9714],[-125.166,71.972],[-125.1677,71.9723],[-125.1692,71.9728],[-125.1702,71.9733],[-125.171,71.9738],[-125.1719,71.9749],[-125.1727,71.9756],[-125.1732,71.9759],[-125.1741,71.9759],[-125.1757,71.9757],[-125.1778,71.9756],[-125.1805,71.9756],[-125.1828,71.9756],[-125.1842,71.9758],[-125.1857,71.9761],[-125.1869,71.9765],[-125.1877,71.9769],[-125.188,71.9775],[-125.1879,71.978],[-125.187,71.9785],[-125.1868,71.9787],[-125.1869,71.9789],[-125.1873,71.979],[-125.1881,71.9789],[-125.1891,71.9789],[-125.191,71.9789],[-125.1932,71.9788],[-125.1955,71.9788],[-125.1982,71.9792],[-125.1997,71.9792],[-125.2031,71.979],[-125.2037,71.9788],[-125.2041,71.9782],[-125.2042,71.9777],[-125.2037,71.9771],[-125.2029,71.9766],[-125.201,71.9757],[-125.1983,71.9746],[-125.1963,71.9739],[-125.1944,71.9732],[-125.1929,71.9726],[-125.192,71.972],[-125.1913,71.9712],[-125.1907,71.9702],[-125.1896,71.9697],[-125.1894,71.969],[-125.1891,71.9688],[-125.1886,71.9687],[-125.1882,71.9688],[-125.1882,71.9689],[-125.1886,71.9694],[-125.1886,71.9699],[-125.1881,71.9703],[-125.187,71.9708],[-125.1857,71.9711],[-125.1835,71.9714],[-125.1811,71.9716],[-125.1792,71.9716],[-125.1781,71.9716],[-125.177,71.9714],[-125.1765,71.9711],[-125.1757,71.9702],[-125.1753,71.9695],[-125.1753,71.9689],[-125.1754,71.9687],[-125.1763,71.9678],[-125.1771,71.9673],[-125.1779,71.967],[-125.179,71.9667],[-125.181,71.9664],[-125.1812,71.9663],[-125.1807,71.9661],[-125.1773,71.9658],[-125.1756,71.9654],[-125.1745,71.965],[-125.1735,71.9644],[-125.172,71.9634],[-125.1714,71.9626],[-125.1706,71.9613],[-125.1707,71.9609],[-125.1721,71.9596],[-125.1729,71.9591],[-125.174,71.9587],[-125.1754,71.9584],[-125.1778,71.958],[-125.1807,71.9576],[-125.1826,71.9576],[-125.1856,71.9576],[-125.1875,71.9577],[-125.1904,71.9579],[-125.1926,71.9584],[-125.1943,71.9589],[-125.1955,71.9594],[-125.1964,71.96],[-125.1967,71.9603],[-125.1966,71.9611],[-125.1962,71.9618],[-125.1955,71.9623],[-125.1947,71.9628],[-125.1934,71.9634],[-125.1921,71.9639],[-125.1892,71.9648],[-125.1874,71.9653],[-125.1842,71.9659],[-125.1833,71.9661],[-125.1844,71.9663],[-125.1876,71.9667],[-125.1887,71.9669],[-125.1895,71.9671],[-125.1902,71.9675],[-125.1906,71.968],[-125.1908,71.9681],[-125.1913,71.968],[-125.1939,71.9669],[-125.196,71.9661],[-125.1985,71.9654],[-125.2017,71.9646],[-125.2071,71.9635],[-125.2091,71.9632],[-125.2119,71.963],[-125.2148,71.9628],[-125.2252,71.9624],[-125.2306,71.962],[-125.2322,71.9618],[-125.2335,71.9615],[-125.2339,71.9613],[-125.234,71.961],[-125.2329,71.9605],[-125.233,71.9601],[-125.234,71.9593],[-125.2358,71.9583],[-125.2367,71.9579],[-125.238,71.9574],[-125.2398,71.957],[-125.2404,71.9569],[-125.2413,71.9568],[-125.2424,71.957],[-125.2434,71.9572],[-125.2454,71.9574],[-125.2463,71.9576],[-125.2472,71.958],[-125.2492,71.9596],[-125.2501,71.9602],[-125.2529,71.9613],[-125.2541,71.9622],[-125.2551,71.9625],[-125.2593,71.9636],[-125.263,71.9644],[-125.2634,71.9648],[-125.2643,71.9651],[-125.2646,71.9655],[-125.2649,71.966],[-125.2649,71.9663],[-125.2648,71.9669],[-125.2639,71.9674],[-125.2622,71.968],[-125.2613,71.9682],[-125.2607,71.9683],[-125.2562,71.969],[-125.2536,71.9698],[-125.2533,71.9704],[-125.256,71.9704],[-125.2586,71.9703],[-125.2613,71.9699],[-125.266,71.9688],[-125.2671,71.9685],[-125.2692,71.9681],[-125.2695,71.9683],[-125.27,71.9688],[-125.2706,71.9687],[-125.2709,71.9686]]},"properties":{}},{"type":"Feature","geometry":{"type":"LineString","coordinates":[[-125.0399,72.5648],[-125.0404,72.5646],[-125.041,72.5645],[-125.0418,72.5646],[-125.0426,72.5646],[-125.0426,72.5645],[-125.0427,72.5645],[-125.0433,72.5645],[-125.0434,72.5645],[-125.0434,72.5646],[-125.0431,72.5647],[-125.0434,72.5647],[-125.0442,72.5646],[-125.0448,72.5641],[-125.0449,72.5639],[-125.0445,72.5638],[-125.0446,72.5637],[-125.0447,72.5637],[-125.0446,72.5635],[-125.0448,72.5633],[-125.0454,72.5634],[-125.0462,72.5635],[-125.0471,72.5634],[-125.0481,72.5633],[-125.0491,72.5633],[-125.05,72.5632],[-125.0508,72.5628],[-125.0508,72.5622],[-125.0505,72.5617],[-125.0504,72.5611],[-125.0512,72.5606],[-125.0531,72.5603],[-125.0543,72.5601],[-125.0547,72.5601],[-125.055,72.56],[-125.0554,72.5599],[-125.0561,72.5598],[-125.057,72.5598],[-125.0578,72.5598],[-125.0586,72.5594],[-125.0597,72.5591],[-125.0605,72.5588],[-125.0612,72.5575],[-125.0617,72.5573],[-125.0617,72.5571],[-125.062,72.5568],[-125.0625,72.5566],[-125.0633,72.5563],[-125.0636,72.5561],[-125.0635,72.5561],[-125.0633,72.5561],[-125.0628,72.5562],[-125.0625,72.5562],[-125.0619,72.5562],[-125.0616,72.5562],[-125.0608,72.556],[-125.0607,72.5557],[-125.0606,72.5557],[-125.0601,72.5558],[-125.0601,72.556],[-125.0599,72.5561],[-125.0596,72.5561],[-125.0592,72.5559],[-125.0589,72.5561],[-125.0594,72.5566],[-125.0594,72.5568],[-125.0593,72.557],[-125.0586,72.5574],[-125.0587,72.5575],[-125.0588,72.5576],[-125.0592,72.5576],[-125.0597,72.5576],[-125.0598,72.5577],[-125.0596,72.5581],[-125.0592,72.5582],[-125.0585,72.5583],[-125.0583,72.5587],[-125.058,72.5587],[-125.0576,72.5587],[-125.0565,72.5585],[-125.0556,72.5584],[-125.0555,72.5583],[-125.0557,72.5581],[-125.0557,72.5579],[-125.0556,72.5578],[-125.0552,72.5577],[-125.0548,72.5576],[-125.0545,72.5575],[-125.0543,72.5573],[-125.0547,72.5572],[-125.0541,72.557],[-125.054,72.5569],[-125.0541,72.5568],[-125.0537,72.5566],[-125.0534,72.5566],[-125.053,72.5566],[-125.0527,72.5566],[-125.0524,72.557],[-125.0521,72.5572],[-125.0521,72.5573],[-125.0522,72.5575],[-125.0526,72.5577],[-125.0527,72.5578],[-125.0521,72.558],[-125.0521,72.5585],[-125.0507,72.5589],[-125.0481,72.5586],[-125.0467,72.5585],[-125.0462,72.5584],[-125.0452,72.5583],[-125.0449,72.5582],[-125.0443,72.558],[-125.0437,72.5578],[-125.0429,72.5574],[-125.0425,72.5562],[-125.0428,72.5558],[-125.0436,72.5555],[-125.0446,72.5554],[-125.0455,72.5553],[-125.0462,72.5551],[-125.0474,72.5549],[-125.0485,72.5548],[-125.049,72.5549],[-125.0501,72.5551],[-125.0506,72.5552],[-125.052,72.5552],[-125.0525,72.5551],[-125.0532,72.5549],[-125.0533,72.5546],[-125.053,72.5542],[-125.0529,72.5538],[-125.0536,72.5535],[-125.0539,72.5534],[-125.056,72.5534],[-125.0571,72.5535],[-125.0579,72.5536],[-125.0585,72.5539],[-125.0588,72.554],[-125.0592,72.5545],[-125.0592,72.5546],[-125.0593,72.555],[-125.0593,72.5552],[-125.0592,72.5553],[-125.0594,72.5554],[-125.0598,72.5554],[-125.0602,72.5553],[-125.0607,72.5552],[-125.0611,72.5551],[-125.0627,72.5551],[-125.0634,72.5551],[-125.0638,72.5552],[-125.0636,72.5556],[-125.0639,72.5557],[-125.0642,72.5558],[-125.0645,72.5558],[-125.0652,72.5558],[-125.0657,72.5557],[-125.0664,72.5555],[-125.0681,72.5548],[-125.0686,72.5547],[-125.0693,72.5545],[-125.0707,72.5544],[-125.0717,72.5543],[-125.072,72.5543],[-125.0718,72.5539],[-125.0721,72.5536],[-125.0724,72.5535],[-125.0728,72.5535],[-125.0736,72.5536],[-125.0741,72.5537],[-125.0743,72.5538],[-125.0744,72.5539],[-125.0743,72.554],[-125.0741,72.554],[-125.0739,72.5541],[-125.074,72.5542],[-125.0758,72.5541],[-125.0768,72.5542],[-125.0778,72.5543],[-125.0794,72.5546],[-125.0801,72.5548],[-125.0805,72.5549],[-125.0812,72.5553],[-125.0813,72.5555],[-125.0816,72.5556],[-125.0819,72.5563],[-125.082,72.5569],[-125.0826,72.5574],[-125.0827,72.5575],[-125.083,72.5575],[-125.0831,72.5577],[-125.0826,72.5583],[-125.0817,72.5589],[-125.0801,72.5596],[-125.0787,72.5602],[-125.0768,72.561],[-125.0759,72.5613],[-125.075,72.5615],[-125.0748,72.5614],[-125.0746,72.5613],[-125.0739,72.5613],[-125.0733,72.5613],[-125.0726,72.5613],[-125.0721,72.5612],[-125.0707,72.5612],[-125.0704,72.5612],[-125.0704,72.5613],[-125.0712,72.5616],[-125.0715,72.5617],[-125.072,72.5617],[-125.0725,72.5617],[-125.0734,72.5619],[-125.0739,72.5621],[-125.0738,72.5623],[-125.072,72.5631],[-125.0711,72.5633],[-125.0661,72.565],[-125.0648,72.5654],[-125.0597,72.5669],[-125.0581,72.5676],[-125.0564,72.5682],[-125.0543,72.5686],[-125.0528,72.5687],[-125.0517,72.5685],[-125.0503,72.5684],[-125.0491,72.5685],[-125.0487,72.5687],[-125.0489,72.569],[-125.0485,72.5692],[-125.0469,72.5692],[-125.0461,72.5692],[-125.0454,72.5693],[-125.0458,72.5696],[-125.0474,72.57],[-125.0498,72.5702],[-125.0531,72.5697],[-125.0564,72.569],[-125.0576,72.5686],[-125.0597,72.5679],[-125.0626,72.5669],[-125.0664,72.5658],[-125.0682,72.565],[-125.0711,72.5641],[-125.0745,72.5632],[-125.0761,72.5626],[-125.0765,72.5625],[-125.0769,72.5622],[-125.0786,72.5616],[-125.0807,72.5607],[-125.0826,72.5598],[-125.0838,72.5593],[-125.0846,72.559],[-125.0867,72.5577],[-125.0875,72.5574],[-125.0878,72.5573],[-125.089,72.5572],[-125.0892,72.5571],[-125.0896,72.557],[-125.0898,72.5568],[-125.0913,72.5563],[-125.0923,72.556],[-125.0928,72.5559],[-125.0931,72.5558],[-125.0934,72.5556],[-125.0943,72.5552],[-125.0954,72.5549],[-125.096,72.5545],[-125.0965,72.5543],[-125.0966,72.5541],[-125.0966,72.5539],[-125.0947,72.5542],[-125.0938,72.5542],[-125.0934,72.5544],[-125.0939,72.5548],[-125.094,72.5548],[-125.0941,72.5549],[-125.0936,72.5552],[-125.093,72.5554],[-125.0914,72.5557],[-125.0888,72.5559],[-125.0882,72.5559],[-125.0872,72.5559],[-125.0866,72.5558],[-125.0862,72.5557],[-125.0864,72.556],[-125.0863,72.556],[-125.0857,72.556],[-125.0854,72.5561],[-125.0851,72.556],[-125.085,72.5559],[-125.0851,72.5559],[-125.0856,72.5558],[-125.0852,72.5556],[-125.0847,72.5554],[-125.0838,72.5553],[-125.0826,72.555],[-125.08,72.5543],[-125.0795,72.5542],[-125.0784,72.5536],[-125.0778,72.553],[-125.0773,72.553],[-125.0771,72.553],[-125.0772,72.5531],[-125.0773,72.5532],[-125.0773,72.5534],[-125.0767,72.5534],[-125.0762,72.5533],[-125.0756,72.5533],[-125.0754,72.5531],[-125.0756,72.553],[-125.0764,72.5527],[-125.0768,72.5527],[-125.0771,72.5529],[-125.0777,72.5528],[-125.0777,72.5525],[-125.0781,72.552],[-125.0779,72.5516],[-125.078,72.5514],[-125.0784,72.5511],[-125.0787,72.5511],[-125.0791,72.551],[-125.0794,72.5508],[-125.0794,72.5507],[-125.0793,72.5505],[-125.0788,72.5504],[-125.078,72.5502],[-125.0772,72.5501],[-125.0766,72.55],[-125.0762,72.5499],[-125.076,72.5497],[-125.0756,72.5496],[-125.0753,72.5494],[-125.0753,72.5491],[-125.0756,72.5489],[-125.0764,72.5487],[-125.0766,72.5485],[-125.0772,72.5484],[-125.078,72.5483],[-125.0781,72.5481],[-125.079,72.548],[-125.0793,72.5479],[-125.0792,72.5478],[-125.0799,72.5478],[-125.081,72.5476],[-125.0815,72.5479],[-125.0823,72.5479],[-125.0827,72.548],[-125.0829,72.5481],[-125.0829,72.5482],[-125.0824,72.5484],[-125.0824,72.5485],[-125.0827,72.5487],[-125.0832,72.5487],[-125.0846,72.549],[-125.086,72.5494],[-125.0867,72.5494],[-125.0882,72.5492],[-125.0885,72.5492],[-125.089,72.5495],[-125.089,72.5496],[-125.0894,72.5497],[-125.0897,72.5498],[-125.0912,72.5499],[-125.0918,72.55],[-125.0922,72.5501],[-125.0932,72.5501],[-125.0939,72.5501],[-125.0947,72.5503],[-125.095,72.5504],[-125.0954,72.5505],[-125.0952,72.5507],[-125.095,72.551],[-125.0952,72.5511],[-125.0954,72.5511],[-125.0961,72.551],[-125.096,72.5509],[-125.096,72.5507],[-125.0964,72.5505],[-125.0966,72.5503],[-125.0966,72.5502],[-125.0988,72.5496],[-125.1014,72.5489],[-125.104,72.5486],[-125.1044,72.5485],[-125.1035,72.5483],[-125.1022,72.5482],[-125.101,72.548],[-125.0996,72.5478],[-125.0988,72.5475],[-125.0983,72.5475],[-125.0974,72.5478],[-125.0981,72.5482],[-125.0973,72.5486],[-125.0959,72.5489],[-125.0951,72.5491],[-125.0942,72.549],[-125.0935,72.5488],[-125.0912,72.5483],[-125.0899,72.5481],[-125.0896,72.548],[-125.0897,72.5478],[-125.0902,72.5477],[-125.091,72.5475],[-125.0911,72.5474],[-125.0909,72.547],[-125.0915,72.547],[-125.0922,72.547],[-125.0931,72.5467],[-125.0937,72.5466],[-125.0943,72.5466],[-125.0948,72.5467],[-125.0953,72.5463],[-125.0953,72.5461],[-125.0945,72.5461],[-125.0941,72.5461],[-125.0936,72.5461],[-125.0932,72.546],[-125.0924,72.5457],[-125.0919,72.5456],[-125.0916,72.5455],[-125.091,72.5453],[-125.091,72.5449],[-125.0916,72.5446],[-125.0923,72.5444],[-125.0934,72.544],[-125.0939,72.5438],[-125.0945,72.5433],[-125.095,72.5431],[-125.0951,72.5429],[-125.0953,72.5428],[-125.0958,72.5427],[-125.0961,72.5427],[-125.0962,72.5427],[-125.0961,72.5429],[-125.0958,72.5429],[-125.0957,72.543],[-125.0958,72.5433],[-125.0961,72.5432],[-125.0964,72.5433],[-125.0964,72.5434],[-125.0958,72.5434],[-125.0957,72.5436],[-125.0958,72.5438],[-125.0959,72.5439],[-125.0961,72.5439],[-125.0968,72.5439],[-125.0988,72.5438],[-125.0995,72.5439],[-125.0997,72.5439],[-125.0999,72.5439],[-125.1003,72.5439],[-125.1008,72.5439],[-125.1011,72.544],[-125.1011,72.5441],[-125.1017,72.544],[-125.1026,72.5437],[-125.1031,72.5434],[-125.1031,72.5431],[-125.1031,72.5431],[-125.103,72.5426],[-125.1032,72.5424],[-125.1036,72.5424],[-125.1042,72.5423],[-125.1045,72.5423],[-125.1047,72.5423],[-125.1058,72.5422],[-125.1071,72.542],[-125.1088,72.5418],[-125.1099,72.5421],[-125.1107,72.5423],[-125.1122,72.5425],[-125.114,72.5426],[-125.1148,72.5423],[-125.1152,72.5421],[-125.1154,72.5422],[-125.1156,72.5418],[-125.1164,72.5414],[-125.1166,72.5414],[-125.1177,72.5413],[-125.1185,72.5413],[-125.1187,72.5413],[-125.1189,72.5414],[-125.1193,72.5416],[-125.1194,72.5421],[-125.1193,72.5422],[-125.119,72.5424],[-125.1186,72.5425],[-125.1185,72.5425],[-125.1186,72.5426],[-125.1192,72.5427],[-125.1217,72.5427],[-125.1218,72.5428],[-125.1222,72.5427],[-125.1222,72.5424],[-125.122,72.5421],[-125.1222,72.5418],[-125.1237,72.5415],[-125.125,72.541],[-125.1256,72.5407],[-125.1254,72.5406],[-125.1251,72.5401],[-125.1253,72.5395],[-125.1255,72.5394],[-125.1252,72.5388],[-125.1253,72.5383],[-125.1246,72.5378],[-125.1245,72.5376],[-125.124,72.5372],[-125.1235,72.5369],[-125.1226,72.5368],[-125.122,72.5368],[-125.1213,72.5367],[-125.1201,72.5369],[-125.1197,72.537],[-125.1197,72.5371],[-125.1198,72.5371],[-125.1207,72.5371],[-125.1209,72.5371],[-125.121,72.5372],[-125.121,72.5374],[-125.1213,72.5377],[-125.1213,72.5379],[-125.1211,72.538],[-125.1203,72.5379],[-125.1201,72.5382],[-125.1203,72.5386],[-125.1203,72.5388],[-125.1201,72.5389],[-125.1196,72.5391],[-125.1194,72.5393],[-125.1188,72.5395],[-125.1181,72.5396],[-125.1175,72.5397],[-125.1161,72.5399],[-125.115,72.54],[-125.1145,72.5399],[-125.113,72.5399],[-125.1124,72.54],[-125.1122,72.5401],[-125.1124,72.5402],[-125.1128,72.5404],[-125.1125,72.5405],[-125.1103,72.5406],[-125.1083,72.5407],[-125.1077,72.5407],[-125.1045,72.5405],[-125.1041,72.5404],[-125.1035,72.5401],[-125.1031,72.5399],[-125.1025,72.5397],[-125.1015,72.5393],[-125.1011,72.5389],[-125.1006,72.5384],[-125.1007,72.5379],[-125.101,72.5377],[-125.1017,72.5374],[-125.1021,72.5373],[-125.1023,72.5372],[-125.1022,72.5372],[-125.102,72.5371],[-125.1013,72.5371],[-125.1009,72.5371],[-125.1004,72.5371],[-125.0992,72.5371],[-125.0978,72.5369],[-125.0966,72.5366],[-125.0964,72.5364],[-125.0963,72.5359],[-125.0964,72.5357],[-125.0963,72.5355],[-125.0961,72.5353],[-125.0958,72.5351],[-125.0958,72.535],[-125.0962,72.5347],[-125.0969,72.5345],[-125.0997,72.5344],[-125.1,72.5343],[-125.1017,72.5344],[-125.1029,72.5344],[-125.1032,72.5345],[-125.1038,72.5347],[-125.1046,72.535],[-125.1046,72.5352],[-125.1047,72.5354],[-125.1057,72.5356],[-125.1058,72.5357],[-125.1059,72.5358],[-125.1058,72.5359],[-125.1055,72.536],[-125.1052,72.5361],[-125.1046,72.536],[-125.1043,72.5361],[-125.1035,72.5367],[-125.1034,72.5369],[-125.1034,72.537],[-125.1036,72.5372],[-125.1039,72.5373],[-125.1044,72.5371],[-125.1062,72.5369],[-125.1068,72.5368],[-125.1075,72.5366],[-125.1077,72.5365],[-125.1085,72.5362],[-125.1097,72.536],[-125.1105,72.536],[-125.111,72.5359],[-125.1123,72.5355],[-125.1125,72.5355],[-125.113,72.5355],[-125.1135,72.5354],[-125.1146,72.5353],[-125.1152,72.5352],[-125.1164,72.5352],[-125.1186,72.5352],[-125.1193,72.5353],[-125.1199,72.5354],[-125.1204,72.5355],[-125.1206,72.5356],[-125.1209,72.5359],[-125.121,72.5363],[-125.1211,72.5365],[-125.1231,72.5363],[-125.1241,72.5362],[-125.1286,72.5358],[-125.1303,72.5356],[-125.1323,72.5351],[-125.1343,72.5349],[-125.136,72.5353],[-125.137,72.5358],[-125.1378,72.5358],[-125.1384,72.5358],[-125.139,72.5357],[-125.1408,72.5348],[-125.141,72.5345],[-125.1409,72.534],[-125.1402,72.5338],[-125.1396,72.5337],[-125.1393,72.5334],[-125.1394,72.5331],[-125.1399,72.5323],[-125.1407,72.5317],[-125.1414,72.5313],[-125.1416,72.5313],[-125.1424,72.531],[-125.1432,72.5303],[-125.1438,72.53],[-125.144,72.53],[-125.1437,72.5298],[-125.1434,72.5298],[-125.1429,72.5297],[-125.1418,72.5296],[-125.1415,72.5296],[-125.1412,72.5297],[-125.1408,72.5297],[-125.1408,72.5297],[-125.1405,72.5298],[-125.1395,72.5298],[-125.138,72.5297],[-125.1369,72.5295],[-125.1362,72.5291],[-125.1358,72.5288],[-125.1364,72.5287],[-125.1377,72.5289],[-125.1393,72.5287],[-125.1399,72.5287],[-125.1417,72.5291],[-125.1419,72.5292],[-125.142,72.5294],[-125.1421,72.5294],[-125.1425,72.5294],[-125.1429,72.5294],[-125.1433,72.5294],[-125.1441,72.5297],[-125.1449,72.5297],[-125.145,72.5299],[-125.1447,72.5304],[-125.1442,72.5305],[-125.1446,72.5308],[-125.1455,72.531],[-125.1465,72.531],[-125.1471,72.531],[-125.1474,72.531],[-125.1486,72.5309],[-125.149,72.5309],[-125.1499,72.5308],[-125.1505,72.5307],[-125.1524,72.5302],[-125.1524,72.5301],[-125.1521,72.53],[-125.1519,72.5298],[-125.1516,72.5296],[-125.1511,72.5292],[-125.1514,72.5291],[-125.1517,72.5291],[-125.1519,72.529],[-125.1519,72.5289],[-125.1517,72.5287],[-125.152,72.5286],[-125.1522,72.5286],[-125.1524,72.5288],[-125.1527,72.529],[-125.1529,72.529],[-125.1537,72.5288],[-125.1538,72.5287],[-125.1545,72.5285],[-125.155,72.5284],[-125.1553,72.5283],[-125.1561,72.5283],[-125.1564,72.5284],[-125.1567,72.5285],[-125.1569,72.5286],[-125.1574,72.5286],[-125.1578,72.5285],[-125.1593,72.5283],[-125.1601,72.5281],[-125.1606,72.5274],[-125.1604,72.5271],[-125.1597,72.5269],[-125.1587,72.5268],[-125.1577,72.5268],[-125.1572,72.5267],[-125.1571,72.5264],[-125.1577,72.5263],[-125.158,72.5263],[-125.1581,72.5263],[-125.1589,72.5262],[-125.1603,72.5262],[-125.161,72.5262],[-125.162,72.5262],[-125.162,72.526],[-125.1617,72.5257],[-125.1611,72.5256],[-125.1592,72.5254],[-125.1575,72.5254],[-125.1564,72.5252],[-125.1563,72.5247],[-125.1569,72.5243],[-125.1566,72.524],[-125.156,72.5238],[-125.1557,72.5238],[-125.1554,72.5237],[-125.1546,72.5236],[-125.1543,72.5235],[-125.1536,72.5232],[-125.1535,72.5231],[-125.1534,72.523],[-125.1537,72.5228],[-125.1538,72.5227],[-125.1538,72.5225],[-125.1536,72.5223],[-125.1536,72.5222],[-125.154,72.5221],[-125.1545,72.5222],[-125.1548,72.5222],[-125.1548,72.5224],[-125.1551,72.5225],[-125.1553,72.5227],[-125.1552,72.5227],[-125.1567,72.5233],[-125.1576,72.5236],[-125.1578,72.5238],[-125.1587,72.524],[-125.1598,72.5239],[-125.1608,72.5237],[-125.1614,72.5234],[-125.1615,72.5231],[-125.1619,72.523],[-125.162,72.5228],[-125.1622,72.5227],[-125.1631,72.5225],[-125.1708,72.5227],[-125.175,72.5228],[-125.1772,72.5229],[-125.1866,72.5234],[-125.1876,72.5233],[-125.1901,72.5232],[-125.1935,72.5227],[-125.2001,72.5211],[-125.2063,72.5184],[-125.2092,72.5171],[-125.2125,72.5157],[-125.2135,72.5153],[-125.2152,72.5147],[-125.2201,72.5129],[-125.2239,72.5116],[-125.2259,72.5108],[-125.2287,72.5095],[-125.232,72.5078],[-125.2333,72.5072],[-125.234,72.5068],[-125.2356,72.5061],[-125.2393,72.5043],[-125.2429,72.5025],[-125.2455,72.5016],[-125.25,72.5],[-125.2523,72.4994],[-125.2799,72.4925],[-125.2817,72.4925],[-125.284,72.4923],[-125.2857,72.4921],[-125.2863,72.4921],[-125.2872,72.4921],[-125.2891,72.4919],[-125.2914,72.4917],[-125.2934,72.4911],[-125.2956,72.4907],[-125.2986,72.4901],[-125.3016,72.4897],[-125.3054,72.489],[-125.308,72.4887],[-125.309,72.4886],[-125.3088,72.4883],[-125.3083,72.4881],[-125.3079,72.488],[-125.3076,72.4878],[-125.3075,72.4878],[-125.3074,72.4878],[-125.3076,72.4879],[-125.3077,72.488],[-125.3075,72.488],[-125.3072,72.488],[-125.3071,72.4879],[-125.307,72.4878],[-125.3068,72.4879],[-125.3067,72.4879],[-125.3065,72.4878],[-125.3062,72.4878],[-125.3062,72.4877],[-125.3065,72.4876],[-125.307,72.4876],[-125.3072,72.4876],[-125.3075,72.4876],[-125.3075,72.4874],[-125.3073,72.4871],[-125.3075,72.4866],[-125.3076,72.4862],[-125.3077,72.486],[-125.3074,72.4859],[-125.3068,72.486],[-125.3064,72.4861],[-125.3066,72.4864],[-125.306,72.4865],[-125.3048,72.4864],[-125.3037,72.4862],[-125.303,72.4862],[-125.3032,72.486],[-125.3042,72.4859],[-125.3052,72.4859],[-125.3065,72.4858],[-125.3066,72.4856],[-125.3075,72.4855],[-125.3081,72.4855],[-125.3089,72.4854],[-125.3095,72.4853],[-125.3103,72.4851],[-125.3104,72.485],[-125.3103,72.4848],[-125.311,72.4847],[-125.3115,72.4838],[-125.3127,72.4834],[-125.3145,72.4833],[-125.3161,72.4833],[-125.3186,72.4837],[-125.3211,72.484],[-125.3219,72.4841],[-125.3223,72.4842],[-125.3216,72.4844],[-125.321,72.4845],[-125.3208,72.4845],[-125.3208,72.4843],[-125.3207,72.4843],[-125.3205,72.4843],[-125.3204,72.4844],[-125.3201,72.4845],[-125.3196,72.4844],[-125.3195,72.4844],[-125.3196,72.4844],[-125.3195,72.4844],[-125.3192,72.4844],[-125.3191,72.4844],[-125.319,72.4846],[-125.3195,72.4847],[-125.3207,72.4847],[-125.323,72.4843],[-125.3289,72.4839],[-125.3295,72.4837],[-125.3296,72.4834],[-125.3296,72.483],[-125.3293,72.4827],[-125.3281,72.4818],[-125.3233,72.4793],[-125.3201,72.4777],[-125.3177,72.4761],[-125.3164,72.475],[-125.3156,72.4742],[-125.3143,72.4724],[-125.3142,72.4722],[-125.3143,72.472],[-125.3144,72.4719],[-125.3144,72.4718],[-125.3147,72.4717],[-125.3149,72.4718],[-125.3151,72.4718],[-125.3153,72.4718],[-125.3154,72.4715],[-125.3153,72.4713],[-125.3152,72.4711],[-125.3149,72.471],[-125.3146,72.4709],[-125.3142,72.471],[-125.3137,72.4708],[-125.3136,72.4706],[-125.3136,72.4705],[-125.3137,72.4703],[-125.314,72.4703],[-125.3146,72.4704],[-125.3148,72.4703],[-125.3143,72.4702],[-125.3142,72.47],[-125.3139,72.4699],[-125.3133,72.4698],[-125.3128,72.4695],[-125.3127,72.4692],[-125.3127,72.4689],[-125.3131,72.4689],[-125.3129,72.4683],[-125.3126,72.4679],[-125.3123,72.4678],[-125.3118,72.4677],[-125.3116,72.4676],[-125.311,72.4676],[-125.3104,72.4674],[-125.3098,72.467],[-125.3093,72.4667],[-125.308,72.4657],[-125.3067,72.4643],[-125.3059,72.4639],[-125.3055,72.4636],[-125.3045,72.4635],[-125.3039,72.4634],[-125.3033,72.4634],[-125.3025,72.4634],[-125.3022,72.4635],[-125.3022,72.4637],[-125.3025,72.4637],[-125.3029,72.4636],[-125.3037,72.4636],[-125.3045,72.4636],[-125.3048,72.4637],[-125.3051,72.4641],[-125.3059,72.4647],[-125.3056,72.4649],[-125.3049,72.4649],[-125.3038,72.4649],[-125.3025,72.4648],[-125.3005,72.4646],[-125.2988,72.4642],[-125.2969,72.4636],[-125.2957,72.4631],[-125.295,72.4627],[-125.294,72.462],[-125.2933,72.4609],[-125.2929,72.4601],[-125.2928,72.4595],[-125.2926,72.4589],[-125.2927,72.4583],[-125.2925,72.458],[-125.2921,72.4577],[-125.2918,72.4577],[-125.2915,72.4577],[-125.291,72.4578],[-125.2909,72.4578],[-125.291,72.4579],[-125.291,72.458],[-125.2906,72.4582],[-125.2887,72.4578],[-125.2881,72.4577],[-125.2876,72.4576],[-125.2868,72.4572],[-125.2866,72.4571],[-125.2866,72.457],[-125.2866,72.457],[-125.2865,72.4569],[-125.2862,72.4569],[-125.2858,72.4568],[-125.2858,72.4568],[-125.2858,72.4567],[-125.2858,72.4567],[-125.2857,72.4567],[-125.2856,72.4567],[-125.2855,72.4568],[-125.2852,72.4569],[-125.2852,72.457],[-125.2851,72.4571],[-125.2845,72.4571],[-125.2838,72.4572],[-125.2829,72.4573],[-125.2815,72.4575],[-125.2796,72.4578],[-125.2776,72.4582],[-125.2754,72.4587],[-125.2741,72.459],[-125.2726,72.4598],[-125.2703,72.4604],[-125.2686,72.4606],[-125.2673,72.4606],[-125.2666,72.4605],[-125.2651,72.4603],[-125.2637,72.4604],[-125.2627,72.4603],[-125.2622,72.4602],[-125.2617,72.4602],[-125.2611,72.4603],[-125.2606,72.4603],[-125.259,72.46],[-125.2561,72.4594],[-125.2553,72.4591],[-125.2547,72.4588],[-125.2545,72.4583],[-125.2542,72.4583],[-125.2532,72.4582],[-125.2527,72.458],[-125.2525,72.4577],[-125.2517,72.4572],[-125.2517,72.4569],[-125.2519,72.4566],[-125.2514,72.4562],[-125.2517,72.456],[-125.2518,72.4558],[-125.2514,72.4557],[-125.2509,72.4555],[-125.2509,72.4554],[-125.251,72.4552],[-125.2521,72.4549],[-125.2521,72.4548],[-125.2516,72.4547],[-125.2515,72.4545],[-125.2517,72.4541],[-125.2519,72.4538],[-125.2524,72.4536],[-125.2528,72.4536],[-125.2543,72.4535],[-125.2549,72.4534],[-125.2555,72.4533],[-125.2572,72.4527],[-125.258,72.4525],[-125.2581,72.4527],[-125.2581,72.4528],[-125.2575,72.4532],[-125.256,72.4535],[-125.2558,72.4536],[-125.2555,72.454],[-125.2548,72.4542],[-125.2547,72.4544],[-125.2547,72.4547],[-125.2545,72.4549],[-125.2544,72.4549],[-125.2549,72.4552],[-125.2565,72.4555],[-125.2585,72.4553],[-125.2595,72.4551],[-125.261,72.4549],[-125.2628,72.4552],[-125.2638,72.4552],[-125.2644,72.4551],[-125.2668,72.4547],[-125.2681,72.4546],[-125.2694,72.4541],[-125.271,72.4532],[-125.273,72.4527],[-125.2747,72.4523],[-125.2772,72.4521],[-125.2792,72.4521],[-125.281,72.4524],[-125.2824,72.4526],[-125.2856,72.453],[-125.289,72.4532],[-125.2915,72.4532],[-125.2949,72.4534],[-125.298,72.4538],[-125.3022,72.454],[-125.3061,72.4547],[-125.3102,72.4551],[-125.3137,72.4547],[-125.3161,72.4542],[-125.3188,72.4535],[-125.3211,72.4527],[-125.3244,72.452],[-125.3274,72.4512],[-125.3312,72.4496],[-125.332,72.4494],[-125.3362,72.4486],[-125.3386,72.4479],[-125.3407,72.4473],[-125.3423,72.4465],[-125.3396,72.4457],[-125.339,72.445],[-125.3375,72.4443],[-125.3353,72.444],[-125.3327,72.444],[-125.3311,72.4435],[-125.3305,72.4427],[-125.3315,72.442],[-125.3326,72.441],[-125.3325,72.4403],[-125.3324,72.4398],[-125.332,72.4387],[-125.3326,72.4384],[-125.3308,72.4381],[-125.3284,72.4383],[-125.3251,72.4381],[-125.3227,72.4381],[-125.3206,72.4384],[-125.3188,72.4381],[-125.3178,72.4376],[-125.3179,72.4368],[-125.319,72.4365],[-125.3214,72.4365],[-125.3245,72.4364],[-125.3263,72.4359],[-125.3264,72.4343],[-125.3261,72.4335],[-125.3254,72.4329],[-125.3233,72.4327],[-125.3203,72.4327],[-125.3181,72.4324],[-125.3169,72.4313],[-125.3162,72.4313],[-125.3156,72.4313],[-125.3153,72.4313],[-125.3148,72.4311],[-125.3145,72.4309],[-125.3145,72.4306],[-125.3147,72.4303],[-125.315,72.4301],[-125.3157,72.4299],[-125.3159,72.4297],[-125.316,72.4296],[-125.316,72.4291],[-125.3163,72.4287],[-125.3151,72.4286],[-125.3143,72.4283],[-125.3142,72.4278],[-125.3145,72.4275],[-125.3139,72.4269],[-125.313,72.4265],[-125.3121,72.4264],[-125.3109,72.4264],[-125.309,72.4261],[-125.3076,72.4257],[-125.3072,72.4253],[-125.3067,72.4249],[-125.3032,72.424],[-125.3036,72.4236],[-125.3046,72.423],[-125.305,72.4215],[-125.3043,72.4206],[-125.3049,72.4203],[-125.306,72.4203],[-125.3081,72.4203],[-125.3112,72.4208],[-125.3122,72.421],[-125.3152,72.4212],[-125.3178,72.4209],[-125.3196,72.4198],[-125.3214,72.4193],[-125.324,72.4191],[-125.327,72.4185],[-125.334,72.4182],[-125.3369,72.4178],[-125.3372,72.4176],[-125.3375,72.4176],[-125.3383,72.4176],[-125.3388,72.4177],[-125.3391,72.4178],[-125.3391,72.418],[-125.3388,72.4181],[-125.3399,72.418],[-125.3402,72.4177],[-125.3409,72.4175],[-125.3414,72.4175],[-125.3429,72.4175],[-125.3443,72.4177],[-125.3449,72.4179],[-125.3453,72.4182],[-125.3454,72.4185],[-125.3462,72.4183],[-125.3478,72.4183],[-125.3502,72.4181],[-125.3507,72.4176],[-125.3523,72.4173],[-125.3542,72.417],[-125.356,72.4167],[-125.3568,72.4161],[-125.3578,72.4155],[-125.3599,72.415],[-125.3605,72.415],[-125.3627,72.4147],[-125.3664,72.4144],[-125.3709,72.4144],[-125.3743,72.4141],[-125.3761,72.4134],[-125.3761,72.412],[-125.3766,72.4115],[-125.3772,72.411],[-125.3783,72.4106],[-125.3799,72.4105],[-125.3813,72.4103],[-125.3827,72.41],[-125.3837,72.4097],[-125.3843,72.4093],[-125.3844,72.409],[-125.3844,72.4086],[-125.384,72.4082],[-125.3827,72.4075],[-125.3817,72.4073],[-125.3815,72.4071],[-125.3818,72.4068],[-125.3826,72.4063],[-125.3837,72.406],[-125.3831,72.4055],[-125.3802,72.4042],[-125.3793,72.4035],[-125.379,72.4027],[-125.3797,72.4018],[-125.3803,72.4004],[-125.381,72.3999],[-125.3822,72.3994],[-125.3834,72.3994],[-125.3859,72.399],[-125.3872,72.3985],[-125.3887,72.3975],[-125.3898,72.3966],[-125.3917,72.3954],[-125.3931,72.3949],[-125.3962,72.3942],[-125.3983,72.3938],[-125.3999,72.3935],[-125.4015,72.393],[-125.4028,72.3921],[-125.4029,72.3913],[-125.4034,72.3906],[-125.4039,72.3893],[-125.4053,72.3882],[-125.4058,72.3875],[-125.4063,72.3864],[-125.4054,72.3857],[-125.4036,72.3849],[-125.4032,72.3841],[-125.4037,72.3831],[-125.4075,72.3816],[-125.4087,72.3812],[-125.4103,72.3807],[-125.4119,72.3794],[-125.4129,72.3787],[-125.4131,72.3783],[-125.413,72.3781],[-125.4109,72.3781],[-125.4091,72.3782],[-125.4066,72.378],[-125.4044,72.3776],[-125.4031,72.3769],[-125.402,72.3765],[-125.4017,72.3757],[-125.4017,72.375],[-125.4017,72.3746],[-125.4018,72.3745],[-125.404,72.3724],[-125.404,72.3723],[-125.4063,72.3702],[-125.4066,72.3696],[-125.4064,72.3692],[-125.4061,72.3691],[-125.4053,72.3689],[-125.4046,72.3695],[-125.4033,72.3697],[-125.4013,72.37],[-125.3981,72.3701],[-125.3969,72.3702],[-125.3946,72.3701],[-125.3922,72.37],[-125.3909,72.3699],[-125.3895,72.3698],[-125.3888,72.3697],[-125.388,72.3695],[-125.3866,72.369],[-125.3848,72.3685],[-125.3831,72.3678],[-125.381,72.3662],[-125.3812,72.3656],[-125.3826,72.3645],[-125.3845,72.3636],[-125.3875,72.3626],[-125.3897,72.3621],[-125.3916,72.3619],[-125.3935,72.3619],[-125.3955,72.3619],[-125.3981,72.3619],[-125.4013,72.3618],[-125.4027,72.3618],[-125.4041,72.362],[-125.406,72.3624],[-125.4082,72.3627],[-125.4096,72.363],[-125.4107,72.3633],[-125.4124,72.364],[-125.4138,72.3642],[-125.4167,72.3646],[-125.4184,72.3646],[-125.4209,72.3645],[-125.4239,72.3645],[-125.4275,72.3643],[-125.4295,72.3642],[-125.4348,72.3643],[-125.4371,72.3644],[-125.4393,72.3647],[-125.4401,72.3647],[-125.441,72.3646],[-125.4415,72.3645],[-125.442,72.3634],[-125.4422,72.3632],[-125.4426,72.3629],[-125.4426,72.3627],[-125.4419,72.3622],[-125.4418,72.362],[-125.4425,72.3617],[-125.446,72.3613],[-125.4486,72.3608],[-125.45,72.3602],[-125.4497,72.3599],[-125.4489,72.3595],[-125.4477,72.3591],[-125.4466,72.359],[-125.4461,72.3586],[-125.4453,72.3585],[-125.4448,72.3584],[-125.4444,72.3578],[-125.4443,72.3573],[-125.4448,72.357],[-125.4454,72.3568],[-125.4464,72.3565],[-125.4479,72.3565],[-125.4491,72.3563],[-125.4508,72.3562],[-125.4525,72.3563],[-125.4543,72.3564],[-125.4555,72.3566],[-125.4561,72.3568],[-125.4562,72.3569],[-125.457,72.357],[-125.4577,72.3569],[-125.4582,72.3566],[-125.4586,72.3562],[-125.4586,72.3558],[-125.4588,72.3557],[-125.4587,72.3556],[-125.459,72.3554],[-125.4603,72.3549],[-125.4605,72.3548],[-125.4605,72.3547],[-125.4604,72.3545],[-125.4599,72.3543],[-125.4592,72.3542],[-125.4586,72.3539],[-125.4585,72.3537],[-125.4589,72.3535],[-125.4596,72.3534],[-125.4629,72.3523],[-125.4643,72.3521],[-125.4658,72.3522],[-125.4668,72.3521],[-125.4682,72.3517],[-125.4692,72.3513],[-125.4704,72.351],[-125.4722,72.3509],[-125.4735,72.3507],[-125.4735,72.3506],[-125.474,72.3502],[-125.473,72.3495],[-125.4719,72.3492],[-125.4713,72.3489],[-125.4712,72.3483],[-125.4711,72.3474],[-125.4718,72.3465],[-125.4729,72.3461],[-125.474,72.346],[-125.4751,72.3452],[-125.4756,72.3451],[-125.4794,72.3452],[-125.4798,72.3453],[-125.4799,72.3453],[-125.4803,72.3453],[-125.4808,72.3453],[-125.4823,72.3453],[-125.4838,72.3452],[-125.4849,72.3447],[-125.4856,72.3444],[-125.4873,72.3441],[-125.4902,72.3437],[-125.491,72.3432],[-125.4921,72.3423],[-125.4931,72.3418],[-125.4958,72.3415],[-125.4958,72.3418],[-125.494,72.3429],[-125.4908,72.345],[-125.4901,72.3455],[-125.4895,72.3458],[-125.4885,72.3461],[-125.4874,72.3461],[-125.4875,72.3467],[-125.4863,72.3477],[-125.4856,72.3483],[-125.4846,72.3489],[-125.4824,72.3497],[-125.4824,72.35],[-125.4821,72.3501],[-125.4807,72.3506],[-125.48,72.3507],[-125.4779,72.3511],[-125.4765,72.3514],[-125.4741,72.352],[-125.4734,72.3523],[-125.4694,72.3538],[-125.4668,72.3549],[-125.4635,72.3557],[-125.4605,72.3566],[-125.4589,72.3573],[-125.4584,72.3574],[-125.458,72.3575],[-125.4574,72.3575],[-125.4569,72.3574],[-125.4564,72.3574],[-125.4562,72.3575],[-125.4562,72.3576],[-125.4572,72.3579],[-125.4574,72.3581],[-125.4577,72.3582],[-125.4589,72.3579],[-125.4608,72.3573],[-125.463,72.3567],[-125.4658,72.3559],[-125.466,72.3558],[-125.4711,72.3542],[-125.4736,72.3537],[-125.4749,72.3535],[-125.4777,72.3529],[-125.4809,72.352],[-125.4855,72.3504],[-125.4888,72.349],[-125.492,72.347],[-125.4924,72.3465],[-125.4945,72.3448],[-125.4969,72.343],[-125.4997,72.341],[-125.5,72.3407],[-125.5002,72.3405],[-125.5025,72.3384],[-125.503,72.3375],[-125.503,72.3371],[-125.5033,72.3363],[-125.5037,72.336],[-125.5048,72.3348],[-125.5057,72.3338],[-125.5069,72.3323],[-125.5075,72.3313],[-125.5089,72.3291],[-125.5094,72.3284],[-125.5099,72.3274],[-125.5105,72.3261],[-125.5115,72.3243],[-125.5127,72.3223],[-125.5141,72.3201],[-125.5149,72.3191],[-125.515,72.3185],[-125.5155,72.3173],[-125.5157,72.3166],[-125.5162,72.3144],[-125.5163,72.3126],[-125.5164,72.3123],[-125.517,72.3101],[-125.5176,72.3083],[-125.5183,72.3073],[-125.5194,72.3058],[-125.5207,72.304],[-125.5221,72.3026],[-125.5228,72.3019],[-125.5255,72.3],[-125.528,72.2979],[-125.5281,72.2979],[-125.5316,72.2959],[-125.5328,72.2953],[-125.5348,72.2945],[-125.5372,72.2936],[-125.5382,72.2931],[-125.5402,72.2925],[-125.5412,72.2918],[-125.5444,72.2903],[-125.5462,72.289],[-125.5471,72.2875],[-125.5506,72.2855],[-125.5511,72.2852],[-125.5536,72.2845],[-125.5543,72.2842],[-125.5544,72.2836]]},"properties":{}},{"type":"Feature","geometry":{"type":"LineString","coordinates":[[-125.7522,72.1051],[-125.7524,72.1054],[-125.7525,72.1057],[-125.7532,72.1059],[-125.7548,72.1058],[-125.7573,72.1059],[-125.7586,72.1064],[-125.7644,72.1075],[-125.77,72.1089],[-125.776,72.1103],[-125.7763,72.1104],[-125.7767,72.1105],[-125.7774,72.1105],[-125.778,72.1107],[-125.7779,72.111],[-125.7775,72.1112],[-125.7769,72.1113],[-125.7758,72.1114],[-125.7754,72.1115],[-125.7753,72.1116],[-125.7758,72.1116],[-125.7764,72.1117],[-125.7781,72.112],[-125.7791,72.1123],[-125.7809,72.1131],[-125.7815,72.1133],[-125.7819,72.1134],[-125.7823,72.1135],[-125.7833,72.1137],[-125.7839,72.1139],[-125.7842,72.1141],[-125.7843,72.1143],[-125.7841,72.1149],[-125.7841,72.1151],[-125.7842,72.1153],[-125.7844,72.1153],[-125.7849,72.1154],[-125.7862,72.1155],[-125.787,72.1157],[-125.7873,72.1159],[-125.788,72.1165],[-125.7883,72.117],[-125.7884,72.1173],[-125.7881,72.1178],[-125.7876,72.1179],[-125.7861,72.1184],[-125.7847,72.1188],[-125.7843,72.1189],[-125.783,72.119],[-125.7786,72.1191],[-125.7754,72.1189],[-125.7688,72.1185],[-125.7607,72.118],[-125.7532,72.1176],[-125.7469,72.1173],[-125.7373,72.1163],[-125.736,72.1161],[-125.7346,72.1159],[-125.7338,72.1157],[-125.7319,72.1151],[-125.73,72.1145],[-125.7291,72.1141],[-125.7283,72.1137],[-125.7281,72.1135],[-125.7278,72.113],[-125.7272,72.1127],[-125.7267,72.1122],[-125.7266,72.1116],[-125.7258,72.1113],[-125.7244,72.1113],[-125.7237,72.1112],[-125.7219,72.1109],[-125.7213,72.1108],[-125.72,72.1107],[-125.7165,72.1106],[-125.716,72.1105],[-125.7147,72.1103],[-125.7125,72.1097],[-125.7103,72.1089],[-125.7097,72.1086],[-125.7095,72.1084],[-125.7088,72.1082],[-125.7083,72.1081],[-125.7079,72.108],[-125.7055,72.108],[-125.7047,72.1079],[-125.7044,72.1078],[-125.7043,72.1076],[-125.7042,72.1074],[-125.7043,72.1068],[-125.7046,72.1064],[-125.7049,72.1062],[-125.706,72.1058],[-125.7073,72.1055],[-125.7084,72.1054],[-125.7096,72.1052],[-125.7107,72.1052],[-125.7125,72.1051],[-125.7129,72.1052],[-125.7148,72.1054],[-125.7154,72.105],[-125.7147,72.1041],[-125.713,72.1013],[-125.7128,72.1003],[-125.7133,72.0985],[-125.7133,72.0979],[-125.7127,72.0976],[-125.7116,72.0974]]},"properties":{}},{"type":"Feature","geometry":{"type":"LineString","coordinates":[[-125.6355,72.265],[-125.6356,72.2651],[-125.636,72.2652],[-125.6365,72.2651],[-125.6398,72.2649],[-125.6442,72.2643],[-125.6453,72.264],[-125.6513,72.2627],[-125.653,72.2623],[-125.6539,72.2621],[-125.6592,72.2605],[-125.6617,72.2598],[-125.6639,72.259],[-125.6677,72.2573],[-125.67,72.2561],[-125.673,72.2543],[-125.6749,72.2527],[-125.6757,72.2518],[-125.6768,72.2503],[-125.6768,72.25],[-125.6768,72.2496],[-125.6773,72.2488],[-125.6779,72.2485],[-125.6781,72.2476],[-125.6789,72.2472],[-125.6793,72.2468],[-125.6796,72.2452],[-125.6807,72.2424],[-125.6808,72.2416],[-125.6807,72.239],[-125.6804,72.2369],[-125.6796,72.2356],[-125.6791,72.2339],[-125.6784,72.2332],[-125.6746,72.2276],[-125.6733,72.2266],[-125.6728,72.2259],[-125.6722,72.2249],[-125.6715,72.2231],[-125.6714,72.2224],[-125.6706,72.2208],[-125.6696,72.2179],[-125.6692,72.2163],[-125.6687,72.2156],[-125.6686,72.2149],[-125.6682,72.2135],[-125.6682,72.2126],[-125.6678,72.2109],[-125.6666,72.2072],[-125.6645,72.2029],[-125.6645,72.2007],[-125.661,72.2004],[-125.6596,72.2014],[-125.659,72.2021],[-125.6604,72.2024],[-125.6617,72.2029],[-125.6643,72.2068],[-125.6646,72.208],[-125.6652,72.2092],[-125.6656,72.2103],[-125.6656,72.2108],[-125.6654,72.2115],[-125.6655,72.2116],[-125.6657,72.2117],[-125.6659,72.2118],[-125.6669,72.2142],[-125.6668,72.2144],[-125.667,72.2151],[-125.667,72.2151],[-125.667,72.2155],[-125.6674,72.2173],[-125.6672,72.2176],[-125.6675,72.2179],[-125.6676,72.2191],[-125.6675,72.2192],[-125.6672,72.2192],[-125.6668,72.2192],[-125.6665,72.2192],[-125.6659,72.2187],[-125.6653,72.2179],[-125.6653,72.2178],[-125.6655,72.2177],[-125.6664,72.2175],[-125.6665,72.2175],[-125.666,72.216],[-125.6657,72.2157],[-125.6651,72.2154],[-125.664,72.215],[-125.6633,72.2146],[-125.6619,72.2141],[-125.6607,72.2135],[-125.6586,72.2127],[-125.6582,72.2125],[-125.6581,72.2123],[-125.658,72.2119],[-125.6581,72.2118],[-125.6583,72.2117],[-125.6608,72.2112],[-125.6615,72.2109],[-125.6616,72.2109],[-125.6611,72.2105],[-125.6612,72.2104],[-125.6616,72.2104],[-125.6625,72.2105],[-125.6628,72.2105],[-125.663,72.2105],[-125.6631,72.2104],[-125.6629,72.2103],[-125.6626,72.2102],[-125.6602,72.2098],[-125.6585,72.2094],[-125.6579,72.2092],[-125.6572,72.2089],[-125.6564,72.2086],[-125.656,72.2083],[-125.6544,72.2078],[-125.6539,72.2076],[-125.6534,72.2074],[-125.6525,72.2068],[-125.6503,72.2047],[-125.6494,72.2041],[-125.6486,72.2037],[-125.6481,72.2034],[-125.6474,72.2032],[-125.6443,72.2024],[-125.6435,72.2022],[-125.6413,72.2012],[-125.6407,72.2007],[-125.6403,72.2005],[-125.6377,72.1998],[-125.6376,72.1997],[-125.6382,72.1994],[-125.6383,72.1993],[-125.6389,72.1989],[-125.6415,72.1978],[-125.6438,72.197],[-125.6454,72.1966],[-125.648,72.196],[-125.6531,72.1952],[-125.6541,72.195],[-125.6548,72.1947],[-125.655,72.1945],[-125.6548,72.1941],[-125.6547,72.194],[-125.654,72.1937],[-125.6539,72.1936],[-125.6541,72.1934],[-125.6546,72.193],[-125.6547,72.1926],[-125.6549,72.1925],[-125.6552,72.1924],[-125.6563,72.1924],[-125.6566,72.1923],[-125.6567,72.1921],[-125.6563,72.1916],[-125.6563,72.1915],[-125.6568,72.1913],[-125.6576,72.1911],[-125.6581,72.191],[-125.6593,72.1909],[-125.6595,72.1908],[-125.6593,72.1905],[-125.6583,72.1902],[-125.6552,72.1894],[-125.6543,72.1892],[-125.654,72.1892],[-125.6535,72.1893],[-125.653,72.1894],[-125.6523,72.1896],[-125.6518,72.1897],[-125.6512,72.1897],[-125.6509,72.1897],[-125.6506,72.1894],[-125.6504,72.189],[-125.6503,72.1887],[-125.6503,72.1885],[-125.6509,72.1883],[-125.651,72.1882],[-125.6509,72.1882],[-125.6505,72.1881],[-125.6492,72.1882],[-125.6469,72.1879],[-125.646,72.1877],[-125.6457,72.1876],[-125.6457,72.1873],[-125.6456,72.1872],[-125.6439,72.1866],[-125.6433,72.1863],[-125.6429,72.1857],[-125.6426,72.1855],[-125.6422,72.1854],[-125.6413,72.1852],[-125.6401,72.1852],[-125.6386,72.1852],[-125.6336,72.1855],[-125.6298,72.1857],[-125.6274,72.1862],[-125.6267,72.1862],[-125.6259,72.1863],[-125.6256,72.1864],[-125.6254,72.1868],[-125.6251,72.187],[-125.6245,72.1868],[-125.6241,72.1867],[-125.6235,72.1867],[-125.6226,72.1867],[-125.6204,72.1869],[-125.6154,72.1875],[-125.6138,72.1876],[-125.6123,72.1875],[-125.6092,72.1874],[-125.6038,72.1875],[-125.6014,72.1875],[-125.5996,72.1875],[-125.5918,72.1879],[-125.5883,72.1881],[-125.5864,72.1883],[-125.5851,72.1883],[-125.5828,72.1884],[-125.5825,72.1884],[-125.5821,72.1886],[-125.5819,72.1888],[-125.5823,72.1888],[-125.5828,72.1885],[-125.584,72.1884],[-125.5848,72.1884],[-125.585,72.1885],[-125.585,72.1885],[-125.5831,72.1888],[-125.5804,72.1895],[-125.5794,72.1897],[-125.5784,72.1898],[-125.5763,72.19],[-125.5753,72.1901],[-125.5751,72.1902],[-125.5749,72.1903],[-125.5747,72.1907],[-125.5743,72.1908],[-125.5724,72.1911],[-125.5702,72.1912],[-125.5701,72.1912],[-125.5689,72.1916],[-125.5646,72.1916],[-125.5632,72.1913],[-125.5618,72.1909],[-125.5631,72.1906],[-125.5653,72.1903],[-125.5654,72.19],[-125.5653,72.1899],[-125.5656,72.1898],[-125.5668,72.1892],[-125.5685,72.1888],[-125.5686,72.1883],[-125.5698,72.1879],[-125.5701,72.1877],[-125.5712,72.1873],[-125.572,72.1872],[-125.5726,72.187],[-125.5728,72.1869],[-125.5731,72.1868],[-125.5738,72.1867],[-125.5741,72.1867],[-125.5746,72.1868],[-125.5751,72.1869],[-125.576,72.1873],[-125.5764,72.1873],[-125.577,72.1874],[-125.5777,72.1873],[-125.5781,72.1872],[-125.5781,72.1871],[-125.578,72.1868],[-125.5778,72.1866],[-125.5777,72.1863],[-125.5793,72.1847],[-125.5802,72.1843],[-125.5827,72.1838],[-125.5829,72.1836],[-125.5832,72.1835],[-125.5831,72.1835],[-125.5831,72.1834],[-125.5837,72.1832],[-125.584,72.1825],[-125.584,72.1812],[-125.5839,72.1812],[-125.5831,72.1809],[-125.5832,72.1806],[-125.5837,72.1804],[-125.584,72.1801],[-125.5856,72.1791],[-125.5861,72.1786],[-125.5861,72.1784],[-125.5869,72.1778],[-125.5874,72.1777],[-125.5884,72.1773],[-125.5893,72.177],[-125.5903,72.1768],[-125.5922,72.1766],[-125.5927,72.1765],[-125.5943,72.176],[-125.5972,72.1757],[-125.5983,72.1756],[-125.5993,72.1756],[-125.5999,72.1757],[-125.6003,72.1757],[-125.6007,72.1757],[-125.6014,72.1758],[-125.6019,72.1759],[-125.6021,72.1759],[-125.6024,72.1759],[-125.6038,72.176],[-125.6064,72.1763],[-125.608,72.1764],[-125.6084,72.1765],[-125.6092,72.1768],[-125.6095,72.1769],[-125.6101,72.1769],[-125.6131,72.1768],[-125.6134,72.1768],[-125.6147,72.1765],[-125.6177,72.1757],[-125.6218,72.1742],[-125.6242,72.1734],[-125.6263,72.1729],[-125.6281,72.1727],[-125.6294,72.1725],[-125.6355,72.172],[-125.6389,72.1719],[-125.6416,72.172],[-125.6435,72.1721],[-125.6449,72.1722],[-125.6463,72.1723],[-125.6471,72.1725],[-125.6504,72.1732],[-125.652,72.1736],[-125.6528,72.174],[-125.6537,72.1744],[-125.6541,72.1747],[-125.6543,72.1753],[-125.6543,72.1756],[-125.6541,72.1759],[-125.6529,72.1774],[-125.6528,72.1778],[-125.653,72.1782],[-125.6534,72.1784],[-125.6537,72.1788],[-125.6539,72.1789],[-125.6544,72.1789],[-125.6546,72.1788],[-125.6551,72.1785],[-125.6565,72.1779],[-125.6568,72.1776],[-125.6573,72.1772],[-125.6578,72.1768],[-125.659,72.1763],[-125.659,72.1762],[-125.66,72.1758],[-125.6603,72.1755],[-125.6614,72.1749],[-125.6626,72.1743],[-125.6638,72.1738],[-125.6695,72.172],[-125.6716,72.1714],[-125.6729,72.1712],[-125.6743,72.1711],[-125.6777,72.1708],[-125.6779,72.1709],[-125.6789,72.1709],[-125.6806,72.1709],[-125.6829,72.1708],[-125.6833,72.1707],[-125.6881,72.1706],[-125.6893,72.1704],[-125.6898,72.1703],[-125.6914,72.1702],[-125.6914,72.1701],[-125.6908,72.17],[-125.6911,72.1699],[-125.6922,72.1697],[-125.6943,72.1695],[-125.6946,72.1693],[-125.6945,72.1686],[-125.6947,72.1678],[-125.6944,72.1674],[-125.6946,72.1673],[-125.6944,72.1672],[-125.6944,72.1671],[-125.6954,72.1663],[-125.6955,72.1661],[-125.6954,72.1654],[-125.6955,72.1653],[-125.6961,72.1651],[-125.6964,72.1652],[-125.697,72.1658],[-125.6976,72.1661],[-125.6979,72.1664],[-125.698,72.1667],[-125.698,72.1675],[-125.6983,72.1677],[-125.6985,72.168],[-125.6984,72.1684],[-125.6978,72.1687],[-125.6968,72.1692],[-125.6965,72.1694],[-125.6953,72.1696],[-125.695,72.1701],[-125.6941,72.1704],[-125.6939,72.1705],[-125.6937,72.1705],[-125.6934,72.1704],[-125.6933,72.1702],[-125.6926,72.1702],[-125.6923,72.1702],[-125.6923,72.1703],[-125.6927,72.1704],[-125.6931,72.1708],[-125.693,72.171],[-125.6927,72.1712],[-125.6919,72.1716],[-125.6908,72.1721],[-125.6874,72.1737],[-125.6862,72.1745],[-125.6851,72.1754],[-125.6823,72.1772],[-125.6814,72.1778],[-125.6806,72.1788],[-125.679,72.1801],[-125.6772,72.1823],[-125.6746,72.1845],[-125.6738,72.1853],[-125.6733,72.1858],[-125.6723,72.1874],[-125.6713,72.1881],[-125.6703,72.1885],[-125.6679,72.1895],[-125.668,72.1896],[-125.6696,72.1898],[-125.6706,72.1899],[-125.6723,72.1897],[-125.6741,72.1879],[-125.676,72.1857],[-125.678,72.1838],[-125.679,72.1821],[-125.6794,72.1817],[-125.6806,72.1808],[-125.683,72.1786],[-125.6841,72.1777],[-125.6848,72.1771],[-125.6875,72.1754],[-125.6906,72.1735],[-125.6918,72.1729],[-125.6925,72.1724],[-125.6958,72.1708],[-125.697,72.1702],[-125.7026,72.1676],[-125.7095,72.1647],[-125.7104,72.1643],[-125.7166,72.162],[-125.7176,72.1615],[-125.7182,72.1614],[-125.7189,72.1611],[-125.7237,72.1588],[-125.7251,72.1583],[-125.7263,72.1577],[-125.7278,72.1572],[-125.7323,72.1552],[-125.733,72.1549],[-125.737,72.1525],[-125.737,72.1523],[-125.7373,72.1522],[-125.7373,72.1521],[-125.7407,72.1504],[-125.7411,72.1502],[-125.7414,72.1499],[-125.7418,72.1498],[-125.742,72.1495],[-125.7437,72.1483],[-125.7437,72.1482],[-125.7469,72.146],[-125.7472,72.1459],[-125.7478,72.1454],[-125.7485,72.1452],[-125.751,72.1438],[-125.754,72.1424],[-125.7546,72.1422],[-125.7553,72.1419],[-125.7586,72.141],[-125.7617,72.14],[-125.7651,72.139],[-125.7669,72.1385],[-125.7687,72.1382],[-125.772,72.137],[-125.7727,72.1367],[-125.7725,72.1363],[-125.7716,72.1363],[-125.7709,72.1365],[-125.7702,72.1369],[-125.7696,72.1369],[-125.7687,72.1373],[-125.768,72.1374],[-125.7663,72.1379],[-125.7654,72.1381],[-125.7646,72.1384],[-125.7635,72.1386],[-125.7626,72.1387],[-125.7608,72.139],[-125.7585,72.1389],[-125.7583,72.1388],[-125.7583,72.1387],[-125.7586,72.1382],[-125.7585,72.1379],[-125.7579,72.1373],[-125.7571,72.136],[-125.7568,72.136],[-125.7563,72.136],[-125.7561,72.136],[-125.7551,72.1367],[-125.7541,72.1372],[-125.754,72.1374],[-125.7537,72.1378],[-125.7533,72.139],[-125.7527,72.1401],[-125.7524,72.1405],[-125.7519,72.1406],[-125.7514,72.1406],[-125.751,72.1405],[-125.7485,72.138],[-125.7479,72.1377],[-125.7474,72.1363],[-125.7474,72.136],[-125.7478,72.1349],[-125.7475,72.1347],[-125.7457,72.134],[-125.7431,72.1325],[-125.7424,72.1316],[-125.7421,72.1314],[-125.7419,72.1313],[-125.7419,72.1311],[-125.7417,72.1306],[-125.7423,72.1283],[-125.7427,72.1276],[-125.7437,72.1266],[-125.7436,72.1262],[-125.743,72.126],[-125.7412,72.1256],[-125.741,72.1253],[-125.741,72.1251],[-125.7411,72.125],[-125.7412,72.1248],[-125.7415,72.1245],[-125.7433,72.1236],[-125.744,72.1233],[-125.7444,72.1227],[-125.7442,72.1225],[-125.7446,72.1223],[-125.7448,72.1221],[-125.746,72.1219],[-125.7489,72.1217],[-125.7503,72.1218],[-125.7514,72.1218],[-125.7533,72.122],[-125.7583,72.1227],[-125.7612,72.1229],[-125.7643,72.123],[-125.766,72.1232],[-125.7678,72.1236],[-125.7707,72.1245],[-125.7724,72.125],[-125.773,72.1252],[-125.7818,72.1283],[-125.7827,72.1291],[-125.7859,72.1285],[-125.7869,72.1275],[-125.7882,72.1258],[-125.789,72.125],[-125.7895,72.1245],[-125.7899,72.1238],[-125.7897,72.1166],[-125.7894,72.1164],[-125.7894,72.1162],[-125.7895,72.1158],[-125.7892,72.1152],[-125.7885,72.1146],[-125.7884,72.114],[-125.788,72.1136],[-125.7876,72.1134],[-125.7866,72.1127],[-125.786,72.1122],[-125.7844,72.1114],[-125.7816,72.1106],[-125.7809,72.1103],[-125.7799,72.1102],[-125.7781,72.1096],[-125.7746,72.1085],[-125.7553,72.1048],[-125.7538,72.1047],[-125.7527,72.1047],[-125.7522,72.1051]]},"properties":{}},{"type":"Feature","geometry":{"type":"LineString","coordinates":[[-125.7392,72.0707],[-125.7397,72.0723],[-125.7399,72.0726],[-125.7403,72.073],[-125.7406,72.0731],[-125.7408,72.0735],[-125.741,72.0744],[-125.7409,72.0746],[-125.741,72.0753],[-125.7411,72.0755],[-125.7415,72.0756],[-125.7417,72.0755],[-125.7419,72.0752],[-125.7421,72.0751],[-125.7423,72.0746],[-125.7423,72.0743],[-125.7422,72.0737],[-125.7419,72.0719],[-125.7418,72.0716],[-125.7411,72.0705],[-125.7411,72.0701],[-125.7408,72.0697],[-125.7407,72.069],[-125.7406,72.0682],[-125.7399,72.0679],[-125.7396,72.0675],[-125.7387,72.0661],[-125.7382,72.0657],[-125.7381,72.0652],[-125.738,72.0635],[-125.7377,72.0632],[-125.7373,72.0631],[-125.7367,72.0624],[-125.7367,72.0621],[-125.7362,72.0611],[-125.7362,72.0606],[-125.7359,72.0603],[-125.7357,72.0598],[-125.7351,72.0581],[-125.7345,72.0572],[-125.734,72.0558],[-125.7341,72.0549],[-125.734,72.0543],[-125.7339,72.0539],[-125.7338,72.053],[-125.7333,72.05],[-125.7328,72.0497],[-125.7323,72.0497],[-125.7323,72.0509],[-125.7326,72.0523],[-125.7325,72.0526],[-125.732,72.0529],[-125.7319,72.0533],[-125.7317,72.0537],[-125.7315,72.0539],[-125.7312,72.0544],[-125.7311,72.0548],[-125.7315,72.0561],[-125.7316,72.0571],[-125.7323,72.0577],[-125.7329,72.0583],[-125.7331,72.0586],[-125.7335,72.0603],[-125.734,72.0611],[-125.734,72.0617],[-125.7334,72.0629],[-125.7344,72.0631],[-125.7352,72.0632],[-125.7359,72.0634],[-125.736,72.0636],[-125.7362,72.0649],[-125.7369,72.0652],[-125.7372,72.0661],[-125.7372,72.0664],[-125.7374,72.0666],[-125.7379,72.0668],[-125.7381,72.067],[-125.7386,72.0688],[-125.7394,72.0691],[-125.7395,72.0698],[-125.7395,72.0702],[-125.7392,72.0707]]},"properties":{}},{"type":"Feature","geometry":{"type":"LineString","coordinates":[[-125.7352,72.0863],[-125.7346,72.0866],[-125.7343,72.087],[-125.7337,72.0875],[-125.7313,72.0889],[-125.73,72.0893],[-125.7301,72.0896],[-125.7308,72.0896],[-125.7319,72.0893],[-125.7329,72.089],[-125.734,72.0885],[-125.7346,72.0881],[-125.7355,72.0875],[-125.7358,72.0866],[-125.7352,72.0863]]},"properties":{}},{"type":"Feature","geometry":{"type":"LineString","coordinates":[[-125.7109,72.0939],[-125.7106,72.0937],[-125.7099,72.0934],[-125.7098,72.0931],[-125.709,72.093],[-125.7085,72.0931],[-125.7082,72.0932],[-125.7079,72.0936],[-125.7081,72.0937],[-125.7085,72.0939],[-125.7092,72.0941],[-125.7095,72.0942],[-125.7107,72.0942],[-125.7109,72.094],[-125.7109,72.0939]]},"properties":{}},{"type":"Feature","geometry":{"type":"LineString","coordinates":[[-125.5544,72.2836],[-125.554,72.2835],[-125.5529,72.2835],[-125.5496,72.2844],[-125.5469,72.2865],[-125.5447,72.2882],[-125.5439,72.2889],[-125.5435,72.2894],[-125.5428,72.2898],[-125.5415,72.2903],[-125.54,72.2907],[-125.5389,72.2912],[-125.5383,72.2917],[-125.5377,72.2922],[-125.5369,72.2925],[-125.5356,72.2928],[-125.5343,72.2931],[-125.5328,72.2933],[-125.5309,72.2936],[-125.5287,72.2944],[-125.5292,72.2946],[-125.5306,72.2947],[-125.5303,72.295],[-125.5292,72.2952],[-125.5281,72.2956],[-125.5279,72.2956],[-125.5275,72.2958],[-125.5255,72.2966],[-125.5212,72.2978],[-125.52,72.2982],[-125.5196,72.2985],[-125.5191,72.2998],[-125.5187,72.3002],[-125.5165,72.3016],[-125.5159,72.3022],[-125.5142,72.3028],[-125.5134,72.3034],[-125.5133,72.3037],[-125.5135,72.3046],[-125.5131,72.305],[-125.5124,72.3053],[-125.5124,72.3055],[-125.5129,72.3057],[-125.5151,72.3064],[-125.5163,72.3072],[-125.5163,72.3076],[-125.5162,72.3085],[-125.5157,72.3093],[-125.5144,72.3101],[-125.5137,72.3103],[-125.5119,72.3106],[-125.508,72.3109],[-125.5048,72.3112],[-125.504,72.3114],[-125.5039,72.3115],[-125.504,72.3116],[-125.5044,72.3117],[-125.5044,72.3118],[-125.5041,72.3122],[-125.5044,72.3127],[-125.5055,72.3135],[-125.5051,72.314],[-125.5047,72.3141],[-125.5033,72.3144],[-125.5023,72.3148],[-125.5,72.3155],[-125.5,72.3155],[-125.4983,72.3158],[-125.4964,72.316],[-125.495,72.3161],[-125.4877,72.3158],[-125.4873,72.3158],[-125.4841,72.3155],[-125.4826,72.3155],[-125.4824,72.3154],[-125.4813,72.3153],[-125.4796,72.3152],[-125.4783,72.3152],[-125.4774,72.315],[-125.4769,72.3149],[-125.4768,72.3147],[-125.4775,72.3144],[-125.4775,72.3142],[-125.4776,72.3139],[-125.4783,72.3135],[-125.4789,72.3133],[-125.4805,72.3132],[-125.4836,72.3126],[-125.4843,72.3124],[-125.4845,72.312],[-125.4845,72.3116],[-125.4841,72.3113],[-125.4833,72.311],[-125.483,72.3107],[-125.4833,72.3105],[-125.4831,72.3102],[-125.4823,72.3101],[-125.482,72.31],[-125.4811,72.31],[-125.4804,72.3101],[-125.4797,72.3103],[-125.4788,72.3105],[-125.4782,72.3105],[-125.4774,72.3103],[-125.4773,72.31],[-125.4778,72.3097],[-125.4788,72.3096],[-125.4795,72.3096],[-125.4799,72.3094],[-125.48,72.309],[-125.4804,72.3088],[-125.4827,72.3084],[-125.4829,72.3082],[-125.4832,72.3079],[-125.4842,72.3077],[-125.4853,72.3073],[-125.4859,72.3069],[-125.4858,72.3067],[-125.486,72.3063],[-125.4862,72.306],[-125.4868,72.3059],[-125.4867,72.3056],[-125.4865,72.3053],[-125.4839,72.3037],[-125.4835,72.3035],[-125.4829,72.3035],[-125.4828,72.3034],[-125.4828,72.3034],[-125.4825,72.3033],[-125.4824,72.3032],[-125.4827,72.303],[-125.4833,72.3029],[-125.4842,72.3029],[-125.4855,72.3029],[-125.4864,72.3028],[-125.4871,72.3026],[-125.4876,72.3023],[-125.4887,72.3022],[-125.4897,72.3022],[-125.4905,72.3023],[-125.4911,72.3025],[-125.4912,72.3027],[-125.491,72.3029],[-125.4912,72.3029],[-125.4912,72.303],[-125.4908,72.3033],[-125.491,72.3035],[-125.4919,72.3036],[-125.4928,72.3036],[-125.4936,72.3033],[-125.4937,72.3033],[-125.4938,72.3029],[-125.4929,72.3023],[-125.4927,72.3015],[-125.4921,72.3009],[-125.4921,72.3004],[-125.4911,72.2996],[-125.4898,72.2982],[-125.4897,72.2979],[-125.4897,72.2962],[-125.4892,72.2952],[-125.4882,72.2944],[-125.4857,72.2923],[-125.4854,72.2911],[-125.4856,72.2909],[-125.486,72.2907],[-125.4864,72.2907],[-125.4864,72.2906],[-125.4878,72.2898],[-125.4886,72.2892],[-125.4885,72.2887],[-125.4891,72.2882],[-125.4894,72.2878],[-125.4893,72.2875],[-125.4883,72.2875],[-125.4882,72.2874],[-125.4888,72.2873],[-125.4887,72.2871],[-125.4849,72.2864],[-125.4841,72.2864],[-125.4833,72.2859],[-125.4814,72.2858],[-125.4792,72.2857],[-125.4765,72.2851],[-125.4749,72.2849],[-125.4742,72.2847],[-125.4726,72.2844],[-125.4708,72.284],[-125.4744,72.2838],[-125.4756,72.2833],[-125.4775,72.2831],[-125.4793,72.283],[-125.4823,72.2828],[-125.4832,72.2827],[-125.4863,72.2818],[-125.4847,72.2815],[-125.4833,72.2813],[-125.4817,72.2811],[-125.4806,72.2807],[-125.4803,72.2803],[-125.4799,72.2803],[-125.4778,72.2803],[-125.477,72.2802],[-125.4787,72.2798],[-125.48,72.2795],[-125.4808,72.2792],[-125.4813,72.2788],[-125.4809,72.2785],[-125.4802,72.2784],[-125.4795,72.2786],[-125.4774,72.2787],[-125.4756,72.2787],[-125.4742,72.2786],[-125.4736,72.2785],[-125.4767,72.2781],[-125.4816,72.2776],[-125.4819,72.2775],[-125.4824,72.2774],[-125.4841,72.2766],[-125.4843,72.2765],[-125.4827,72.2763],[-125.4822,72.276],[-125.481,72.2755],[-125.4798,72.2753],[-125.4786,72.2752],[-125.4774,72.2749],[-125.4739,72.2751],[-125.4718,72.275],[-125.4695,72.2749],[-125.4667,72.275],[-125.465,72.2735],[-125.4676,72.2734],[-125.4684,72.2732],[-125.4692,72.2732],[-125.4698,72.2732],[-125.4703,72.2731],[-125.4694,72.2724],[-125.4691,72.2722],[-125.4691,72.2718],[-125.4693,72.2715],[-125.4706,72.2711],[-125.4705,72.2709],[-125.4699,72.2706],[-125.4679,72.2704],[-125.4674,72.2702],[-125.4668,72.2699],[-125.4667,72.2696],[-125.4673,72.2692],[-125.4677,72.2691],[-125.4708,72.2689],[-125.4725,72.269],[-125.4731,72.2689],[-125.4736,72.2689],[-125.476,72.2679],[-125.4766,72.2677],[-125.4798,72.2674],[-125.481,72.2673],[-125.482,72.2671],[-125.4832,72.2669],[-125.485,72.2668],[-125.4871,72.2665],[-125.4889,72.2665],[-125.4897,72.2664],[-125.4908,72.2663],[-125.4915,72.2661],[-125.492,72.2661],[-125.4924,72.2662],[-125.4937,72.2665],[-125.4942,72.2665],[-125.4945,72.2665],[-125.4952,72.2662],[-125.4968,72.2659],[-125.4972,72.2655],[-125.4977,72.2654],[-125.4984,72.2654],[-125.4993,72.2655],[-125.5,72.2655],[-125.5019,72.2653],[-125.5044,72.2654],[-125.5069,72.2656],[-125.5098,72.266],[-125.5113,72.2662],[-125.5127,72.2668],[-125.5132,72.2676],[-125.5132,72.2678],[-125.5127,72.2681],[-125.513,72.2683],[-125.5126,72.2687],[-125.5109,72.2687],[-125.5097,72.2687],[-125.5094,72.2688],[-125.5078,72.2691],[-125.5078,72.2692],[-125.5086,72.2695],[-125.5085,72.2696],[-125.5076,72.2697],[-125.5063,72.2697],[-125.5056,72.2696],[-125.5049,72.2696],[-125.5048,72.2697],[-125.5051,72.27],[-125.5041,72.2702],[-125.5042,72.2703],[-125.5045,72.2703],[-125.5053,72.2703],[-125.5053,72.2706],[-125.5031,72.2713],[-125.5025,72.2717],[-125.5032,72.272],[-125.5058,72.2716],[-125.5098,72.2706],[-125.5132,72.27],[-125.5151,72.2699],[-125.5172,72.2696],[-125.5177,72.2694],[-125.5212,72.2689],[-125.5252,72.268],[-125.5298,72.2674],[-125.5316,72.2674],[-125.5343,72.2672],[-125.5372,72.267],[-125.54,72.267],[-125.5442,72.2671],[-125.5458,72.2672],[-125.5463,72.2671],[-125.551,72.2667],[-125.5568,72.2661],[-125.561,72.2652],[-125.5611,72.2652],[-125.5677,72.2642],[-125.5723,72.263],[-125.5763,72.262],[-125.5794,72.261],[-125.5812,72.2601],[-125.5825,72.2588],[-125.5828,72.2581],[-125.5827,72.2572],[-125.5832,72.2569],[-125.5837,72.2566],[-125.585,72.2561],[-125.5866,72.2556],[-125.5895,72.2552],[-125.5923,72.2549],[-125.5993,72.2548],[-125.6015,72.2549],[-125.6042,72.2551],[-125.6065,72.2557],[-125.6096,72.2564],[-125.6121,72.2567],[-125.6138,72.257],[-125.6151,72.2574],[-125.6168,72.2577],[-125.619,72.2579],[-125.6205,72.2581],[-125.6224,72.2584],[-125.6248,72.2587],[-125.6268,72.259],[-125.6281,72.2595],[-125.6289,72.2598],[-125.63,72.2601],[-125.6316,72.2602],[-125.6349,72.2605],[-125.6358,72.2607],[-125.6365,72.2607],[-125.6379,72.2605],[-125.6389,72.2602],[-125.6416,72.2604],[-125.6449,72.2607],[-125.646,72.261],[-125.6469,72.2616],[-125.6473,72.2625],[-125.6462,72.263],[-125.6415,72.264],[-125.6359,72.2646],[-125.6355,72.265]]},"properties":{}},{"type":"Feature","geometry":{"type":"LineString","coordinates":[[-125.6502,72.1842],[-125.6498,72.1843],[-125.649,72.1844],[-125.6477,72.1847],[-125.6469,72.1849],[-125.6466,72.185],[-125.6464,72.1853],[-125.6464,72.1858],[-125.6466,72.1863],[-125.6469,72.1864],[-125.647,72.1863],[-125.6468,72.1859],[-125.647,72.1858],[-125.6472,72.1858],[-125.6518,72.1868],[-125.6535,72.1872],[-125.6543,72.1873],[-125.6559,72.1872],[-125.6579,72.1871],[-125.6582,72.1871],[-125.6581,72.187],[-125.6575,72.1868],[-125.656,72.1866],[-125.6547,72.1863],[-125.6541,72.186],[-125.6533,72.1855],[-125.6524,72.1848],[-125.652,72.1846],[-125.6512,72.1843],[-125.6508,72.1843],[-125.6502,72.1842]]},"properties":{}},{"type":"Feature","geometry":{"type":"LineString","coordinates":[[-125.6191,72.1781],[-125.6183,72.1783],[-125.6182,72.1784],[-125.6183,72.1785],[-125.6184,72.1785],[-125.6197,72.1786],[-125.6207,72.1785],[-125.6208,72.1785],[-125.6207,72.1783],[-125.6205,72.1782],[-125.6199,72.1781],[-125.6191,72.1781]]},"properties":{}},{"type":"Feature","geometry":{"type":"LineString","coordinates":[[-125.606,72.1778],[-125.605,72.1779],[-125.6037,72.178],[-125.6018,72.1783],[-125.6013,72.1784],[-125.6007,72.1786],[-125.6007,72.1787],[-125.6007,72.1788],[-125.6022,72.1801],[-125.6023,72.1801],[-125.6054,72.1802],[-125.6082,72.1801],[-125.6088,72.1802],[-125.61,72.1802],[-125.6111,72.1801],[-125.6123,72.1798],[-125.6131,72.1795],[-125.6136,72.1792],[-125.6138,72.1788],[-125.6136,72.1785],[-125.6132,72.1784],[-125.6126,72.1783],[-125.6107,72.1784],[-125.6088,72.1782],[-125.6071,72.1779],[-125.6066,72.1779],[-125.606,72.1778]]},"properties":{}},{"type":"Feature","geometry":{"type":"LineString","coordinates":[[-125.5,72.2867],[-125.5004,72.2866],[-125.5012,72.2864],[-125.502,72.2864],[-125.5023,72.2863],[-125.5029,72.286],[-125.5032,72.2858],[-125.5034,72.2852],[-125.504,72.2846],[-125.5042,72.2842],[-125.5041,72.2834],[-125.5048,72.2826],[-125.5049,72.2822],[-125.5044,72.2814],[-125.5043,72.2811],[-125.5043,72.2804],[-125.5035,72.2793],[-125.5036,72.2786],[-125.5033,72.2782],[-125.5033,72.2779],[-125.5032,72.2777],[-125.5033,72.2775],[-125.5035,72.2773],[-125.5031,72.277],[-125.503,72.2765],[-125.5028,72.2763],[-125.5021,72.2764],[-125.5019,72.2767],[-125.5017,72.2772],[-125.5019,72.2778],[-125.5024,72.2791],[-125.5026,72.2798],[-125.5029,72.2803],[-125.5032,72.2818],[-125.5032,72.2822],[-125.5028,72.2828],[-125.5023,72.2842],[-125.5023,72.2848],[-125.5022,72.2852],[-125.5015,72.2857],[-125.5,72.286],[-125.4977,72.2866],[-125.4974,72.2868],[-125.4972,72.2871],[-125.4974,72.2873],[-125.4984,72.2872],[-125.5,72.2867]]},"properties":{}},{"type":"Feature","geometry":{"type":"LineString","coordinates":[[-125.4779,72.2714],[-125.478,72.2711],[-125.4768,72.2711],[-125.4736,72.2715],[-125.4728,72.2718],[-125.4724,72.273],[-125.4714,72.2735],[-125.472,72.2737],[-125.4731,72.2735],[-125.4738,72.2732],[-125.4747,72.2728],[-125.4759,72.2727],[-125.4768,72.2728],[-125.4768,72.2731],[-125.4757,72.2734],[-125.4753,72.2737],[-125.4761,72.2737],[-125.4771,72.2736],[-125.4783,72.2733],[-125.4799,72.273],[-125.4809,72.2728],[-125.482,72.2724],[-125.481,72.2722],[-125.4796,72.2723],[-125.4778,72.2723],[-125.4771,72.2718],[-125.4779,72.2714]]},"properties":{}},{"type":"Feature","geometry":{"type":"LineString","coordinates":[[-125.4381,72.3723],[-125.4405,72.3706],[-125.4433,72.3688],[-125.4473,72.366],[-125.4502,72.3641],[-125.4513,72.3633],[-125.4524,72.3623],[-125.4536,72.3611],[-125.454,72.3604],[-125.4533,72.3601],[-125.4516,72.3598],[-125.4506,72.3599],[-125.451,72.3602],[-125.452,72.3604],[-125.4527,72.3607],[-125.452,72.3611],[-125.4513,72.3622],[-125.4505,72.363],[-125.449,72.3639],[-125.4477,72.3649],[-125.4462,72.3657],[-125.4451,72.3666],[-125.4418,72.369],[-125.4404,72.3699],[-125.4367,72.372],[-125.4372,72.3724],[-125.4376,72.3724],[-125.4378,72.3724],[-125.4381,72.3723]]},"properties":{}},{"type":"Feature","geometry":{"type":"LineString","coordinates":[[-125.384,72.4246],[-125.3842,72.4254],[-125.3848,72.4261],[-125.3856,72.4269],[-125.3876,72.4278],[-125.3898,72.428],[-125.3909,72.4279],[-125.3934,72.428],[-125.3944,72.428],[-125.3957,72.4278],[-125.3986,72.4275],[-125.3991,72.4276],[-125.3997,72.4275],[-125.4007,72.4275],[-125.4017,72.4276],[-125.403,72.4277],[-125.4038,72.4277],[-125.4044,72.4276],[-125.4049,72.4274],[-125.4053,72.4274],[-125.406,72.4273],[-125.4068,72.4273],[-125.4096,72.4271],[-125.4107,72.4271],[-125.411,72.4271],[-125.4105,72.4272],[-125.4092,72.4273],[-125.4079,72.4275],[-125.4072,72.4278],[-125.4063,72.428],[-125.4058,72.4281],[-125.4048,72.4281],[-125.4046,72.4281],[-125.4027,72.4283],[-125.4014,72.4284],[-125.4001,72.4287],[-125.3998,72.4287],[-125.3995,72.4288],[-125.3987,72.429],[-125.3983,72.4292],[-125.3962,72.4294],[-125.3946,72.4296],[-125.3938,72.4296],[-125.3928,72.4298],[-125.3903,72.4303],[-125.3891,72.4304],[-125.3847,72.4308],[-125.3833,72.4312],[-125.3776,72.4326],[-125.3751,72.4332],[-125.3731,72.4337],[-125.3719,72.4339],[-125.3713,72.4342],[-125.3707,72.4345],[-125.3705,72.4347],[-125.3689,72.4351],[-125.3683,72.4352],[-125.3677,72.4354],[-125.3666,72.4363],[-125.3662,72.4372],[-125.3661,72.4378],[-125.3661,72.438],[-125.3666,72.4383],[-125.3674,72.4388],[-125.3686,72.4391],[-125.3694,72.4393],[-125.37,72.4399],[-125.3706,72.4399],[-125.3711,72.4401],[-125.3714,72.4403],[-125.3715,72.4407],[-125.3715,72.4412],[-125.3713,72.4414],[-125.3704,72.4417],[-125.3695,72.4423],[-125.3699,72.4427],[-125.3704,72.4431],[-125.3706,72.4435],[-125.3707,72.444],[-125.3708,72.4454],[-125.3697,72.4464],[-125.3676,72.4476],[-125.3684,72.4477],[-125.3693,72.4475],[-125.3703,72.447],[-125.371,72.446],[-125.3716,72.4456],[-125.3726,72.4435],[-125.3729,72.4424],[-125.3729,72.4419],[-125.3732,72.4397],[-125.3734,72.4384],[-125.3742,72.4377],[-125.3759,72.4357],[-125.3788,72.4341],[-125.3834,72.4324],[-125.3882,72.431],[-125.3908,72.4306],[-125.3938,72.4301],[-125.3961,72.4299],[-125.4005,72.4293],[-125.407,72.4285],[-125.4087,72.4283],[-125.4108,72.428],[-125.4136,72.4273],[-125.415,72.427],[-125.4199,72.4258],[-125.4236,72.4246],[-125.4253,72.4237],[-125.426,72.4232],[-125.4267,72.4225],[-125.4279,72.4207],[-125.4283,72.4191],[-125.4283,72.418],[-125.4282,72.4169],[-125.4284,72.416],[-125.4286,72.4145],[-125.4285,72.4128],[-125.4282,72.4108],[-125.4285,72.41],[-125.4276,72.4078],[-125.4275,72.4068],[-125.427,72.4059],[-125.4268,72.4058],[-125.4264,72.4054],[-125.4254,72.4045],[-125.4249,72.4039],[-125.424,72.4031],[-125.4236,72.4029],[-125.4228,72.4025],[-125.422,72.4021],[-125.4208,72.4017],[-125.418,72.4005],[-125.4174,72.4003],[-125.4162,72.4002],[-125.4158,72.4004],[-125.4159,72.4008],[-125.4171,72.4011],[-125.4182,72.4016],[-125.4191,72.4018],[-125.4204,72.4023],[-125.4218,72.4029],[-125.4232,72.4038],[-125.4237,72.4044],[-125.4245,72.4055],[-125.4251,72.406],[-125.4253,72.4065],[-125.4257,72.4072],[-125.426,72.4077],[-125.4263,72.4084],[-125.4265,72.409],[-125.4263,72.4101],[-125.4262,72.4115],[-125.4264,72.4121],[-125.4263,72.4122],[-125.4263,72.4126],[-125.4254,72.4138],[-125.4236,72.414],[-125.4225,72.4141],[-125.421,72.4141],[-125.4201,72.414],[-125.4178,72.4132],[-125.4163,72.413],[-125.415,72.4129],[-125.4137,72.4126],[-125.412,72.4124],[-125.4106,72.4124],[-125.4071,72.4125],[-125.404,72.4125],[-125.4028,72.4127],[-125.4012,72.4128],[-125.4005,72.4128],[-125.398,72.4131],[-125.3967,72.4134],[-125.395,72.4139],[-125.3927,72.4145],[-125.3919,72.415],[-125.3918,72.4152],[-125.392,72.4153],[-125.3922,72.416],[-125.3924,72.4165],[-125.3923,72.4169],[-125.3917,72.4176],[-125.3915,72.4182],[-125.3923,72.4187],[-125.3924,72.4188],[-125.3916,72.4193],[-125.3906,72.4196],[-125.3899,72.4197],[-125.3868,72.4199],[-125.3845,72.4202],[-125.3826,72.4206],[-125.3808,72.4207],[-125.3801,72.421],[-125.381,72.4214],[-125.3812,72.4219],[-125.3835,72.4231],[-125.384,72.4238],[-125.384,72.4246]]},"properties":{}},{"type":"Feature","geometry":{"type":"LineString","coordinates":[[-125.4122,72.3957],[-125.4116,72.3957],[-125.4108,72.3958],[-125.4105,72.396],[-125.4106,72.3966],[-125.4109,72.3969],[-125.4125,72.3974],[-125.4129,72.3974],[-125.4137,72.3974],[-125.4141,72.3971],[-125.414,72.3965],[-125.4137,72.3962],[-125.4129,72.3959],[-125.4122,72.3957]]},"properties":{}},{"type":"Feature","geometry":{"type":"LineString","coordinates":[[-125.1991,72.5503],[-125.1994,72.5502],[-125.1993,72.55],[-125.199,72.55],[-125.1979,72.5495],[-125.1973,72.5492],[-125.1962,72.5484],[-125.1956,72.5478],[-125.1951,72.5471],[-125.1947,72.5468],[-125.1922,72.5461],[-125.1911,72.5457],[-125.1903,72.5455],[-125.187,72.5448],[-125.1855,72.5447],[-125.1837,72.5445],[-125.1831,72.5444],[-125.1825,72.5443],[-125.1811,72.5439],[-125.1809,72.5439],[-125.178,72.5432],[-125.1775,72.5431],[-125.1757,72.5426],[-125.175,72.5424],[-125.1718,72.5419],[-125.1707,72.5414],[-125.1678,72.5411],[-125.1664,72.5407],[-125.1621,72.5402],[-125.1615,72.5402],[-125.1612,72.5401],[-125.1576,72.5394],[-125.1563,72.5393],[-125.1553,72.5393],[-125.1545,72.5397],[-125.1543,72.54],[-125.1554,72.5402],[-125.1569,72.5402],[-125.1577,72.5403],[-125.1578,72.5404],[-125.1586,72.5405],[-125.1596,72.5406],[-125.1604,72.5407],[-125.161,72.5407],[-125.1617,72.5408],[-125.1625,72.5411],[-125.1631,72.5413],[-125.1633,72.5416],[-125.1632,72.542],[-125.163,72.5421],[-125.1624,72.5421],[-125.1617,72.5421],[-125.1612,72.5422],[-125.1612,72.5423],[-125.1607,72.5424],[-125.1605,72.5424],[-125.1601,72.5423],[-125.1595,72.5423],[-125.1589,72.5423],[-125.1574,72.5426],[-125.157,72.5427],[-125.1566,72.5427],[-125.1557,72.5429],[-125.1531,72.543],[-125.151,72.5432],[-125.149,72.5437],[-125.1477,72.5441],[-125.1475,72.5442],[-125.1462,72.5446],[-125.1454,72.5453],[-125.1452,72.5459],[-125.1455,72.5464],[-125.145,72.5468],[-125.1436,72.5469],[-125.1418,72.5467],[-125.1367,72.5457],[-125.134,72.5449],[-125.1333,72.5449],[-125.133,72.545],[-125.1331,72.5452],[-125.1337,72.5455],[-125.1349,72.5458],[-125.1366,72.5462],[-125.1386,72.5465],[-125.1408,72.5469],[-125.1427,72.5474],[-125.1437,72.5477],[-125.145,72.5479],[-125.1459,72.548],[-125.1464,72.548],[-125.1467,72.548],[-125.1473,72.5483],[-125.1492,72.5488],[-125.155,72.55],[-125.1583,72.5508],[-125.1602,72.5513],[-125.1641,72.5523],[-125.168,72.5536],[-125.1691,72.554],[-125.1695,72.5542],[-125.1703,72.5547],[-125.1716,72.5552],[-125.1722,72.5555],[-125.1723,72.5556],[-125.1735,72.5562],[-125.1745,72.5568],[-125.1755,72.5573],[-125.177,72.5583],[-125.178,72.5594],[-125.1784,72.56],[-125.1784,72.5603],[-125.1783,72.5604],[-125.1784,72.5606],[-125.1785,72.5609],[-125.1785,72.5611],[-125.1789,72.5619],[-125.1789,72.5621],[-125.1797,72.5635],[-125.1798,72.5644],[-125.18,72.5648],[-125.1805,72.5652],[-125.1815,72.5657],[-125.1819,72.566],[-125.1823,72.5661],[-125.1828,72.5666],[-125.182,72.5673],[-125.1812,72.5675],[-125.1789,72.5679],[-125.175,72.5684],[-125.1709,72.5689],[-125.1687,72.569],[-125.1659,72.569],[-125.1651,72.5689],[-125.1646,72.5688],[-125.164,72.5686],[-125.1631,72.5685],[-125.1621,72.5683],[-125.1614,72.5682],[-125.1605,72.5681],[-125.1602,72.5681],[-125.1597,72.5678],[-125.1573,72.5679],[-125.156,72.5679],[-125.1542,72.5678],[-125.1534,72.5676],[-125.1526,72.5672],[-125.1516,72.5671],[-125.1502,72.5673],[-125.1502,72.5676],[-125.1511,72.5679],[-125.1523,72.5682],[-125.1534,72.5685],[-125.1548,72.5687],[-125.1586,72.5693],[-125.1618,72.5697],[-125.1641,72.5698],[-125.1658,72.5699],[-125.1681,72.5698],[-125.1716,72.5696],[-125.176,72.569],[-125.1798,72.5685],[-125.1827,72.5679],[-125.1869,72.5669],[-125.191,72.5657],[-125.1941,72.5643],[-125.1959,72.5628],[-125.1962,72.5619],[-125.1967,72.5609],[-125.1979,72.5587],[-125.1985,72.5581],[-125.1991,72.5576],[-125.199,72.5575],[-125.1993,72.5565],[-125.1998,72.556],[-125.2002,72.5553],[-125.2002,72.5549],[-125.2009,72.554],[-125.2007,72.5537],[-125.2013,72.5533],[-125.2012,72.5529],[-125.2016,72.5523],[-125.2018,72.552],[-125.2023,72.5515],[-125.202,72.5509],[-125.2022,72.5504],[-125.2031,72.5488],[-125.2034,72.5478],[-125.2034,72.5473],[-125.2034,72.5473],[-125.2037,72.5451],[-125.2033,72.5446],[-125.2032,72.5439],[-125.2028,72.5438],[-125.2016,72.5434],[-125.2001,72.5434],[-125.1996,72.5435],[-125.1998,72.5443],[-125.2004,72.5448],[-125.2003,72.5454],[-125.2007,72.5456],[-125.2013,72.5459],[-125.2014,72.5463],[-125.2011,72.5465],[-125.2013,72.547],[-125.2011,72.5473],[-125.2004,72.5475],[-125.1994,72.5477],[-125.199,72.548],[-125.1995,72.5482],[-125.2003,72.5482],[-125.2009,72.5486],[-125.201,72.5487],[-125.201,72.5489],[-125.2009,72.549],[-125.2004,72.5491],[-125.2001,72.5493],[-125.1998,72.5496],[-125.2,72.5496],[-125.2005,72.5495],[-125.2007,72.5495],[-125.201,72.5498],[-125.2011,72.5499],[-125.201,72.55],[-125.2008,72.55],[-125.2002,72.55],[-125.2005,72.5505],[-125.2005,72.5508],[-125.2002,72.551],[-125.2003,72.5515],[-125.2001,72.5517],[-125.1999,72.5521],[-125.1999,72.5524],[-125.2003,72.5529],[-125.2002,72.5532],[-125.1999,72.5534],[-125.1998,72.5538],[-125.1995,72.5538],[-125.1992,72.5536],[-125.1992,72.5538],[-125.1992,72.5541],[-125.1989,72.5543],[-125.1987,72.554],[-125.1988,72.5536],[-125.1988,72.5534],[-125.1991,72.553],[-125.1987,72.5526],[-125.1985,72.5522],[-125.1985,72.5518],[-125.199,72.5516],[-125.199,72.5514],[-125.1993,72.5507],[-125.1991,72.5503]]},"properties":{}},{"type":"Feature","geometry":{"type":"LineString","coordinates":[[-125.3338,72.495],[-125.3336,72.4952],[-125.3334,72.4952],[-125.3332,72.4952],[-125.3332,72.4953],[-125.3331,72.4954],[-125.333,72.4955],[-125.333,72.4956],[-125.3328,72.4956],[-125.3322,72.4956],[-125.3318,72.4956],[-125.3318,72.4956],[-125.3318,72.4956],[-125.3318,72.4955],[-125.3319,72.4955],[-125.3318,72.4955],[-125.3317,72.4956],[-125.3316,72.4957],[-125.3316,72.4958],[-125.3316,72.4958],[-125.3314,72.4959],[-125.3311,72.496],[-125.3308,72.496],[-125.3309,72.4961],[-125.331,72.4962],[-125.3311,72.4963],[-125.3311,72.4963],[-125.3311,72.4964],[-125.3309,72.4965],[-125.3308,72.4966],[-125.3305,72.4967],[-125.3303,72.4968],[-125.3302,72.4968],[-125.3303,72.4969],[-125.3303,72.4969],[-125.3302,72.497],[-125.33,72.497],[-125.3299,72.497],[-125.3297,72.497],[-125.3296,72.497],[-125.3296,72.4971],[-125.3296,72.4971],[-125.3296,72.4971],[-125.3295,72.4972],[-125.3294,72.4972],[-125.3293,72.4972],[-125.3292,72.4972],[-125.3292,72.4973],[-125.329,72.4973],[-125.3288,72.4974],[-125.3285,72.4974],[-125.3283,72.4974],[-125.328,72.4975],[-125.3279,72.4976],[-125.3279,72.4977],[-125.3279,72.4978],[-125.3278,72.4979],[-125.3275,72.498],[-125.3273,72.4982],[-125.327,72.4983],[-125.3267,72.4984],[-125.3263,72.4985],[-125.326,72.4985],[-125.3257,72.4987],[-125.3256,72.4988],[-125.3256,72.4989],[-125.3256,72.499],[-125.3256,72.4991],[-125.3254,72.4992],[-125.3251,72.4993],[-125.3246,72.4995],[-125.3243,72.4997],[-125.3241,72.4998],[-125.324,72.4999],[-125.3237,72.5001],[-125.3233,72.5002],[-125.3232,72.5003],[-125.323,72.5004],[-125.3229,72.5006],[-125.3226,72.5007],[-125.3223,72.5008],[-125.3219,72.5009],[-125.3215,72.501],[-125.3213,72.5009],[-125.3213,72.5009],[-125.3211,72.5008],[-125.3211,72.5008],[-125.3213,72.5008],[-125.3216,72.5008],[-125.3217,72.5008],[-125.3217,72.5007],[-125.3215,72.5007],[-125.3214,72.5006],[-125.3214,72.5007],[-125.3214,72.5007],[-125.3214,72.5007],[-125.3213,72.5007],[-125.3212,72.5007],[-125.3213,72.5006],[-125.3214,72.5006],[-125.3215,72.5005],[-125.3216,72.5004],[-125.3217,72.5003],[-125.3215,72.5003],[-125.3213,72.5005],[-125.321,72.5007],[-125.3209,72.5007],[-125.3209,72.5008],[-125.3212,72.501],[-125.3213,72.501],[-125.3212,72.5012],[-125.3211,72.5013],[-125.3208,72.5014],[-125.3203,72.5015],[-125.32,72.5016],[-125.3197,72.5016],[-125.3196,72.5016],[-125.3196,72.5015],[-125.3196,72.5015],[-125.3197,72.5015],[-125.3198,72.5014],[-125.3199,72.5013],[-125.32,72.5013],[-125.3201,72.5012],[-125.3201,72.5012],[-125.3201,72.5011],[-125.3201,72.5011],[-125.3202,72.5011],[-125.3202,72.5011],[-125.3202,72.5011],[-125.3201,72.5011],[-125.32,72.5011],[-125.3199,72.5011],[-125.3196,72.5013],[-125.3194,72.5014],[-125.3191,72.5016],[-125.319,72.5017],[-125.3191,72.5017],[-125.3192,72.5017],[-125.3192,72.5018],[-125.319,72.5018],[-125.3189,72.502],[-125.3188,72.502],[-125.3186,72.5021],[-125.3185,72.5021],[-125.3184,72.5021],[-125.3184,72.5021],[-125.3183,72.5021],[-125.3181,72.502],[-125.318,72.502],[-125.3178,72.5021],[-125.3177,72.5023],[-125.3178,72.5024],[-125.3177,72.5024],[-125.3175,72.5025],[-125.3173,72.5026],[-125.3173,72.5026],[-125.3174,72.5026],[-125.3175,72.5026],[-125.3177,72.5026],[-125.3179,72.5025],[-125.318,72.5025],[-125.3183,72.5025],[-125.3184,72.5024],[-125.3187,72.5023],[-125.3189,72.5022],[-125.3191,72.5021],[-125.3193,72.502],[-125.3197,72.5019],[-125.3199,72.5018],[-125.3202,72.5018],[-125.3206,72.5017],[-125.3208,72.5016],[-125.3213,72.5015],[-125.3218,72.5013],[-125.3221,72.5012],[-125.3223,72.5011],[-125.3225,72.501],[-125.3229,72.5009],[-125.3231,72.5008],[-125.3233,72.5007],[-125.3237,72.5006],[-125.3239,72.5006],[-125.324,72.5005],[-125.3242,72.5004],[-125.3244,72.5002],[-125.3248,72.5],[-125.325,72.4999],[-125.3251,72.4999],[-125.3252,72.4999],[-125.3252,72.4998],[-125.3251,72.4998],[-125.325,72.4997],[-125.325,72.4996],[-125.325,72.4996],[-125.3253,72.4995],[-125.3255,72.4994],[-125.3256,72.4994],[-125.3257,72.4993],[-125.3258,72.4993],[-125.326,72.4992],[-125.3261,72.4992],[-125.3262,72.4991],[-125.3263,72.4991],[-125.3264,72.4991],[-125.3266,72.4991],[-125.3266,72.499],[-125.3266,72.499],[-125.3268,72.4989],[-125.3269,72.4989],[-125.3269,72.4988],[-125.3269,72.4987],[-125.3269,72.4987],[-125.3268,72.4987],[-125.3267,72.4987],[-125.3267,72.4988],[-125.3267,72.4988],[-125.3267,72.4989],[-125.3266,72.4989],[-125.3265,72.499],[-125.3264,72.499],[-125.3263,72.499],[-125.3263,72.4989],[-125.3263,72.4989],[-125.3264,72.4988],[-125.3264,72.4988],[-125.3265,72.4988],[-125.3266,72.4987],[-125.3266,72.4987],[-125.3268,72.4986],[-125.3271,72.4985],[-125.3275,72.4983],[-125.3278,72.4982],[-125.3287,72.4976],[-125.329,72.4975],[-125.3295,72.4974],[-125.3298,72.4974],[-125.3299,72.4974],[-125.3301,72.4974],[-125.3317,72.4965],[-125.332,72.4963],[-125.3322,72.4961],[-125.3331,72.4957],[-125.3335,72.4955],[-125.3337,72.4954],[-125.3338,72.4952],[-125.3339,72.4951],[-125.3339,72.4951],[-125.3339,72.495],[-125.3338,72.495],[-125.3338,72.495],[-125.3338,72.495]]},"properties":{}},{"type":"Feature","geometry":{"type":"LineString","coordinates":[[-125.338,72.485],[-125.3382,72.485],[-125.3384,72.4849],[-125.3384,72.4848],[-125.3385,72.4847],[-125.3384,72.4845],[-125.3381,72.4843],[-125.3379,72.4843],[-125.3376,72.4843],[-125.3375,72.4843],[-125.3375,72.4844],[-125.3377,72.4845],[-125.3378,72.4846],[-125.3379,72.4847],[-125.338,72.4847],[-125.338,72.4848],[-125.3379,72.4848],[-125.3378,72.4848],[-125.3377,72.4849],[-125.3377,72.485],[-125.3378,72.485],[-125.338,72.485]]},"properties":{}},{"type":"Feature","geometry":{"type":"LineString","coordinates":[[-125.3311,72.495],[-125.3319,72.495],[-125.3323,72.4949],[-125.3326,72.4949],[-125.3331,72.4948],[-125.3334,72.4947],[-125.3338,72.4945],[-125.3339,72.4944],[-125.3337,72.4942],[-125.3337,72.494],[-125.3337,72.4938],[-125.334,72.4934],[-125.3347,72.4929],[-125.3348,72.4928],[-125.335,72.4926],[-125.3355,72.4924],[-125.3358,72.4922],[-125.3364,72.4917],[-125.3369,72.4913],[-125.3371,72.4906],[-125.3371,72.4903],[-125.3372,72.4897],[-125.3374,72.4893],[-125.3374,72.4886],[-125.3371,72.4885],[-125.3367,72.4885],[-125.3366,72.4884],[-125.3363,72.4883],[-125.3362,72.4883],[-125.336,72.4882],[-125.3357,72.4882],[-125.3353,72.4882],[-125.3351,72.4883],[-125.335,72.4883],[-125.3349,72.4885],[-125.3349,72.4886],[-125.3347,72.4887],[-125.3345,72.4887],[-125.3341,72.4887],[-125.3345,72.4888],[-125.335,72.4888],[-125.3356,72.4889],[-125.336,72.489],[-125.3363,72.4892],[-125.3363,72.4893],[-125.3363,72.4894],[-125.3362,72.4898],[-125.3359,72.4903],[-125.3356,72.4908],[-125.3357,72.491],[-125.3355,72.4911],[-125.3353,72.4912],[-125.3349,72.4915],[-125.3348,72.4918],[-125.3343,72.492],[-125.3343,72.4921],[-125.3342,72.4923],[-125.3339,72.4925],[-125.3339,72.4927],[-125.3338,72.4929],[-125.3336,72.4931],[-125.3334,72.4932],[-125.333,72.4935],[-125.3329,72.4938],[-125.3327,72.4941],[-125.3323,72.4945],[-125.3322,72.4946],[-125.3319,72.4948],[-125.3314,72.4949],[-125.3311,72.495]]},"properties":{}},{"type":"Feature","geometry":{"type":"LineString","coordinates":[[-125.3252,72.492],[-125.325,72.492],[-125.3249,72.4919],[-125.3246,72.4919],[-125.3244,72.492],[-125.3241,72.492],[-125.3238,72.4921],[-125.3235,72.4921],[-125.3233,72.4921],[-125.3231,72.4921],[-125.3229,72.4921],[-125.3228,72.4922],[-125.3227,72.4924],[-125.3225,72.4925],[-125.3223,72.4927],[-125.3218,72.4928],[-125.3215,72.4929],[-125.3211,72.4929],[-125.3206,72.493],[-125.3201,72.4931],[-125.3195,72.4931],[-125.3191,72.4931],[-125.319,72.4931],[-125.3188,72.4931],[-125.3187,72.4931],[-125.3188,72.4932],[-125.3192,72.4932],[-125.3199,72.4932],[-125.3205,72.4931],[-125.3208,72.4931],[-125.3218,72.4929],[-125.322,72.4929],[-125.3222,72.493],[-125.3223,72.4931],[-125.3224,72.4931],[-125.323,72.493],[-125.324,72.4928],[-125.3247,72.4925],[-125.3251,72.4922],[-125.3253,72.4922],[-125.3252,72.492]]},"properties":{}},{"type":"Feature","geometry":{"type":"LineString","coordinates":[[-125.0803,72.6234],[-125.0791,72.623],[-125.0777,72.6226],[-125.0772,72.6226],[-125.076,72.6224],[-125.0742,72.6224],[-125.0724,72.6225],[-125.071,72.6226],[-125.0705,72.6228],[-125.0703,72.6231],[-125.0708,72.6233],[-125.0721,72.6231],[-125.0733,72.6231],[-125.0745,72.6233],[-125.075,72.6235],[-125.0753,72.6235],[-125.0755,72.6236],[-125.0756,72.6238],[-125.0754,72.624],[-125.075,72.6243],[-125.0746,72.6244],[-125.0738,72.6245],[-125.0731,72.6246],[-125.0723,72.6246],[-125.0712,72.6245],[-125.0695,72.6244],[-125.0687,72.6242],[-125.0672,72.6239],[-125.0646,72.6232],[-125.0638,72.6228],[-125.0628,72.6225],[-125.0617,72.6219],[-125.0605,72.6209],[-125.0589,72.6187],[-125.0589,72.6186],[-125.0579,72.618],[-125.0558,72.6177],[-125.0543,72.6178],[-125.0536,72.6182],[-125.0529,72.6185],[-125.0523,72.6186],[-125.0521,72.6186],[-125.0499,72.6182],[-125.048,72.6179],[-125.0469,72.6176],[-125.0461,72.6174],[-125.0449,72.6169],[-125.0437,72.6165],[-125.0426,72.6162],[-125.0413,72.616],[-125.0398,72.6157],[-125.0357,72.6152],[-125.0332,72.6149],[-125.032,72.6149],[-125.0297,72.6144],[-125.0269,72.614],[-125.0225,72.6132],[-125.0189,72.6126],[-125.0173,72.6124],[-125.0168,72.612],[-125.0151,72.6118],[-125.0137,72.6117],[-125.0122,72.6117],[-125.0102,72.6117],[-125.0082,72.6115],[-125.0071,72.6116],[-125.0062,72.6118],[-125.0062,72.6121],[-125.0072,72.6123],[-125.0097,72.6124],[-125.0102,72.6124],[-125.0107,72.6126],[-125.0111,72.6128],[-125.0122,72.6131],[-125.0127,72.6131],[-125.0139,72.6131],[-125.0142,72.613],[-125.0136,72.6129],[-125.0132,72.6127],[-125.0132,72.6127],[-125.0133,72.6126],[-125.0138,72.6126],[-125.0146,72.6126],[-125.0171,72.6129],[-125.0177,72.613],[-125.0179,72.6132],[-125.0172,72.6136],[-125.0154,72.614],[-125.0127,72.6145],[-125.01,72.615],[-125.0071,72.6156],[-125.0032,72.6166],[-125.0,72.6178],[-124.9976,72.6186],[-124.9961,72.6193],[-124.9955,72.6195],[-124.9946,72.6196],[-124.9934,72.6197],[-124.9924,72.6197],[-124.9917,72.6197],[-124.9914,72.6197],[-124.9909,72.6196],[-124.9892,72.6196],[-124.9881,72.6197],[-124.9873,72.6198],[-124.9862,72.6199],[-124.9857,72.6199],[-124.9835,72.6199],[-124.981,72.6199],[-124.9793,72.6198],[-124.9787,72.6199],[-124.9786,72.62],[-124.9788,72.62],[-124.9792,72.6201],[-124.9799,72.6202],[-124.9799,72.6203],[-124.9799,72.6204],[-124.9795,72.6204],[-124.9785,72.6204],[-124.9765,72.6203],[-124.975,72.6202],[-124.9743,72.6201],[-124.9737,72.6198],[-124.9734,72.6198],[-124.9713,72.6198],[-124.9701,72.6197],[-124.9693,72.6195],[-124.9691,72.6194],[-124.9691,72.6194],[-124.9693,72.6194],[-124.9701,72.6193],[-124.9703,72.6193],[-124.9699,72.6192],[-124.9679,72.619],[-124.9677,72.619],[-124.9671,72.619],[-124.9644,72.6189],[-124.9633,72.6188],[-124.9614,72.6187],[-124.9604,72.6187],[-124.9591,72.6186],[-124.9578,72.6184],[-124.9577,72.6183],[-124.9577,72.6182],[-124.9575,72.6181],[-124.9567,72.618],[-124.9555,72.618],[-124.9553,72.6179],[-124.9541,72.618],[-124.9527,72.618],[-124.9513,72.618],[-124.9503,72.6179],[-124.9466,72.618],[-124.9445,72.6179],[-124.9432,72.6178],[-124.9402,72.6176],[-124.938,72.6173],[-124.9364,72.6172],[-124.932,72.6169],[-124.9287,72.6167],[-124.9279,72.6168],[-124.9272,72.6168],[-124.9261,72.6167],[-124.9232,72.6167],[-124.9224,72.6167],[-124.9214,72.6166],[-124.9214,72.6165],[-124.9212,72.6165],[-124.9201,72.6164],[-124.9179,72.6162],[-124.9163,72.616],[-124.9147,72.616],[-124.9112,72.6161],[-124.9098,72.616],[-124.9086,72.6161],[-124.9057,72.6165],[-124.9045,72.6165],[-124.9035,72.6164],[-124.9026,72.6163],[-124.9007,72.616],[-124.8982,72.6153],[-124.8975,72.6151],[-124.8974,72.6151],[-124.8967,72.6148],[-124.8951,72.6146],[-124.8942,72.6146],[-124.8929,72.6144],[-124.892,72.6143],[-124.8905,72.6142],[-124.8869,72.6143],[-124.8825,72.6144],[-124.8794,72.6144],[-124.8744,72.6145],[-124.8724,72.6147],[-124.8711,72.6149],[-124.8677,72.615],[-124.8656,72.6148],[-124.8666,72.6143],[-124.8675,72.6141],[-124.8688,72.6139],[-124.8703,72.6138],[-124.8715,72.6136],[-124.8715,72.6135],[-124.872,72.6134],[-124.8727,72.6129],[-124.874,72.6124],[-124.8751,72.6122],[-124.8757,72.6122],[-124.8759,72.6121],[-124.8782,72.612],[-124.8827,72.6118],[-124.8849,72.6115],[-124.8853,72.6115],[-124.8857,72.6115],[-124.8885,72.6112],[-124.8903,72.611],[-124.8922,72.6106],[-124.8969,72.6098],[-124.8965,72.6103],[-124.8961,72.6106],[-124.8962,72.6107],[-124.8974,72.6109],[-124.8979,72.6111],[-124.8985,72.6113],[-124.8985,72.6114],[-124.8974,72.6116],[-124.8971,72.6117],[-124.897,72.6117],[-124.8974,72.6117],[-124.9002,72.6119],[-124.9032,72.6118],[-124.905,72.6118],[-124.9058,72.6117],[-124.9077,72.6114],[-124.9087,72.6117],[-124.9092,72.6119],[-124.9104,72.6121],[-124.9121,72.6122],[-124.913,72.6123],[-124.9128,72.6125],[-124.9128,72.6128],[-124.9136,72.613],[-124.9165,72.6129],[-124.9185,72.6127],[-124.9197,72.6127],[-124.9201,72.6128],[-124.9201,72.6131],[-124.9188,72.6133],[-124.9169,72.6134],[-124.9152,72.6134],[-124.9105,72.6135],[-124.9099,72.6136],[-124.9095,72.6139],[-124.9104,72.6141],[-124.9143,72.6139],[-124.9181,72.6138],[-124.9197,72.6137],[-124.9206,72.6139],[-124.9223,72.6137],[-124.9243,72.6136],[-124.9258,72.6135],[-124.9264,72.6131],[-124.9264,72.6128],[-124.9273,72.6126],[-124.9285,72.6124],[-124.9293,72.612],[-124.9291,72.6115],[-124.9285,72.6112],[-124.9279,72.6107],[-124.9277,72.6102],[-124.9285,72.61],[-124.9296,72.61],[-124.9312,72.61],[-124.9327,72.6101],[-124.9341,72.6102],[-124.935,72.61],[-124.9356,72.6097],[-124.9358,72.6094],[-124.9361,72.6092],[-124.9366,72.6091],[-124.9373,72.6091],[-124.9376,72.6093],[-124.9382,72.6095],[-124.9384,72.6098],[-124.9379,72.6101],[-124.9367,72.6103],[-124.9361,72.6107],[-124.9363,72.6109],[-124.9375,72.6111],[-124.938,72.6109],[-124.9385,72.6105],[-124.9394,72.6103],[-124.9406,72.61],[-124.9426,72.6099],[-124.9437,72.6099],[-124.944,72.6095],[-124.9444,72.6094],[-124.9451,72.6093],[-124.9458,72.6094],[-124.9464,72.6095],[-124.9474,72.6099],[-124.9477,72.6102],[-124.9479,72.6102],[-124.9484,72.6105],[-124.9488,72.6107],[-124.9491,72.6109],[-124.9492,72.6113],[-124.9496,72.6117],[-124.9501,72.6118],[-124.9507,72.612],[-124.951,72.6121],[-124.9526,72.6124],[-124.9532,72.6125],[-124.9536,72.6125],[-124.9543,72.6126],[-124.9548,72.6126],[-124.9557,72.6127],[-124.9566,72.6129],[-124.9572,72.6131],[-124.9575,72.6132],[-124.9585,72.6133],[-124.9614,72.6131],[-124.9618,72.613],[-124.9626,72.6126],[-124.9625,72.6118],[-124.9626,72.6116],[-124.9631,72.6114],[-124.9637,72.6112],[-124.9638,72.6111],[-124.9637,72.6109],[-124.963,72.6104],[-124.9628,72.6102],[-124.9627,72.6098],[-124.963,72.6097],[-124.9629,72.6094],[-124.9633,72.6091],[-124.9646,72.6085],[-124.9652,72.6084],[-124.9658,72.6079],[-124.9677,72.6074],[-124.969,72.6073],[-124.9699,72.6074],[-124.9698,72.6077],[-124.9712,72.6074],[-124.972,72.6069],[-124.973,72.6063],[-124.9735,72.6054],[-124.9748,72.6044],[-124.9793,72.6029],[-124.9814,72.6024],[-124.9849,72.6019],[-124.9865,72.6018],[-124.9868,72.6021],[-124.9871,72.6021],[-124.9866,72.6024],[-124.9866,72.6026],[-124.9864,72.6027],[-124.9857,72.6027],[-124.9847,72.6029],[-124.9845,72.6031],[-124.9843,72.6032],[-124.9841,72.6033],[-124.9836,72.6033],[-124.9824,72.6033],[-124.9826,72.6034],[-124.9813,72.6033],[-124.9803,72.6035],[-124.9791,72.604],[-124.9775,72.6042],[-124.9766,72.6044],[-124.9766,72.6047],[-124.978,72.6047],[-124.9801,72.6046],[-124.982,72.6043],[-124.9833,72.6041],[-124.9866,72.6035],[-124.9868,72.6034],[-124.9874,72.6029],[-124.9879,72.6026],[-124.9882,72.6025],[-124.9883,72.6021],[-124.9892,72.6014],[-124.9907,72.5994],[-124.992,72.5982],[-124.9924,72.5977],[-124.9925,72.5971],[-124.993,72.5965],[-124.9926,72.596],[-124.9924,72.5954],[-124.9918,72.5947],[-124.9909,72.5934],[-124.9904,72.5925],[-124.9901,72.5914],[-124.9895,72.5905],[-124.9888,72.59],[-124.9886,72.5897],[-124.9886,72.5896],[-124.9878,72.5891],[-124.9871,72.5883],[-124.9868,72.5878],[-124.9865,72.5874],[-124.9864,72.587],[-124.9863,72.5867],[-124.9861,72.5865],[-124.9858,72.5863],[-124.9855,72.5862],[-124.9855,72.5861],[-124.9855,72.5859],[-124.9848,72.5854],[-124.9823,72.5842],[-124.9815,72.5842],[-124.9813,72.5846],[-124.9815,72.585],[-124.9825,72.5859],[-124.9828,72.586],[-124.9825,72.5865],[-124.9817,72.5867],[-124.9808,72.5868],[-124.9789,72.5869],[-124.9772,72.5868],[-124.9756,72.5866],[-124.9701,72.5858],[-124.9684,72.5856],[-124.9679,72.5855],[-124.9665,72.585],[-124.964,72.584],[-124.9637,72.5839],[-124.9624,72.5834],[-124.962,72.5832],[-124.9614,72.583],[-124.9605,72.5826],[-124.959,72.5818],[-124.9587,72.5813],[-124.9583,72.5809],[-124.9582,72.5803],[-124.9579,72.58],[-124.9576,72.5795],[-124.9572,72.5792],[-124.9571,72.5789],[-124.9569,72.5789],[-124.9562,72.5783],[-124.9559,72.5781],[-124.9552,72.5782],[-124.9547,72.5784],[-124.9547,72.5789],[-124.9554,72.5792],[-124.9557,72.5794],[-124.9567,72.5806],[-124.9564,72.5809],[-124.9556,72.5809],[-124.9549,72.5807],[-124.9547,72.5805],[-124.9539,72.5804],[-124.9537,72.5803],[-124.9537,72.5801],[-124.9527,72.5798],[-124.9514,72.5795],[-124.951,72.5793],[-124.9508,72.5792],[-124.9508,72.5789],[-124.9506,72.5788],[-124.9503,72.5787],[-124.9496,72.5786],[-124.9491,72.5785],[-124.9487,72.5786],[-124.9485,72.5787],[-124.9484,72.5787],[-124.9482,72.5787],[-124.9477,72.5785],[-124.9475,72.5785],[-124.9472,72.5785],[-124.9457,72.5779],[-124.9453,72.5777],[-124.9451,72.5776],[-124.9451,72.5775],[-124.9455,72.5773],[-124.9454,72.5772],[-124.9452,72.5772],[-124.9452,72.5769],[-124.9445,72.5767],[-124.9434,72.5769],[-124.9422,72.577],[-124.9403,72.577],[-124.9386,72.577],[-124.9366,72.5768],[-124.935,72.5766],[-124.9341,72.5765],[-124.9335,72.5764],[-124.9334,72.5761],[-124.9334,72.5757],[-124.9334,72.5755],[-124.9334,72.5752],[-124.9331,72.575],[-124.9329,72.575],[-124.9328,72.5746],[-124.9323,72.5744],[-124.9314,72.5744],[-124.93,72.5744],[-124.9294,72.5741],[-124.929,72.574],[-124.9288,72.574],[-124.9286,72.574],[-124.9285,72.5741],[-124.9285,72.5741],[-124.928,72.5741],[-124.9261,72.5744],[-124.9255,72.5747],[-124.9254,72.5749],[-124.9256,72.575],[-124.9256,72.575],[-124.9259,72.5753],[-124.9263,72.5759],[-124.9261,72.576],[-124.9259,72.5761],[-124.9254,72.5761],[-124.925,72.5761],[-124.9245,72.5763],[-124.9242,72.5764],[-124.9225,72.5772],[-124.9222,72.5773],[-124.922,72.5774],[-124.9219,72.5776],[-124.9221,72.5778],[-124.9223,72.578],[-124.9221,72.5782],[-124.9213,72.5786],[-124.921,72.5787],[-124.9206,72.5788],[-124.9203,72.5789],[-124.9198,72.5789],[-124.9185,72.5788],[-124.9179,72.5788],[-124.9171,72.5789],[-124.9165,72.579],[-124.9161,72.579],[-124.9152,72.5789],[-124.9146,72.579],[-124.9146,72.5792],[-124.9144,72.5793],[-124.914,72.5796],[-124.9136,72.5797],[-124.9129,72.5798],[-124.9123,72.5799],[-124.9118,72.5799],[-124.9111,72.5799],[-124.9109,72.5797],[-124.9111,72.5797],[-124.9127,72.5793],[-124.9131,72.5792],[-124.9134,72.579],[-124.9136,72.5786],[-124.9139,72.5784],[-124.9145,72.5783],[-124.9154,72.5783],[-124.9158,72.5784],[-124.9163,72.5784],[-124.9165,72.5783],[-124.9166,72.5783],[-124.9175,72.5783],[-124.9178,72.5784],[-124.9181,72.5784],[-124.9186,72.5784],[-124.9202,72.5782],[-124.9205,72.5781],[-124.9205,72.578],[-124.9199,72.5779],[-124.9196,72.5777],[-124.9195,72.5776],[-124.9196,72.5773],[-124.92,72.5772],[-124.9206,72.5771],[-124.9208,72.577],[-124.9208,72.5767],[-124.921,72.5765],[-124.9219,72.5762],[-124.9226,72.5758],[-124.9242,72.5758],[-124.9243,72.5757],[-124.9239,72.5754],[-124.9239,72.5753],[-124.9241,72.5752],[-124.9245,72.575],[-124.9244,72.5749],[-124.9241,72.5748],[-124.924,72.5746],[-124.9241,72.5744],[-124.9245,72.5742],[-124.9255,72.574],[-124.9258,72.5738],[-124.9262,72.5735],[-124.9264,72.5735],[-124.9272,72.5736],[-124.9274,72.5736],[-124.9286,72.573],[-124.9287,72.5729],[-124.9287,72.5727],[-124.928,72.572],[-124.9267,72.5717],[-124.926,72.5714],[-124.9256,72.5713],[-124.9251,72.5712],[-124.924,72.5711],[-124.9217,72.5707],[-124.9191,72.5703],[-124.9176,72.5702],[-124.9164,72.5703],[-124.9156,72.5704],[-124.9153,72.5705],[-124.9151,72.5705],[-124.9148,72.5706],[-124.9146,72.5707],[-124.9141,72.5707],[-124.9134,72.5706],[-124.9129,72.5707],[-124.9126,72.5708],[-124.9123,72.571],[-124.9117,72.5712],[-124.9113,72.5713],[-124.9109,72.5715],[-124.9104,72.5715],[-124.9089,72.5716],[-124.9085,72.5715],[-124.9074,72.5713],[-124.9069,72.5713],[-124.9056,72.5714],[-124.9049,72.5715],[-124.9046,72.5715],[-124.9041,72.5713],[-124.9036,72.5713],[-124.9025,72.5713],[-124.9018,72.5713],[-124.9011,72.5713],[-124.9004,72.5712],[-124.8994,72.5711],[-124.8986,72.5711],[-124.8972,72.5712],[-124.8964,72.5712],[-124.8958,72.5712],[-124.8948,72.5712],[-124.8941,72.5712],[-124.8936,72.5712],[-124.8931,72.5714],[-124.8925,72.5717],[-124.8921,72.5719],[-124.892,72.5722],[-124.8921,72.5726],[-124.8919,72.5733],[-124.8913,72.5735],[-124.8893,72.5742],[-124.8886,72.5744],[-124.8875,72.5747],[-124.8874,72.5747],[-124.887,72.5747],[-124.887,72.5746],[-124.8873,72.5744],[-124.8874,72.5744],[-124.8871,72.5743],[-124.8869,72.5744],[-124.8844,72.5748],[-124.8838,72.5749],[-124.883,72.5751],[-124.881,72.5753],[-124.88,72.5755],[-124.8794,72.5757],[-124.8792,72.5759],[-124.8792,72.5761],[-124.8796,72.5764],[-124.88,72.5768],[-124.8799,72.5769],[-124.8794,72.5769],[-124.8791,72.5768],[-124.8778,72.5762],[-124.8776,72.5758],[-124.8777,72.5757],[-124.8789,72.5752],[-124.8804,72.5749],[-124.8818,72.5747],[-124.884,72.5745],[-124.8855,72.5742],[-124.8855,72.5742],[-124.8878,72.5739],[-124.8885,72.5739],[-124.8891,72.5738],[-124.8895,72.5737],[-124.8897,72.5736],[-124.8898,72.5733],[-124.8898,72.5729],[-124.8896,72.5727],[-124.8887,72.5726],[-124.8891,72.5723],[-124.8892,72.5723],[-124.889,72.5714],[-124.889,72.5712],[-124.8893,72.571],[-124.8901,72.5708],[-124.8909,72.5707],[-124.8918,72.5707],[-124.8931,72.5706],[-124.8935,72.5706],[-124.8945,72.5703],[-124.8952,72.5701],[-124.8958,72.57],[-124.8984,72.5703],[-124.8998,72.5703],[-124.9015,72.5702],[-124.9019,72.5703],[-124.9043,72.5706],[-124.905,72.5706],[-124.9054,72.5706],[-124.9071,72.5705],[-124.9096,72.57],[-124.9102,72.57],[-124.9106,72.5699],[-124.9119,72.5693],[-124.9123,72.5692],[-124.9138,72.5691],[-124.9163,72.5688],[-124.9172,72.5689],[-124.9187,72.5688],[-124.9203,72.5686],[-124.9207,72.5685],[-124.921,72.5684],[-124.9211,72.5682],[-124.9209,72.5681],[-124.9207,72.5681],[-124.9204,72.5681],[-124.919,72.5675],[-124.9188,72.5673],[-124.9186,72.5671],[-124.9185,72.567],[-124.9179,72.5669],[-124.9177,72.5668],[-124.9176,72.5667],[-124.9175,72.5664],[-124.9165,72.566],[-124.9155,72.5651],[-124.9155,72.565],[-124.916,72.5647],[-124.9161,72.5646],[-124.9159,72.5645],[-124.9157,72.5644],[-124.9151,72.5644],[-124.915,72.5639],[-124.9148,72.5638],[-124.9138,72.5635],[-124.9135,72.5635],[-124.9132,72.5631],[-124.913,72.5628],[-124.9133,72.5627],[-124.9132,72.5626],[-124.9131,72.5625],[-124.9123,72.5621],[-124.9114,72.5617],[-124.9108,72.5614],[-124.9107,72.5613],[-124.9115,72.5613],[-124.9116,72.5612],[-124.9109,72.561],[-124.9109,72.5609],[-124.9125,72.5612],[-124.9129,72.5612],[-124.9133,72.5613],[-124.9134,72.5615],[-124.914,72.5617],[-124.9141,72.5619],[-124.9141,72.5621],[-124.9142,72.5622],[-124.9146,72.5622],[-124.9149,72.5625],[-124.9149,72.5625],[-124.9148,72.5626],[-124.9149,72.5627],[-124.9151,72.5628],[-124.9157,72.5629],[-124.916,72.5632],[-124.9164,72.5634],[-124.9166,72.5635],[-124.9166,72.5636],[-124.9164,72.5639],[-124.9165,72.564],[-124.9167,72.5642],[-124.9174,72.5642],[-124.9178,72.5642],[-124.9183,72.5642],[-124.9191,72.5644],[-124.9193,72.5644],[-124.9195,72.5643],[-124.9197,72.564],[-124.9214,72.5633],[-124.9223,72.563],[-124.9229,72.5628],[-124.9232,72.5628],[-124.9238,72.5628],[-124.9241,72.5627],[-124.9239,72.5625],[-124.9236,72.5622],[-124.9223,72.5613],[-124.9221,72.561],[-124.9226,72.5606],[-124.9225,72.5605],[-124.9223,72.5603],[-124.9216,72.5598],[-124.9212,72.5592],[-124.9221,72.5586],[-124.925,72.5578],[-124.9254,72.5576],[-124.9261,72.5573],[-124.9264,72.5571],[-124.9264,72.557],[-124.9258,72.5566],[-124.9257,72.5565],[-124.9258,72.5563],[-124.9262,72.5562],[-124.9271,72.5561],[-124.9271,72.5563],[-124.9271,72.557],[-124.927,72.5574],[-124.9266,72.5577],[-124.9265,72.558],[-124.9263,72.5582],[-124.9262,72.5582],[-124.9259,72.5582],[-124.9253,72.5582],[-124.9251,72.5583],[-124.925,72.5584],[-124.9248,72.5584],[-124.9242,72.5585],[-124.9239,72.5585],[-124.9227,72.5591],[-124.9224,72.5593],[-124.9226,72.5595],[-124.9233,72.5596],[-124.9239,72.5598],[-124.9242,72.5599],[-124.9243,72.5601],[-124.9241,72.5602],[-124.924,72.5604],[-124.9241,72.5605],[-124.9244,72.5606],[-124.9247,72.5607],[-124.9249,72.5607],[-124.925,72.5608],[-124.9256,72.5615],[-124.9256,72.5616],[-124.9254,72.5618],[-124.9254,72.562],[-124.9255,72.562],[-124.9261,72.5621],[-124.9262,72.5622],[-124.9264,72.5625],[-124.9265,72.5627],[-124.9263,72.5628],[-124.9257,72.563],[-124.9255,72.5631],[-124.9251,72.5636],[-124.9247,72.5639],[-124.9232,72.5642],[-124.9227,72.5643],[-124.9218,72.5644],[-124.9216,72.5645],[-124.922,72.5646],[-124.9219,72.5649],[-124.9215,72.5651],[-124.9213,72.5655],[-124.9211,72.5657],[-124.9212,72.5658],[-124.9214,72.5658],[-124.9217,72.5657],[-124.9219,72.5658],[-124.922,72.5659],[-124.9218,72.5662],[-124.9219,72.5663],[-124.9226,72.5663],[-124.9228,72.5663],[-124.9231,72.5664],[-124.9235,72.5666],[-124.9239,72.5671],[-124.9242,72.5673],[-124.9247,72.5675],[-124.9251,72.5678],[-124.9253,72.5685],[-124.9257,72.5686],[-124.9262,72.5687],[-124.9267,72.5688],[-124.9271,72.5689],[-124.9273,72.569],[-124.9274,72.5692],[-124.9276,72.5693],[-124.9284,72.5694],[-124.9286,72.5695],[-124.929,72.5698],[-124.9293,72.5699],[-124.9295,72.5699],[-124.9297,72.5699],[-124.9301,72.5698],[-124.9307,72.5698],[-124.9318,72.5698],[-124.9324,72.5699],[-124.9329,72.5699],[-124.9333,72.5701],[-124.9337,72.5704],[-124.9338,72.5712],[-124.934,72.5714],[-124.9341,72.5715],[-124.9345,72.5714],[-124.9346,72.5715],[-124.9346,72.5718],[-124.9354,72.5717],[-124.9358,72.5718],[-124.9361,72.5718],[-124.9363,72.5719],[-124.9368,72.5727],[-124.9369,72.5731],[-124.9373,72.5733],[-124.9383,72.5737],[-124.9383,72.5739],[-124.9378,72.5741],[-124.9378,72.5741],[-124.9379,72.5742],[-124.9383,72.5741],[-124.9387,72.5741],[-124.9392,72.574],[-124.9401,72.574],[-124.9409,72.5741],[-124.9431,72.5744],[-124.9444,72.5747],[-124.9457,72.5746],[-124.9458,72.5751],[-124.9467,72.5753],[-124.9478,72.5751],[-124.949,72.5747],[-124.9509,72.5738],[-124.952,72.573],[-124.9524,72.5727],[-124.9527,72.5722],[-124.9528,72.5718],[-124.954,72.5713],[-124.9544,72.5709],[-124.9563,72.5697],[-124.9586,72.5691],[-124.9614,72.5687],[-124.964,72.5684],[-124.9668,72.5678],[-124.9693,72.5671],[-124.9694,72.5669],[-124.9702,72.5662],[-124.9702,72.5659],[-124.9706,72.5658],[-124.9706,72.5655],[-124.9702,72.5645],[-124.9713,72.5643],[-124.9713,72.5639],[-124.9718,72.5637],[-124.973,72.5636],[-124.9742,72.5637],[-124.9749,72.5635],[-124.9748,72.5632],[-124.9745,72.5631],[-124.9744,72.563],[-124.9745,72.5626],[-124.9747,72.5625],[-124.9751,72.5622],[-124.9755,72.5622],[-124.9759,72.5622],[-124.9761,72.5623],[-124.9761,72.5624],[-124.9762,72.5625],[-124.9763,72.5626],[-124.9768,72.5625],[-124.9768,72.5625],[-124.9772,72.5622],[-124.9777,72.5622],[-124.9781,72.5623],[-124.9782,72.5623],[-124.9784,72.5623],[-124.9783,72.5622],[-124.9778,72.5619],[-124.9776,72.5618],[-124.9777,72.5617],[-124.9794,72.5612],[-124.9801,72.5612],[-124.9807,72.561],[-124.9808,72.561],[-124.9813,72.5613],[-124.98,72.5615],[-124.9789,72.5617],[-124.9786,72.5619],[-124.9792,72.5621],[-124.9801,72.5622],[-124.9812,72.5621],[-124.982,72.5619],[-124.9827,72.5618],[-124.9832,72.5621],[-124.9832,72.5625],[-124.9832,72.5627],[-124.9836,72.5631],[-124.9838,72.5633],[-124.9838,72.5635],[-124.9837,72.5637],[-124.9838,72.5638],[-124.9832,72.5646],[-124.9827,72.5649],[-124.9816,72.565],[-124.9802,72.565],[-124.9786,72.5648],[-124.9784,72.5647],[-124.9781,72.5644],[-124.9779,72.5643],[-124.9776,72.5643],[-124.9771,72.5645],[-124.977,72.5645],[-124.9764,72.5646],[-124.9757,72.5649],[-124.9751,72.5652],[-124.9749,72.5654],[-124.9747,72.5654],[-124.9748,72.5656],[-124.9746,72.5657],[-124.9742,72.5658],[-124.9741,72.5659],[-124.9744,72.5661],[-124.9743,72.5666],[-124.9746,72.5667],[-124.9756,72.5667],[-124.9768,72.5667],[-124.9782,72.5669],[-124.9791,72.5671],[-124.9803,72.5676],[-124.9805,72.568],[-124.9806,72.5683],[-124.9809,72.5684],[-124.981,72.5688],[-124.9808,72.569],[-124.9793,72.5697],[-124.9785,72.5699],[-124.9759,72.5704],[-124.9756,72.5706],[-124.9757,72.5706],[-124.9764,72.5707],[-124.9775,72.5707],[-124.9791,72.5707],[-124.9801,72.5708],[-124.9801,72.571],[-124.9798,72.5711],[-124.978,72.5713],[-124.9776,72.5715],[-124.9786,72.5717],[-124.9805,72.5717],[-124.9805,72.5718],[-124.9816,72.5717],[-124.9847,72.5716],[-124.9845,72.5714],[-124.983,72.5711],[-124.9823,72.5707],[-124.9823,72.5705],[-124.9823,72.5704],[-124.9821,72.5703],[-124.9825,72.5699],[-124.9833,72.5697],[-124.9842,72.5695],[-124.9852,72.5694],[-124.9865,72.5694],[-124.9871,72.5694],[-124.9872,72.5696],[-124.9855,72.57],[-124.985,72.5704],[-124.9849,72.5707],[-124.985,72.5709],[-124.9854,72.5711],[-124.9859,72.5711],[-124.9863,72.5711],[-124.9863,72.5707],[-124.9866,72.5704],[-124.9873,72.5701],[-124.9884,72.5698],[-124.9889,72.5698],[-124.9893,72.5696],[-124.9905,72.5694],[-124.992,72.5691],[-124.9933,72.5688],[-124.9947,72.5685],[-124.9962,72.5683],[-124.9977,72.568],[-124.999,72.5676],[-125.0,72.5673],[-125.0005,72.567],[-125.0005,72.5669],[-125.0008,72.5667],[-125.0018,72.5667],[-125.0018,72.5666],[-125.0018,72.5666],[-125.0014,72.5664],[-125.0008,72.5662],[-125.0009,72.566],[-125.0005,72.5658],[-125.0004,72.5657],[-125.0005,72.5657],[-125.0008,72.5656],[-125.0014,72.5651],[-125.0021,72.5649],[-125.003,72.5648],[-125.0037,72.5648],[-125.0042,72.5647],[-125.0059,72.5644],[-125.0067,72.5643],[-125.0078,72.5643],[-125.0085,72.5643],[-125.0088,72.5644],[-125.009,72.5645],[-125.0093,72.5651],[-125.0097,72.5653],[-125.01,72.5654],[-125.0102,72.5655],[-125.0106,72.5658],[-125.0108,72.5662],[-125.0107,72.5665],[-125.0104,72.5666],[-125.0097,72.5669],[-125.0087,72.5671],[-125.0077,72.5671],[-125.007,72.567],[-125.0065,72.5668],[-125.0061,72.5665],[-125.0059,72.566],[-125.0057,72.5659],[-125.0053,72.5658],[-125.0053,72.5656],[-125.0051,72.5655],[-125.0044,72.5654],[-125.0039,72.5655],[-125.0037,72.5655],[-125.0037,72.5656],[-125.0039,72.5657],[-125.0039,72.5658],[-125.0037,72.5659],[-125.0033,72.566],[-125.0034,72.5663],[-125.0037,72.5666],[-125.0041,72.5667],[-125.005,72.5668],[-125.0053,72.5669],[-125.0055,72.567],[-125.0055,72.5672],[-125.0051,72.5673],[-125.0051,72.5674],[-125.0056,72.5674],[-125.006,72.5675],[-125.0065,72.5675],[-125.0075,72.5676],[-125.0096,72.5679],[-125.0099,72.568],[-125.0102,72.568],[-125.0108,72.5681],[-125.0115,72.5684],[-125.0125,72.5688],[-125.0141,72.5691],[-125.015,72.5693],[-125.0157,72.5696],[-125.0161,72.5698],[-125.0167,72.5705],[-125.0168,72.5707],[-125.0169,72.5707],[-125.0176,72.5706],[-125.0187,72.5705],[-125.0203,72.5704],[-125.0207,72.5704],[-125.0219,72.5703],[-125.0227,72.5701],[-125.0241,72.5696],[-125.0243,72.5695],[-125.0243,72.5694],[-125.0245,72.5693],[-125.0246,72.5692],[-125.0244,72.5689],[-125.0242,72.5688],[-125.0243,72.5687],[-125.0259,72.5684],[-125.0263,72.5684],[-125.0266,72.5685],[-125.0264,72.5686],[-125.0271,72.5686],[-125.0274,72.5687],[-125.0284,72.5686],[-125.0291,72.5683],[-125.03,72.5681],[-125.0309,72.5681],[-125.0311,72.5681],[-125.0312,72.568],[-125.0338,72.5677],[-125.0344,72.5679],[-125.0349,72.5683],[-125.0348,72.5687],[-125.0337,72.5692],[-125.0333,72.5692],[-125.0314,72.5689],[-125.0308,72.5688],[-125.0305,72.5688],[-125.0301,72.569],[-125.0299,72.5693],[-125.03,72.5694],[-125.0321,72.5694],[-125.033,72.5695],[-125.0335,72.5697],[-125.0339,72.5705],[-125.0339,72.5714],[-125.0344,72.5716],[-125.035,72.5713],[-125.0354,72.571],[-125.0355,72.5709],[-125.0354,72.5703],[-125.0355,72.5695],[-125.0351,72.5693],[-125.035,72.569],[-125.0359,72.5686],[-125.0362,72.5683],[-125.036,72.5679],[-125.0359,72.5675],[-125.0361,72.5671],[-125.0357,72.5662],[-125.0357,72.5661],[-125.0353,72.5661],[-125.0347,72.5656],[-125.0336,72.5655],[-125.0331,72.5656],[-125.0334,72.566],[-125.0335,72.5666],[-125.0334,72.5668],[-125.0327,72.5671],[-125.0321,72.5672],[-125.0315,72.5672],[-125.0296,72.5672],[-125.0285,72.567],[-125.0258,72.5664],[-125.0248,72.566],[-125.0243,72.5657],[-125.0242,72.5655],[-125.0242,72.5645],[-125.0244,72.5642],[-125.0248,72.564],[-125.0259,72.5639],[-125.0266,72.5638],[-125.0269,72.5637],[-125.0275,72.5637],[-125.0284,72.5638],[-125.0289,72.5637],[-125.0291,72.5636],[-125.0292,72.5634],[-125.0293,72.5634],[-125.0296,72.5633],[-125.0305,72.5633],[-125.0306,72.5633],[-125.0308,72.5631],[-125.0302,72.5625],[-125.0298,72.5624],[-125.0298,72.5624],[-125.0301,72.5622],[-125.0306,72.5621],[-125.031,72.5621],[-125.0318,72.562],[-125.0327,72.562],[-125.0333,72.5621],[-125.0342,72.5622],[-125.0354,72.5625],[-125.0364,72.5627],[-125.0366,72.5629],[-125.0366,72.563],[-125.0368,72.5631],[-125.0374,72.5632],[-125.0381,72.5634],[-125.0383,72.564],[-125.0382,72.5648],[-125.0387,72.565],[-125.0392,72.565],[-125.0399,72.5648]]},"properties":{}},{"type":"Feature","geometry":{"type":"LineString","coordinates":[[-125.11,72.5485],[-125.1101,72.5487],[-125.1106,72.5488],[-125.1118,72.5489],[-125.1125,72.5491],[-125.1127,72.5491],[-125.1129,72.5491],[-125.1132,72.5489],[-125.1144,72.5489],[-125.1168,72.5485],[-125.1175,72.5483],[-125.1181,72.5482],[-125.1184,72.5482],[-125.1185,72.548],[-125.1184,72.5479],[-125.1183,72.5477],[-125.1179,72.5476],[-125.1175,72.5476],[-125.1175,72.5478],[-125.1173,72.5478],[-125.1168,72.5478],[-125.1166,72.5479],[-125.117,72.548],[-125.1169,72.5481],[-125.1166,72.5482],[-125.1158,72.5482],[-125.1148,72.5484],[-125.1148,72.5485],[-125.1147,72.5486],[-125.1144,72.5487],[-125.1131,72.5488],[-125.111,72.5486],[-125.11,72.5485]]},"properties":{}},{"type":"Feature","geometry":{"type":"LineString","coordinates":[[-125.0127,72.5831],[-125.0139,72.5836],[-125.0162,72.5837],[-125.02,72.5837],[-125.0236,72.5833],[-125.0256,72.583],[-125.0278,72.5823],[-125.0297,72.5814],[-125.0302,72.5813],[-125.0313,72.5805],[-125.0319,72.5803],[-125.0331,72.5795],[-125.035,72.5787],[-125.0369,72.5777],[-125.0374,72.5775],[-125.0389,72.5767],[-125.0398,72.5757],[-125.0402,72.5755],[-125.0406,72.5752],[-125.0413,72.5743],[-125.0428,72.5728],[-125.0428,72.5712],[-125.0426,72.5709],[-125.0424,72.5705],[-125.0418,72.5703],[-125.0404,72.57],[-125.0395,72.57],[-125.0391,72.5702],[-125.0395,72.5704],[-125.0402,72.5706],[-125.0408,72.5709],[-125.041,72.5712],[-125.0411,72.5715],[-125.041,72.5719],[-125.0404,72.5731],[-125.0405,72.5737],[-125.0399,72.5741],[-125.0393,72.5747],[-125.0385,72.5753],[-125.0377,72.5756],[-125.0376,72.5756],[-125.0374,72.576],[-125.0373,72.5762],[-125.0369,72.5763],[-125.0363,72.5766],[-125.0355,72.5773],[-125.0353,72.5773],[-125.0349,72.5775],[-125.0345,72.578],[-125.0337,72.5784],[-125.033,72.5787],[-125.0319,72.5793],[-125.0311,72.5796],[-125.0309,72.5797],[-125.0292,72.5805],[-125.0282,72.5813],[-125.0279,72.5816],[-125.0268,72.5819],[-125.0256,72.5821],[-125.0249,72.5822],[-125.0243,72.5821],[-125.0233,72.5822],[-125.0222,72.5825],[-125.0214,72.5826],[-125.0202,72.5825],[-125.0189,72.5825],[-125.018,72.5825],[-125.0173,72.5827],[-125.0165,72.5827],[-125.0156,72.5827],[-125.0148,72.5826],[-125.0142,72.5825],[-125.013,72.5825],[-125.0125,72.5829],[-125.0129,72.5828],[-125.0127,72.5831]]},"properties":{}},{"type":"Feature","geometry":{"type":"LineString","coordinates":[[-125.0573,72.5574],[-125.0565,72.558],[-125.0566,72.5582],[-125.0568,72.5583],[-125.0571,72.5582],[-125.0584,72.5579],[-125.0586,72.5578],[-125.0586,72.5578],[-125.0577,72.5574],[-125.0573,72.5574]]},"properties":{}},{"type":"Feature","geometry":{"type":"LineString","coordinates":[[-125.021,72.575],[-125.0213,72.575],[-125.0216,72.5749],[-125.022,72.5749],[-125.0227,72.575],[-125.024,72.575],[-125.0246,72.575],[-125.0255,72.5752],[-125.0261,72.5754],[-125.0272,72.5754],[-125.0279,72.5755],[-125.0282,72.5755],[-125.0292,72.5757],[-125.0298,72.5758],[-125.0305,72.5758],[-125.0316,72.5753],[-125.0321,72.5752],[-125.0322,72.5751],[-125.0325,72.575],[-125.0326,72.5746],[-125.0328,72.5744],[-125.0332,72.5742],[-125.033,72.5742],[-125.0326,72.5743],[-125.032,72.5745],[-125.0314,72.5746],[-125.0296,72.5748],[-125.0286,72.5748],[-125.0271,72.5748],[-125.026,72.5748],[-125.0239,72.5747],[-125.0235,72.5747],[-125.0226,72.5744],[-125.0222,72.5744],[-125.0219,72.5742],[-125.021,72.5737],[-125.0196,72.5731],[-125.0193,72.5729],[-125.0191,72.5726],[-125.019,72.5724],[-125.0188,72.572],[-125.0183,72.5719],[-125.0167,72.5718],[-125.0165,72.572],[-125.0158,72.5722],[-125.0152,72.5727],[-125.0147,72.5731],[-125.0136,72.5739],[-125.0134,72.5742],[-125.0127,72.5745],[-125.0117,72.575],[-125.0111,72.5751],[-125.0108,72.5752],[-125.0091,72.5752],[-125.0055,72.5752],[-125.0046,72.5751],[-125.004,72.5749],[-125.0036,72.5748],[-125.0034,72.575],[-125.0035,72.5751],[-125.0038,72.5753],[-125.005,72.5755],[-125.0064,72.5759],[-125.0076,72.5762],[-125.0081,72.5764],[-125.0088,72.5766],[-125.0095,72.5766],[-125.0115,72.5765],[-125.0126,72.5765],[-125.0151,72.577],[-125.0157,72.577],[-125.0164,72.5767],[-125.0173,72.5767],[-125.0187,72.5764],[-125.0192,72.5763],[-125.0191,72.5762],[-125.019,72.5762],[-125.0179,72.5761],[-125.0174,72.576],[-125.0167,72.5761],[-125.0167,72.5762],[-125.0161,72.5764],[-125.0157,72.5765],[-125.0151,72.5765],[-125.0143,72.5764],[-125.0139,72.5764],[-125.013,72.5764],[-125.0125,72.5763],[-125.0122,72.576],[-125.0123,72.5754],[-125.0126,72.5753],[-125.0138,72.5749],[-125.0145,72.5748],[-125.015,72.5748],[-125.0158,72.5749],[-125.0161,72.575],[-125.0168,72.5747],[-125.0173,72.5745],[-125.0187,72.5744],[-125.0205,72.5742],[-125.0208,72.5742],[-125.0214,72.5744],[-125.0211,72.5748],[-125.0214,72.5748],[-125.021,72.575]]},"properties":{}},{"type":"Feature","geometry":{"type":"LineString","coordinates":[[-124.6096,73.0065],[-124.6067,73.0054],[-124.6046,73.0049],[-124.6031,73.0044],[-124.6023,73.0041],[-124.5946,73.0026],[-124.5927,73.0021],[-124.5881,73.0013],[-124.5848,73.0008],[-124.5832,73.0004],[-124.5814,73.0003],[-124.5809,73.0002],[-124.5804,73.0002],[-124.5779,73.0],[-124.5754,73.0],[-124.5742,72.9999],[-124.5708,72.9999],[-124.5684,72.9995],[-124.5671,72.9991],[-124.5655,72.9987],[-124.561,72.9981],[-124.5596,72.998],[-124.5564,72.9973],[-124.5536,72.9964],[-124.5526,72.9964],[-124.5526,72.9966],[-124.5534,72.9968],[-124.5546,72.9972],[-124.5561,72.9977],[-124.5582,72.9982],[-124.5605,72.9987],[-124.5612,72.9987],[-124.5642,72.9989],[-124.5651,72.9992],[-124.5682,72.9999],[-124.5703,73.0],[-124.5703,73.0001],[-124.5702,73.0001],[-124.5696,73.0002],[-124.5676,73.0002],[-124.5659,73.0001],[-124.5648,73.0002],[-124.5629,73.0005],[-124.5624,73.0006],[-124.5611,73.0006],[-124.5603,73.0004],[-124.5602,73.0],[-124.5593,72.9998],[-124.5589,72.9995],[-124.5588,72.9991],[-124.5583,72.9989],[-124.5573,72.999],[-124.5562,72.999],[-124.553,72.9991],[-124.5494,72.9993],[-124.5482,72.9994],[-124.5465,72.9994],[-124.5454,72.9996],[-124.5437,72.9998],[-124.5425,72.9996],[-124.542,72.9994],[-124.5413,72.9993],[-124.5409,72.9988],[-124.5409,72.9984],[-124.5406,72.9981],[-124.541,72.9979],[-124.541,72.9976],[-124.5416,72.9974],[-124.5425,72.997],[-124.5436,72.9967],[-124.5438,72.9963],[-124.5442,72.9961],[-124.5438,72.9958],[-124.5439,72.9955],[-124.5435,72.9951],[-124.5434,72.9941],[-124.544,72.9939],[-124.5445,72.9939],[-124.5458,72.9942],[-124.5467,72.9945],[-124.5478,72.9951],[-124.5482,72.995],[-124.548,72.9947],[-124.5475,72.9943],[-124.5463,72.9938],[-124.5436,72.9924],[-124.5433,72.9914],[-124.5435,72.991],[-124.5429,72.9894],[-124.5428,72.9888],[-124.5425,72.9877],[-124.5424,72.9868],[-124.5421,72.9858],[-124.5416,72.9856],[-124.5409,72.9846],[-124.5405,72.9845],[-124.5391,72.9842],[-124.538,72.9841],[-124.5362,72.984],[-124.5353,72.9841],[-124.5332,72.9844],[-124.5326,72.9845],[-124.5321,72.9847],[-124.5318,72.9849],[-124.5318,72.9851],[-124.5319,72.9851],[-124.5323,72.9851],[-124.5355,72.9845],[-124.5356,72.9845],[-124.536,72.9844],[-124.5362,72.9845],[-124.5361,72.9847],[-124.5358,72.9849],[-124.5343,72.9852],[-124.5331,72.9853],[-124.5318,72.9853],[-124.5284,72.9852],[-124.5238,72.9851],[-124.5205,72.9849],[-124.5182,72.9846],[-124.517,72.9843],[-124.5165,72.9843],[-124.516,72.9844],[-124.5143,72.9845],[-124.5121,72.9847],[-124.5105,72.985],[-124.5104,72.9852],[-124.5106,72.9854],[-124.5109,72.9854],[-124.5118,72.9854],[-124.5127,72.9853],[-124.5141,72.9853],[-124.5154,72.9852],[-124.517,72.9851],[-124.5178,72.9851],[-124.518,72.9852],[-124.5184,72.9855],[-124.5183,72.9856],[-124.5176,72.986],[-124.5164,72.9861],[-124.5141,72.9865],[-124.5133,72.9867],[-124.5124,72.9871],[-124.5116,72.9875],[-124.5117,72.9877],[-124.5114,72.9878],[-124.5102,72.9883],[-124.509,72.9887],[-124.5086,72.9892],[-124.508,72.9899],[-124.5077,72.99],[-124.5076,72.9902],[-124.5067,72.9907],[-124.5054,72.9912],[-124.5049,72.9913],[-124.5037,72.9915],[-124.5028,72.9916],[-124.5018,72.9917],[-124.5012,72.9918],[-124.5,72.9919],[-124.4995,72.9919],[-124.4962,72.9922],[-124.4948,72.9925],[-124.4946,72.9926],[-124.4947,72.9929],[-124.4942,72.9933],[-124.4943,72.9934],[-124.4947,72.9935],[-124.4951,72.9936],[-124.4961,72.9937],[-124.4973,72.9939],[-124.4978,72.994],[-124.4982,72.9942],[-124.4985,72.9946],[-124.4987,72.9949],[-124.4986,72.9951],[-124.4981,72.9956],[-124.4969,72.9963],[-124.4953,72.9969],[-124.4933,72.9975],[-124.493,72.9976],[-124.4919,72.9979],[-124.4912,72.998],[-124.4883,72.9982],[-124.4878,72.9982],[-124.4871,72.9983],[-124.4867,72.9985],[-124.4867,72.9987],[-124.4867,72.9987],[-124.4872,72.9989],[-124.4902,72.9991],[-124.4905,72.9991],[-124.4908,72.9993],[-124.4908,72.9994],[-124.4907,72.9997],[-124.4904,73.0],[-124.4904,73.0001],[-124.4899,73.0003],[-124.4897,73.0005],[-124.4893,73.0007],[-124.4891,73.001],[-124.4888,73.0012],[-124.4879,73.0015],[-124.4877,73.0015],[-124.4873,73.0015],[-124.4872,73.0015],[-124.4873,73.0013],[-124.4872,73.0012],[-124.4869,73.0011],[-124.4867,73.0012],[-124.4858,73.0013],[-124.4853,73.0014],[-124.4847,73.0017],[-124.4838,73.002],[-124.4832,73.002],[-124.4831,73.0019],[-124.4831,73.0018],[-124.4834,73.0016],[-124.4842,73.0014],[-124.4855,73.0008],[-124.4859,73.0006],[-124.486,73.0005],[-124.486,73.0],[-124.4859,72.9997],[-124.4853,72.9996],[-124.4836,72.9992],[-124.4832,72.9992],[-124.4831,72.999],[-124.4833,72.9985],[-124.4835,72.9983],[-124.4842,72.9981],[-124.4866,72.9976],[-124.4872,72.9973],[-124.4877,72.9971],[-124.4879,72.9967],[-124.4878,72.9959],[-124.4872,72.9953],[-124.4868,72.9947],[-124.4868,72.9945],[-124.4869,72.9941],[-124.4872,72.9936],[-124.487,72.9933],[-124.4861,72.9928],[-124.4854,72.9925],[-124.4851,72.9922],[-124.485,72.9919],[-124.4851,72.9916],[-124.4854,72.9914],[-124.487,72.9907],[-124.4877,72.9905],[-124.488,72.9904],[-124.4889,72.9904],[-124.4902,72.9903],[-124.4915,72.9903],[-124.4918,72.9902],[-124.4919,72.9901],[-124.4917,72.9899],[-124.4918,72.9896],[-124.4917,72.9895],[-124.4921,72.9893],[-124.4926,72.9888],[-124.4937,72.9884],[-124.495,72.988],[-124.4952,72.9879],[-124.4963,72.9876],[-124.4967,72.9876],[-124.4974,72.9876],[-124.4983,72.988],[-124.4994,72.988],[-124.4997,72.9878],[-124.4996,72.9877],[-124.4981,72.9874],[-124.4968,72.9868],[-124.4961,72.9867],[-124.4956,72.9864],[-124.4946,72.986],[-124.4934,72.9854],[-124.4916,72.9846],[-124.489,72.984],[-124.4882,72.9837],[-124.4877,72.9833],[-124.4875,72.9831],[-124.4869,72.983],[-124.4862,72.9828],[-124.4848,72.9825],[-124.4846,72.9826],[-124.4848,72.9827],[-124.4864,72.9835],[-124.4864,72.9839],[-124.4859,72.9845],[-124.4854,72.9848],[-124.4853,72.9849],[-124.4843,72.9857],[-124.4839,72.9859],[-124.4839,72.986],[-124.4818,72.9867],[-124.4807,72.9871],[-124.4794,72.9874],[-124.4786,72.9875],[-124.4777,72.9876],[-124.4769,72.9876],[-124.4763,72.9876],[-124.4762,72.9876],[-124.4761,72.9877],[-124.4762,72.9881],[-124.476,72.9883],[-124.4758,72.9886],[-124.4747,72.9892],[-124.4738,72.9895],[-124.4731,72.9895],[-124.472,72.9894],[-124.4716,72.9894],[-124.4713,72.9895],[-124.4706,72.9897],[-124.4699,72.99],[-124.4698,72.9902],[-124.4687,72.9906],[-124.4682,72.9907],[-124.4681,72.9908],[-124.4677,72.9908],[-124.4666,72.991],[-124.4655,72.991],[-124.4648,72.9911],[-124.4632,72.9915],[-124.4621,72.9919],[-124.4617,72.992],[-124.4591,72.9928],[-124.459,72.993],[-124.4586,72.9932],[-124.4583,72.9933],[-124.4579,72.9932],[-124.458,72.9928],[-124.4587,72.9924],[-124.4585,72.9922],[-124.4585,72.9919],[-124.4588,72.9918],[-124.4591,72.9916],[-124.4596,72.9916],[-124.46,72.9916],[-124.4602,72.9914],[-124.46,72.991],[-124.4605,72.9908],[-124.4608,72.9908],[-124.4615,72.9906],[-124.4617,72.9906],[-124.4619,72.9904],[-124.4624,72.9903],[-124.4631,72.9903],[-124.4635,72.9903],[-124.4637,72.9902],[-124.4646,72.9898],[-124.465,72.9897],[-124.4661,72.9893],[-124.4665,72.9891],[-124.467,72.989],[-124.4675,72.9889],[-124.4683,72.9887],[-124.4689,72.9885],[-124.4693,72.9884],[-124.47,72.9883],[-124.4704,72.9882],[-124.4704,72.9881],[-124.4696,72.9874],[-124.4695,72.9871],[-124.4696,72.9869],[-124.4698,72.9868],[-124.4705,72.9866],[-124.4707,72.9863],[-124.4712,72.9862],[-124.4715,72.9861],[-124.4733,72.986],[-124.4734,72.9859],[-124.4734,72.9859],[-124.4733,72.9858],[-124.4729,72.9857],[-124.4717,72.9855],[-124.47,72.9852],[-124.4696,72.9853],[-124.4688,72.9855],[-124.4681,72.9856],[-124.4679,72.9856],[-124.4675,72.9855],[-124.4671,72.9851],[-124.4666,72.985],[-124.4651,72.985],[-124.4648,72.985],[-124.4645,72.9849],[-124.4645,72.9847],[-124.4646,72.9845],[-124.4645,72.9844],[-124.4641,72.9845],[-124.4623,72.9849],[-124.4617,72.9851],[-124.4612,72.9851],[-124.4605,72.9851],[-124.4583,72.9847],[-124.4575,72.9845],[-124.4573,72.9844],[-124.4569,72.9842],[-124.456,72.984],[-124.4556,72.9839],[-124.4545,72.9838],[-124.4542,72.9837],[-124.454,72.9833],[-124.4539,72.9833],[-124.4536,72.9833],[-124.4524,72.9835],[-124.4516,72.9835],[-124.4501,72.9835],[-124.4495,72.9835],[-124.449,72.9833],[-124.4487,72.9833],[-124.4475,72.9832],[-124.4467,72.9831],[-124.4453,72.9832],[-124.4449,72.9832],[-124.4447,72.9831],[-124.4444,72.983],[-124.4429,72.9833],[-124.4414,72.9838],[-124.4405,72.9839],[-124.4394,72.9838],[-124.4378,72.9835],[-124.4369,72.9834],[-124.4356,72.9834],[-124.4353,72.9834],[-124.435,72.9832],[-124.4347,72.9832],[-124.4346,72.9832],[-124.4342,72.9834],[-124.4339,72.9838],[-124.4333,72.984],[-124.4329,72.9841],[-124.4323,72.9841],[-124.432,72.984],[-124.4316,72.984],[-124.4309,72.9838],[-124.4305,72.9838],[-124.4289,72.9839],[-124.4285,72.9839],[-124.4276,72.9838],[-124.4263,72.9836],[-124.426,72.9835],[-124.4257,72.9832],[-124.4253,72.9831],[-124.4241,72.9831],[-124.4221,72.9828],[-124.4213,72.9827],[-124.4207,72.9825],[-124.4204,72.9823],[-124.4201,72.9821],[-124.4192,72.9819],[-124.418,72.9813],[-124.4155,72.9809],[-124.4151,72.9808],[-124.414,72.9806],[-124.4135,72.9804],[-124.4132,72.9802],[-124.4124,72.9799],[-124.4114,72.9798],[-124.41,72.9797],[-124.4093,72.9795],[-124.4086,72.9793],[-124.4084,72.9792],[-124.4085,72.9789],[-124.4083,72.9788],[-124.4081,72.9788],[-124.4076,72.9789],[-124.4049,72.9797],[-124.4041,72.9798],[-124.4032,72.9799],[-124.402,72.9798],[-124.4016,72.9797],[-124.4005,72.9796],[-124.3998,72.9796],[-124.3966,72.9796],[-124.3959,72.9794],[-124.3958,72.9793],[-124.3956,72.979],[-124.3953,72.9788],[-124.3942,72.9785],[-124.3937,72.9784],[-124.3928,72.9786],[-124.3921,72.9787],[-124.3916,72.9788],[-124.391,72.9788],[-124.3896,72.9786],[-124.3891,72.9784],[-124.3887,72.9782],[-124.3879,72.9774],[-124.3872,72.9772],[-124.3858,72.9769],[-124.3841,72.9764],[-124.3834,72.9763],[-124.3831,72.9762],[-124.3832,72.9761],[-124.3834,72.976],[-124.384,72.976],[-124.386,72.976],[-124.3877,72.9762],[-124.3879,72.9762],[-124.3884,72.9765],[-124.3891,72.9768],[-124.3897,72.9769],[-124.3903,72.9769],[-124.3911,72.9769],[-124.3916,72.9768],[-124.392,72.9768],[-124.3929,72.9767],[-124.3946,72.9765],[-124.396,72.9767],[-124.3976,72.977],[-124.3995,72.9773],[-124.3998,72.9774],[-124.4003,72.9776],[-124.4007,72.978],[-124.4011,72.9781],[-124.4018,72.9781],[-124.402,72.978],[-124.4024,72.9778],[-124.4028,72.9777],[-124.4036,72.9776],[-124.4045,72.9776],[-124.4049,72.9776],[-124.4059,72.9778],[-124.4064,72.9778],[-124.4072,72.9777],[-124.4084,72.9775],[-124.4093,72.9774],[-124.4102,72.9773],[-124.4106,72.9773],[-124.4111,72.9774],[-124.4113,72.9774],[-124.4115,72.9777],[-124.4117,72.9779],[-124.4119,72.978],[-124.4122,72.9784],[-124.4124,72.9785],[-124.4128,72.9785],[-124.4145,72.9783],[-124.4157,72.9782],[-124.4196,72.9781],[-124.4204,72.9781],[-124.4213,72.9782],[-124.4216,72.9782],[-124.4217,72.9797],[-124.4215,72.9801],[-124.421,72.9806],[-124.421,72.9808],[-124.4213,72.9809],[-124.4218,72.9811],[-124.4222,72.9813],[-124.4224,72.9817],[-124.4226,72.9818],[-124.4231,72.9819],[-124.424,72.9818],[-124.4252,72.9819],[-124.4265,72.982],[-124.427,72.9822],[-124.4273,72.9823],[-124.4288,72.9825],[-124.4297,72.9824],[-124.4305,72.9825],[-124.4315,72.9824],[-124.4322,72.9822],[-124.4326,72.9821],[-124.4333,72.9821],[-124.4337,72.9821],[-124.4343,72.9822],[-124.4352,72.9825],[-124.4355,72.9825],[-124.4355,72.9822],[-124.4356,72.9821],[-124.4359,72.9819],[-124.4365,72.9818],[-124.4394,72.9814],[-124.4396,72.9814],[-124.4403,72.981],[-124.441,72.9808],[-124.4418,72.9805],[-124.4439,72.9803],[-124.4446,72.9803],[-124.4451,72.9803],[-124.4468,72.9806],[-124.4475,72.9806],[-124.4482,72.9806],[-124.4509,72.9803],[-124.4514,72.9803],[-124.4519,72.9804],[-124.4525,72.9808],[-124.4534,72.981],[-124.4553,72.9819],[-124.4557,72.982],[-124.4562,72.9821],[-124.4565,72.9821],[-124.4572,72.9819],[-124.4577,72.9819],[-124.4581,72.9819],[-124.459,72.9821],[-124.4595,72.9821],[-124.4601,72.9821],[-124.4608,72.982],[-124.4616,72.9819],[-124.4638,72.9817],[-124.4648,72.9817],[-124.4667,72.9818],[-124.4679,72.982],[-124.4684,72.9821],[-124.4686,72.9821],[-124.4687,72.9823],[-124.4688,72.9825],[-124.469,72.9827],[-124.4694,72.9829],[-124.4698,72.9829],[-124.4699,72.9829],[-124.4697,72.9826],[-124.4698,72.9826],[-124.4705,72.9823],[-124.4713,72.9822],[-124.4746,72.9819],[-124.4761,72.9817],[-124.4769,72.9817],[-124.4775,72.9817],[-124.4781,72.9816],[-124.4786,72.9816],[-124.4795,72.9814],[-124.4802,72.9813],[-124.4824,72.9809],[-124.4831,72.9809],[-124.4839,72.9809],[-124.4846,72.981],[-124.4848,72.9812],[-124.4849,72.9815],[-124.4854,72.9816],[-124.4862,72.9814],[-124.4863,72.9814],[-124.4866,72.9814],[-124.4874,72.9813],[-124.4878,72.9812],[-124.4881,72.9811],[-124.4883,72.9809],[-124.4882,72.9808],[-124.4882,72.9806],[-124.4884,72.9805],[-124.4887,72.9804],[-124.489,72.9803],[-124.4893,72.9802],[-124.4894,72.9801],[-124.4899,72.98],[-124.4903,72.9798],[-124.4923,72.9793],[-124.4931,72.9792],[-124.4938,72.9791],[-124.4944,72.979],[-124.4956,72.9788],[-124.4998,72.9782],[-124.5,72.9782],[-124.5009,72.9783],[-124.5015,72.9785],[-124.5016,72.9786],[-124.5016,72.979],[-124.5012,72.9793],[-124.501,72.9793],[-124.5005,72.9793],[-124.5,72.9793],[-124.4997,72.9793],[-124.4995,72.9793],[-124.4995,72.9794],[-124.4998,72.9796],[-124.4998,72.9799],[-124.4999,72.9801],[-124.5,72.9801],[-124.5007,72.98],[-124.502,72.9799],[-124.5034,72.9798],[-124.5034,72.9777],[-124.5037,72.977],[-124.5036,72.9756],[-124.5038,72.975],[-124.5054,72.9742],[-124.508,72.9731],[-124.51,72.9724],[-124.5108,72.9718],[-124.5108,72.9716],[-124.5106,72.9715],[-124.513,72.9705],[-124.5144,72.9699],[-124.5159,72.9695],[-124.5168,72.969],[-124.5189,72.9683],[-124.5194,72.9674],[-124.5199,72.9665],[-124.5198,72.9657],[-124.5187,72.9648],[-124.5184,72.9649],[-124.5184,72.9666],[-124.5181,72.967],[-124.5165,72.9666],[-124.5147,72.9661],[-124.514,72.9656],[-124.5131,72.9651],[-124.5133,72.9647],[-124.5136,72.9644],[-124.5137,72.9641],[-124.5162,72.9643],[-124.5167,72.9642],[-124.5169,72.9641],[-124.5168,72.9639],[-124.5164,72.9638],[-124.5127,72.963],[-124.511,72.9625],[-124.5094,72.9623],[-124.5076,72.962],[-124.5053,72.9617],[-124.5041,72.9616],[-124.5021,72.9612],[-124.5,72.9607],[-124.4989,72.9604],[-124.4963,72.9597],[-124.495,72.959],[-124.492,72.9581],[-124.4908,72.9579],[-124.4899,72.9576],[-124.4883,72.9569],[-124.487,72.9563],[-124.4848,72.9554],[-124.4833,72.9551],[-124.4813,72.9544],[-124.4786,72.9532],[-124.4761,72.952],[-124.4751,72.9511],[-124.4739,72.9495],[-124.4736,72.9486],[-124.4733,72.9483],[-124.4728,72.9483],[-124.4725,72.9484],[-124.4725,72.9489],[-124.4728,72.9499],[-124.4727,72.9501],[-124.4724,72.9501],[-124.4719,72.9501],[-124.4703,72.9497],[-124.469,72.9496],[-124.4675,72.9496],[-124.466,72.9497],[-124.4658,72.9497],[-124.4655,72.9498],[-124.465,72.9498],[-124.4648,72.9499],[-124.4636,72.95],[-124.4628,72.95],[-124.4608,72.95],[-124.4603,72.95],[-124.4599,72.9498],[-124.459,72.9497],[-124.4583,72.9496],[-124.4558,72.9491],[-124.4548,72.949],[-124.4543,72.9489],[-124.4534,72.9489],[-124.4529,72.9487],[-124.4518,72.948],[-124.4506,72.9475],[-124.4501,72.9472],[-124.4495,72.9466],[-124.4494,72.9464],[-124.4499,72.9464],[-124.4504,72.9465],[-124.4507,72.9466],[-124.4512,72.9469],[-124.4516,72.9469],[-124.4518,72.9468],[-124.4517,72.9467],[-124.4516,72.9465],[-124.4518,72.9462],[-124.452,72.9461],[-124.4523,72.9461],[-124.4526,72.9462],[-124.4529,72.9463],[-124.4541,72.9469],[-124.4545,72.9469],[-124.4548,72.9468],[-124.4548,72.9467],[-124.4544,72.9463],[-124.4536,72.946],[-124.4536,72.9457],[-124.454,72.9455],[-124.4542,72.9455],[-124.4547,72.9455],[-124.4551,72.9454],[-124.4553,72.9453],[-124.4552,72.9452],[-124.4548,72.945],[-124.4548,72.9449],[-124.4541,72.9446],[-124.4518,72.944],[-124.4509,72.9436],[-124.4509,72.9432],[-124.4521,72.9432],[-124.4539,72.9433],[-124.4554,72.9435],[-124.456,72.9438],[-124.4573,72.9439],[-124.4576,72.9438],[-124.458,72.9435],[-124.4591,72.9434],[-124.461,72.9435],[-124.4627,72.9437],[-124.4631,72.9436],[-124.463,72.9434],[-124.4625,72.943],[-124.4622,72.9429],[-124.4622,72.9427],[-124.4629,72.9427],[-124.4632,72.9427],[-124.4631,72.9425],[-124.4629,72.9424],[-124.4629,72.9422],[-124.4625,72.942],[-124.4625,72.9419],[-124.4624,72.9418],[-124.462,72.9418],[-124.462,72.9417],[-124.4621,72.9416],[-124.4625,72.9415],[-124.4626,72.9414],[-124.4621,72.9411],[-124.4613,72.9408],[-124.4611,72.9407],[-124.4614,72.9406],[-124.4624,72.9406],[-124.463,72.9405],[-124.4636,72.9405],[-124.4641,72.9405],[-124.4648,72.9406],[-124.4655,72.9406],[-124.4659,72.9406],[-124.4659,72.9404],[-124.4657,72.9402],[-124.4648,72.9397],[-124.4646,72.9389],[-124.4636,72.9386],[-124.4625,72.9387],[-124.4623,72.9385],[-124.4626,72.9382],[-124.463,72.9377],[-124.4631,72.9375],[-124.4634,72.9367],[-124.4634,72.9363],[-124.4631,72.9359],[-124.4631,72.9358],[-124.4634,72.9358],[-124.4656,72.9359],[-124.4673,72.9358],[-124.4694,72.9358],[-124.47,72.9358],[-124.4708,72.9356],[-124.4714,72.9355],[-124.4715,72.9355],[-124.4733,72.9355],[-124.4735,72.9354],[-124.4744,72.9353],[-124.4754,72.9353],[-124.4759,72.9352],[-124.4765,72.935],[-124.4775,72.9348],[-124.4783,72.935],[-124.479,72.935],[-124.479,72.9342],[-124.4784,72.9334],[-124.4772,72.9324],[-124.4778,72.9321],[-124.4791,72.9321],[-124.4806,72.9322],[-124.4833,72.9328],[-124.4855,72.9331],[-124.4867,72.9333],[-124.4872,72.9335],[-124.4878,72.9335],[-124.4885,72.9335],[-124.4897,72.9338],[-124.4904,72.9339],[-124.4909,72.9338],[-124.4922,72.9335],[-124.4927,72.9331],[-124.4926,72.9329],[-124.4917,72.9329],[-124.4911,72.9329],[-124.4901,72.9328],[-124.4892,72.9326],[-124.4887,72.9322],[-124.4886,72.9318],[-124.489,72.9316],[-124.4899,72.9317],[-124.4901,72.9316],[-124.4912,72.9314],[-124.4918,72.9311],[-124.4931,72.9308],[-124.4938,72.9305],[-124.4943,72.9301],[-124.4951,72.9296],[-124.4969,72.9298],[-124.4974,72.9297],[-124.4977,72.9298],[-124.4982,72.9298],[-124.4983,72.9298],[-124.499,72.9293],[-124.5,72.9282],[-124.5002,72.9279],[-124.5026,72.9276],[-124.5064,72.928],[-124.5074,72.9278],[-124.5082,72.9279],[-124.5097,72.9281],[-124.5143,72.9281],[-124.5158,72.9279],[-124.5206,72.9278],[-124.523,72.9275],[-124.5285,72.9275],[-124.5324,72.9276],[-124.5389,72.9289],[-124.541,72.9288],[-124.5442,72.9283],[-124.5458,72.9276],[-124.5477,72.9262],[-124.5498,72.9249],[-124.5518,72.9231],[-124.5528,72.922],[-124.5532,72.9186],[-124.5541,72.9178],[-124.5537,72.9176],[-124.5527,72.9178],[-124.552,72.9184],[-124.5517,72.9193],[-124.5514,72.9205],[-124.5515,72.9214],[-124.5512,72.9224],[-124.5502,72.9231],[-124.5486,72.9233],[-124.548,72.9235],[-124.5472,72.924],[-124.5467,72.9243],[-124.5461,72.9245],[-124.5455,72.9246],[-124.5451,72.9247],[-124.5443,72.9247],[-124.5435,72.9246],[-124.5429,72.9245],[-124.5419,72.9243],[-124.5414,72.9242],[-124.5409,72.924],[-124.541,72.9237],[-124.5412,72.9234],[-124.5426,72.923],[-124.5418,72.9228],[-124.5419,72.9227],[-124.5421,72.9225],[-124.5418,72.9224],[-124.5411,72.9221],[-124.5409,72.922],[-124.5408,72.9218],[-124.5407,72.9217],[-124.5408,72.9216],[-124.5409,72.9215],[-124.5413,72.9212],[-124.5415,72.9211],[-124.5422,72.921],[-124.5427,72.9209],[-124.5431,72.9207],[-124.5435,72.9203],[-124.5434,72.9202],[-124.5431,72.92],[-124.5426,72.9199],[-124.5413,72.9196],[-124.5394,72.9191],[-124.5394,72.919],[-124.5401,72.9187],[-124.5403,72.9184],[-124.5408,72.918],[-124.5413,72.9178],[-124.5422,72.9178],[-124.5431,72.9177],[-124.5444,72.9179],[-124.5456,72.9185],[-124.5468,72.9186],[-124.5473,72.9185],[-124.5468,72.9181],[-124.5465,72.9177],[-124.5448,72.9172],[-124.5436,72.9171],[-124.5429,72.9168],[-124.5427,72.9167],[-124.5432,72.9166],[-124.5441,72.9165],[-124.546,72.9168],[-124.5466,72.9167],[-124.5467,72.9166],[-124.5466,72.9163],[-124.5465,72.9159],[-124.5457,72.9156],[-124.5456,72.9152],[-124.5446,72.9151],[-124.5437,72.9149],[-124.5434,72.9148],[-124.5421,72.9145],[-124.5401,72.9143],[-124.5393,72.9142],[-124.5387,72.9141],[-124.5385,72.9139],[-124.5384,72.9136],[-124.5387,72.9129],[-124.5387,72.9125],[-124.538,72.9119],[-124.5379,72.9118],[-124.5379,72.9117],[-124.5383,72.9115],[-124.5387,72.9115],[-124.5405,72.9115],[-124.541,72.9115],[-124.5413,72.9114],[-124.542,72.9111],[-124.5422,72.9111],[-124.5429,72.9111],[-124.5436,72.9112],[-124.5451,72.9118],[-124.5454,72.9119],[-124.5469,72.9124],[-124.5487,72.9127],[-124.5501,72.9129],[-124.5502,72.9129],[-124.55,72.9131],[-124.5495,72.9132],[-124.5489,72.9133],[-124.5478,72.9132],[-124.5477,72.9133],[-124.5477,72.9135],[-124.5482,72.9136],[-124.5507,72.9139],[-124.5519,72.914],[-124.5537,72.9138],[-124.5545,72.9135],[-124.5562,72.9134],[-124.5585,72.9134],[-124.5603,72.9133],[-124.5618,72.9135],[-124.5629,72.9135],[-124.5655,72.9134],[-124.5688,72.9135],[-124.5713,72.9133],[-124.5738,72.9128],[-124.5743,72.9128],[-124.5746,72.9129],[-124.5748,72.913],[-124.5748,72.9133],[-124.5751,72.9134],[-124.5755,72.9134],[-124.5759,72.9133],[-124.5763,72.9129],[-124.5769,72.9129],[-124.5771,72.913],[-124.5774,72.9135],[-124.5769,72.914],[-124.5762,72.9143],[-124.5756,72.9145],[-124.5752,72.915],[-124.5754,72.915],[-124.5762,72.9151],[-124.5768,72.915],[-124.5775,72.9148],[-124.5787,72.9139],[-124.5789,72.9137],[-124.5785,72.9132],[-124.5784,72.9131],[-124.5785,72.9125],[-124.58,72.9119],[-124.5827,72.911],[-124.5836,72.9105],[-124.5846,72.9101],[-124.585,72.9098],[-124.5852,72.9094],[-124.5858,72.9091],[-124.5865,72.9091],[-124.5869,72.909],[-124.587,72.9088],[-124.5865,72.9086],[-124.5861,72.9084],[-124.5867,72.9074],[-124.5876,72.9068],[-124.5893,72.9061],[-124.5903,72.9055],[-124.5926,72.9046],[-124.5958,72.9039],[-124.5986,72.9036],[-124.6012,72.903],[-124.6037,72.9028],[-124.6047,72.9026],[-124.6064,72.9025],[-124.6095,72.9023],[-124.6111,72.9024],[-124.613,72.9021],[-124.6134,72.902],[-124.6142,72.902],[-124.6171,72.9019],[-124.6176,72.9019],[-124.6181,72.9019],[-124.6185,72.902],[-124.6191,72.9022],[-124.62,72.9024],[-124.6204,72.9026],[-124.6214,72.9028],[-124.6215,72.9028],[-124.6216,72.9029],[-124.6224,72.903],[-124.6227,72.9031],[-124.6227,72.9031],[-124.6233,72.9033],[-124.6241,72.9034],[-124.6256,72.903],[-124.6271,72.9027],[-124.631,72.9021],[-124.6337,72.9014],[-124.636,72.9013],[-124.639,72.9004],[-124.64,72.9001],[-124.6396,72.8997],[-124.6399,72.8994],[-124.6438,72.8984],[-124.6436,72.8981],[-124.6437,72.898],[-124.6441,72.8979],[-124.645,72.8979],[-124.6454,72.8978],[-124.6458,72.8977],[-124.6449,72.8975],[-124.6438,72.8972],[-124.6435,72.897],[-124.6436,72.8969],[-124.6442,72.8964],[-124.6451,72.8965],[-124.6457,72.8966],[-124.6467,72.8966],[-124.6482,72.8965],[-124.6485,72.8965],[-124.6489,72.8967],[-124.6495,72.8968],[-124.6513,72.897],[-124.6514,72.897],[-124.6515,72.8971],[-124.6514,72.8972],[-124.6507,72.8973],[-124.6497,72.8975],[-124.6484,72.8976],[-124.6468,72.8978],[-124.6465,72.8978],[-124.6462,72.898],[-124.6477,72.8979],[-124.6484,72.8978],[-124.6502,72.8976],[-124.6519,72.8973],[-124.6539,72.8972],[-124.657,72.8967],[-124.6586,72.8964],[-124.661,72.8964],[-124.6618,72.8967],[-124.6645,72.8963],[-124.6657,72.8959],[-124.6672,72.8958],[-124.6675,72.8957],[-124.6682,72.8956],[-124.67,72.8954],[-124.6715,72.8952],[-124.6728,72.895],[-124.6767,72.8942],[-124.6813,72.8931],[-124.6861,72.8921],[-124.6942,72.8908],[-124.6991,72.8901],[-124.7052,72.8897],[-124.7098,72.8894],[-124.7134,72.8891],[-124.7164,72.8891],[-124.7176,72.889],[-124.719,72.8887],[-124.7194,72.8885],[-124.7192,72.8882],[-124.7188,72.8881],[-124.7182,72.8881],[-124.717,72.8886],[-124.7161,72.8888],[-124.7154,72.8889],[-124.7146,72.8888],[-124.7146,72.8885],[-124.7157,72.8882],[-124.7178,72.8879],[-124.7201,72.8876],[-124.7223,72.8877],[-124.7248,72.8877],[-124.7289,72.8881],[-124.7304,72.8881],[-124.7311,72.888],[-124.7313,72.8878],[-124.7312,72.8876],[-124.7307,72.8875],[-124.7303,72.8874],[-124.7305,72.8873],[-124.7313,72.8871],[-124.7324,72.8867],[-124.7328,72.8864],[-124.7332,72.8859],[-124.7341,72.8852],[-124.7345,72.8847],[-124.7344,72.8844],[-124.7336,72.8841],[-124.7314,72.8836],[-124.7288,72.8829],[-124.7284,72.8825],[-124.7286,72.8823],[-124.7293,72.8823],[-124.7297,72.8823],[-124.7299,72.8823],[-124.7301,72.8822],[-124.7301,72.8821],[-124.7297,72.8817],[-124.73,72.8816],[-124.7303,72.8816],[-124.7306,72.8816],[-124.7313,72.8818],[-124.7319,72.882],[-124.733,72.8822],[-124.7339,72.8825],[-124.7346,72.8827],[-124.7353,72.8828],[-124.7358,72.8829],[-124.7374,72.8829],[-124.7381,72.883],[-124.7384,72.8831],[-124.739,72.8832],[-124.7393,72.8833],[-124.7415,72.8834],[-124.7418,72.8834],[-124.7419,72.8834],[-124.7417,72.8832],[-124.742,72.883],[-124.7425,72.8828],[-124.7427,72.8827],[-124.7427,72.8825],[-124.7424,72.8822],[-124.7425,72.8821],[-124.7429,72.882],[-124.7432,72.882],[-124.7438,72.8822],[-124.7437,72.8825],[-124.7432,72.8832],[-124.7432,72.8836],[-124.7437,72.8838],[-124.7444,72.8838],[-124.7458,72.8839],[-124.746,72.8841],[-124.7458,72.8843],[-124.7433,72.8844],[-124.7422,72.8845],[-124.7414,72.8847],[-124.7406,72.8852],[-124.7405,72.8855],[-124.7409,72.8866],[-124.7408,72.8868],[-124.7403,72.8869],[-124.7399,72.8867],[-124.7398,72.8864],[-124.7395,72.8861],[-124.7389,72.8862],[-124.7387,72.8862],[-124.7386,72.8864],[-124.7389,72.8867],[-124.7395,72.8871],[-124.7408,72.8879],[-124.7417,72.8886],[-124.7417,72.8892],[-124.7413,72.8901],[-124.7413,72.8906],[-124.7417,72.8913],[-124.7433,72.893],[-124.7429,72.8942],[-124.7428,72.8953],[-124.7436,72.8959],[-124.7444,72.8961],[-124.7451,72.8961],[-124.7456,72.896],[-124.7461,72.8959],[-124.7469,72.8959],[-124.749,72.8961],[-124.7544,72.8965],[-124.7552,72.8967],[-124.7555,72.8969],[-124.755,72.8971],[-124.7542,72.8972],[-124.7496,72.8973],[-124.7453,72.8973],[-124.7422,72.897],[-124.74,72.8968],[-124.7387,72.8967],[-124.7383,72.8966],[-124.7383,72.8962],[-124.7377,72.8962],[-124.7367,72.8963],[-124.7362,72.8964],[-124.7357,72.8965],[-124.7349,72.8965],[-124.7336,72.8963],[-124.7322,72.8961],[-124.7315,72.8961],[-124.7313,72.8963],[-124.7317,72.8965],[-124.7378,72.8973],[-124.7449,72.8976],[-124.7493,72.8976],[-124.7604,72.8975],[-124.7651,72.8973],[-124.7724,72.8967],[-124.7783,72.896],[-124.7832,72.8953],[-124.7923,72.8935],[-124.797,72.8926],[-124.8003,72.8921],[-124.803,72.8916],[-124.8095,72.8903],[-124.8133,72.8894],[-124.8161,72.8886],[-124.8185,72.888],[-124.8201,72.8869],[-124.8221,72.886],[-124.8243,72.8855],[-124.83,72.8844],[-124.8321,72.8837],[-124.8331,72.8835],[-124.8352,72.8834],[-124.8359,72.8833],[-124.8363,72.8832],[-124.8366,72.883],[-124.8367,72.8828],[-124.8366,72.8827],[-124.8363,72.8825],[-124.836,72.8824],[-124.8353,72.8823],[-124.8362,72.8817],[-124.8365,72.8816],[-124.837,72.8815],[-124.8383,72.8813],[-124.8398,72.8815],[-124.8414,72.8819],[-124.8426,72.8822],[-124.8439,72.8827],[-124.845,72.883],[-124.8456,72.8831],[-124.8469,72.883],[-124.8485,72.8828],[-124.8489,72.8828],[-124.849,72.8828],[-124.8491,72.8829],[-124.8478,72.8836],[-124.8459,72.8841],[-124.845,72.8845],[-124.8442,72.8846],[-124.8439,72.8847],[-124.8435,72.8846],[-124.8431,72.8845],[-124.8424,72.8844],[-124.842,72.8845],[-124.8419,72.8849],[-124.8431,72.8855],[-124.8436,72.886],[-124.8437,72.8865],[-124.8433,72.8871],[-124.8438,72.8868],[-124.8441,72.8868],[-124.8442,72.8869],[-124.8442,72.8877],[-124.8446,72.8883],[-124.8445,72.8885],[-124.8443,72.8886],[-124.8441,72.8886],[-124.8435,72.8885],[-124.8432,72.8884],[-124.8431,72.8883],[-124.843,72.888],[-124.843,72.8877],[-124.8412,72.8878],[-124.8406,72.8879],[-124.8399,72.8881],[-124.8394,72.8882],[-124.8386,72.8882],[-124.8382,72.8883],[-124.8382,72.8885],[-124.839,72.8888],[-124.8403,72.8889],[-124.8446,72.8892],[-124.8501,72.8895],[-124.855,72.8896],[-124.8601,72.8894],[-124.8647,72.889],[-124.8693,72.8886],[-124.8731,72.8881],[-124.8785,72.8873],[-124.8842,72.8862],[-124.8897,72.8851],[-124.895,72.884],[-124.8992,72.8829],[-124.9019,72.8822],[-124.9043,72.8816],[-124.9092,72.8801],[-124.9167,72.8788],[-124.9207,72.8778],[-124.9214,72.8774],[-124.9216,72.8771],[-124.9219,72.8764],[-124.9219,72.8759],[-124.9221,72.8753],[-124.9224,72.875],[-124.923,72.8745],[-124.9238,72.874],[-124.9257,72.873],[-124.9298,72.8716],[-124.9327,72.8708],[-124.9353,72.8705],[-124.9406,72.8705],[-124.945,72.8709],[-124.9455,72.8709],[-124.9475,72.8714],[-124.9485,72.8716],[-124.9511,72.8725],[-124.9527,72.8732],[-124.9529,72.8736],[-124.9527,72.874],[-124.9531,72.8744],[-124.955,72.875],[-124.9553,72.875],[-124.9568,72.8752],[-124.9654,72.8752],[-124.9672,72.8753],[-124.9708,72.8755],[-124.9742,72.8755],[-124.9787,72.8755],[-124.9818,72.8757],[-124.985,72.876],[-124.9854,72.8761],[-124.986,72.8762],[-124.9869,72.8764],[-124.9876,72.8764],[-124.9894,72.8766],[-124.9935,72.8773],[-124.9941,72.8774],[-124.9952,72.8776],[-124.9961,72.8778],[-124.9973,72.8778],[-124.9979,72.8778],[-124.9986,72.878],[-125.0,72.8784],[-125.0018,72.879],[-125.0026,72.8792],[-125.0036,72.8793],[-125.006,72.8794],[-125.0092,72.8795],[-125.0116,72.8794],[-125.0147,72.8793],[-125.0173,72.879],[-125.0183,72.879],[-125.0187,72.879],[-125.0202,72.8789],[-125.0212,72.8788],[-125.0218,72.8787],[-125.0217,72.8784],[-125.0212,72.8781],[-125.0197,72.878],[-125.0192,72.8783],[-125.0188,72.8783],[-125.0183,72.8783],[-125.0178,72.8785],[-125.0176,72.8786],[-125.0169,72.8787],[-125.0167,72.8787],[-125.0165,72.8787],[-125.0164,72.8786],[-125.0164,72.8785],[-125.0163,72.8784],[-125.0162,72.8781],[-125.016,72.878],[-125.0158,72.8778],[-125.0156,72.8776],[-125.0151,72.8774],[-125.0144,72.8771],[-125.0141,72.8771],[-125.0139,72.877],[-125.0136,72.8767],[-125.0134,72.8767],[-125.0123,72.8765],[-125.011,72.8763],[-125.0101,72.876],[-125.0099,72.876],[-125.0088,72.8756],[-125.0074,72.8754],[-125.0069,72.8751],[-125.0066,72.8751],[-125.006,72.8748],[-125.0057,72.8747],[-125.0054,72.8746],[-125.0051,72.8745],[-125.0048,72.8745],[-125.0045,72.8746],[-125.0039,72.8748],[-125.0036,72.8749],[-125.0032,72.8749],[-125.0027,72.8748],[-125.0016,72.8745],[-125.0004,72.8743],[-125.0,72.8741],[-124.9991,72.8737],[-124.9987,72.8736],[-124.9981,72.8733],[-124.9961,72.872],[-124.9961,72.8719],[-124.9968,72.8717],[-124.997,72.8715],[-124.997,72.8714],[-124.9968,72.8713],[-124.9965,72.8712],[-124.9962,72.8713],[-124.9961,72.8714],[-124.9962,72.8716],[-124.996,72.8717],[-124.9959,72.8717],[-124.9956,72.8717],[-124.9954,72.8716],[-124.9954,72.8715],[-124.9951,72.8714],[-124.9947,72.8713],[-124.9944,72.8711],[-124.9941,72.8708],[-124.9942,72.8707],[-124.9946,72.8706],[-124.9955,72.8707],[-124.996,72.8706],[-124.9971,72.8703],[-124.9973,72.8703],[-124.9976,72.8703],[-124.9976,72.8704],[-124.9973,72.8706],[-124.9969,72.8707],[-124.9966,72.8708],[-124.9964,72.8709],[-124.9966,72.871],[-124.997,72.871],[-124.9972,72.8709],[-124.9973,72.8708],[-124.9978,72.8706],[-124.9984,72.8705],[-124.999,72.8703],[-124.9995,72.8702],[-125.0,72.8701],[-125.0016,72.8699],[-125.0028,72.8698],[-125.003,72.8698],[-125.0032,72.8698],[-125.0033,72.8699],[-125.0035,72.8701],[-125.0038,72.8702],[-125.004,72.8703],[-125.0057,72.8702],[-125.0063,72.8702],[-125.0068,72.8703],[-125.0075,72.8704],[-125.0078,72.8705],[-125.0088,72.8707],[-125.0092,72.8707],[-125.0099,72.8707],[-125.0105,72.8708],[-125.0107,72.8709],[-125.0109,72.8711],[-125.0111,72.8712],[-125.012,72.8712],[-125.0127,72.8712],[-125.0144,72.8708],[-125.0162,72.8706],[-125.0173,72.8703],[-125.0178,72.8702],[-125.0185,72.8698],[-125.0194,72.8696],[-125.0221,72.8689],[-125.0229,72.8689],[-125.0248,72.8688],[-125.0265,72.8686],[-125.0268,72.8686],[-125.0278,72.8686],[-125.0308,72.8683],[-125.0318,72.8683],[-125.0327,72.8683],[-125.0344,72.8683],[-125.0351,72.8683],[-125.0358,72.8684],[-125.0362,72.8685],[-125.0376,72.8685],[-125.0392,72.8686],[-125.0403,72.8686],[-125.0412,72.8687],[-125.0421,72.8689],[-125.0426,72.869],[-125.0429,72.869],[-125.0444,72.8692],[-125.0447,72.8695],[-125.0447,72.8699],[-125.0445,72.8711],[-125.044,72.8718],[-125.0435,72.872],[-125.0434,72.8722],[-125.0435,72.8725],[-125.0437,72.8728],[-125.0436,72.8729],[-125.044,72.8736],[-125.044,72.8737],[-125.0438,72.8739],[-125.0432,72.8743],[-125.043,72.8744],[-125.0425,72.875],[-125.0428,72.8772],[-125.0432,72.8778],[-125.043,72.8786],[-125.042,72.8804],[-125.0416,72.8817],[-125.0411,72.8824],[-125.0402,72.8827],[-125.0402,72.8828],[-125.0398,72.883],[-125.0391,72.8832],[-125.037,72.8835],[-125.0362,72.8835],[-125.0356,72.8835],[-125.0344,72.8839],[-125.0335,72.8843],[-125.0336,72.8849],[-125.0343,72.8862],[-125.0355,72.8871],[-125.036,72.8873],[-125.0366,72.8874],[-125.0372,72.8877],[-125.0381,72.888],[-125.0382,72.8881],[-125.0381,72.8882],[-125.0379,72.8883],[-125.0375,72.8882],[-125.0357,72.8879],[-125.0351,72.8878],[-125.0334,72.8876],[-125.0331,72.8875],[-125.0329,72.8874],[-125.033,72.8873],[-125.0327,72.8872],[-125.0317,72.887],[-125.0312,72.887],[-125.0307,72.8869],[-125.0305,72.8869],[-125.0302,72.8865],[-125.03,72.8864],[-125.0295,72.8864],[-125.0287,72.8862],[-125.0279,72.886],[-125.0268,72.8855],[-125.026,72.8855],[-125.0256,72.8858],[-125.0255,72.8861],[-125.0257,72.8864],[-125.0254,72.887],[-125.0259,72.8873],[-125.0268,72.8875],[-125.0284,72.8877],[-125.0306,72.888],[-125.0331,72.8882],[-125.0359,72.8885],[-125.0374,72.8885],[-125.0394,72.8886],[-125.04,72.8887],[-125.0407,72.8887],[-125.0418,72.8889],[-125.0439,72.889],[-125.045,72.8891],[-125.0458,72.8891],[-125.0492,72.8892],[-125.0503,72.8892],[-125.0519,72.8893],[-125.0523,72.8893],[-125.0547,72.8893],[-125.0603,72.889],[-125.0616,72.8889],[-125.0669,72.8886],[-125.069,72.8884],[-125.07,72.8882],[-125.0702,72.8882],[-125.0746,72.8878],[-125.0758,72.8877],[-125.0769,72.8875],[-125.0792,72.8872],[-125.0801,72.8871],[-125.0822,72.8869],[-125.0844,72.8866],[-125.0856,72.8864],[-125.0873,72.8862],[-125.0917,72.8855],[-125.0934,72.8851],[-125.0948,72.8849],[-125.0993,72.884],[-125.1015,72.8835],[-125.1034,72.883],[-125.104,72.8828],[-125.1063,72.8822],[-125.1077,72.8818],[-125.1083,72.8816],[-125.1095,72.8813],[-125.1129,72.8802],[-125.1136,72.88]]},"properties":{}},{"type":"Feature","geometry":{"type":"LineString","coordinates":[[-125.1634,72.6114],[-125.1627,72.6108],[-125.1621,72.6102],[-125.1605,72.6088],[-125.1603,72.6086],[-125.159,72.608],[-125.1578,72.6073],[-125.1564,72.6063],[-125.1544,72.6053],[-125.152,72.6046],[-125.1495,72.6038],[-125.1472,72.6031],[-125.1437,72.6026],[-125.1404,72.602],[-125.134,72.6012],[-125.1308,72.6011],[-125.1293,72.6009],[-125.1281,72.6008],[-125.1267,72.6009],[-125.1267,72.6012],[-125.1275,72.6015],[-125.1292,72.6019],[-125.1292,72.6019],[-125.1298,72.6021],[-125.1307,72.6022],[-125.131,72.6024],[-125.132,72.6024],[-125.1361,72.6028],[-125.1369,72.6029],[-125.1383,72.6029],[-125.1385,72.6029],[-125.1409,72.6035],[-125.1429,72.6042],[-125.1435,72.6043],[-125.145,72.6044],[-125.1465,72.6044],[-125.1482,72.6048],[-125.1493,72.6049],[-125.15,72.6051],[-125.1504,72.6051],[-125.1532,72.6064],[-125.1549,72.6069],[-125.1555,72.6077],[-125.1559,72.6086],[-125.1553,72.6093],[-125.1549,72.6095],[-125.1536,72.61],[-125.1527,72.6105],[-125.152,72.6108],[-125.1515,72.611],[-125.1512,72.6113],[-125.15,72.6116],[-125.1493,72.6118],[-125.149,72.612],[-125.1482,72.6123],[-125.1478,72.6126],[-125.1473,72.6127],[-125.1468,72.613],[-125.1461,72.6132],[-125.1448,72.6138],[-125.144,72.6141],[-125.143,72.6146],[-125.1427,72.615],[-125.1412,72.6159],[-125.1412,72.6162],[-125.1418,72.6165],[-125.1423,72.6166],[-125.1432,72.6167],[-125.1451,72.6174],[-125.1448,72.6181],[-125.1439,72.6186],[-125.1425,72.6189],[-125.1408,72.6192],[-125.14,72.6192],[-125.1397,72.6192],[-125.1383,72.6191],[-125.1381,72.619],[-125.1378,72.6189],[-125.137,72.6188],[-125.137,72.6188],[-125.1373,72.6186],[-125.1374,72.6185],[-125.1374,72.6183],[-125.1375,72.6183],[-125.1376,72.6183],[-125.1378,72.6184],[-125.1381,72.6184],[-125.1389,72.6184],[-125.1394,72.6185],[-125.1396,72.6185],[-125.1397,72.6185],[-125.1395,72.6184],[-125.1388,72.6182],[-125.1376,72.618],[-125.1369,72.618],[-125.1355,72.618],[-125.1343,72.6181],[-125.1334,72.6182],[-125.1321,72.6181],[-125.1304,72.6178],[-125.1293,72.6178],[-125.1278,72.618],[-125.1265,72.6182],[-125.1267,72.6185],[-125.1285,72.6189],[-125.1298,72.6194],[-125.1319,72.6199],[-125.1337,72.6202],[-125.1376,72.6207],[-125.1391,72.6208],[-125.1407,72.6208],[-125.1441,72.6204],[-125.1507,72.6193],[-125.1536,72.6187],[-125.1563,72.6178],[-125.1598,72.6164],[-125.1621,72.615],[-125.1628,72.6141],[-125.1632,72.6139],[-125.1635,72.613],[-125.1634,72.6114]]},"properties":{}},{"type":"Feature","geometry":{"type":"LineString","coordinates":[[-125.097,72.8536],[-125.0958,72.8533],[-125.0923,72.8532],[-125.091,72.8533],[-125.0894,72.8534],[-125.0874,72.8533],[-125.0867,72.8532],[-125.0843,72.8529],[-125.0819,72.8526],[-125.078,72.852],[-125.0744,72.8514],[-125.0725,72.851],[-125.0705,72.8506],[-125.0689,72.8502],[-125.0679,72.8499],[-125.0653,72.8492],[-125.0626,72.8486],[-125.0609,72.848],[-125.0558,72.8466],[-125.0523,72.8456],[-125.0478,72.844],[-125.0424,72.8415],[-125.0411,72.8408],[-125.0407,72.8407],[-125.0382,72.8391],[-125.0357,72.8372],[-125.0334,72.8354],[-125.0321,72.8345],[-125.0315,72.8336],[-125.031,72.833],[-125.0308,72.8326],[-125.0296,72.8308],[-125.0287,72.8283],[-125.0284,72.8263],[-125.0303,72.8229],[-125.0305,72.8225],[-125.0305,72.8223],[-125.0312,72.8216],[-125.0314,72.8212],[-125.0317,72.8209],[-125.0319,72.8205],[-125.0318,72.8199],[-125.0321,72.8192],[-125.0321,72.8183],[-125.0324,72.8177],[-125.0324,72.8171],[-125.0326,72.8166],[-125.0326,72.8162],[-125.0323,72.8133],[-125.0322,72.8131],[-125.032,72.8123],[-125.0314,72.8107],[-125.0313,72.8106],[-125.0313,72.8103],[-125.0309,72.8097],[-125.0303,72.8088],[-125.0299,72.8084],[-125.0287,72.8075],[-125.028,72.8071],[-125.0267,72.806],[-125.0262,72.8054],[-125.0253,72.8049],[-125.025,72.8046],[-125.0247,72.8045],[-125.0226,72.8028],[-125.0219,72.8023],[-125.0201,72.8012],[-125.0182,72.8],[-125.0168,72.7985],[-125.0159,72.7969],[-125.0158,72.7953],[-125.0155,72.794],[-125.0151,72.7935],[-125.0153,72.793],[-125.0152,72.7917],[-125.0147,72.7905],[-125.0147,72.7904],[-125.0146,72.79],[-125.0141,72.7892],[-125.0125,72.7877],[-125.0082,72.7847],[-125.0069,72.7841],[-125.0055,72.7835],[-125.0046,72.783],[-125.0026,72.7815],[-125.0,72.7799],[-124.9976,72.7789],[-124.9967,72.7783],[-124.9947,72.7778],[-124.9923,72.7777],[-124.9909,72.7778],[-124.9917,72.7781],[-124.9917,72.7786],[-124.9906,72.7789],[-124.9905,72.7791],[-124.9939,72.7791],[-124.9963,72.7796],[-124.9971,72.7802],[-124.9974,72.7806],[-125.0,72.7814],[-125.0002,72.7815],[-125.0012,72.7819],[-125.0012,72.7819],[-125.0008,72.782],[-125.0,72.7818],[-124.9993,72.7816],[-124.9978,72.7811],[-124.9952,72.7801],[-124.994,72.78],[-124.9917,72.7799],[-124.9896,72.7801],[-124.9881,72.7804],[-124.9878,72.7807],[-124.987,72.7808],[-124.986,72.7809],[-124.9852,72.7808],[-124.9837,72.7806],[-124.9806,72.7799],[-124.9801,72.7795],[-124.9812,72.7793],[-124.983,72.7794],[-124.9817,72.7782],[-124.9792,72.7763],[-124.9774,72.7759],[-124.9733,72.7755],[-124.9699,72.7756],[-124.9685,72.7756],[-124.9665,72.7754],[-124.9661,72.7752],[-124.9667,72.7749],[-124.9691,72.7744],[-124.9723,72.7736],[-124.9742,72.7732],[-124.9751,72.7731],[-124.9756,72.7727],[-124.976,72.7722],[-124.9766,72.772],[-124.9774,72.7719],[-124.9786,72.7724],[-124.9806,72.7727],[-124.9814,72.7736],[-124.9828,72.7743],[-124.9835,72.7749],[-124.9834,72.7755],[-124.983,72.7759],[-124.9831,72.776],[-124.9838,72.776],[-124.9845,72.7759],[-124.985,72.7754],[-124.982,72.7721],[-124.9806,72.7711],[-124.979,72.77],[-124.9776,72.7687],[-124.9749,72.7668],[-124.9744,72.7666],[-124.9728,72.7656],[-124.9714,72.7649],[-124.9704,72.7641],[-124.9687,72.7631],[-124.966,72.7611],[-124.9648,72.7604],[-124.9642,72.7599],[-124.9636,72.7594],[-124.9625,72.7585],[-124.9623,72.7581],[-124.9615,72.7573],[-124.9614,72.7567],[-124.9612,72.7562],[-124.9611,72.7557],[-124.9609,72.7553],[-124.9611,72.7548],[-124.9609,72.7541],[-124.9604,72.7533],[-124.9598,72.7525],[-124.9598,72.7508],[-124.96,72.75],[-124.9598,72.7489],[-124.9601,72.7482],[-124.9602,72.7477],[-124.9604,72.7472],[-124.9612,72.7464],[-124.9613,72.7459],[-124.962,72.7452],[-124.9626,72.7441],[-124.9626,72.7435],[-124.9639,72.7418],[-124.9644,72.7411],[-124.9652,72.7407],[-124.9657,72.7397],[-124.9662,72.7393],[-124.9666,72.739],[-124.9674,72.7383],[-124.9681,72.7373],[-124.9692,72.7363],[-124.9693,72.7363],[-124.9694,72.7362],[-124.9737,72.7342],[-124.9791,72.7321],[-124.9921,72.729],[-124.9926,72.7289],[-124.9932,72.7289],[-124.9939,72.7287],[-124.9941,72.7287],[-124.9954,72.7284],[-124.9966,72.728],[-124.9976,72.7277],[-125.0,72.7267],[-125.0018,72.7262],[-125.0043,72.7253],[-125.0061,72.7249],[-125.0087,72.7241],[-125.0096,72.7237],[-125.0112,72.7223],[-125.0114,72.7217],[-125.012,72.7205],[-125.0125,72.7201],[-125.0122,72.7187],[-125.0117,72.7181],[-125.0107,72.717],[-125.01,72.7165],[-125.0093,72.7161],[-125.0094,72.7158],[-125.0079,72.7151],[-125.0065,72.7145],[-125.0059,72.7141],[-125.0056,72.7136],[-125.0049,72.7134],[-125.0035,72.7128],[-125.0031,72.7126],[-125.002,72.7121],[-125.0009,72.7116],[-125.0,72.7115],[-124.9993,72.711],[-124.9992,72.7109],[-124.9974,72.7104],[-124.9957,72.7098],[-124.9947,72.7096],[-124.9933,72.7091],[-124.9925,72.7088],[-124.9901,72.708],[-124.9873,72.7067],[-124.9865,72.7063],[-124.9861,72.706],[-124.9848,72.7056],[-124.9831,72.705],[-124.9825,72.7046],[-124.9823,72.7044],[-124.9814,72.7041],[-124.9808,72.704],[-124.9795,72.7037],[-124.979,72.7035],[-124.9783,72.7033],[-124.9777,72.7031],[-124.9735,72.7019],[-124.9722,72.7018],[-124.9715,72.7018],[-124.9715,72.7019],[-124.9721,72.7022],[-124.9726,72.7024],[-124.9727,72.7026],[-124.9726,72.7026],[-124.9729,72.703],[-124.973,72.7031],[-124.9733,72.7033],[-124.9735,72.7034],[-124.9741,72.7036],[-124.9745,72.7037],[-124.9753,72.704],[-124.9756,72.7041],[-124.9763,72.7041],[-124.9766,72.7042],[-124.977,72.7043],[-124.9784,72.7045],[-124.9785,72.7046],[-124.9789,72.7048],[-124.9792,72.7048],[-124.9797,72.7049],[-124.9801,72.7049],[-124.9804,72.7049],[-124.9809,72.705],[-124.9815,72.7051],[-124.983,72.7056],[-124.9831,72.7057],[-124.9832,72.7058],[-124.983,72.7059],[-124.9831,72.7061],[-124.9833,72.7061],[-124.9837,72.7061],[-124.9839,72.7061],[-124.984,72.7062],[-124.9841,72.7063],[-124.9846,72.7063],[-124.9849,72.7064],[-124.9849,72.7065],[-124.9849,72.7065],[-124.9844,72.7066],[-124.9843,72.7066],[-124.9844,72.7072],[-124.9846,72.7074],[-124.9849,72.7076],[-124.9851,72.7077],[-124.9853,72.7078],[-124.9852,72.7078],[-124.985,72.7078],[-124.9845,72.7077],[-124.9837,72.7073],[-124.9834,72.7073],[-124.9831,72.7073],[-124.983,72.7074],[-124.9835,72.7077],[-124.9835,72.7077],[-124.9834,72.7078],[-124.9837,72.708],[-124.9845,72.7081],[-124.9852,72.7084],[-124.9856,72.7085],[-124.9862,72.7087],[-124.987,72.7089],[-124.9876,72.7092],[-124.9877,72.7092],[-124.9878,72.7092],[-124.988,72.7094],[-124.9888,72.7097],[-124.9889,72.7099],[-124.9906,72.7102],[-124.9909,72.7103],[-124.9918,72.7104],[-124.9924,72.7105],[-124.9933,72.7107],[-124.9949,72.7109],[-124.9956,72.711],[-124.9963,72.7113],[-124.9965,72.7114],[-124.9968,72.7117],[-124.9974,72.712],[-124.998,72.7121],[-124.9983,72.7124],[-124.9991,72.7127],[-124.9996,72.7128],[-124.9996,72.7129],[-124.9999,72.713],[-125.0,72.7131],[-125.0004,72.7131],[-125.0007,72.7132],[-125.0011,72.7134],[-125.0017,72.7136],[-125.0031,72.7138],[-125.0033,72.7139],[-125.0041,72.714],[-125.0046,72.7141],[-125.0053,72.7145],[-125.0056,72.7147],[-125.0057,72.715],[-125.0053,72.7153],[-125.0049,72.7153],[-125.0042,72.7155],[-125.0031,72.7155],[-125.0023,72.7155],[-125.0,72.7156],[-124.9992,72.7156],[-124.9991,72.7155],[-124.9993,72.7153],[-124.9991,72.7153],[-124.9989,72.7153],[-124.9972,72.716],[-124.9963,72.7161],[-124.9937,72.7165],[-124.9931,72.7166],[-124.9925,72.7167],[-124.9916,72.7168],[-124.9911,72.7169],[-124.9899,72.7169],[-124.9892,72.717],[-124.9885,72.7169],[-124.9883,72.7169],[-124.9869,72.7169],[-124.9861,72.7168],[-124.9859,72.7168],[-124.9851,72.7167],[-124.9844,72.7168],[-124.9838,72.7168],[-124.9836,72.7168],[-124.9831,72.7166],[-124.9824,72.7167],[-124.9804,72.7168],[-124.9787,72.7167],[-124.9772,72.7166],[-124.9768,72.7166],[-124.9755,72.7162],[-124.9751,72.7161],[-124.9745,72.7157],[-124.9741,72.7156],[-124.9731,72.7153],[-124.9726,72.7152],[-124.9722,72.7151],[-124.9715,72.7152],[-124.9707,72.7153],[-124.97,72.7154],[-124.9685,72.7156],[-124.9678,72.7157],[-124.9666,72.7159],[-124.9657,72.7159],[-124.9652,72.716],[-124.9646,72.7161],[-124.9638,72.7161],[-124.9635,72.7161],[-124.9628,72.7161],[-124.9621,72.7161],[-124.9618,72.7162],[-124.9621,72.7165],[-124.9621,72.7165],[-124.9615,72.7167],[-124.9607,72.7168],[-124.96,72.7168],[-124.9587,72.7171],[-124.9578,72.7171],[-124.9547,72.7171],[-124.9545,72.7171],[-124.954,72.7171],[-124.9526,72.717],[-124.9516,72.7169],[-124.9507,72.7166],[-124.9505,72.7166],[-124.9491,72.7165],[-124.9484,72.7165],[-124.9482,72.7165],[-124.9466,72.7168],[-124.9461,72.7168],[-124.9457,72.7168],[-124.9453,72.7167],[-124.9446,72.7166],[-124.9438,72.7166],[-124.9432,72.7166],[-124.9428,72.7167],[-124.9425,72.7167],[-124.9417,72.7165],[-124.9412,72.7164],[-124.941,72.7164],[-124.9408,72.7163],[-124.9383,72.7159],[-124.9374,72.7155],[-124.9371,72.7153],[-124.9356,72.7145],[-124.9353,72.7142],[-124.9354,72.7136],[-124.9352,72.7133],[-124.9351,72.7133],[-124.9346,72.7132],[-124.9336,72.7133],[-124.933,72.7134],[-124.9323,72.7134],[-124.931,72.7133],[-124.9306,72.7132],[-124.93,72.7133],[-124.9297,72.7133],[-124.9281,72.7139],[-124.9266,72.7145],[-124.9261,72.7147],[-124.9254,72.7148],[-124.9249,72.7149],[-124.9247,72.715],[-124.9248,72.7151],[-124.9253,72.7151],[-124.9252,72.7153],[-124.925,72.7154],[-124.9248,72.7155],[-124.9246,72.7155],[-124.9244,72.7154],[-124.924,72.7151],[-124.9237,72.7151],[-124.9234,72.7151],[-124.9228,72.7151],[-124.9219,72.7152],[-124.9205,72.7151],[-124.9188,72.7151],[-124.9146,72.715],[-124.9135,72.715],[-124.913,72.715],[-124.9124,72.7148],[-124.9116,72.7147],[-124.9111,72.7147],[-124.9104,72.7145],[-124.9099,72.7144],[-124.9097,72.7143],[-124.9091,72.7144],[-124.9087,72.7146],[-124.9085,72.7147],[-124.908,72.7147],[-124.9076,72.7147],[-124.9071,72.7147],[-124.9045,72.7152],[-124.9028,72.7154],[-124.9014,72.7153],[-124.9007,72.7154],[-124.9004,72.7154],[-124.9002,72.7154],[-124.8987,72.7149],[-124.8984,72.7149],[-124.8974,72.7148],[-124.8969,72.7148],[-124.8962,72.715],[-124.896,72.715],[-124.8958,72.7149],[-124.8957,72.7147],[-124.895,72.7145],[-124.8952,72.7144],[-124.8961,72.7145],[-124.8981,72.7145],[-124.8985,72.7144],[-124.8985,72.7144],[-124.8982,72.7143],[-124.8977,72.7142],[-124.8964,72.714],[-124.8945,72.7138],[-124.8943,72.7137],[-124.8935,72.7138],[-124.8926,72.7139],[-124.8919,72.714],[-124.8907,72.7141],[-124.8898,72.7143],[-124.8891,72.7144],[-124.8883,72.7145],[-124.8873,72.7146],[-124.8871,72.7146],[-124.8871,72.7146],[-124.8875,72.7144],[-124.8882,72.7142],[-124.8885,72.7141],[-124.889,72.7141],[-124.8897,72.714],[-124.8901,72.7139],[-124.8905,72.7138],[-124.8914,72.7136],[-124.8919,72.7135],[-124.8921,72.7135],[-124.8922,72.7134],[-124.8921,72.7134],[-124.8914,72.7132],[-124.8911,72.7132],[-124.8912,72.7131],[-124.8914,72.7131],[-124.8937,72.713],[-124.8946,72.7131],[-124.895,72.7132],[-124.8963,72.7134],[-124.9008,72.7142],[-124.9017,72.7143],[-124.902,72.7143],[-124.9021,72.7142],[-124.9021,72.7142],[-124.9013,72.714],[-124.9015,72.714],[-124.9026,72.714],[-124.9037,72.7138],[-124.9043,72.7138],[-124.9046,72.7137],[-124.9058,72.7136],[-124.9064,72.7135],[-124.9071,72.7132],[-124.9072,72.7131],[-124.9072,72.713],[-124.907,72.7128],[-124.9064,72.7127],[-124.9062,72.7125],[-124.9061,72.7122],[-124.906,72.7118],[-124.9061,72.7116],[-124.9063,72.7116],[-124.9065,72.7116],[-124.9068,72.7117],[-124.9072,72.712],[-124.9073,72.712],[-124.9076,72.712],[-124.9079,72.7116],[-124.9078,72.7115],[-124.9075,72.7113],[-124.907,72.7112],[-124.9067,72.711],[-124.9067,72.7109],[-124.9071,72.7109],[-124.9082,72.7112],[-124.9083,72.7113],[-124.9085,72.7119],[-124.9085,72.7121],[-124.9084,72.7123],[-124.9086,72.7127],[-124.9091,72.713],[-124.9099,72.7131],[-124.9103,72.7131],[-124.9111,72.713],[-124.9125,72.7129],[-124.9147,72.7129],[-124.9157,72.7128],[-124.9163,72.7128],[-124.9175,72.7124],[-124.918,72.7123],[-124.9204,72.7122],[-124.9218,72.712],[-124.9234,72.712],[-124.9238,72.7119],[-124.9239,72.7117],[-124.924,72.7117],[-124.9244,72.7116],[-124.9251,72.7115],[-124.9269,72.7114],[-124.9283,72.7113],[-124.9295,72.7113],[-124.9308,72.7114],[-124.9316,72.7114],[-124.9324,72.7115],[-124.933,72.7112],[-124.9333,72.7112],[-124.9338,72.7112],[-124.936,72.7112],[-124.9373,72.7111],[-124.9378,72.7112],[-124.9381,72.7113],[-124.9384,72.7113],[-124.9392,72.7113],[-124.9395,72.7113],[-124.9402,72.7114],[-124.9407,72.7113],[-124.9411,72.7112],[-124.942,72.7108],[-124.9423,72.7102],[-124.9424,72.7101],[-124.9426,72.71],[-124.9439,72.7097],[-124.9441,72.7096],[-124.9442,72.7095],[-124.9443,72.7094],[-124.9445,72.7094],[-124.9451,72.7096],[-124.9492,72.7096],[-124.9504,72.7095],[-124.9518,72.7095],[-124.9549,72.7095],[-124.9553,72.7096],[-124.9557,72.7096],[-124.9563,72.7097],[-124.9567,72.7097],[-124.9571,72.7097],[-124.9572,72.7097],[-124.9583,72.7096],[-124.9592,72.7094],[-124.9598,72.7093],[-124.9606,72.7093],[-124.9609,72.7094],[-124.9614,72.7094],[-124.9623,72.7094],[-124.9629,72.7092],[-124.963,72.7092],[-124.9641,72.7088],[-124.9657,72.7084],[-124.9676,72.708],[-124.9694,72.7077],[-124.9709,72.7075],[-124.972,72.7071],[-124.9722,72.707],[-124.9723,72.7068],[-124.9722,72.7066],[-124.9723,72.7064],[-124.9723,72.7063],[-124.9717,72.706],[-124.9717,72.7059],[-124.9711,72.7054],[-124.9703,72.7049],[-124.9699,72.7046],[-124.969,72.7041],[-124.9684,72.7036],[-124.9681,72.7033],[-124.968,72.7028],[-124.968,72.7025],[-124.9672,72.702],[-124.967,72.7017],[-124.967,72.7012],[-124.9675,72.7003],[-124.9674,72.7],[-124.9667,72.6992],[-124.9664,72.6986],[-124.9658,72.698],[-124.9653,72.6976],[-124.9628,72.6969],[-124.9616,72.6964],[-124.9607,72.6963],[-124.959,72.6958],[-124.9582,72.6954],[-124.9574,72.6949],[-124.9572,72.6943],[-124.9566,72.6938],[-124.9556,72.693],[-124.9551,72.6921],[-124.9544,72.6909],[-124.954,72.6905],[-124.9546,72.69],[-124.955,72.6899],[-124.9546,72.6892],[-124.9543,72.6881],[-124.9538,72.6875],[-124.9536,72.6872],[-124.9546,72.6866],[-124.9544,72.6866],[-124.9541,72.6865],[-124.9535,72.6864],[-124.9536,72.6863],[-124.9526,72.6862],[-124.9524,72.6861],[-124.9521,72.686],[-124.952,72.6859],[-124.9522,72.6857],[-124.9529,72.6855],[-124.9531,72.6855],[-124.9535,72.6856],[-124.954,72.6856],[-124.9543,72.6856],[-124.9546,72.6854],[-124.9547,72.6854],[-124.9551,72.6854],[-124.9551,72.6853],[-124.9549,72.6852],[-124.9548,72.6852],[-124.9549,72.6851],[-124.9554,72.685],[-124.9553,72.6849],[-124.9551,72.6848],[-124.9553,72.6847],[-124.9552,72.6845],[-124.9554,72.6844],[-124.9558,72.6844],[-124.9561,72.6839],[-124.9558,72.6838],[-124.9559,72.6837],[-124.9558,72.6835],[-124.9559,72.6834],[-124.9565,72.6834],[-124.957,72.6832],[-124.9571,72.683],[-124.9576,72.6828],[-124.9577,72.6827],[-124.9578,72.6823],[-124.9583,72.6822],[-124.9591,72.6818],[-124.9596,72.6814],[-124.9598,72.6811],[-124.9597,72.6807],[-124.9601,72.6804],[-124.9606,72.6801],[-124.9616,72.6801],[-124.9624,72.68],[-124.9633,72.6799],[-124.9629,72.6798],[-124.9627,72.6797],[-124.9621,72.6796],[-124.9618,72.6793],[-124.9609,72.6792],[-124.9608,72.6791],[-124.9608,72.6791],[-124.9611,72.679],[-124.9619,72.679],[-124.9622,72.679],[-124.9623,72.6789],[-124.9622,72.6787],[-124.9623,72.6784],[-124.9622,72.6783],[-124.9612,72.6781],[-124.9611,72.6781],[-124.9611,72.6781],[-124.962,72.6781],[-124.9622,72.6781],[-124.9623,72.678],[-124.9624,72.678],[-124.9627,72.6781],[-124.963,72.6782],[-124.9631,72.6784],[-124.9632,72.6786],[-124.9638,72.679],[-124.9644,72.6792],[-124.9654,72.6794],[-124.9655,72.6795],[-124.9656,72.6796],[-124.965,72.6797],[-124.9649,72.68],[-124.9652,72.6801],[-124.9666,72.6795],[-124.9671,72.6793],[-124.9679,72.679],[-124.9688,72.6788],[-124.9701,72.6785],[-124.9705,72.6783],[-124.9714,72.6779],[-124.9724,72.6777],[-124.9734,72.6775],[-124.9739,72.6773],[-124.9759,72.6767],[-124.9774,72.6765],[-124.9799,72.6761],[-124.982,72.6755],[-124.987,72.6744],[-124.9925,72.6735],[-124.9978,72.6728],[-124.9988,72.6726],[-125.0,72.6726],[-125.0012,72.6725],[-125.0031,72.6723],[-125.0047,72.6723],[-125.0063,72.6723],[-125.0099,72.6725],[-125.0115,72.6726],[-125.0122,72.6727],[-125.0135,72.6729],[-125.016,72.6735],[-125.0163,72.6736],[-125.0165,72.6738],[-125.0165,72.6739],[-125.0164,72.6739],[-125.0173,72.6741],[-125.0176,72.6746],[-125.0174,72.6752],[-125.0169,72.6756],[-125.017,72.6764],[-125.0169,72.6766],[-125.017,72.6766],[-125.017,72.6769],[-125.0163,72.6777],[-125.0155,72.6778],[-125.0146,72.6782],[-125.0144,72.6785],[-125.015,72.6789],[-125.0159,72.679],[-125.0166,72.6792],[-125.0176,72.6793],[-125.0187,72.6794],[-125.0195,72.6796],[-125.0203,72.6799],[-125.0218,72.6804],[-125.0248,72.6812],[-125.0282,72.6819],[-125.0294,72.6821],[-125.0313,72.6824],[-125.0323,72.6826],[-125.0333,72.6827],[-125.034,72.6827],[-125.0354,72.6827],[-125.0369,72.6828],[-125.0392,72.683],[-125.0414,72.6834],[-125.0432,72.6838],[-125.0447,72.6843],[-125.0448,72.6846],[-125.0447,72.685],[-125.0441,72.6853],[-125.0431,72.6856],[-125.0414,72.6858],[-125.0398,72.6858],[-125.0383,72.6858],[-125.0368,72.6856],[-125.0357,72.6853],[-125.0344,72.6853],[-125.0316,72.6854],[-125.0312,72.6855],[-125.0311,72.6858],[-125.0315,72.686],[-125.0324,72.6861],[-125.0341,72.6861],[-125.036,72.6861],[-125.0362,72.6861],[-125.0371,72.6861],[-125.0377,72.6861],[-125.0399,72.6861],[-125.0421,72.6861],[-125.0437,72.6859],[-125.0447,72.6858],[-125.0453,72.6858],[-125.0476,72.6854],[-125.0498,72.685],[-125.0507,72.6849],[-125.0512,72.6847],[-125.0528,72.6844],[-125.0546,72.684],[-125.0569,72.6837],[-125.0596,72.6834],[-125.0604,72.683],[-125.0645,72.6818],[-125.0681,72.6804],[-125.07,72.6793],[-125.0717,72.6782],[-125.0724,72.6772],[-125.0728,72.6766],[-125.0727,72.6765],[-125.0728,72.6762],[-125.0725,72.6757],[-125.072,72.6755],[-125.0714,72.6753],[-125.0709,72.6752],[-125.0703,72.6754],[-125.07,72.6756],[-125.0702,72.6759],[-125.0703,72.6763],[-125.0703,72.6768],[-125.0701,72.6771],[-125.0696,72.6778],[-125.0693,72.6783],[-125.0685,72.6787],[-125.0676,72.6788],[-125.0668,72.6788],[-125.0658,72.6786],[-125.0638,72.6783],[-125.0622,72.678],[-125.0614,72.6779],[-125.0603,72.6772],[-125.06,72.6768],[-125.0598,72.6762],[-125.0603,72.6758],[-125.0603,72.6756],[-125.0601,72.6755],[-125.0603,72.6751],[-125.0603,72.675],[-125.0598,72.6746],[-125.0596,72.6743],[-125.059,72.6741],[-125.0587,72.6734],[-125.0591,72.6728],[-125.0592,72.6723],[-125.0588,72.672],[-125.0582,72.6717],[-125.0572,72.6718],[-125.0564,72.6721],[-125.0554,72.6721],[-125.0541,72.6719],[-125.0526,72.6715],[-125.0514,72.6711],[-125.0507,72.6708],[-125.0498,72.6703],[-125.0483,72.6697],[-125.0465,72.669],[-125.0458,72.6688],[-125.0447,72.6687],[-125.0437,72.6685],[-125.0431,72.6682],[-125.0425,72.6678],[-125.0422,72.6673],[-125.0422,72.6668],[-125.0424,72.6664],[-125.0431,72.6657],[-125.0431,72.6654],[-125.0429,72.6653],[-125.0429,72.6651],[-125.0423,72.6649],[-125.0416,72.6649],[-125.0412,72.6653],[-125.0409,72.6658],[-125.0404,72.6661],[-125.0372,72.6662],[-125.036,72.6664],[-125.0352,72.6665],[-125.0341,72.6665],[-125.0333,72.6664],[-125.0329,72.6664],[-125.0319,72.6663],[-125.0308,72.666],[-125.0302,72.6658],[-125.0301,72.6657],[-125.0302,72.6656],[-125.0299,72.665],[-125.0303,72.6643],[-125.0305,72.664],[-125.0306,72.6636],[-125.0319,72.6627],[-125.0319,72.6621],[-125.0318,72.6617],[-125.0322,72.6611],[-125.0321,72.6608],[-125.032,72.6603],[-125.0324,72.66],[-125.0324,72.6597],[-125.032,72.6594],[-125.0311,72.6593],[-125.0292,72.6594],[-125.0268,72.6593],[-125.0248,72.6593],[-125.022,72.6596],[-125.0207,72.6597],[-125.0197,72.6598],[-125.0188,72.6599],[-125.0184,72.6599],[-125.0174,72.66],[-125.0163,72.6601],[-125.0157,72.6602],[-125.0127,72.6605],[-125.0108,72.6606],[-125.0096,72.6605],[-125.0094,72.6606],[-125.0093,72.6607],[-125.0098,72.661],[-125.0098,72.6611],[-125.0095,72.6613],[-125.0093,72.6613],[-125.0084,72.6613],[-125.0071,72.6616],[-125.0067,72.6618],[-125.0065,72.6618],[-125.0063,72.6618],[-125.0061,72.6617],[-125.0057,72.6617],[-125.0048,72.6617],[-125.0046,72.6616],[-125.0052,72.6613],[-125.0074,72.661],[-125.0084,72.661],[-125.0085,72.6609],[-125.0085,72.6608],[-125.0078,72.6606],[-125.0078,72.6605],[-125.0082,72.6605],[-125.0087,72.6602],[-125.0087,72.66],[-125.0092,72.66],[-125.0097,72.6598],[-125.0104,72.6593],[-125.0112,72.659],[-125.0121,72.6588],[-125.0127,72.6587],[-125.0126,72.6585],[-125.0126,72.6585],[-125.0136,72.6584],[-125.0138,72.6585],[-125.0145,72.6584],[-125.0149,72.6579],[-125.0157,72.6574],[-125.0161,72.6569],[-125.0161,72.6565],[-125.0158,72.6562],[-125.0153,72.6562],[-125.0145,72.6562],[-125.0142,72.6562],[-125.0135,72.6557],[-125.0136,72.6556],[-125.0137,72.6555],[-125.0137,72.6555],[-125.0127,72.6553],[-125.0118,72.6549],[-125.0095,72.6545],[-125.0076,72.654],[-125.0067,72.6538],[-125.0054,72.6537],[-125.0046,72.6535],[-125.0038,72.6534],[-125.0031,72.6534],[-125.0021,72.6533],[-125.0016,72.653],[-125.0013,72.653],[-125.0008,72.6526],[-125.0,72.6524],[-124.9988,72.6522],[-124.9972,72.6518],[-124.997,72.6517],[-124.9965,72.6515],[-124.9962,72.6514],[-124.9962,72.6513],[-124.9964,72.6513],[-124.9969,72.6514],[-124.9973,72.6516],[-124.9984,72.6518],[-125.0,72.6519],[-125.0004,72.652],[-125.001,72.6521],[-125.0012,72.6522],[-125.0015,72.6523],[-125.0017,72.6526],[-125.002,72.6527],[-125.0025,72.6528],[-125.003,72.6528],[-125.0062,72.653],[-125.0065,72.653],[-125.0072,72.6531],[-125.0088,72.6533],[-125.0098,72.6535],[-125.0112,72.6539],[-125.0121,72.6541],[-125.0124,72.6542],[-125.0127,72.6542],[-125.0136,72.6542],[-125.0143,72.6543],[-125.0153,72.6546],[-125.0156,72.6547],[-125.0157,72.6551],[-125.0161,72.6553],[-125.017,72.6553],[-125.0173,72.6551],[-125.0175,72.6551],[-125.018,72.6553],[-125.0185,72.6556],[-125.0194,72.6558],[-125.0206,72.6559],[-125.0216,72.6556],[-125.0228,72.6555],[-125.0238,72.6554],[-125.0255,72.6555],[-125.027,72.6556],[-125.0281,72.6556],[-125.029,72.6555],[-125.0301,72.6553],[-125.0313,72.6552],[-125.032,72.655],[-125.033,72.6548],[-125.0342,72.6545],[-125.0357,72.6542],[-125.0372,72.6539],[-125.0388,72.6538],[-125.0406,72.6537],[-125.0415,72.6538],[-125.0422,72.654],[-125.043,72.6544],[-125.0437,72.6545],[-125.0445,72.6545],[-125.0452,72.6544],[-125.0458,72.6541],[-125.0458,72.6538],[-125.0462,72.6532],[-125.0467,72.6527],[-125.0477,72.6522],[-125.0481,72.6516],[-125.049,72.651],[-125.0512,72.6503],[-125.0523,72.6496],[-125.0541,72.6489],[-125.0571,72.6479],[-125.061,72.6464],[-125.0627,72.6459],[-125.0636,72.6455],[-125.0643,72.6451],[-125.0656,72.6446],[-125.0672,72.6438],[-125.068,72.6431],[-125.0692,72.6427],[-125.0696,72.6421],[-125.0692,72.6415],[-125.0688,72.6412],[-125.0678,72.641],[-125.0666,72.6408],[-125.0656,72.6405],[-125.0647,72.6403],[-125.0644,72.6401],[-125.0642,72.6395],[-125.064,72.6394],[-125.0638,72.6394],[-125.0639,72.6392],[-125.0637,72.6389],[-125.0634,72.6387],[-125.0629,72.6386],[-125.0625,72.6385],[-125.0623,72.6384],[-125.0625,72.6381],[-125.0631,72.6378],[-125.0637,72.6377],[-125.0641,72.6376],[-125.064,72.6375],[-125.0633,72.6374],[-125.0617,72.637],[-125.0619,72.637],[-125.0624,72.637],[-125.0635,72.6372],[-125.0642,72.6373],[-125.0644,72.6371],[-125.0646,72.637],[-125.065,72.6369],[-125.067,72.6368],[-125.0678,72.6368],[-125.0682,72.6369],[-125.0689,72.6369],[-125.0695,72.6368],[-125.0696,72.6369],[-125.0687,72.6373],[-125.0686,72.6375],[-125.0687,72.6378],[-125.0689,72.638],[-125.0692,72.6383],[-125.0701,72.6387],[-125.0702,72.6389],[-125.0703,72.639],[-125.0712,72.6391],[-125.0721,72.6396],[-125.0724,72.6399],[-125.0724,72.6401],[-125.0726,72.6403],[-125.0737,72.6407],[-125.074,72.6409],[-125.0743,72.6413],[-125.0743,72.6413],[-125.0751,72.6414],[-125.0756,72.6417],[-125.0757,72.6419],[-125.0759,72.6421],[-125.0777,72.6425],[-125.0785,72.6427],[-125.0794,72.643],[-125.0799,72.6434],[-125.0805,72.6437],[-125.0815,72.644],[-125.0832,72.6443],[-125.0844,72.6446],[-125.086,72.6451],[-125.0893,72.6454],[-125.09,72.6455],[-125.091,72.6458],[-125.092,72.6461],[-125.0926,72.6462],[-125.0939,72.6467],[-125.0956,72.6474],[-125.0974,72.6481],[-125.0974,72.6482],[-125.097,72.6486],[-125.0961,72.649],[-125.0957,72.6494],[-125.0962,72.6495],[-125.098,72.649],[-125.0989,72.6483],[-125.1001,72.6479],[-125.1022,72.6459],[-125.1022,72.6459],[-125.1031,72.6437],[-125.1041,72.6426],[-125.1037,72.6414],[-125.1036,72.6411],[-125.1027,72.64],[-125.1025,72.6394],[-125.1014,72.6382],[-125.1009,72.6374],[-125.1001,72.6368],[-125.0991,72.6363],[-125.0987,72.6357],[-125.0967,72.6343],[-125.0944,72.6333],[-125.0938,72.6328],[-125.092,72.6322],[-125.089,72.6308],[-125.0876,72.6293],[-125.0872,72.6287],[-125.0864,72.6282],[-125.0855,72.6274],[-125.0849,72.6268],[-125.0837,72.626],[-125.0833,72.6256],[-125.0829,72.6251],[-125.0827,72.625],[-125.082,72.6245],[-125.0814,72.6243],[-125.0812,72.6242],[-125.0803,72.6234]]},"properties":{}},{"type":"Feature","geometry":{"type":"LineString","coordinates":[[-125.1057,72.666],[-125.1053,72.666],[-125.1049,72.6661],[-125.1047,72.6663],[-125.1044,72.6664],[-125.1042,72.6664],[-125.1039,72.6663],[-125.1037,72.6662],[-125.1037,72.6659],[-125.1036,72.6656],[-125.1036,72.6651],[-125.1029,72.6647],[-125.1023,72.6644],[-125.101,72.664],[-125.1004,72.6638],[-125.1003,72.6637],[-125.1004,72.6633],[-125.1,72.6631],[-125.0995,72.663],[-125.0985,72.6626],[-125.0966,72.6622],[-125.0964,72.6621],[-125.0961,72.6618],[-125.0959,72.6617],[-125.0953,72.6617],[-125.095,72.6615],[-125.0947,72.6614],[-125.094,72.6613],[-125.0934,72.6613],[-125.0929,72.6613],[-125.0923,72.6614],[-125.0909,72.6618],[-125.0899,72.662],[-125.0891,72.6621],[-125.0886,72.6622],[-125.0885,72.6624],[-125.0881,72.6625],[-125.0883,72.663],[-125.0881,72.6634],[-125.0871,72.664],[-125.0857,72.6645],[-125.0844,72.6648],[-125.0821,72.6649],[-125.0818,72.6649],[-125.0808,72.6648],[-125.08,72.6647],[-125.0798,72.6646],[-125.0791,72.6645],[-125.0783,72.6646],[-125.0778,72.6648],[-125.0776,72.6652],[-125.0773,72.6655],[-125.0772,72.6655],[-125.0763,72.6656],[-125.0757,72.6658],[-125.075,72.6665],[-125.0744,72.6668],[-125.0742,72.6671],[-125.0767,72.6684],[-125.0781,72.6687],[-125.0796,72.669],[-125.0815,72.6693],[-125.0832,72.6694],[-125.0846,72.6695],[-125.0867,72.6697],[-125.091,72.67],[-125.0915,72.6699],[-125.0926,72.6701],[-125.0957,72.67],[-125.0972,72.6699],[-125.0982,72.6697],[-125.0988,72.6694],[-125.0983,72.6691],[-125.0977,72.6683],[-125.0979,72.6678],[-125.1,72.6673],[-125.1021,72.667],[-125.104,72.6666],[-125.1054,72.6664],[-125.1054,72.6663],[-125.1058,72.6662],[-125.1059,72.6661],[-125.1057,72.666]]},"properties":{}},{"type":"Feature","geometry":{"type":"LineString","coordinates":[[-125.1146,72.6773],[-125.115,72.6774],[-125.116,72.6773],[-125.1185,72.6767],[-125.1198,72.6763],[-125.1207,72.6756],[-125.1212,72.6748],[-125.1214,72.6742],[-125.1227,72.672],[-125.1229,72.6715],[-125.1228,72.6708],[-125.121,72.6688],[-125.1208,72.6687],[-125.1182,72.6666],[-125.1168,72.6657],[-125.1158,72.6654],[-125.1132,72.6641],[-125.1106,72.6631],[-125.1079,72.6619],[-125.1059,72.6612],[-125.1043,72.6604],[-125.1029,72.6595],[-125.1015,72.6588],[-125.0992,72.6581],[-125.0964,72.6574],[-125.0935,72.6571],[-125.0917,72.6572],[-125.0915,72.6575],[-125.0925,72.6579],[-125.093,72.6584],[-125.093,72.6588],[-125.0934,72.6591],[-125.0943,72.6593],[-125.095,72.6592],[-125.0952,72.6593],[-125.0958,72.6595],[-125.0971,72.6601],[-125.0974,72.6604],[-125.0975,72.6604],[-125.0981,72.6605],[-125.0989,72.6604],[-125.0997,72.6606],[-125.1017,72.6611],[-125.1019,72.6613],[-125.102,72.6614],[-125.1025,72.6613],[-125.103,72.6613],[-125.1039,72.6615],[-125.1055,72.662],[-125.1058,72.662],[-125.1065,72.6624],[-125.1076,72.6628],[-125.1083,72.6634],[-125.1107,72.6642],[-125.1116,72.6645],[-125.1125,72.6649],[-125.1136,72.6655],[-125.1143,72.666],[-125.1144,72.6662],[-125.1131,72.6667],[-125.1122,72.6669],[-125.111,72.6672],[-125.1106,72.6673],[-125.1103,72.6674],[-125.1103,72.6675],[-125.1106,72.6682],[-125.1106,72.6688],[-125.1106,72.669],[-125.1101,72.6696],[-125.1098,72.6699],[-125.1083,72.6706],[-125.1078,72.671],[-125.1074,72.6713],[-125.1072,72.6713],[-125.1052,72.6717],[-125.1047,72.6717],[-125.1043,72.6716],[-125.1042,72.6714],[-125.1044,72.6712],[-125.1044,72.6711],[-125.1042,72.671],[-125.1043,72.6709],[-125.104,72.6708],[-125.1032,72.6707],[-125.1026,72.6709],[-125.1028,72.6712],[-125.1033,72.6713],[-125.1043,72.672],[-125.1048,72.6722],[-125.1055,72.6725],[-125.1066,72.6728],[-125.1078,72.6731],[-125.1098,72.6734],[-125.1114,72.6738],[-125.1119,72.674],[-125.1138,72.6746],[-125.1145,72.675],[-125.1151,72.6755],[-125.115,72.6765],[-125.1149,72.6771],[-125.1146,72.6772],[-125.1146,72.6773]]},"properties":{}},{"type":"Feature","geometry":{"type":"LineString","coordinates":[[-125.0485,72.6572],[-125.048,72.6577],[-125.048,72.6581],[-125.0485,72.6596],[-125.0487,72.6598],[-125.0489,72.6604],[-125.0493,72.6611],[-125.0496,72.6614],[-125.0503,72.6618],[-125.0514,72.6623],[-125.0516,72.6626],[-125.0514,72.6628],[-125.0504,72.6632],[-125.0499,72.6633],[-125.0492,72.6635],[-125.0487,72.6635],[-125.0486,72.6636],[-125.0491,72.6637],[-125.0495,72.6636],[-125.0501,72.6634],[-125.0511,72.6632],[-125.0523,72.663],[-125.0549,72.6626],[-125.0561,72.6624],[-125.058,72.6622],[-125.0591,72.662],[-125.0627,72.6616],[-125.064,72.6614],[-125.0661,72.6613],[-125.0687,72.6612],[-125.0694,72.6612],[-125.0768,72.6613],[-125.0814,72.6616],[-125.0821,72.6615],[-125.0824,72.6615],[-125.0825,72.6614],[-125.0824,72.6606],[-125.0822,72.6603],[-125.0791,72.6593],[-125.078,72.659],[-125.0771,72.6589],[-125.0762,72.6589],[-125.0755,72.6587],[-125.0739,72.6586],[-125.0722,72.6583],[-125.0705,72.658],[-125.0692,72.6578],[-125.0686,72.6576],[-125.0673,72.6572],[-125.0662,72.6569],[-125.0646,72.6563],[-125.0617,72.6548],[-125.0608,72.6546],[-125.0601,72.6544],[-125.0591,72.6543],[-125.0577,72.6544],[-125.0568,72.6546],[-125.0562,72.6548],[-125.0569,72.655],[-125.0582,72.6551],[-125.0593,72.655],[-125.0602,72.655],[-125.0611,72.6551],[-125.0617,72.6552],[-125.0618,72.6553],[-125.0618,72.6554],[-125.0614,72.6554],[-125.0599,72.6556],[-125.0586,72.6556],[-125.0578,72.6557],[-125.0574,72.6557],[-125.056,72.6559],[-125.0536,72.6562],[-125.0495,72.6566],[-125.0491,72.6566],[-125.0486,72.6569],[-125.0485,72.6571],[-125.0485,72.6572]]},"properties":{}},{"type":"Feature","geometry":{"type":"LineString","coordinates":[[-125.1707,72.8373],[-125.1702,72.8374],[-125.1703,72.8375],[-125.1741,72.8378],[-125.1765,72.838],[-125.1798,72.8382],[-125.1821,72.8384],[-125.1835,72.8387],[-125.1849,72.839],[-125.1857,72.8393],[-125.186,72.8394],[-125.1874,72.8397],[-125.1881,72.8399],[-125.1891,72.8402],[-125.1905,72.8406],[-125.1917,72.841],[-125.1938,72.8416],[-125.1959,72.8418],[-125.1964,72.8419],[-125.198,72.8421],[-125.1985,72.8422],[-125.2034,72.8427],[-125.2062,72.8428],[-125.2087,72.8429],[-125.2097,72.8429],[-125.2128,72.8425],[-125.2158,72.8421],[-125.2169,72.8418],[-125.2193,72.8414],[-125.2198,72.8408],[-125.22,72.8402],[-125.22,72.8399],[-125.2198,72.8392],[-125.2194,72.8387],[-125.2184,72.8378],[-125.2176,72.8374],[-125.2152,72.8367],[-125.2147,72.8366],[-125.2138,72.8364],[-125.212,72.836],[-125.2112,72.8359],[-125.2106,72.8357],[-125.2096,72.8356],[-125.2072,72.8354],[-125.2038,72.8351],[-125.2015,72.8351],[-125.2,72.8351],[-125.1991,72.8351],[-125.1983,72.8354],[-125.1979,72.8357],[-125.1974,72.836],[-125.1972,72.8363],[-125.1977,72.8366],[-125.1988,72.8368],[-125.2007,72.8367],[-125.202,72.8365],[-125.2033,72.8364],[-125.2034,72.8365],[-125.2037,72.8365],[-125.2046,72.8367],[-125.2063,72.8368],[-125.2075,72.8367],[-125.2086,72.8367],[-125.2119,72.8368],[-125.2134,72.8372],[-125.2134,72.8376],[-125.2132,72.8378],[-125.2129,72.8379],[-125.211,72.8383],[-125.2098,72.8385],[-125.2085,72.8386],[-125.2082,72.8386],[-125.208,72.8387],[-125.2065,72.839],[-125.2047,72.8395],[-125.2048,72.8397],[-125.205,72.8401],[-125.2064,72.8404],[-125.2081,72.8406],[-125.2102,72.8408],[-125.2108,72.8411],[-125.211,72.8411],[-125.2124,72.8413],[-125.2125,72.8414],[-125.2125,72.8416],[-125.2117,72.8419],[-125.2101,72.842],[-125.2055,72.842],[-125.2035,72.8418],[-125.203,72.8417],[-125.2018,72.8414],[-125.2011,72.8412],[-125.202,72.841],[-125.2027,72.8407],[-125.2024,72.8405],[-125.2013,72.8404],[-125.2007,72.8404],[-125.1998,72.8403],[-125.1992,72.8403],[-125.1974,72.8404],[-125.195,72.8403],[-125.1942,72.8402],[-125.1925,72.84],[-125.1916,72.8398],[-125.1912,72.8398],[-125.19,72.8397],[-125.1898,72.8396],[-125.1884,72.8393],[-125.1868,72.8389],[-125.1852,72.8384],[-125.1829,72.8381],[-125.1812,72.8379],[-125.1792,72.8378],[-125.177,72.8375],[-125.1753,72.8374],[-125.1741,72.8374],[-125.1723,72.8373],[-125.1718,72.8372],[-125.1708,72.8372],[-125.1706,72.8373],[-125.1707,72.8373]]},"properties":{}},{"type":"Feature","geometry":{"type":"LineString","coordinates":[[-125.1136,72.88],[-125.1153,72.8794],[-125.118,72.8783],[-125.1183,72.8781],[-125.1194,72.8777],[-125.1206,72.877],[-125.1213,72.8767],[-125.123,72.8758],[-125.1243,72.8749],[-125.1252,72.8744],[-125.1256,72.8741],[-125.1266,72.8735],[-125.1269,72.873],[-125.1277,72.8726],[-125.1283,72.8722],[-125.1292,72.8713],[-125.1296,72.8706],[-125.13,72.8696],[-125.1301,72.8692],[-125.13,72.8689],[-125.1303,72.868],[-125.1302,72.8669],[-125.1306,72.8658],[-125.1305,72.8649],[-125.1306,72.8643],[-125.1303,72.8624],[-125.1298,72.8614],[-125.1293,72.8604],[-125.1293,72.8599],[-125.1266,72.8581],[-125.1233,72.8571],[-125.1222,72.8569],[-125.1211,72.8568],[-125.1197,72.8568],[-125.1194,72.857]]},"properties":{}},{"type":"Feature","geometry":{"type":"LineString","coordinates":[[-125.1194,72.857],[-125.1204,72.8575],[-125.1209,72.8578],[-125.1223,72.858],[-125.1231,72.8582],[-125.1255,72.859],[-125.126,72.8593],[-125.1264,72.859],[-125.1268,72.8587],[-125.1269,72.859],[-125.1267,72.8596],[-125.1263,72.8598],[-125.1257,72.86],[-125.1249,72.8601],[-125.1239,72.8603],[-125.1225,72.8603],[-125.119,72.8603],[-125.1184,72.8604],[-125.1182,72.8604],[-125.118,72.8606],[-125.1181,72.8612],[-125.1182,72.8613],[-125.1182,72.8616],[-125.118,72.8617],[-125.1168,72.8621],[-125.1162,72.8624],[-125.1159,72.8624],[-125.1156,72.8622],[-125.1156,72.8621],[-125.1159,72.8617],[-125.116,72.8615],[-125.1159,72.8612],[-125.1156,72.8611],[-125.1152,72.861],[-125.115,72.8605],[-125.1145,72.8603],[-125.1126,72.8598],[-125.1119,72.8597],[-125.1106,72.8595],[-125.1077,72.8592],[-125.1068,72.8591],[-125.1053,72.8588],[-125.1051,72.8587],[-125.1045,72.8585],[-125.1035,72.8581],[-125.1034,72.8579],[-125.1034,72.8574],[-125.1037,72.8566],[-125.1037,72.8563],[-125.1034,72.8562],[-125.1026,72.856],[-125.1023,72.856],[-125.1015,72.8557],[-125.1008,72.8556],[-125.1004,72.8556],[-125.1001,72.8557],[-125.0992,72.8557],[-125.0987,72.8559],[-125.0978,72.8559],[-125.0976,72.8559],[-125.0975,72.8559],[-125.0974,72.8551],[-125.0975,72.8551],[-125.0976,72.8549],[-125.0983,72.8545],[-125.0988,72.8544],[-125.099,72.8544],[-125.0993,72.8544],[-125.1006,72.8546],[-125.1011,72.8546],[-125.1023,72.8546],[-125.1031,72.8547],[-125.1039,72.8548],[-125.1043,72.8549],[-125.1045,72.8549],[-125.1044,72.855],[-125.1038,72.8551],[-125.1038,72.8552],[-125.1039,72.8553],[-125.1042,72.8553],[-125.106,72.8551],[-125.1059,72.8551],[-125.1058,72.855],[-125.1054,72.855],[-125.1045,72.8547],[-125.1037,72.8545],[-125.1016,72.8542],[-125.0985,72.8542],[-125.0979,72.8539],[-125.097,72.8536]]},"properties":{}},{"type":"Feature","geometry":{"type":"LineString","coordinates":[[-125.1066,72.8478],[-125.1073,72.8477],[-125.1078,72.8476],[-125.1091,72.8477],[-125.1089,72.8472],[-125.1082,72.8467],[-125.1072,72.8463],[-125.1065,72.8459],[-125.1059,72.8456],[-125.1048,72.8454],[-125.1031,72.8452],[-125.099,72.8454],[-125.0975,72.8455],[-125.0964,72.846],[-125.0964,72.8463],[-125.097,72.8464],[-125.0976,72.8466],[-125.0976,72.8469],[-125.0971,72.847],[-125.0968,72.8471],[-125.0965,72.8473],[-125.0965,72.8474],[-125.0967,72.8475],[-125.0969,72.8475],[-125.0977,72.8475],[-125.0982,72.8473],[-125.0997,72.8471],[-125.1006,72.8471],[-125.1016,72.847],[-125.1022,72.847],[-125.1025,72.8471],[-125.1031,72.8471],[-125.1035,72.8473]]},"properties":{}},{"type":"Feature","geometry":{"type":"LineString","coordinates":[[-125.1035,72.8473],[-125.1041,72.8475],[-125.1045,72.8476],[-125.1048,72.8477],[-125.1056,72.8478],[-125.1061,72.8479],[-125.1066,72.8478]]},"properties":{}},{"type":"Feature","geometry":{"type":"LineString","coordinates":[[-124.4055,73.3797],[-124.4082,73.3796],[-124.4097,73.3796],[-124.4106,73.3797],[-124.4112,73.3798],[-124.4128,73.3797],[-124.4146,73.3797],[-124.4163,73.3797],[-124.4174,73.3798],[-124.4183,73.3798],[-124.4189,73.3798],[-124.42,73.3799],[-124.4216,73.3799],[-124.4232,73.38],[-124.4249,73.38],[-124.4261,73.38],[-124.427,73.3801],[-124.4285,73.3803],[-124.4288,73.3803],[-124.4293,73.3803],[-124.4296,73.3802],[-124.4304,73.38],[-124.4312,73.3796],[-124.4317,73.3796],[-124.4328,73.3795],[-124.4336,73.3794],[-124.4353,73.3791],[-124.4365,73.3788],[-124.4382,73.3783],[-124.4382,73.3782],[-124.4381,73.3779],[-124.4384,73.3777],[-124.4393,73.3776],[-124.4396,73.3776],[-124.4396,73.3775],[-124.4396,73.3768],[-124.4395,73.3764],[-124.4396,73.3761],[-124.4397,73.3761],[-124.4397,73.3757],[-124.4406,73.3753],[-124.4407,73.3752],[-124.4406,73.375],[-124.4406,73.3749],[-124.4412,73.3745],[-124.4426,73.3739],[-124.443,73.3738],[-124.4436,73.3738],[-124.444,73.3737],[-124.4441,73.3734],[-124.4441,73.3734],[-124.4443,73.3731],[-124.4442,73.373],[-124.4437,73.3727],[-124.4436,73.3725],[-124.4433,73.3721],[-124.4428,73.3716],[-124.4428,73.3713],[-124.4428,73.371],[-124.4432,73.3708],[-124.4438,73.3706],[-124.444,73.3704],[-124.4439,73.37],[-124.4434,73.369],[-124.4428,73.3687],[-124.4425,73.3686],[-124.4417,73.3683],[-124.4416,73.3683],[-124.4417,73.3682],[-124.4419,73.3682],[-124.4422,73.3683],[-124.4433,73.3685],[-124.444,73.3686],[-124.4454,73.3685],[-124.4456,73.3685],[-124.4457,73.3686],[-124.4452,73.3688],[-124.4451,73.3691],[-124.4451,73.3695],[-124.4457,73.3704],[-124.4457,73.3708],[-124.446,73.3711],[-124.4461,73.3711],[-124.4468,73.3711],[-124.4475,73.3708],[-124.4476,73.3707],[-124.4477,73.3707],[-124.4485,73.3705],[-124.4489,73.3704],[-124.4499,73.3704],[-124.4537,73.3703],[-124.4548,73.3703],[-124.4559,73.3701],[-124.4568,73.37],[-124.4573,73.3699],[-124.4581,73.3696],[-124.4584,73.3696],[-124.4596,73.3694],[-124.4607,73.3692],[-124.4611,73.369],[-124.4617,73.369],[-124.4636,73.369],[-124.4637,73.3693],[-124.4634,73.3696],[-124.4628,73.3698],[-124.4624,73.3701],[-124.4616,73.3705],[-124.4606,73.3711],[-124.459,73.372],[-124.4587,73.3723],[-124.458,73.3727],[-124.4572,73.3731],[-124.4565,73.3736],[-124.4546,73.3745],[-124.4538,73.375],[-124.4532,73.3753],[-124.4513,73.3762],[-124.4507,73.3766],[-124.4492,73.3773],[-124.4476,73.378],[-124.4443,73.3791],[-124.4433,73.3792],[-124.4424,73.3792],[-124.4411,73.3793],[-124.4412,73.3795],[-124.4418,73.3796],[-124.4429,73.3796],[-124.4446,73.3795],[-124.4478,73.3786],[-124.4499,73.3779],[-124.4509,73.3777],[-124.4519,73.3771],[-124.4528,73.3767],[-124.4561,73.375],[-124.4567,73.3747],[-124.4596,73.3729],[-124.4625,73.3713],[-124.4632,73.3707],[-124.4644,73.3701],[-124.4671,73.3686],[-124.469,73.3673],[-124.4701,73.3664],[-124.4718,73.365],[-124.4722,73.3642],[-124.479,73.3606],[-124.481,73.3595],[-124.4818,73.3589],[-124.4828,73.3585],[-124.4835,73.3579],[-124.4848,73.3572],[-124.4862,73.3564],[-124.488,73.3552],[-124.4899,73.3538],[-124.4908,73.3533],[-124.4913,73.353],[-124.4963,73.3507],[-124.4966,73.3506],[-124.497,73.3504],[-124.4976,73.3501],[-124.4978,73.35],[-124.498,73.3499],[-124.4991,73.3492],[-124.5,73.3486],[-124.5022,73.3472],[-124.5031,73.3465],[-124.5041,73.346],[-124.5047,73.3455],[-124.5133,73.3396],[-124.5167,73.3363],[-124.5177,73.336],[-124.5178,73.3359],[-124.5178,73.3358],[-124.518,73.3356],[-124.5183,73.3349],[-124.5199,73.3328],[-124.5202,73.3322],[-124.5209,73.3312],[-124.5219,73.3301],[-124.5221,73.3296],[-124.5227,73.3286],[-124.5234,73.3283],[-124.5234,73.3282],[-124.5236,73.3281],[-124.5237,73.3279],[-124.5237,73.3273],[-124.5239,73.327],[-124.5239,73.3267],[-124.524,73.3264],[-124.524,73.3263],[-124.5246,73.3249],[-124.5246,73.3241],[-124.5246,73.324],[-124.5247,73.3239],[-124.5251,73.3235],[-124.5258,73.3228],[-124.5262,73.3221],[-124.5263,73.321],[-124.5265,73.3203],[-124.5276,73.3188],[-124.5282,73.3178],[-124.5288,73.3171],[-124.5294,73.3164],[-124.5303,73.315],[-124.5315,73.3137],[-124.5316,73.3135],[-124.5329,73.3123],[-124.5335,73.3115],[-124.5338,73.3107],[-124.5342,73.3101],[-124.5347,73.3093],[-124.5353,73.3087],[-124.5356,73.3082],[-124.5361,73.3077],[-124.5364,73.3072],[-124.5387,73.3041],[-124.5395,73.3032],[-124.5401,73.3024],[-124.5417,73.3008],[-124.5435,73.2988],[-124.5445,73.2979],[-124.5449,73.2972],[-124.5457,73.2962],[-124.5457,73.2958],[-124.5475,73.2946],[-124.5482,73.2939],[-124.5489,73.2929],[-124.5494,73.2915],[-124.5506,73.2895],[-124.5506,73.2893],[-124.5506,73.2891],[-124.5505,73.2883],[-124.5506,73.2882],[-124.5506,73.2879],[-124.5498,73.2868],[-124.5497,73.2859],[-124.5491,73.2844],[-124.5488,73.2833],[-124.5484,73.2828],[-124.5483,73.2825],[-124.5475,73.2823],[-124.5474,73.2819],[-124.5464,73.2808],[-124.5461,73.2804],[-124.5457,73.2797],[-124.5446,73.2781],[-124.5412,73.2749],[-124.5378,73.2724],[-124.537,73.2714],[-124.5362,73.271],[-124.5355,73.2703],[-124.5353,73.2699],[-124.5346,73.2689],[-124.5347,73.2679],[-124.5345,73.2668],[-124.5344,73.2664],[-124.5346,73.2648],[-124.5345,73.2642],[-124.5349,73.2637],[-124.5349,73.2629],[-124.5363,73.2613],[-124.5362,73.2611],[-124.5364,73.2608],[-124.5363,73.2605],[-124.5364,73.2601],[-124.5364,73.2594],[-124.5361,73.259],[-124.5361,73.2584],[-124.5363,73.2578],[-124.5364,73.2574],[-124.5368,73.2563],[-124.5369,73.2559],[-124.5376,73.2549],[-124.5385,73.2545],[-124.5389,73.2541],[-124.5393,73.2534],[-124.5392,73.2531],[-124.5398,73.2524],[-124.5397,73.252],[-124.5401,73.2517],[-124.5409,73.2512],[-124.5413,73.2507],[-124.5412,73.25],[-124.5416,73.2497],[-124.5423,73.2494],[-124.5425,73.2492],[-124.5426,73.2489],[-124.5436,73.2488],[-124.5446,73.2486],[-124.5456,73.2484],[-124.5462,73.248],[-124.5474,73.2475],[-124.5498,73.2462],[-124.5504,73.2458],[-124.5508,73.2457],[-124.5508,73.2456],[-124.5524,73.2451],[-124.5563,73.2431],[-124.56,73.2409],[-124.5645,73.239],[-124.5662,73.2384],[-124.5663,73.2384],[-124.5664,73.2383],[-124.5753,73.2354],[-124.5766,73.2345],[-124.5769,73.234],[-124.5772,73.2337],[-124.5777,73.2332],[-124.5807,73.2312],[-124.581,73.2309],[-124.5814,73.2308],[-124.5831,73.2297],[-124.5837,73.2294],[-124.5844,73.229],[-124.5848,73.2287],[-124.5855,73.2282],[-124.5914,73.2245],[-124.5945,73.2233],[-124.5967,73.2222],[-124.5976,73.2216],[-124.5997,73.2205],[-124.6011,73.2199],[-124.6013,73.2198],[-124.6035,73.2192],[-124.6074,73.2174],[-124.6124,73.2156],[-124.6178,73.2141],[-124.6201,73.2133],[-124.6248,73.2121],[-124.6253,73.212],[-124.6259,73.212],[-124.628,73.2118],[-124.6304,73.2113],[-124.6357,73.21],[-124.6372,73.2096],[-124.6382,73.2091],[-124.6385,73.2088],[-124.6392,73.2082],[-124.6401,73.2076],[-124.6458,73.2063],[-124.6478,73.2058],[-124.6502,73.2049],[-124.6522,73.204],[-124.6529,73.2036],[-124.6566,73.2021],[-124.6595,73.2004],[-124.662,73.1989],[-124.6636,73.1981],[-124.6638,73.1979],[-124.6646,73.1974],[-124.6648,73.1972],[-124.6651,73.197],[-124.6652,73.1968],[-124.6661,73.1961],[-124.6663,73.1959],[-124.6663,73.1957],[-124.6686,73.1945],[-124.6706,73.1931],[-124.6708,73.193],[-124.6726,73.1913],[-124.674,73.1901],[-124.6744,73.1895],[-124.6745,73.189],[-124.6743,73.1871],[-124.6742,73.1866],[-124.6743,73.1862],[-124.6739,73.1839],[-124.6745,73.1823],[-124.6748,73.1813],[-124.6753,73.1805],[-124.6759,73.1799],[-124.6756,73.1793],[-124.677,73.1781],[-124.6777,73.1776],[-124.6778,73.1773],[-124.6786,73.1767],[-124.6806,73.1747],[-124.6809,73.1741],[-124.6803,73.1738],[-124.6794,73.1738],[-124.6786,73.174],[-124.6768,73.1739],[-124.6758,73.1739],[-124.6748,73.1741],[-124.6742,73.1741],[-124.6739,73.1741],[-124.6736,73.1742],[-124.6734,73.1744],[-124.6734,73.1746],[-124.6749,73.1755],[-124.6753,73.1758],[-124.6755,73.176],[-124.6756,73.1767],[-124.6754,73.1769],[-124.6754,73.1773],[-124.6751,73.1776],[-124.6749,73.1777],[-124.6742,73.178],[-124.6737,73.1782],[-124.6736,73.1783],[-124.6736,73.1786],[-124.6737,73.1787],[-124.6734,73.1801],[-124.6729,73.1811],[-124.6723,73.1816],[-124.6721,73.1819],[-124.6723,73.1829],[-124.6719,73.1833],[-124.6716,73.1839],[-124.6715,73.1844],[-124.6718,73.1847],[-124.6718,73.1851],[-124.6716,73.1852],[-124.6695,73.1861],[-124.6678,73.1866],[-124.6666,73.1872],[-124.6659,73.1873],[-124.663,73.1879],[-124.6612,73.1881],[-124.6588,73.1882],[-124.6569,73.1883],[-124.6549,73.1882],[-124.653,73.188],[-124.6517,73.1879],[-124.6491,73.1875],[-124.6436,73.1866],[-124.6413,73.1862],[-124.6385,73.186],[-124.6368,73.1859],[-124.6324,73.1854],[-124.6285,73.185],[-124.6273,73.1849],[-124.6249,73.1847],[-124.6226,73.1845],[-124.6203,73.1842],[-124.6186,73.1839],[-124.617,73.1835],[-124.6158,73.1831],[-124.6141,73.1824],[-124.6127,73.1819],[-124.6121,73.1818],[-124.609,73.1809],[-124.6073,73.1803],[-124.607,73.1802],[-124.6068,73.1801],[-124.6049,73.1791],[-124.6045,73.1788],[-124.6041,73.1785],[-124.6038,73.1776],[-124.6034,73.1773],[-124.6033,73.1768],[-124.6031,73.1766],[-124.6026,73.1765],[-124.6022,73.1764],[-124.6017,73.1764],[-124.5999,73.1767],[-124.5965,73.1765],[-124.5953,73.1762],[-124.5945,73.1761],[-124.5931,73.1759],[-124.592,73.1759],[-124.5901,73.176],[-124.589,73.176],[-124.5863,73.1759],[-124.5854,73.1758],[-124.5842,73.1757],[-124.5838,73.1756],[-124.5827,73.1753],[-124.5816,73.1749],[-124.5814,73.1748],[-124.5804,73.1746],[-124.5793,73.1742],[-124.5791,73.1741],[-124.5783,73.1737],[-124.5814,73.1735],[-124.5847,73.1733],[-124.5854,73.1735],[-124.5887,73.1737],[-124.5906,73.1737],[-124.5907,73.1737],[-124.5912,73.1736],[-124.5917,73.1735],[-124.5922,73.1733],[-124.5925,73.1731],[-124.5931,73.1723],[-124.592,73.1721],[-124.5905,73.172],[-124.5895,73.1717],[-124.5906,73.1715],[-124.5924,73.171],[-124.5932,73.1707],[-124.5967,73.1702],[-124.599,73.1702],[-124.6018,73.1703],[-124.6043,73.1706],[-124.6062,73.1709],[-124.6069,73.1713],[-124.6075,73.1723],[-124.6075,73.1724],[-124.6079,73.1727],[-124.608,73.1728],[-124.6083,73.1728],[-124.6094,73.1732],[-124.6097,73.1733],[-124.61,73.1737],[-124.6099,73.1745],[-124.6101,73.1747],[-124.6108,73.1749],[-124.6115,73.175],[-124.6118,73.175],[-124.6125,73.1749],[-124.6142,73.1747],[-124.6145,73.1746],[-124.6169,73.1743],[-124.6179,73.174],[-124.6184,73.1738],[-124.6188,73.1737],[-124.6195,73.1736],[-124.6202,73.1737],[-124.6207,73.1737],[-124.6222,73.1736],[-124.6227,73.1731],[-124.623,73.1725],[-124.6222,73.172],[-124.6202,73.1716],[-124.62,73.1715],[-124.6201,73.1714],[-124.6207,73.1714],[-124.622,73.1715],[-124.623,73.1715],[-124.6241,73.1714],[-124.6257,73.1711],[-124.626,73.1711],[-124.6267,73.1711],[-124.627,73.1711],[-124.6275,73.1712],[-124.6285,73.1709],[-124.6308,73.1708],[-124.6326,73.1706],[-124.6334,73.1701],[-124.6333,73.1701],[-124.6333,73.1701],[-124.6335,73.1698],[-124.6338,73.1696],[-124.6337,73.1696],[-124.6335,73.1696],[-124.6332,73.1695],[-124.6331,73.1694],[-124.6333,73.1693],[-124.6336,73.1693],[-124.6342,73.1693],[-124.6348,73.1692],[-124.6351,73.1693],[-124.6353,73.1693],[-124.6353,73.1694],[-124.6349,73.1696],[-124.636,73.1695],[-124.636,73.1694],[-124.636,73.1693],[-124.6359,73.1691],[-124.636,73.169],[-124.6364,73.1689],[-124.6368,73.1689],[-124.6372,73.1686],[-124.6348,73.1681],[-124.6322,73.1681],[-124.631,73.1676],[-124.6305,73.1671],[-124.629,73.1668],[-124.6274,73.1665],[-124.6262,73.166],[-124.6256,73.1655],[-124.6261,73.165],[-124.6278,73.1645],[-124.6297,73.1642],[-124.6304,73.1642],[-124.6309,73.1642],[-124.6316,73.1642],[-124.6328,73.165],[-124.6337,73.1657],[-124.6356,73.1663],[-124.6366,73.167],[-124.6378,73.1675],[-124.6398,73.1678],[-124.6411,73.1675],[-124.6418,73.1668],[-124.6417,73.1661],[-124.642,73.1654],[-124.6431,73.1649],[-124.6446,73.1645],[-124.6452,73.164],[-124.6464,73.1641],[-124.6496,73.164],[-124.6519,73.1637],[-124.6539,73.1626],[-124.6584,73.162],[-124.6585,73.1618],[-124.6591,73.1616],[-124.6592,73.1615],[-124.6592,73.1615],[-124.659,73.1615],[-124.6583,73.1615],[-124.6579,73.1615],[-124.6577,73.1613],[-124.6577,73.1609],[-124.6578,73.1609],[-124.6587,73.1608],[-124.6595,73.1608],[-124.6598,73.1608],[-124.6599,73.1609],[-124.66,73.161],[-124.6599,73.1612],[-124.66,73.1612],[-124.6603,73.1612],[-124.6623,73.161],[-124.6633,73.161],[-124.6638,73.1611],[-124.6647,73.1613],[-124.6654,73.1616],[-124.6657,73.1618],[-124.6658,73.162],[-124.6654,73.1622],[-124.6631,73.1629],[-124.6634,73.1632],[-124.6646,73.1634],[-124.6655,73.1641],[-124.6654,73.1645],[-124.6647,73.165],[-124.6645,73.1655],[-124.6651,73.1659],[-124.6667,73.1664],[-124.6676,73.1668],[-124.6675,73.1669],[-124.6671,73.1672],[-124.6656,73.1676],[-124.6656,73.1678],[-124.6653,73.168],[-124.6644,73.1684],[-124.6642,73.1686],[-124.6643,73.1692],[-124.6647,73.1695],[-124.6651,73.1697],[-124.666,73.17],[-124.6662,73.1701],[-124.6671,73.1702],[-124.6679,73.1702],[-124.6686,73.1702],[-124.6699,73.1699],[-124.6704,73.1697],[-124.6707,73.1697],[-124.6721,73.1696],[-124.6726,73.1695],[-124.6731,73.1693],[-124.6742,73.1692],[-124.6743,73.169],[-124.6742,73.1689],[-124.6735,73.1687],[-124.6733,73.1686],[-124.6739,73.1681],[-124.675,73.1677],[-124.6756,73.1673],[-124.6762,73.1671],[-124.677,73.167],[-124.6778,73.1669],[-124.6785,73.1669],[-124.6795,73.167],[-124.68,73.167],[-124.6806,73.167],[-124.6812,73.1669],[-124.6815,73.1668],[-124.6822,73.1666],[-124.6827,73.1664],[-124.6835,73.1663],[-124.6838,73.1663],[-124.6862,73.1652],[-124.6875,73.1649],[-124.6882,73.1646],[-124.6889,73.1644],[-124.69,73.1643],[-124.691,73.1643],[-124.692,73.1643],[-124.693,73.1645],[-124.6953,73.1649],[-124.6964,73.1652],[-124.6969,73.1653],[-124.6978,73.1654],[-124.6983,73.1654],[-124.6987,73.1654],[-124.7,73.1652],[-124.7007,73.165],[-124.7013,73.165],[-124.7015,73.165],[-124.7031,73.1653],[-124.7036,73.1654],[-124.7047,73.1654],[-124.7056,73.1654],[-124.7073,73.1655],[-124.7091,73.1655],[-124.7102,73.1655],[-124.7135,73.1655],[-124.7143,73.1656],[-124.7153,73.1656],[-124.7183,73.1655],[-124.7191,73.1654],[-124.7196,73.1654],[-124.72,73.1652],[-124.7202,73.165],[-124.7204,73.1647],[-124.7203,73.1639],[-124.7204,73.1638],[-124.721,73.1636],[-124.7216,73.1635],[-124.7222,73.1636],[-124.723,73.1637],[-124.724,73.1638],[-124.7246,73.1639],[-124.7251,73.164],[-124.7256,73.1641],[-124.7261,73.1641],[-124.7269,73.164],[-124.7275,73.1639],[-124.7284,73.1636],[-124.7291,73.163],[-124.7293,73.1626],[-124.7292,73.1623],[-124.7289,73.1621],[-124.7286,73.162],[-124.7281,73.1619],[-124.7273,73.1618],[-124.7253,73.1615],[-124.7247,73.1613],[-124.7243,73.161],[-124.7241,73.1607],[-124.7239,73.1605],[-124.7235,73.1604],[-124.7232,73.1603],[-124.7228,73.1604],[-124.7223,73.1604],[-124.7221,73.1604],[-124.7218,73.1602],[-124.7217,73.1601],[-124.7217,73.1599],[-124.7218,73.1596],[-124.7221,73.1594],[-124.7224,73.1593],[-124.7228,73.1593],[-124.7239,73.1592],[-124.7242,73.1591],[-124.7251,73.1588],[-124.7256,73.1586],[-124.7271,73.1577],[-124.7274,73.1576],[-124.7283,73.1574],[-124.7284,73.1573],[-124.7285,73.1573],[-124.73,73.156],[-124.7302,73.1558],[-124.7307,73.1555],[-124.731,73.1549],[-124.7312,73.1547],[-124.7315,73.1545],[-124.7318,73.1544],[-124.7319,73.1544],[-124.7317,73.1543],[-124.7306,73.1541],[-124.7295,73.1539],[-124.7292,73.1538],[-124.7279,73.1536],[-124.7273,73.1535],[-124.7262,73.1535],[-124.7257,73.1535],[-124.7233,73.1532],[-124.7211,73.1529],[-124.7189,73.1527],[-124.7184,73.1525],[-124.7179,73.1525],[-124.717,73.1524],[-124.7166,73.1524],[-124.7161,73.1523],[-124.7156,73.1521],[-124.7148,73.1517],[-124.7141,73.151],[-124.714,73.1507],[-124.7138,73.1506],[-124.7128,73.1505],[-124.7127,73.1505],[-124.7126,73.1503],[-124.7127,73.15],[-124.7126,73.1497],[-124.7122,73.1492],[-124.7127,73.1486],[-124.7138,73.1478],[-124.7145,73.1474],[-124.7172,73.1463],[-124.7185,73.1456],[-124.7193,73.1452],[-124.7218,73.1445],[-124.7228,73.1443],[-124.7257,73.1439],[-124.7274,73.1438],[-124.7289,73.1437],[-124.73,73.1437],[-124.7311,73.1436],[-124.7315,73.1436],[-124.7319,73.1437],[-124.7333,73.144],[-124.7341,73.1443],[-124.7342,73.1444],[-124.7342,73.1449],[-124.7344,73.1451],[-124.7349,73.1453],[-124.7357,73.1456],[-124.7363,73.1457],[-124.7371,73.1458],[-124.7388,73.146],[-124.7396,73.1461],[-124.7402,73.1463],[-124.7404,73.1464],[-124.7406,73.147],[-124.741,73.1471],[-124.7412,73.1473],[-124.7412,73.1477],[-124.7407,73.1485],[-124.7403,73.1492],[-124.7403,73.1494],[-124.7407,73.1501],[-124.7414,73.1505],[-124.742,73.1507],[-124.7429,73.1509],[-124.7436,73.1511],[-124.7442,73.1512],[-124.745,73.1512],[-124.7456,73.1513],[-124.7459,73.1514],[-124.7461,73.1515],[-124.7464,73.1516],[-124.7473,73.1521],[-124.7476,73.1525],[-124.748,73.1531],[-124.7484,73.1536],[-124.7489,73.1538],[-124.7495,73.154],[-124.7497,73.1541],[-124.7497,73.1545],[-124.7491,73.155],[-124.749,73.1553],[-124.7494,73.1558],[-124.75,73.156],[-124.7502,73.1562],[-124.7502,73.1564],[-124.75,73.1566],[-124.7483,73.1571],[-124.7482,73.1572],[-124.747,73.1577],[-124.7469,73.1578],[-124.7469,73.1579],[-124.7473,73.158],[-124.7476,73.1581],[-124.7476,73.1586],[-124.7474,73.1587],[-124.7469,73.1591],[-124.7463,73.1595],[-124.7458,73.1597],[-124.7448,73.16],[-124.7445,73.1601],[-124.7433,73.1604],[-124.7418,73.1609],[-124.7413,73.1612],[-124.7407,73.1619],[-124.7402,73.1622],[-124.7397,73.1623],[-124.7391,73.1623],[-124.7388,73.1625],[-124.7388,73.1626],[-124.7389,73.1627],[-124.7405,73.1628],[-124.7418,73.1632],[-124.7432,73.1634],[-124.7457,73.1637],[-124.7478,73.1638],[-124.7482,73.1638],[-124.7489,73.164],[-124.7509,73.1641],[-124.7537,73.1645],[-124.755,73.1645],[-124.7561,73.1646],[-124.7565,73.1647],[-124.7567,73.1648],[-124.7567,73.1649],[-124.7564,73.1651],[-124.756,73.1653],[-124.7552,73.1654],[-124.7541,73.1655],[-124.7535,73.1656],[-124.7532,73.1655],[-124.7528,73.1654],[-124.752,73.1652],[-124.7517,73.1653],[-124.7511,73.1653],[-124.7505,73.1655],[-124.7502,73.1656],[-124.7497,73.1655],[-124.7487,73.1654],[-124.7477,73.1653],[-124.7473,73.1654],[-124.7471,73.1654],[-124.747,73.1656],[-124.7472,73.1658],[-124.7477,73.166],[-124.7486,73.1662],[-124.7497,73.1663],[-124.7511,73.1661],[-124.7514,73.1661],[-124.752,73.166],[-124.7524,73.166],[-124.7528,73.166],[-124.7535,73.1661],[-124.7544,73.166],[-124.756,73.1658],[-124.7563,73.1657],[-124.7577,73.1655],[-124.7607,73.1648],[-124.7624,73.1642],[-124.7647,73.1635],[-124.767,73.1623],[-124.7693,73.1613],[-124.7711,73.1602],[-124.7725,73.1596],[-124.7753,73.1578],[-124.7763,73.1567],[-124.7789,73.1542],[-124.7803,73.1523],[-124.781,73.1511],[-124.7817,73.1495],[-124.7823,73.1462],[-124.7825,73.1433],[-124.7824,73.1421],[-124.7826,73.1419],[-124.7821,73.1409],[-124.7821,73.1407],[-124.7821,73.14],[-124.7814,73.1388],[-124.7812,73.1376],[-124.7813,73.1374],[-124.7814,73.1365],[-124.7812,73.1358],[-124.7812,73.1351],[-124.7813,73.1349],[-124.7811,73.134],[-124.7812,73.1333],[-124.7812,73.1329],[-124.7816,73.1321],[-124.7817,73.1313],[-124.7819,73.13],[-124.7822,73.1293],[-124.7825,73.1282],[-124.7828,73.1276],[-124.7837,73.1267],[-124.7844,73.1259],[-124.7855,73.125],[-124.7864,73.1243],[-124.7865,73.1242],[-124.788,73.1232],[-124.7886,73.1228],[-124.7899,73.1222],[-124.7905,73.1219],[-124.7907,73.1218],[-124.7913,73.1214],[-124.7918,73.1212],[-124.7927,73.1209],[-124.793,73.1207],[-124.7942,73.1203],[-124.7948,73.1199],[-124.796,73.1195],[-124.7965,73.1193],[-124.7981,73.1187],[-124.7996,73.1184],[-124.8004,73.1182],[-124.8021,73.1179],[-124.8038,73.1173],[-124.8098,73.1163],[-124.8149,73.1157],[-124.8199,73.1152],[-124.824,73.1148],[-124.825,73.1147],[-124.8264,73.1145],[-124.8296,73.1143],[-124.8362,73.1135],[-124.838,73.1132],[-124.8391,73.1129],[-124.8407,73.1127],[-124.8437,73.1121],[-124.8476,73.1113],[-124.8478,73.1112],[-124.8496,73.1108],[-124.8503,73.1106],[-124.851,73.1103],[-124.8519,73.11],[-124.8527,73.1097],[-124.8529,73.1095],[-124.8531,73.1094],[-124.8557,73.1087],[-124.8579,73.1076],[-124.86,73.1067],[-124.8604,73.1064],[-124.8615,73.1059],[-124.8652,73.1034],[-124.8675,73.1013],[-124.868,73.1002],[-124.8684,73.099],[-124.8693,73.0973]]},"properties":{}},{"type":"Feature","geometry":{"type":"LineString","coordinates":[[-124.0658,73.5725],[-124.0663,73.5723],[-124.067,73.5722],[-124.0677,73.572],[-124.0682,73.5718],[-124.0687,73.5715],[-124.0698,73.5709],[-124.0701,73.5706],[-124.0702,73.5703],[-124.07,73.5699],[-124.0689,73.5696],[-124.0679,73.5694],[-124.0666,73.5693],[-124.0649,73.5693],[-124.0645,73.5694],[-124.064,73.5692],[-124.0639,73.5689],[-124.0654,73.5684],[-124.0663,73.5681],[-124.0683,73.5676],[-124.0686,73.5674],[-124.0684,73.5672],[-124.0672,73.567],[-124.067,73.5669],[-124.0666,73.5667],[-124.0664,73.5666],[-124.0665,73.5663],[-124.0668,73.5662],[-124.0673,73.5661],[-124.0698,73.566],[-124.0715,73.5659],[-124.072,73.5658],[-124.0728,73.5657],[-124.0735,73.5655],[-124.0739,73.5653],[-124.0741,73.5647],[-124.074,73.5645],[-124.0727,73.5639],[-124.072,73.5637],[-124.0706,73.5636],[-124.0692,73.5636],[-124.068,73.5634],[-124.0679,73.5633],[-124.0683,73.563],[-124.068,73.5629],[-124.0656,73.5632],[-124.0641,73.5628],[-124.0631,73.5626],[-124.0622,73.5625],[-124.0619,73.5624],[-124.0619,73.562],[-124.0622,73.5619],[-124.0632,73.5619],[-124.0646,73.5619],[-124.0656,73.5616],[-124.0659,73.5613],[-124.0674,73.5609],[-124.0689,73.5609],[-124.07,73.5609],[-124.0708,73.5608],[-124.071,73.5606],[-124.0711,73.5602],[-124.0719,73.5599],[-124.0731,73.5597],[-124.0735,73.5594],[-124.0733,73.5594],[-124.0725,73.5593],[-124.0709,73.5592],[-124.0694,73.5591],[-124.0655,73.5586],[-124.0647,73.5583],[-124.0648,73.5582],[-124.063,73.5579],[-124.063,73.5576],[-124.0657,73.5572],[-124.0666,73.5569],[-124.0678,73.5566],[-124.0693,73.5564],[-124.0697,73.5562],[-124.0696,73.556],[-124.0686,73.5559],[-124.068,73.5557],[-124.0681,73.5555],[-124.0711,73.5553],[-124.0732,73.5551],[-124.0739,73.5549],[-124.0737,73.5546],[-124.0731,73.5544],[-124.072,73.5544],[-124.0718,73.5544],[-124.0714,73.5545],[-124.0712,73.5547],[-124.0702,73.5547],[-124.0699,73.5547],[-124.0686,73.5546],[-124.0665,73.5545],[-124.0657,73.5545],[-124.065,73.5543],[-124.0651,73.5537],[-124.0669,73.5534],[-124.0674,73.5532],[-124.0695,73.5531],[-124.0705,73.553],[-124.0711,73.553],[-124.0711,73.5527],[-124.0705,73.5524],[-124.0684,73.5523],[-124.0676,73.5524],[-124.0672,73.5524],[-124.0649,73.5524],[-124.0641,73.552],[-124.0639,73.5518],[-124.0649,73.5517],[-124.0666,73.5519],[-124.0684,73.552],[-124.0714,73.5519],[-124.0728,73.5518],[-124.0735,73.5517],[-124.0737,73.5514],[-124.073,73.5509],[-124.0727,73.5505],[-124.0728,73.5503],[-124.0727,73.5501],[-124.0723,73.5499],[-124.0719,73.5493],[-124.0721,73.5493],[-124.0729,73.5491],[-124.0728,73.549],[-124.0745,73.5489],[-124.075,73.5491],[-124.0767,73.5493],[-124.0781,73.5494],[-124.079,73.5493],[-124.0791,73.549],[-124.0791,73.5485],[-124.0797,73.5484],[-124.08,73.5481],[-124.0796,73.5478],[-124.0793,73.5474],[-124.0796,73.547],[-124.0807,73.5468],[-124.0806,73.5465],[-124.0795,73.5462],[-124.0778,73.5461],[-124.0748,73.5464],[-124.073,73.5458],[-124.0725,73.5456],[-124.0706,73.5456],[-124.0693,73.5457],[-124.0684,73.5455],[-124.0701,73.5454],[-124.0708,73.5452],[-124.0707,73.5451],[-124.0725,73.545],[-124.0738,73.5449],[-124.0747,73.5445],[-124.0745,73.5443],[-124.0743,73.5442],[-124.0745,73.544],[-124.0751,73.5439],[-124.076,73.5433],[-124.0758,73.543],[-124.0751,73.543],[-124.0746,73.5427],[-124.0745,73.5422],[-124.0749,73.5421],[-124.0754,73.542],[-124.0749,73.5419],[-124.0739,73.542],[-124.0722,73.5423],[-124.0707,73.5425],[-124.0701,73.5424],[-124.0693,73.5423],[-124.0691,73.5422],[-124.0692,73.5421],[-124.0695,73.542],[-124.0698,73.5418],[-124.0695,73.5417],[-124.069,73.5417],[-124.0683,73.5416],[-124.0677,73.5412],[-124.0677,73.5408],[-124.0675,73.5403],[-124.0679,73.5401],[-124.0686,73.5397],[-124.0683,73.5393],[-124.0675,73.5389],[-124.0668,73.5387],[-124.0667,73.5386],[-124.0663,73.5383],[-124.0656,73.5384],[-124.0635,73.5388],[-124.0615,73.5389],[-124.0594,73.5387],[-124.0585,73.5384],[-124.0588,73.538],[-124.0587,73.5373],[-124.0589,73.5372],[-124.0587,73.5367],[-124.0593,73.5365],[-124.0597,73.536],[-124.0592,73.5356],[-124.0584,73.5348],[-124.0577,73.5347],[-124.0575,73.5343],[-124.057,73.534],[-124.0563,73.5338],[-124.0551,73.5337],[-124.0539,73.5337],[-124.0534,73.5334],[-124.0534,73.5331],[-124.0538,73.5328],[-124.054,73.5325],[-124.0538,73.532],[-124.0536,73.5316],[-124.0534,73.5311],[-124.0534,73.5304],[-124.0532,73.5297],[-124.0534,73.5292],[-124.0544,73.529],[-124.0558,73.5289],[-124.0565,73.529],[-124.0565,73.5292],[-124.057,73.5295],[-124.057,73.5297],[-124.057,73.5301],[-124.056,73.5307],[-124.0562,73.5309],[-124.0574,73.531],[-124.0595,73.5308],[-124.0621,73.5304],[-124.063,73.5305],[-124.0634,73.5307],[-124.0645,73.5309],[-124.0661,73.531],[-124.0682,73.531],[-124.0697,73.5309],[-124.0707,73.531],[-124.0723,73.5309],[-124.0751,73.5305],[-124.0772,73.5301],[-124.0781,73.5297],[-124.0783,73.5294],[-124.077,73.5288],[-124.0766,73.5285],[-124.0769,73.5283],[-124.0764,73.5281],[-124.0744,73.5279],[-124.0747,73.5274],[-124.0747,73.527],[-124.0743,73.5267],[-124.0743,73.5263],[-124.075,73.526],[-124.076,73.5261],[-124.0765,73.5264],[-124.0772,73.5266],[-124.0781,73.5265],[-124.0785,73.5262],[-124.0786,73.5259],[-124.08,73.5255],[-124.0809,73.5253],[-124.0827,73.5251],[-124.0871,73.5245],[-124.0879,73.5243],[-124.0883,73.5242],[-124.0894,73.5241],[-124.0924,73.5245],[-124.0934,73.5249],[-124.0943,73.5251],[-124.0957,73.5252],[-124.0963,73.525],[-124.0961,73.5246],[-124.0946,73.524],[-124.0942,73.5236],[-124.0936,73.5234],[-124.0933,73.523],[-124.0944,73.5229],[-124.0955,73.523],[-124.0965,73.5233],[-124.0984,73.5239],[-124.0989,73.5243],[-124.0997,73.5245],[-124.1021,73.5248],[-124.1034,73.5248],[-124.1044,73.5247],[-124.1067,73.5243],[-124.1085,73.5239],[-124.1092,73.5235],[-124.1099,73.523],[-124.1111,73.5228],[-124.111,73.5228],[-124.1116,73.5226],[-124.1106,73.5224],[-124.1108,73.522],[-124.1111,73.5218],[-124.1122,73.5216],[-124.1149,73.5219],[-124.1161,73.5222],[-124.1183,73.5224],[-124.1194,73.5223],[-124.1213,73.5217],[-124.1221,73.5214],[-124.1241,73.5208],[-124.1256,73.5202],[-124.1276,73.5199],[-124.1287,73.5195],[-124.1294,73.5189],[-124.1305,73.5174],[-124.131,73.5172],[-124.1315,73.5165],[-124.1315,73.516],[-124.132,73.5153],[-124.1327,73.5149],[-124.1331,73.5144],[-124.1329,73.5139],[-124.1321,73.5137],[-124.1302,73.5135],[-124.1281,73.5129],[-124.1261,73.5128],[-124.1255,73.513],[-124.1252,73.5132],[-124.1237,73.5133],[-124.1214,73.513],[-124.1202,73.513],[-124.1185,73.5132],[-124.1178,73.5135],[-124.117,73.5138],[-124.1161,73.5139],[-124.1152,73.5137],[-124.114,73.5134],[-124.1138,73.5133],[-124.1132,73.5127],[-124.1131,73.5119],[-124.1136,73.5114],[-124.1144,73.5108],[-124.115,73.5103],[-124.1153,73.5098],[-124.1152,73.5093],[-124.1148,73.5088],[-124.1141,73.5084],[-124.1138,73.5081],[-124.1143,73.5078],[-124.1149,73.5074],[-124.1141,73.5068],[-124.1135,73.5064],[-124.1117,73.5058],[-124.1076,73.5058],[-124.1056,73.5058],[-124.1033,73.5056],[-124.1018,73.5054],[-124.0998,73.5053],[-124.0971,73.5055],[-124.0963,73.5055],[-124.0956,73.5056],[-124.0954,73.5055],[-124.0952,73.5054],[-124.0967,73.505],[-124.1005,73.5045],[-124.1014,73.5043],[-124.1026,73.5039],[-124.1022,73.5033],[-124.1014,73.503],[-124.1005,73.5027],[-124.0992,73.5026],[-124.0987,73.5024],[-124.0984,73.5021],[-124.0997,73.5019],[-124.1021,73.5019],[-124.1035,73.5019],[-124.1053,73.5017],[-124.1074,73.5014],[-124.1087,73.5013],[-124.1107,73.5011],[-124.1148,73.5005],[-124.1161,73.5003],[-124.1172,73.5],[-124.1219,73.5],[-124.1248,73.4991],[-124.1265,73.4981],[-124.1267,73.4975],[-124.1267,73.4969],[-124.1263,73.4964],[-124.1272,73.496],[-124.1276,73.4956],[-124.1265,73.4953],[-124.1264,73.495],[-124.1269,73.4948],[-124.1282,73.4943],[-124.129,73.4938],[-124.1291,73.4933],[-124.1289,73.4929],[-124.129,73.4925],[-124.1274,73.4922],[-124.1256,73.492],[-124.1246,73.4917],[-124.1243,73.4914],[-124.1246,73.4911],[-124.1259,73.4908],[-124.1265,73.4905],[-124.1273,73.4904],[-124.129,73.4905],[-124.1312,73.491],[-124.1338,73.4914],[-124.1356,73.4919],[-124.1375,73.4921],[-124.1398,73.4914],[-124.1415,73.4914],[-124.1426,73.4913],[-124.1435,73.4909],[-124.1436,73.4906],[-124.1442,73.4901],[-124.1438,73.4897],[-124.1437,73.4892],[-124.1439,73.489],[-124.1452,73.489],[-124.146,73.4894],[-124.1467,73.4901],[-124.1473,73.491],[-124.1478,73.4922],[-124.149,73.4929],[-124.1512,73.4938],[-124.1553,73.4949],[-124.1567,73.4954],[-124.1578,73.4957],[-124.1587,73.4958],[-124.1601,73.4963],[-124.1607,73.4967],[-124.163,73.497],[-124.1649,73.4974],[-124.1665,73.4977],[-124.1675,73.4981],[-124.1687,73.498],[-124.1705,73.4983],[-124.1739,73.499],[-124.1758,73.4995],[-124.1764,73.4997],[-124.1773,73.5],[-124.178,73.5012],[-124.1802,73.5015],[-124.1817,73.5016],[-124.1832,73.5018],[-124.1841,73.5019],[-124.1876,73.5024],[-124.1888,73.5024],[-124.189,73.5025],[-124.1886,73.5027],[-124.1877,73.5029],[-124.1866,73.5031],[-124.1852,73.5033],[-124.1825,73.5033],[-124.1811,73.5033],[-124.1799,73.5034],[-124.1793,73.5035],[-124.1794,73.5037],[-124.1805,73.5037],[-124.1828,73.5035],[-124.1844,73.5035],[-124.1859,73.5035],[-124.1872,73.5033],[-124.1904,73.5027],[-124.1925,73.5022],[-124.1934,73.502],[-124.1944,73.5017],[-124.1958,73.5013],[-124.199,73.501],[-124.2009,73.5009],[-124.202,73.5009],[-124.2039,73.5011],[-124.207,73.501],[-124.2088,73.5009],[-124.2146,73.5004],[-124.2182,73.5],[-124.2237,73.4989],[-124.2253,73.4985],[-124.2278,73.4983],[-124.2319,73.4975],[-124.2328,73.4974],[-124.2366,73.4968],[-124.2395,73.4964],[-124.2408,73.4963],[-124.2431,73.4959],[-124.2447,73.4955],[-124.2468,73.4953],[-124.2514,73.495],[-124.2533,73.4948],[-124.2547,73.4948],[-124.2567,73.4949],[-124.2588,73.495],[-124.2622,73.4953],[-124.2643,73.4955],[-124.2675,73.4955],[-124.2676,73.4953],[-124.2674,73.4952],[-124.2656,73.495],[-124.2651,73.4948],[-124.2651,73.4946],[-124.2655,73.4945],[-124.2669,73.4942],[-124.2673,73.4941],[-124.2672,73.4936],[-124.2675,73.4935],[-124.268,73.4934],[-124.2686,73.4934],[-124.2689,73.4936],[-124.269,73.4938],[-124.2695,73.4939],[-124.2697,73.494],[-124.2693,73.4942],[-124.2691,73.4944],[-124.2693,73.4949],[-124.2693,73.4952],[-124.2696,73.4957],[-124.2699,73.4959],[-124.2704,73.4961],[-124.2712,73.4963],[-124.2719,73.4966],[-124.273,73.497],[-124.273,73.4974],[-124.2721,73.4977],[-124.2699,73.498],[-124.269,73.4981],[-124.2684,73.4983],[-124.2676,73.4984],[-124.267,73.4983],[-124.2667,73.4981],[-124.2661,73.498],[-124.2655,73.498],[-124.2641,73.4982],[-124.2625,73.4989],[-124.2627,73.4992],[-124.2639,73.4994],[-124.2652,73.4994],[-124.2671,73.4992],[-124.2703,73.4988],[-124.2737,73.4981],[-124.2753,73.4976],[-124.2771,73.4972],[-124.2811,73.4963],[-124.2848,73.4951],[-124.2858,73.4949],[-124.2874,73.4946],[-124.2883,73.4943],[-124.2891,73.4938],[-124.2901,73.4933],[-124.2921,73.4925],[-124.2944,73.4918],[-124.2953,73.4915],[-124.2968,73.4909],[-124.2998,73.49],[-124.3015,73.4894],[-124.3048,73.4884],[-124.3083,73.4869],[-124.3092,73.4864],[-124.3095,73.4861],[-124.3101,73.4858],[-124.3105,73.4855],[-124.311,73.485],[-124.3111,73.4846],[-124.3119,73.4838],[-124.3121,73.4832],[-124.3125,73.4827],[-124.313,73.4819],[-124.3129,73.4815],[-124.3129,73.4807],[-124.3127,73.4797],[-124.3119,73.4792],[-124.3108,73.4788],[-124.3081,73.4782],[-124.3069,73.4782],[-124.3059,73.4783],[-124.305,73.4787],[-124.3046,73.4788],[-124.3038,73.4788],[-124.3033,73.4787],[-124.302,73.4786],[-124.3002,73.478],[-124.3002,73.4769],[-124.2996,73.4764],[-124.2992,73.4751],[-124.2991,73.4743],[-124.2995,73.4736],[-124.3004,73.4729],[-124.301,73.4715],[-124.303,73.47],[-124.3034,73.4694],[-124.3035,73.4687],[-124.3034,73.4681],[-124.3028,73.4678],[-124.3014,73.4675],[-124.3009,73.4674],[-124.3003,73.4676],[-124.3004,73.4681],[-124.3005,73.4685],[-124.3003,73.4691],[-124.3002,73.4694],[-124.3007,73.4698],[-124.3006,73.4699],[-124.3,73.47],[-124.2994,73.47],[-124.2988,73.4701],[-124.2972,73.4702],[-124.2968,73.4703],[-124.2949,73.4707],[-124.2944,73.4707],[-124.2939,73.4709],[-124.2927,73.4711],[-124.2915,73.4715],[-124.2903,73.4716],[-124.2872,73.4715],[-124.2841,73.4715],[-124.2827,73.4716],[-124.2809,73.4717],[-124.2778,73.4723],[-124.278,73.4729],[-124.2765,73.4733],[-124.2749,73.4737],[-124.2738,73.4738],[-124.2723,73.4739],[-124.2717,73.4741],[-124.2701,73.4743],[-124.2691,73.4744],[-124.2678,73.4744],[-124.2672,73.4741],[-124.2672,73.4736],[-124.2642,73.4737],[-124.2604,73.475],[-124.2606,73.4754],[-124.2601,73.4755],[-124.2586,73.4753],[-124.2575,73.4752],[-124.2568,73.4754],[-124.2547,73.4757],[-124.2519,73.4759],[-124.251,73.4763],[-124.2503,73.4766],[-124.2494,73.4766],[-124.2485,73.4765],[-124.2483,73.4761],[-124.2474,73.4757],[-124.2463,73.4754],[-124.2455,73.475],[-124.2443,73.4749],[-124.243,73.4749],[-124.2396,73.4743],[-124.2365,73.4738],[-124.2347,73.4735],[-124.2344,73.4733],[-124.2344,73.4731],[-124.2348,73.473],[-124.2348,73.4728],[-124.2333,73.4727],[-124.2313,73.4725],[-124.2298,73.4724],[-124.2288,73.4725],[-124.2279,73.4726],[-124.2269,73.4727],[-124.2261,73.4729],[-124.2256,73.4736],[-124.225,73.4737],[-124.2241,73.4738],[-124.2237,73.4741],[-124.2225,73.4743],[-124.2198,73.4743],[-124.2174,73.4745],[-124.2162,73.4745],[-124.2119,73.4741],[-124.2101,73.4742],[-124.2089,73.4744],[-124.2079,73.4746],[-124.2067,73.4748],[-124.2059,73.475],[-124.2047,73.4746],[-124.2049,73.4743],[-124.2053,73.4742],[-124.2054,73.4738],[-124.2068,73.4738],[-124.2085,73.4739],[-124.2095,73.474],[-124.2111,73.4736],[-124.212,73.4735],[-124.2128,73.4735],[-124.2141,73.4736],[-124.2151,73.4738],[-124.2166,73.4739],[-124.2169,73.4738],[-124.2169,73.4736],[-124.217,73.4731],[-124.2163,73.4728],[-124.2168,73.4725],[-124.2167,73.4723],[-124.2161,73.4722],[-124.2159,73.4717],[-124.2163,73.4714],[-124.2178,73.4713],[-124.2189,73.4713],[-124.2199,73.4709],[-124.2216,73.4702],[-124.2218,73.4697],[-124.2219,73.4692],[-124.2205,73.4688],[-124.2198,73.4684],[-124.2193,73.4681],[-124.2199,73.4679],[-124.2225,73.4676],[-124.2235,73.468],[-124.225,73.468],[-124.2265,73.4681],[-124.227,73.4681],[-124.2277,73.468],[-124.229,73.4676],[-124.2305,73.4673],[-124.2317,73.4672],[-124.2322,73.4675],[-124.2325,73.4678],[-124.2346,73.4677],[-124.2351,73.4674],[-124.2357,73.4672],[-124.2365,73.4667],[-124.2381,73.4664],[-124.2401,73.4664],[-124.2438,73.466],[-124.2469,73.4658],[-124.2482,73.4654],[-124.249,73.4653],[-124.2494,73.465],[-124.2506,73.4645],[-124.2513,73.4642],[-124.2528,73.4641],[-124.2566,73.4642],[-124.2579,73.4641],[-124.2585,73.464],[-124.2594,73.4635],[-124.2603,73.4632],[-124.2619,73.4631],[-124.2631,73.4631],[-124.264,73.4629],[-124.2664,73.4631],[-124.2679,73.463],[-124.2698,73.4629],[-124.271,73.4626],[-124.2716,73.4623],[-124.2722,73.4622],[-124.2744,73.4622],[-124.275,73.4622],[-124.2761,73.4623],[-124.278,73.4621],[-124.2788,73.4619],[-124.28,73.4619],[-124.281,73.4621],[-124.2823,73.4617],[-124.2859,73.4612],[-124.2883,73.4607],[-124.2892,73.4604],[-124.2913,73.4602],[-124.2941,73.4599],[-124.2964,73.4599],[-124.2983,73.4599],[-124.2987,73.4593],[-124.3003,73.4591],[-124.3017,73.4591],[-124.3032,73.4592],[-124.3038,73.4596],[-124.3079,73.4599],[-124.3086,73.4607],[-124.3099,73.461],[-124.3106,73.4611],[-124.311,73.4615],[-124.3117,73.4619],[-124.3127,73.4622],[-124.3122,73.4627],[-124.3112,73.4632],[-124.3098,73.4635],[-124.3086,73.4635],[-124.3076,73.4632],[-124.3065,73.4632],[-124.3057,73.4635],[-124.3046,73.4636],[-124.3041,73.4638],[-124.3041,73.4639],[-124.3052,73.464],[-124.3075,73.464],[-124.3082,73.4643],[-124.3089,73.4644],[-124.3093,73.4643],[-124.3103,73.4641],[-124.3122,73.4638],[-124.3145,73.4636],[-124.3165,73.4637],[-124.3169,73.4641],[-124.3154,73.4645],[-124.3167,73.4648],[-124.3192,73.4648],[-124.3211,73.465],[-124.3242,73.4652],[-124.3259,73.4657],[-124.3273,73.4662],[-124.3306,73.4666],[-124.3334,73.4669],[-124.3355,73.4667],[-124.3439,73.465],[-124.3442,73.4642],[-124.3495,73.4626],[-124.3496,73.4619],[-124.3474,73.4615],[-124.3474,73.4612],[-124.3484,73.4608],[-124.3456,73.4607],[-124.3427,73.4608],[-124.3421,73.4607],[-124.3427,73.4593],[-124.3413,73.4589],[-124.3387,73.4585],[-124.337,73.4589],[-124.3348,73.4598],[-124.3327,73.4605],[-124.3313,73.4606],[-124.3299,73.4604],[-124.3283,73.46],[-124.3277,73.4596],[-124.3289,73.459],[-124.3305,73.4586],[-124.3328,73.458],[-124.3346,73.4573],[-124.3351,73.4565],[-124.3343,73.4559],[-124.3347,73.4553],[-124.3354,73.4551],[-124.3367,73.4542],[-124.3372,73.454],[-124.3379,73.4538],[-124.3393,73.4536],[-124.3413,73.4535],[-124.3423,73.4536],[-124.3433,73.4536],[-124.3445,73.4535],[-124.3453,73.4533],[-124.3498,73.4521],[-124.3502,73.4518],[-124.3501,73.4517],[-124.35,73.4516],[-124.3498,73.4515],[-124.3491,73.4515],[-124.3486,73.4515],[-124.3483,73.4514],[-124.3483,73.4513],[-124.349,73.4508],[-124.3495,73.4506],[-124.3502,73.4503],[-124.3501,73.4502],[-124.3504,73.45],[-124.3512,73.4498],[-124.3516,73.4497],[-124.352,73.4496],[-124.3531,73.4491],[-124.3537,73.4489],[-124.3553,73.4482],[-124.3557,73.4479],[-124.3564,73.4475],[-124.3573,73.4472],[-124.3604,73.4469],[-124.3609,73.4467],[-124.361,73.4465],[-124.361,73.4463],[-124.3612,73.4458],[-124.3618,73.4455],[-124.3621,73.4452],[-124.3621,73.4448],[-124.3614,73.4444],[-124.3608,73.4443],[-124.3588,73.4438],[-124.3584,73.4435],[-124.3583,73.4425],[-124.3582,73.4423],[-124.3581,73.4419],[-124.3583,73.4417],[-124.3589,73.4415],[-124.359,73.4413],[-124.3587,73.441],[-124.3581,73.4408],[-124.358,73.4404],[-124.3583,73.4403],[-124.3595,73.4403],[-124.3599,73.4403],[-124.3598,73.4399],[-124.361,73.4401],[-124.3618,73.4403],[-124.3621,73.4405],[-124.3621,73.441],[-124.3623,73.4412],[-124.363,73.4412],[-124.3637,73.4413],[-124.3645,73.4417],[-124.365,73.442],[-124.3652,73.4421],[-124.3659,73.4423],[-124.3663,73.4423],[-124.3673,73.4422],[-124.3683,73.442],[-124.369,73.4418],[-124.3699,73.4415],[-124.3702,73.4413],[-124.3723,73.441],[-124.3729,73.4411],[-124.3745,73.4412],[-124.3752,73.4414],[-124.3757,73.4416],[-124.3759,73.4418],[-124.3758,73.4421],[-124.375,73.4424],[-124.3752,73.4424],[-124.3755,73.4425],[-124.3761,73.4425],[-124.3769,73.4423],[-124.3775,73.4422],[-124.3786,73.4417],[-124.3792,73.4416],[-124.38,73.4414],[-124.3809,73.4413],[-124.3816,73.4413],[-124.3819,73.4414],[-124.382,73.4415],[-124.382,73.4416],[-124.3816,73.4418],[-124.3811,73.4419],[-124.3799,73.442],[-124.3789,73.4422],[-124.3786,73.4425],[-124.3785,73.4426],[-124.3787,73.4428],[-124.3793,73.4431],[-124.3797,73.4433],[-124.3795,73.4435],[-124.3788,73.4439],[-124.3776,73.444],[-124.3773,73.444],[-124.3771,73.444],[-124.3763,73.4442],[-124.3753,73.4446],[-124.3749,73.4447],[-124.3746,73.4449],[-124.3745,73.445],[-124.3745,73.4451],[-124.375,73.4454],[-124.375,73.4455],[-124.3747,73.4456],[-124.3738,73.4457],[-124.3729,73.4458],[-124.3717,73.4461],[-124.3705,73.4464],[-124.3696,73.4464],[-124.3676,73.4466],[-124.3667,73.4467],[-124.366,73.4469],[-124.3652,73.4474],[-124.3653,73.4478],[-124.3652,73.448],[-124.3649,73.4481],[-124.3646,73.4483],[-124.3639,73.4489],[-124.3627,73.4493],[-124.3625,73.4495],[-124.3626,73.4495],[-124.3642,73.4498],[-124.3652,73.45],[-124.366,73.45],[-124.3667,73.45],[-124.367,73.4499],[-124.3677,73.4497],[-124.3681,73.4496],[-124.3716,73.4492],[-124.3721,73.4488],[-124.3732,73.4488],[-124.3736,73.4492],[-124.3736,73.4494],[-124.3741,73.4497],[-124.3748,73.4503],[-124.3748,73.4506],[-124.3743,73.4513],[-124.3742,73.4517],[-124.3738,73.4523],[-124.3719,73.4548],[-124.3717,73.4561],[-124.3718,73.4563],[-124.3719,73.4564],[-124.3713,73.457],[-124.3707,73.4576],[-124.3699,73.4582],[-124.3694,73.4588],[-124.3691,73.4593],[-124.3688,73.46],[-124.3684,73.4603],[-124.3684,73.4607],[-124.3682,73.4609],[-124.3679,73.4619],[-124.3681,73.4624],[-124.3679,73.4629],[-124.3672,73.4634],[-124.3662,73.464],[-124.366,73.4647],[-124.3655,73.465],[-124.3649,73.4651],[-124.3648,73.4655],[-124.3633,73.4659],[-124.361,73.4667],[-124.3598,73.467],[-124.3587,73.4673],[-124.3565,73.4681],[-124.3543,73.4688],[-124.3524,73.4696],[-124.3516,73.4698],[-124.3517,73.4703],[-124.3481,73.472],[-124.3471,73.4721],[-124.3464,73.4721],[-124.3456,73.4723],[-124.3451,73.4723],[-124.3442,73.4721],[-124.3437,73.472],[-124.3431,73.4722],[-124.3427,73.4724],[-124.3423,73.4725],[-124.3419,73.4726],[-124.3408,73.4724],[-124.34,73.4724],[-124.3393,73.4726],[-124.3393,73.4727],[-124.34,73.4729],[-124.3416,73.473],[-124.3428,73.4731],[-124.344,73.4731],[-124.3457,73.4728],[-124.3478,73.4724],[-124.3495,73.4719],[-124.3513,73.4712],[-124.3527,73.4704],[-124.3532,73.47],[-124.3551,73.4692],[-124.3588,73.468],[-124.3603,73.4676],[-124.3614,73.4674],[-124.3628,73.467],[-124.3643,73.4665],[-124.3656,73.466],[-124.367,73.4654],[-124.3676,73.465],[-124.3678,73.4645],[-124.3684,73.4641],[-124.3693,73.4632],[-124.3694,73.4628],[-124.3697,73.4624],[-124.37,73.462],[-124.3703,73.4611],[-124.371,73.4598],[-124.3709,73.4594],[-124.3716,73.4583],[-124.3734,73.4565],[-124.3737,73.4558],[-124.3737,73.4552],[-124.3739,73.4548],[-124.374,73.4542],[-124.3741,73.4539],[-124.3745,73.4534],[-124.3748,73.4526],[-124.3754,73.4518],[-124.3757,73.4513],[-124.3763,73.4497],[-124.3766,73.4494],[-124.3766,73.4487],[-124.377,73.4476],[-124.3778,73.4466],[-124.3809,73.4444],[-124.382,73.4436],[-124.3829,73.4431],[-124.3834,73.4427],[-124.3851,73.4418],[-124.3856,73.4417],[-124.3862,73.441],[-124.3878,73.4399],[-124.3882,73.4394],[-124.3889,73.4389],[-124.3899,73.4379],[-124.3908,73.4367],[-124.3913,73.4355],[-124.3918,73.433],[-124.3918,73.4318],[-124.3924,73.4311],[-124.3933,73.4306],[-124.3947,73.43],[-124.3963,73.4296],[-124.3978,73.4294],[-124.3986,73.4293],[-124.4003,73.4291],[-124.4016,73.4288],[-124.4026,73.4285],[-124.4056,73.427],[-124.4058,73.4264],[-124.4064,73.4263],[-124.4069,73.4258],[-124.4071,73.4251],[-124.4074,73.4246],[-124.4072,73.4242],[-124.4076,73.4238],[-124.4076,73.4236],[-124.4076,73.4233],[-124.4079,73.4229],[-124.4077,73.4225],[-124.4076,73.4215],[-124.4072,73.4198],[-124.4066,73.4187],[-124.4062,73.4182],[-124.4061,73.4179],[-124.4058,73.4174],[-124.4053,73.4169],[-124.405,73.4164],[-124.4045,73.416],[-124.4043,73.4157],[-124.4043,73.4155],[-124.404,73.4152],[-124.4037,73.415],[-124.4036,73.4143],[-124.4028,73.4123],[-124.4028,73.412],[-124.4031,73.4112],[-124.4029,73.4106],[-124.403,73.4104],[-124.4033,73.41],[-124.4037,73.4097],[-124.4046,73.4088],[-124.4046,73.4083],[-124.4049,73.4081],[-124.4054,73.4078],[-124.4058,73.4074],[-124.4065,73.4069],[-124.4073,73.4064],[-124.4084,73.4058],[-124.4089,73.4055],[-124.4096,73.4053],[-124.41,73.4049],[-124.4105,73.4043],[-124.4106,73.4041],[-124.4107,73.4039],[-124.4107,73.4038],[-124.4105,73.4037],[-124.4101,73.4035],[-124.4094,73.4033],[-124.4091,73.4032],[-124.4089,73.4031],[-124.4087,73.403],[-124.4086,73.4028],[-124.4086,73.4024],[-124.4085,73.4022],[-124.4086,73.402],[-124.4095,73.401],[-124.41,73.4006],[-124.4108,73.4002],[-124.4115,73.3997],[-124.4122,73.3993],[-124.4146,73.3986],[-124.4154,73.398],[-124.4163,73.3971],[-124.4173,73.3963],[-124.4183,73.395],[-124.419,73.3939],[-124.4205,73.3926],[-124.4216,73.3914],[-124.4234,73.3903],[-124.4239,73.3897],[-124.4242,73.3891],[-124.4242,73.3885],[-124.4241,73.3883],[-124.4239,73.388],[-124.4231,73.3874],[-124.4221,73.3865],[-124.4217,73.3865],[-124.4213,73.3865],[-124.4209,73.3865],[-124.4203,73.3867],[-124.4204,73.3868],[-124.4208,73.3868],[-124.4213,73.3869],[-124.4216,73.3869],[-124.4219,73.3871],[-124.4232,73.3881],[-124.4232,73.3882],[-124.423,73.3886],[-124.4223,73.3891],[-124.4221,73.3897],[-124.4218,73.3899],[-124.4212,73.3901],[-124.4204,73.3903],[-124.4198,73.3903],[-124.4194,73.3904],[-124.4195,73.3905],[-124.4192,73.3907],[-124.4191,73.391],[-124.4189,73.391],[-124.4185,73.391],[-124.4183,73.391],[-124.418,73.3909],[-124.4179,73.3909],[-124.4179,73.3908],[-124.418,73.3908],[-124.4178,73.3907],[-124.4177,73.3906],[-124.4177,73.3904],[-124.4175,73.3903],[-124.4174,73.3902],[-124.4171,73.3901],[-124.4166,73.3901],[-124.4158,73.3902],[-124.4155,73.3903],[-124.4155,73.3904],[-124.4153,73.3904],[-124.415,73.3904],[-124.4176,73.3913],[-124.4183,73.3915],[-124.419,73.3918],[-124.4192,73.392],[-124.4191,73.3923],[-124.4184,73.3927],[-124.4177,73.3933],[-124.4171,73.3941],[-124.4169,73.3946],[-124.4165,73.3949],[-124.4165,73.3953],[-124.4162,73.3957],[-124.4161,73.396],[-124.4158,73.3963],[-124.4159,73.3964],[-124.4157,73.3965],[-124.4156,73.3966],[-124.4156,73.3968],[-124.4154,73.3969],[-124.4154,73.3971],[-124.4149,73.3973],[-124.4146,73.3978],[-124.4141,73.398],[-124.4134,73.3981],[-124.4126,73.3982],[-124.4123,73.3983],[-124.4119,73.3983],[-124.4118,73.3983],[-124.4117,73.3983],[-124.4115,73.3984],[-124.4114,73.3984],[-124.4114,73.3985],[-124.4113,73.3986],[-124.4113,73.3986],[-124.4115,73.3987],[-124.4118,73.3988],[-124.4125,73.3988],[-124.4127,73.3988],[-124.4127,73.3988],[-124.4126,73.3988],[-124.4124,73.3988],[-124.4121,73.3989],[-124.4112,73.3989],[-124.4111,73.3989],[-124.4112,73.399],[-124.4113,73.399],[-124.4115,73.3991],[-124.4114,73.3992],[-124.4112,73.3992],[-124.411,73.3992],[-124.4108,73.3991],[-124.4106,73.3989],[-124.4104,73.3989],[-124.4103,73.399],[-124.4102,73.3992],[-124.4102,73.3993],[-124.4103,73.3994],[-124.4104,73.3995],[-124.4105,73.3996],[-124.4104,73.3997],[-124.4103,73.3999],[-124.4099,73.4001],[-124.4095,73.4002],[-124.4095,73.4003],[-124.4095,73.4004],[-124.4091,73.4005],[-124.4088,73.4005],[-124.4085,73.4005],[-124.4081,73.4005],[-124.4078,73.4006],[-124.4075,73.4007],[-124.4074,73.4008],[-124.4057,73.4012],[-124.4054,73.4012],[-124.4052,73.4013],[-124.4051,73.4014],[-124.405,73.4014],[-124.4052,73.4015],[-124.4053,73.4016],[-124.4052,73.4016],[-124.4044,73.4017],[-124.4039,73.4017],[-124.4037,73.4018],[-124.4038,73.4018],[-124.405,73.402],[-124.4055,73.4021],[-124.406,73.4023],[-124.4065,73.4024],[-124.4067,73.4024],[-124.4068,73.4025],[-124.4068,73.4026],[-124.407,73.4027],[-124.4069,73.4027],[-124.4069,73.4028],[-124.4073,73.4029],[-124.4074,73.403],[-124.4074,73.4031],[-124.4074,73.4032],[-124.4077,73.4033],[-124.408,73.4034],[-124.4081,73.4034],[-124.4081,73.4035],[-124.4081,73.4036],[-124.408,73.4038],[-124.4082,73.4041],[-124.4084,73.4043],[-124.4082,73.4044],[-124.4076,73.4045],[-124.4065,73.4049],[-124.407,73.4052],[-124.4066,73.4055],[-124.4059,73.4057],[-124.4049,73.4059],[-124.4047,73.4062],[-124.4043,73.4064],[-124.4039,73.4064],[-124.4037,73.4065],[-124.4031,73.4067],[-124.4025,73.4071],[-124.4025,73.4075],[-124.4022,73.4077],[-124.4019,73.4079],[-124.4015,73.4081],[-124.4012,73.4085],[-124.401,73.4087],[-124.4005,73.4089],[-124.3999,73.409],[-124.3998,73.4093],[-124.4001,73.4093],[-124.4005,73.4102],[-124.4009,73.4104],[-124.401,73.4107],[-124.4009,73.4109],[-124.4011,73.4117],[-124.401,73.4119],[-124.4004,73.4121],[-124.4005,73.4124],[-124.4002,73.4126],[-124.4012,73.4129],[-124.4014,73.4133],[-124.4014,73.4139],[-124.4018,73.4142],[-124.4022,73.4143],[-124.4025,73.4158],[-124.4029,73.4162],[-124.4033,73.4165],[-124.4035,73.4167],[-124.4038,73.4169],[-124.4041,73.4176],[-124.4049,73.4183],[-124.405,73.419],[-124.405,73.4194],[-124.4046,73.4195],[-124.4045,73.4199],[-124.4041,73.4203],[-124.4032,73.4204],[-124.4021,73.4202],[-124.4014,73.4204],[-124.4015,73.4209],[-124.4012,73.4212],[-124.4006,73.4212],[-124.3995,73.4212],[-124.3982,73.421],[-124.3965,73.4212],[-124.3933,73.4213],[-124.3912,73.4214],[-124.3886,73.4215],[-124.3882,73.4214],[-124.388,73.4213],[-124.3883,73.4212],[-124.3892,73.4209],[-124.3902,73.4206],[-124.3897,73.4201],[-124.3892,73.4198],[-124.3878,73.4193],[-124.3861,73.4192],[-124.3852,73.4188],[-124.3852,73.4185],[-124.3854,73.4182],[-124.3864,73.4181],[-124.3875,73.418],[-124.387,73.4173],[-124.3873,73.4172],[-124.3876,73.4171],[-124.3874,73.4169],[-124.3875,73.4167],[-124.3872,73.4164],[-124.3877,73.4158],[-124.3888,73.4155],[-124.3907,73.4152],[-124.3913,73.4147],[-124.3911,73.414],[-124.3915,73.4136],[-124.3924,73.4131],[-124.3934,73.4128],[-124.3938,73.4126],[-124.3944,73.4122],[-124.3933,73.4113],[-124.3946,73.411],[-124.3947,73.4105],[-124.3938,73.4101],[-124.3939,73.4098],[-124.3949,73.4096],[-124.3951,73.4091],[-124.3938,73.4084],[-124.3937,73.4079],[-124.3934,73.4072],[-124.3927,73.4066],[-124.3922,73.4064],[-124.3912,73.406],[-124.3901,73.4059],[-124.39,73.4056],[-124.3873,73.4056],[-124.3868,73.4055],[-124.3867,73.4055],[-124.3871,73.4053],[-124.3871,73.4053],[-124.387,73.4052],[-124.3872,73.4051],[-124.3882,73.4051],[-124.3883,73.4049],[-124.3884,73.4049],[-124.3892,73.4049],[-124.39,73.4049],[-124.3913,73.4049],[-124.3918,73.405],[-124.3936,73.4046],[-124.3946,73.4039],[-124.3949,73.4034],[-124.3941,73.4029],[-124.3925,73.4022],[-124.3941,73.4001],[-124.3955,73.3995],[-124.3966,73.3964],[-124.3907,73.394],[-124.3904,73.3937],[-124.3908,73.391],[-124.3929,73.3895],[-124.394,73.3869],[-124.3957,73.3815],[-124.3971,73.3814],[-124.3978,73.3813],[-124.3984,73.3812],[-124.3997,73.3808],[-124.4001,73.3804],[-124.4003,73.3803],[-124.4014,73.3801],[-124.4024,73.38],[-124.4032,73.3798],[-124.4043,73.3797],[-124.4055,73.3797]]},"properties":{}},{"type":"Feature","geometry":{"type":"LineString","coordinates":[[-124.9799,72.6141],[-124.9793,72.6138],[-124.9793,72.6137],[-124.9792,72.6137],[-124.9788,72.6137],[-124.9788,72.6138],[-124.9789,72.614],[-124.9786,72.6144],[-124.9782,72.6146],[-124.9779,72.6146],[-124.977,72.6146],[-124.9768,72.6146],[-124.9767,72.6147],[-124.9769,72.6148],[-124.9781,72.6147],[-124.9783,72.6148],[-124.9783,72.6149],[-124.978,72.615],[-124.978,72.615],[-124.9782,72.6151],[-124.9787,72.6151],[-124.9793,72.6147],[-124.9799,72.6142],[-124.9799,72.6141]]},"properties":{}},{"type":"Feature","geometry":{"type":"LineString","coordinates":[[-124.9689,72.6081],[-124.9687,72.6082],[-124.9683,72.6084],[-124.9674,72.6085],[-124.967,72.6089],[-124.9664,72.6091],[-124.9664,72.6091],[-124.9667,72.6092],[-124.967,72.6091],[-124.9674,72.6091],[-124.9688,72.6089],[-124.9689,72.6086],[-124.9692,72.6083],[-124.9693,72.6082],[-124.9692,72.6082],[-124.9692,72.6081],[-124.9689,72.6081]]},"properties":{}},{"type":"Feature","geometry":{"type":"LineString","coordinates":[[-124.9705,72.6187],[-124.97,72.6184],[-124.9697,72.6184],[-124.9692,72.6184],[-124.9686,72.6185],[-124.9666,72.6185],[-124.9666,72.6186],[-124.9668,72.6186],[-124.9672,72.6187],[-124.9685,72.6188],[-124.9695,72.6189],[-124.9708,72.619],[-124.9712,72.619],[-124.9714,72.619],[-124.9716,72.6189],[-124.9715,72.6189],[-124.9712,72.6188],[-124.9709,72.6187],[-124.9705,72.6187]]},"properties":{}},{"type":"Feature","geometry":{"type":"LineString","coordinates":[[-124.9824,72.7071],[-124.9829,72.707],[-124.983,72.7069],[-124.983,72.7067],[-124.9828,72.7064],[-124.9827,72.7063],[-124.9823,72.7063],[-124.9819,72.7065],[-124.9816,72.7067],[-124.9814,72.7068],[-124.9802,72.7069],[-124.9803,72.707],[-124.9804,72.7071],[-124.981,72.707],[-124.9811,72.707],[-124.9811,72.7072],[-124.9813,72.7074],[-124.9814,72.7074],[-124.9815,72.7074],[-124.9815,72.7073],[-124.9814,72.7071],[-124.9814,72.707],[-124.9816,72.7069],[-124.9817,72.7069],[-124.9818,72.7072],[-124.9819,72.7073],[-124.9823,72.7075],[-124.9825,72.7074],[-124.9826,72.7074],[-124.9824,72.7071]]},"properties":{}},{"type":"Feature","geometry":{"type":"LineString","coordinates":[[-124.8693,73.0973],[-124.8693,73.0955],[-124.8689,73.0931],[-124.869,73.0913],[-124.8682,73.0894],[-124.8677,73.0878],[-124.8664,73.0862],[-124.8619,73.0825],[-124.8599,73.081],[-124.857,73.0789],[-124.857,73.0788],[-124.8562,73.0785],[-124.8546,73.0774],[-124.8522,73.0762],[-124.8492,73.0743],[-124.8483,73.0733],[-124.8466,73.0723],[-124.8444,73.071],[-124.8384,73.0668],[-124.8364,73.0652],[-124.8347,73.0636],[-124.8346,73.0635],[-124.8333,73.0622],[-124.8325,73.0614],[-124.8325,73.0613],[-124.8322,73.0611],[-124.831,73.0597],[-124.8303,73.059],[-124.8299,73.0588],[-124.8295,73.0583],[-124.8288,73.0579],[-124.8286,73.0576],[-124.8277,73.0568],[-124.8268,73.0559],[-124.8265,73.0554],[-124.8259,73.055],[-124.8256,73.0546],[-124.8253,73.0542],[-124.8247,73.0536],[-124.8242,73.053],[-124.8234,73.0522],[-124.8232,73.0518],[-124.8221,73.0506],[-124.8207,73.0493],[-124.8182,73.0468],[-124.8176,73.0464],[-124.8173,73.0463],[-124.8171,73.0462],[-124.817,73.0461],[-124.8162,73.0457],[-124.8161,73.0457],[-124.8151,73.0452],[-124.814,73.0444],[-124.8133,73.044],[-124.8115,73.0435],[-124.8111,73.0434],[-124.8107,73.0432],[-124.8099,73.043],[-124.8097,73.0429],[-124.8083,73.0424],[-124.8081,73.0423],[-124.8079,73.0423],[-124.8041,73.0408],[-124.8009,73.0398],[-124.8002,73.0394],[-124.7984,73.0388],[-124.7982,73.0387],[-124.798,73.0386],[-124.7938,73.0369],[-124.7922,73.0364],[-124.7906,73.0357],[-124.7905,73.0357],[-124.7878,73.0346],[-124.7842,73.0334],[-124.7839,73.0332],[-124.7835,73.0331],[-124.782,73.0327],[-124.7787,73.0315],[-124.7702,73.0288],[-124.7701,73.0288],[-124.7651,73.0273],[-124.7611,73.0261],[-124.7585,73.0255],[-124.7538,73.0244],[-124.7485,73.0233],[-124.7455,73.0225],[-124.7436,73.0221],[-124.736,73.0207],[-124.7296,73.0194],[-124.727,73.0188],[-124.7237,73.0182],[-124.7183,73.0171],[-124.7118,73.016],[-124.71,73.0158],[-124.7084,73.0156],[-124.7067,73.0154],[-124.706,73.0154],[-124.7056,73.0153],[-124.7044,73.0152],[-124.7027,73.0151],[-124.7018,73.0153]]},"properties":{}},{"type":"Feature","geometry":{"type":"LineString","coordinates":[[-124.7018,73.0153],[-124.7014,73.0156],[-124.7015,73.0159],[-124.7022,73.0164],[-124.7038,73.0167],[-124.705,73.0167],[-124.7063,73.0168],[-124.7097,73.0172],[-124.7106,73.0174],[-124.7118,73.0178],[-124.7126,73.0178],[-124.7136,73.0178],[-124.7179,73.0179],[-124.7196,73.0183],[-124.7231,73.0188],[-124.7342,73.0211],[-124.7382,73.0219],[-124.7402,73.0224],[-124.7447,73.0232],[-124.7453,73.0234],[-124.745,73.0234],[-124.7439,73.0235],[-124.7433,73.0235],[-124.7418,73.0234],[-124.7404,73.0233],[-124.7391,73.0233],[-124.7374,73.0233],[-124.7356,73.0233],[-124.7337,73.0234],[-124.7313,73.0235],[-124.7308,73.0234],[-124.7305,73.0234],[-124.7304,73.0233],[-124.7314,73.0229],[-124.7334,73.0224],[-124.7341,73.0223],[-124.735,73.0222],[-124.7363,73.0221],[-124.737,73.022],[-124.7371,73.022],[-124.7371,73.0219],[-124.7367,73.0218],[-124.7363,73.0218],[-124.7351,73.0219],[-124.7336,73.0221],[-124.7327,73.0223],[-124.7313,73.0228],[-124.7286,73.0235],[-124.7262,73.024],[-124.7249,73.0243],[-124.7236,73.0245],[-124.7235,73.0245],[-124.7235,73.0245],[-124.7213,73.0249],[-124.7173,73.0254],[-124.7158,73.0256],[-124.7144,73.0259],[-124.7132,73.0262],[-124.7127,73.0263],[-124.7115,73.0267],[-124.7094,73.0274],[-124.7082,73.0279],[-124.708,73.0281],[-124.7077,73.0283],[-124.7077,73.0284],[-124.7072,73.029],[-124.7071,73.0294],[-124.7072,73.0296],[-124.7074,73.0297],[-124.7075,73.0297],[-124.7078,73.0298],[-124.708,73.0298],[-124.7082,73.0297],[-124.7081,73.0293],[-124.708,73.0288],[-124.7082,73.0284],[-124.7084,73.0282],[-124.7086,73.0281],[-124.709,73.028],[-124.7094,73.0279],[-124.7103,73.0278],[-124.7109,73.0279],[-124.7123,73.028],[-124.7142,73.0283],[-124.7153,73.0286],[-124.7165,73.029],[-124.7177,73.0296],[-124.7182,73.03],[-124.7186,73.0307],[-124.7187,73.0311],[-124.7187,73.0314],[-124.7181,73.0323],[-124.7174,73.033],[-124.7162,73.0338],[-124.7151,73.0344],[-124.714,73.0348],[-124.7133,73.0352],[-124.713,73.0353],[-124.7124,73.0356],[-124.7124,73.0358],[-124.7125,73.036],[-124.7129,73.0361],[-124.7132,73.0362],[-124.7136,73.0363],[-124.714,73.0369],[-124.7139,73.0373],[-124.7139,73.038],[-124.7137,73.0386],[-124.7129,73.0389],[-124.7129,73.039],[-124.7129,73.039],[-124.7134,73.0391],[-124.7139,73.0391],[-124.7142,73.0392],[-124.7156,73.0397],[-124.7161,73.0399],[-124.7172,73.0401],[-124.7174,73.0402],[-124.7175,73.0404],[-124.7176,73.0405],[-124.7176,73.0406],[-124.7175,73.0408],[-124.7168,73.0409],[-124.7165,73.0411],[-124.7165,73.0412],[-124.7167,73.0413],[-124.7167,73.0415],[-124.7163,73.0417],[-124.715,73.0419],[-124.7145,73.0421],[-124.7141,73.0423],[-124.7139,73.0424],[-124.714,73.0426],[-124.7156,73.0437],[-124.7157,73.0439],[-124.7161,73.0441],[-124.7163,73.0443],[-124.7161,73.0445],[-124.7161,73.0446],[-124.7167,73.0448],[-124.7177,73.045],[-124.718,73.0451],[-124.7165,73.0455],[-124.7162,73.0458],[-124.7157,73.0461],[-124.715,73.0464],[-124.7147,73.0465],[-124.7146,73.0464],[-124.7145,73.0464],[-124.7148,73.0456],[-124.7153,73.045],[-124.7153,73.0449],[-124.7149,73.0445],[-124.7148,73.0443],[-124.7144,73.0441],[-124.7139,73.044],[-124.7137,73.0439],[-124.7135,73.0437],[-124.7133,73.0434],[-124.7126,73.0428],[-124.7124,73.0427],[-124.7122,73.0424],[-124.7123,73.0414],[-124.7122,73.0409],[-124.7119,73.0406],[-124.7118,73.0402],[-124.7115,73.0399],[-124.7115,73.0397],[-124.7113,73.0395],[-124.7109,73.0394],[-124.7105,73.0392],[-124.7098,73.0386],[-124.7098,73.0385],[-124.7102,73.0382],[-124.7103,73.0381],[-124.7103,73.0381],[-124.7069,73.0375],[-124.7052,73.0371],[-124.7042,73.0367],[-124.7037,73.0366],[-124.7031,73.0365],[-124.703,73.0365],[-124.7029,73.0365],[-124.7026,73.0361],[-124.7022,73.0355],[-124.7023,73.0353],[-124.7021,73.0352],[-124.702,73.0349],[-124.702,73.0346],[-124.7021,73.0344],[-124.7024,73.0342],[-124.7032,73.0341],[-124.7037,73.0341],[-124.704,73.0342],[-124.705,73.0344],[-124.7055,73.0344],[-124.7057,73.0344],[-124.7057,73.0343],[-124.7056,73.0342],[-124.7051,73.0341],[-124.7043,73.034],[-124.7031,73.0339],[-124.7014,73.0339],[-124.7003,73.0339],[-124.695,73.0335],[-124.693,73.0333],[-124.6894,73.0332],[-124.6871,73.0331],[-124.6798,73.0329],[-124.6783,73.0329],[-124.6758,73.0329],[-124.6753,73.0329],[-124.6699,73.033],[-124.6676,73.0331],[-124.6663,73.0331],[-124.6597,73.0329],[-124.6577,73.0329],[-124.6568,73.0329],[-124.6557,73.0331],[-124.6536,73.0333],[-124.65,73.0334],[-124.648,73.0336],[-124.6452,73.0338],[-124.6448,73.0339],[-124.6444,73.0341],[-124.6445,73.0343],[-124.6452,73.0343],[-124.6474,73.0341],[-124.649,73.0338],[-124.6499,73.0338],[-124.6504,73.0339],[-124.6503,73.0342],[-124.65,73.0346],[-124.6495,73.0349],[-124.6489,73.0351],[-124.6475,73.0354],[-124.6455,73.0358],[-124.6421,73.0363],[-124.6412,73.0365],[-124.6396,73.037],[-124.6395,73.037],[-124.639,73.0372],[-124.6372,73.0376],[-124.636,73.0378],[-124.6348,73.0379],[-124.6347,73.038],[-124.635,73.0382],[-124.635,73.0382],[-124.6349,73.0383],[-124.6344,73.0384],[-124.6304,73.0389],[-124.6281,73.0391],[-124.6263,73.0392],[-124.6258,73.0392],[-124.6246,73.039],[-124.6241,73.039],[-124.6235,73.0392],[-124.6229,73.0393],[-124.6223,73.0394],[-124.6222,73.0395],[-124.6224,73.0397],[-124.6224,73.0398],[-124.6222,73.0399],[-124.6217,73.0401],[-124.6211,73.0403],[-124.6193,73.0406],[-124.6173,73.0411],[-124.6162,73.0414],[-124.616,73.0415],[-124.6164,73.0416],[-124.6166,73.0419],[-124.6166,73.042],[-124.6164,73.0422],[-124.6155,73.0427],[-124.6153,73.0429],[-124.6146,73.043],[-124.6142,73.0424],[-124.6138,73.042],[-124.6135,73.042],[-124.6131,73.0419],[-124.6121,73.042],[-124.6116,73.0419],[-124.6112,73.0418],[-124.6105,73.0415],[-124.6097,73.0414],[-124.6094,73.0413],[-124.6096,73.0412],[-124.6099,73.0411],[-124.61,73.041],[-124.6099,73.0408],[-124.6098,73.0408],[-124.6093,73.0405],[-124.609,73.0402],[-124.6089,73.0398],[-124.6088,73.0397],[-124.6089,73.0396],[-124.609,73.0396],[-124.6103,73.0403],[-124.611,73.0405],[-124.6114,73.0407],[-124.6116,73.0408],[-124.6119,73.0408],[-124.612,73.0407],[-124.612,73.0406],[-124.6118,73.0405],[-124.6112,73.0403],[-124.6111,73.0402],[-124.6115,73.0402],[-124.6125,73.0403],[-124.6132,73.0403],[-124.6143,73.0402],[-124.6153,73.0401],[-124.6158,73.0401],[-124.6163,73.04],[-124.6169,73.0398],[-124.6176,73.0392],[-124.6181,73.0387],[-124.6184,73.0385],[-124.6189,73.0383],[-124.6196,73.0381],[-124.6203,73.0381],[-124.6211,73.038],[-124.6217,73.0377],[-124.6222,73.0376],[-124.6224,73.0374],[-124.6227,73.0374],[-124.6244,73.0372],[-124.6246,73.0371],[-124.6253,73.0371],[-124.626,73.037],[-124.6261,73.0369],[-124.6261,73.0367],[-124.6266,73.0363],[-124.6272,73.036],[-124.6276,73.0359],[-124.628,73.0357],[-124.6285,73.0354],[-124.6295,73.0348],[-124.63,73.0347],[-124.6304,73.0344],[-124.6312,73.0341],[-124.6315,73.034],[-124.6323,73.034],[-124.6331,73.0339],[-124.6337,73.0339],[-124.6339,73.0339],[-124.6339,73.0336],[-124.6337,73.0334],[-124.6332,73.0326],[-124.6331,73.0321],[-124.6332,73.031],[-124.633,73.0303],[-124.6334,73.0298],[-124.6338,73.0296],[-124.6341,73.0295],[-124.6347,73.0292],[-124.6357,73.0289],[-124.6364,73.0286],[-124.6371,73.0284],[-124.6392,73.0278],[-124.64,73.0276],[-124.6409,73.0273],[-124.6417,73.027],[-124.642,73.0267],[-124.6433,73.0262],[-124.6441,73.026],[-124.6447,73.0259],[-124.6455,73.0258],[-124.6464,73.0259],[-124.6473,73.026],[-124.6488,73.0265],[-124.6492,73.0266],[-124.6494,73.0267],[-124.6497,73.0268],[-124.651,73.0273],[-124.6516,73.0272],[-124.6523,73.0269],[-124.6525,73.0267],[-124.6526,73.0264],[-124.6525,73.0263],[-124.6522,73.0261],[-124.6517,73.0257],[-124.6508,73.0253],[-124.6499,73.025],[-124.6486,73.0244],[-124.6481,73.0242],[-124.647,73.0235],[-124.6465,73.023],[-124.6454,73.0224],[-124.6442,73.0219],[-124.6432,73.0212],[-124.6421,73.0207],[-124.6413,73.0204],[-124.6403,73.0199],[-124.6398,73.0195],[-124.6387,73.0191],[-124.635,73.0172],[-124.6338,73.0164],[-124.6334,73.0162],[-124.6317,73.0153],[-124.6311,73.015],[-124.6296,73.0144],[-124.6288,73.014],[-124.6258,73.0127],[-124.6249,73.0123],[-124.623,73.0114],[-124.6222,73.0109],[-124.6209,73.0104],[-124.6205,73.0099],[-124.6193,73.0095],[-124.619,73.0094],[-124.6183,73.0092],[-124.6159,73.0083],[-124.6138,73.0076],[-124.6124,73.0072],[-124.6096,73.0065]]},"properties":{}},{"type":"Feature","geometry":{"type":"LineString","coordinates":[[-124.675,73.1701],[-124.6748,73.17],[-124.6747,73.17],[-124.6746,73.17],[-124.6745,73.17],[-124.6743,73.1701],[-124.6743,73.1702],[-124.6745,73.1704],[-124.6747,73.1705],[-124.6749,73.1705],[-124.6756,73.1706],[-124.6766,73.1706],[-124.6773,73.1707],[-124.678,73.1707],[-124.6792,73.1708],[-124.6803,73.1707],[-124.6815,73.1708],[-124.6837,73.1709],[-124.6841,73.171],[-124.6846,73.171],[-124.685,73.1711],[-124.6862,73.1712],[-124.6868,73.1713],[-124.6875,73.1714],[-124.6879,73.1714],[-124.6882,73.1715],[-124.6884,73.1716],[-124.6886,73.1717],[-124.6888,73.1718],[-124.689,73.1719],[-124.6895,73.1719],[-124.6898,73.1719],[-124.6899,73.1719],[-124.6899,73.172],[-124.6899,73.1721],[-124.6897,73.1722],[-124.6894,73.1722],[-124.6891,73.1721],[-124.6888,73.1721],[-124.6885,73.1721],[-124.688,73.1722],[-124.6878,73.1723],[-124.6876,73.1723],[-124.6874,73.1722],[-124.6871,73.1721],[-124.6868,73.1721],[-124.6865,73.1721],[-124.6864,73.172],[-124.6865,73.1719],[-124.6863,73.1719],[-124.6861,73.172],[-124.6859,73.1721],[-124.6857,73.1723],[-124.6858,73.1724],[-124.6863,73.1726],[-124.6866,73.1727],[-124.6868,73.1728],[-124.6869,73.1729],[-124.6868,73.173],[-124.6867,73.1731],[-124.6865,73.1731],[-124.6862,73.1732],[-124.6859,73.1732],[-124.6855,73.1731],[-124.6853,73.1731],[-124.6851,73.1731],[-124.685,73.1731],[-124.6846,73.1731],[-124.6842,73.1732],[-124.684,73.1734],[-124.6837,73.1735],[-124.6836,73.1737],[-124.6836,73.174],[-124.6836,73.1741],[-124.6836,73.1742],[-124.6835,73.1742],[-124.6835,73.1742],[-124.6835,73.1742],[-124.6834,73.1741],[-124.6834,73.1741],[-124.6833,73.1741],[-124.6832,73.1742],[-124.6833,73.1743],[-124.6835,73.1744],[-124.684,73.1744],[-124.6848,73.1743],[-124.6862,73.1742],[-124.6872,73.174],[-124.6882,73.1739],[-124.6901,73.1735],[-124.6938,73.1728],[-124.6983,73.1718],[-124.7006,73.1714],[-124.7017,73.1712],[-124.7033,73.1709],[-124.7055,73.1706],[-124.7068,73.1704],[-124.7077,73.1703],[-124.7094,73.17],[-124.7121,73.1696],[-124.7139,73.1694],[-124.7165,73.1691],[-124.719,73.1688],[-124.7247,73.1682],[-124.7287,73.1679],[-124.7303,73.1678],[-124.7324,73.1677],[-124.7359,73.1674],[-124.7384,73.1672],[-124.7401,73.1671],[-124.7426,73.1669],[-124.7448,73.1668],[-124.7464,73.1667],[-124.7473,73.1665],[-124.7476,73.1664],[-124.7476,73.1664],[-124.7476,73.1664],[-124.7475,73.1664],[-124.7472,73.1664],[-124.7468,73.1664],[-124.7462,73.1664],[-124.7433,73.1664],[-124.7427,73.1664],[-124.7421,73.1664],[-124.7416,73.1663],[-124.7412,73.1661],[-124.741,73.1661],[-124.7404,73.1662],[-124.74,73.1662],[-124.7398,73.1662],[-124.7396,73.1662],[-124.7395,73.1662],[-124.7393,73.1663],[-124.739,73.1663],[-124.7387,73.1662],[-124.7383,73.1661],[-124.7381,73.166],[-124.7381,73.166],[-124.7382,73.1659],[-124.7382,73.1659],[-124.7386,73.1658],[-124.7392,73.1658],[-124.7397,73.1658],[-124.7402,73.1657],[-124.7408,73.1656],[-124.7412,73.1655],[-124.7412,73.1654],[-124.7412,73.1653],[-124.7413,73.1652],[-124.7413,73.1651],[-124.7411,73.165],[-124.7407,73.165],[-124.7403,73.165],[-124.7399,73.1651],[-124.7396,73.1652],[-124.7391,73.1653],[-124.7382,73.1655],[-124.7375,73.1656],[-124.7367,73.1658],[-124.7355,73.1659],[-124.7335,73.1663],[-124.7323,73.1665],[-124.7316,73.1667],[-124.7306,73.1667],[-124.7289,73.167],[-124.7285,73.167],[-124.7281,73.167],[-124.7275,73.167],[-124.7269,73.167],[-124.7268,73.1671],[-124.7266,73.1671],[-124.7264,73.1672],[-124.7259,73.1673],[-124.7252,73.1673],[-124.7237,73.1675],[-124.7231,73.1676],[-124.7227,73.1677],[-124.722,73.1677],[-124.7212,73.1678],[-124.7201,73.168],[-124.7191,73.1681],[-124.7183,73.1683],[-124.7167,73.1686],[-124.7137,73.169],[-124.7114,73.1693],[-124.7111,73.1693],[-124.7109,73.1693],[-124.7108,73.1694],[-124.7104,73.1695],[-124.7098,73.1696],[-124.709,73.1697],[-124.7078,73.1698],[-124.7063,73.1697],[-124.7053,73.1695],[-124.7049,73.1694],[-124.7043,73.1693],[-124.703,73.169],[-124.702,73.1687],[-124.7004,73.1683],[-124.6995,73.1682],[-124.6985,73.168],[-124.698,73.168],[-124.6977,73.1681],[-124.6974,73.1682],[-124.6968,73.1683],[-124.6966,73.1684],[-124.6962,73.1684],[-124.6957,73.1683],[-124.6952,73.1682],[-124.6948,73.1682],[-124.6945,73.1682],[-124.6926,73.168],[-124.6921,73.1679],[-124.6916,73.1679],[-124.6909,73.1679],[-124.6903,73.1679],[-124.6898,73.1679],[-124.6889,73.168],[-124.6877,73.168],[-124.6861,73.1681],[-124.6847,73.1683],[-124.6825,73.1687],[-124.6815,73.169],[-124.681,73.1692],[-124.6799,73.1697],[-124.6792,73.17],[-124.6784,73.1702],[-124.678,73.1703],[-124.6775,73.1703],[-124.6772,73.1704],[-124.6769,73.1703],[-124.6762,73.1702],[-124.6758,73.1701],[-124.6756,73.17],[-124.6753,73.1701],[-124.6752,73.1701],[-124.675,73.1701]]},"properties":{}},{"type":"Feature","geometry":{"type":"LineString","coordinates":[[-124.7277,73.1468],[-124.7273,73.1468],[-124.7268,73.147],[-124.7265,73.1474],[-124.7266,73.1476],[-124.7268,73.1477],[-124.7274,73.1478],[-124.7277,73.1479],[-124.728,73.1478],[-124.7282,73.1477],[-124.7284,73.1475],[-124.7283,73.1471],[-124.7281,73.1469],[-124.7279,73.1468],[-124.7277,73.1468]]},"properties":{}},{"type":"Feature","geometry":{"type":"LineString","coordinates":[[-124.4318,73.3846],[-124.4316,73.3847],[-124.4298,73.3848],[-124.4293,73.385],[-124.4299,73.3851],[-124.4308,73.385],[-124.4313,73.3849],[-124.4323,73.3849],[-124.4328,73.3849],[-124.4333,73.3848],[-124.4338,73.3847],[-124.4343,73.3846],[-124.4348,73.3844],[-124.4352,73.3839],[-124.4355,73.3836],[-124.4358,73.3833],[-124.4362,73.3831],[-124.4364,73.3829],[-124.4361,73.3828],[-124.4351,73.3829],[-124.4335,73.3841],[-124.4328,73.3843],[-124.431,73.3843],[-124.4308,73.3844],[-124.4316,73.3845],[-124.4318,73.3846]]},"properties":{}},{"type":"Feature","geometry":{"type":"LineString","coordinates":[[-124.0,71.6782],[-123.9998,71.6781],[-123.9992,71.6779],[-123.9935,71.6768],[-123.9917,71.6763],[-123.9904,71.6761],[-123.987,71.6752],[-123.986,71.675],[-123.9829,71.674],[-123.9792,71.6729],[-123.9764,71.6719],[-123.9722,71.6702],[-123.9696,71.6691],[-123.9659,71.6672],[-123.9657,71.6671],[-123.962,71.6651],[-123.9619,71.6651],[-123.9601,71.6643],[-123.9582,71.6635],[-123.9565,71.6625],[-123.9527,71.6606],[-123.9515,71.66],[-123.9503,71.6592],[-123.949,71.6585],[-123.9472,71.6573],[-123.9454,71.6564],[-123.9446,71.6558],[-123.9425,71.6546],[-123.941,71.6539],[-123.9383,71.652],[-123.9361,71.6506],[-123.9332,71.6489],[-123.9311,71.6475],[-123.9282,71.6455],[-123.9282,71.6455],[-123.9263,71.6444],[-123.9246,71.6431],[-123.9234,71.6423],[-123.9231,71.6421],[-123.9201,71.64],[-123.919,71.6393],[-123.9182,71.639],[-123.9172,71.6388],[-123.9171,71.6387],[-123.9175,71.6385],[-123.9176,71.6382],[-123.9163,71.637],[-123.9132,71.635],[-123.9127,71.6346],[-123.9123,71.6344],[-123.9112,71.6336],[-123.9106,71.6334],[-123.91,71.6326],[-123.9085,71.6313],[-123.9057,71.6292],[-123.9053,71.6289],[-123.9034,71.6273],[-123.9026,71.6268],[-123.9017,71.6266],[-123.9018,71.6263],[-123.9015,71.6259],[-123.9004,71.6252],[-123.9002,71.625],[-123.8996,71.6245],[-123.8969,71.6228],[-123.8958,71.6217],[-123.8945,71.6209],[-123.8918,71.6194],[-123.8904,71.6185],[-123.8902,71.6184],[-123.8893,71.6183],[-123.8887,71.618],[-123.8892,71.6177],[-123.8877,71.6167],[-123.8866,71.6157],[-123.8855,71.615],[-123.8848,71.6146],[-123.8832,71.6134],[-123.8822,71.6128],[-123.8796,71.6107],[-123.879,71.6103],[-123.8759,71.6083],[-123.8739,71.607],[-123.8711,71.6049],[-123.8689,71.6032],[-123.8672,71.6025],[-123.8664,71.602],[-123.8652,71.6014],[-123.865,71.6012],[-123.8652,71.601],[-123.8651,71.6009],[-123.8618,71.5989],[-123.8615,71.5987],[-123.8588,71.5966],[-123.8579,71.5959],[-123.8565,71.5951],[-123.8534,71.5931],[-123.8531,71.5929],[-123.8505,71.5908],[-123.8493,71.5899],[-123.8465,71.5878],[-123.8462,71.5875],[-123.8451,71.5863],[-123.8436,71.5851],[-123.842,71.5829],[-123.8418,71.5826],[-123.8397,71.581],[-123.8381,71.5788],[-123.838,71.5787],[-123.8373,71.5773],[-123.835,71.5751],[-123.8349,71.575],[-123.8331,71.573],[-123.8319,71.572],[-123.8313,71.5713],[-123.8303,71.5702],[-123.8287,71.5687],[-123.8281,71.5675],[-123.8262,71.5653],[-123.8261,71.5651],[-123.8248,71.5639],[-123.8242,71.5628],[-123.8225,71.5606],[-123.8224,71.5604],[-123.8222,71.56],[-123.8213,71.5582],[-123.821,71.5575],[-123.8198,71.5552],[-123.8195,71.5546],[-123.8184,71.5524],[-123.8183,71.5522],[-123.8176,71.551],[-123.8173,71.5506],[-123.8169,71.5499],[-123.8155,71.5477],[-123.8146,71.5465],[-123.8141,71.546],[-123.8135,71.545],[-123.8132,71.5446],[-123.8128,71.5436],[-123.8122,71.5413],[-123.8116,71.5391],[-123.8115,71.5387],[-123.8111,71.538],[-123.8105,71.5373],[-123.8105,71.5365],[-123.8108,71.5358],[-123.8107,71.5349],[-123.8099,71.534],[-123.8093,71.5328],[-123.8087,71.5322],[-123.8074,71.5315],[-123.8064,71.5312],[-123.8056,71.5313],[-123.802,71.5319],[-123.8014,71.5325],[-123.8014,71.5328],[-123.8024,71.534],[-123.8025,71.5346],[-123.8029,71.5352],[-123.8028,71.5354],[-123.8022,71.5353],[-123.8018,71.5351],[-123.8016,71.5347],[-123.801,71.5345],[-123.8013,71.5339],[-123.8013,71.5338],[-123.801,71.5336],[-123.8005,71.5337],[-123.8002,71.5336],[-123.7995,71.5336],[-123.7992,71.5335],[-123.7986,71.5335],[-123.7982,71.5335],[-123.7984,71.5342],[-123.7977,71.5345],[-123.7973,71.5342],[-123.797,71.5341],[-123.7964,71.5341],[-123.7958,71.534],[-123.7935,71.534],[-123.7919,71.5341],[-123.789,71.5341],[-123.7874,71.5339],[-123.7858,71.5336],[-123.7853,71.5334],[-123.7857,71.5332],[-123.7871,71.5331],[-123.7898,71.5331],[-123.7906,71.533],[-123.7931,71.5325],[-123.7933,71.5323],[-123.793,71.5322],[-123.7915,71.5323],[-123.7902,71.5324],[-123.7896,71.5324],[-123.7894,71.5323],[-123.7899,71.532],[-123.7891,71.5319],[-123.7886,71.5318],[-123.7889,71.5317],[-123.7899,71.5317],[-123.7915,71.5316],[-123.7925,71.5315],[-123.7932,71.5313],[-123.7927,71.5312],[-123.7903,71.5312],[-123.7893,71.5312],[-123.7882,71.5311],[-123.7874,71.5311],[-123.787,71.5312],[-123.7858,71.5317],[-123.7853,71.5317],[-123.785,71.5315],[-123.7852,71.5312],[-123.7857,71.5309],[-123.7856,71.5308],[-123.7848,71.531],[-123.7841,71.531],[-123.784,71.5309],[-123.7846,71.5307],[-123.784,71.5305],[-123.7834,71.5305],[-123.7821,71.5307],[-123.781,71.5307],[-123.7809,71.5302],[-123.7816,71.5299],[-123.7822,71.5298],[-123.7854,71.5302],[-123.7869,71.5302],[-123.7892,71.5304],[-123.7907,71.5304],[-123.7922,71.5305],[-123.7936,71.5307],[-123.7972,71.5312],[-123.7983,71.5312],[-123.7999,71.5312],[-123.8012,71.5312],[-123.8018,71.5311],[-123.8005,71.5309],[-123.7978,71.5306],[-123.7946,71.5301],[-123.7931,71.5301],[-123.7866,71.5292],[-123.7846,71.5289],[-123.7816,71.5286],[-123.7786,71.5283],[-123.7726,71.5274],[-123.7664,71.5263],[-123.766,71.5263],[-123.7616,71.5253],[-123.7605,71.525],[-123.7603,71.525],[-123.7601,71.5249],[-123.7547,71.5236],[-123.7508,71.5224],[-123.7454,71.5209],[-123.7451,71.5208],[-123.743,71.5203],[-123.7403,71.5197],[-123.7348,71.5187],[-123.7301,71.5178],[-123.7276,71.5171],[-123.7247,71.5165],[-123.7244,71.5163],[-123.7217,71.5158],[-123.72,71.5154],[-123.7178,71.515],[-123.7159,71.5145],[-123.7111,71.5135],[-123.7084,71.5132],[-123.706,71.5128],[-123.7052,71.5127],[-123.7031,71.5121],[-123.7014,71.5119],[-123.7004,71.5117],[-123.6999,71.5117],[-123.7,71.5118],[-123.7028,71.5125],[-123.7055,71.5131],[-123.706,71.5134],[-123.7059,71.5136],[-123.7055,71.5136],[-123.7052,71.5132],[-123.7041,71.513],[-123.703,71.5128],[-123.7025,71.5128],[-123.7021,71.5129],[-123.7012,71.5129],[-123.7008,71.5127],[-123.7002,71.5126],[-123.6998,71.5123],[-123.6997,71.512],[-123.6995,71.512],[-123.6972,71.5115],[-123.6906,71.5109],[-123.6853,71.5102],[-123.681,71.5099],[-123.6763,71.5092],[-123.6745,71.509],[-123.6745,71.5089],[-123.6721,71.5088],[-123.669,71.5082],[-123.6626,71.5073],[-123.6616,71.5071],[-123.6603,71.5068],[-123.6572,71.5063],[-123.6516,71.5049],[-123.6508,71.5047],[-123.6472,71.504],[-123.6428,71.503],[-123.6375,71.5015],[-123.6357,71.501],[-123.6338,71.5004],[-123.6331,71.5003],[-123.6323,71.5],[-123.6313,71.4996],[-123.63,71.4992],[-123.6273,71.498],[-123.6262,71.4973],[-123.623,71.4956],[-123.6208,71.4942],[-123.6198,71.4931],[-123.6195,71.4927],[-123.619,71.4923],[-123.6179,71.4911],[-123.6172,71.4907],[-123.6162,71.4893],[-123.6157,71.4885],[-123.615,71.4874],[-123.6141,71.4861],[-123.613,71.4848],[-123.6125,71.4835],[-123.6102,71.4802],[-123.6091,71.4781],[-123.6084,71.4773],[-123.6069,71.4753],[-123.6062,71.474],[-123.6052,71.4726],[-123.6045,71.472],[-123.6041,71.4713],[-123.6034,71.4696],[-123.6025,71.4685],[-123.6022,71.4675],[-123.6018,71.4669],[-123.6014,71.4662],[-123.6008,71.4655],[-123.6006,71.4643],[-123.6002,71.4638],[-123.6002,71.4637],[-123.5994,71.4625],[-123.5993,71.462],[-123.5988,71.4608],[-123.5988,71.4602],[-123.5974,71.4564],[-123.5973,71.4558],[-123.5972,71.4557],[-123.5971,71.4546],[-123.597,71.4537],[-123.5968,71.4533],[-123.5969,71.4528],[-123.5966,71.4521],[-123.5967,71.4511],[-123.5963,71.4504],[-123.5963,71.4496],[-123.596,71.448],[-123.5961,71.4471],[-123.5954,71.4446],[-123.5954,71.4441],[-123.5955,71.4438],[-123.5955,71.4435],[-123.5954,71.4422],[-123.5944,71.4391],[-123.5928,71.4356],[-123.5927,71.4351],[-123.5916,71.4333],[-123.5909,71.4314],[-123.5893,71.4287],[-123.5891,71.4279],[-123.5886,71.4271],[-123.5884,71.4263],[-123.5876,71.4249],[-123.5865,71.4235],[-123.5854,71.4227],[-123.5844,71.4218],[-123.5816,71.4194],[-123.5799,71.4185],[-123.5768,71.4164],[-123.5759,71.416],[-123.5748,71.4154],[-123.5717,71.4139],[-123.5712,71.4137],[-123.5706,71.4137],[-123.5706,71.4138],[-123.5693,71.4139],[-123.5684,71.4136],[-123.5671,71.4135],[-123.5664,71.4133],[-123.5646,71.4122],[-123.5631,71.4116],[-123.5611,71.4105],[-123.5602,71.41],[-123.5586,71.4092],[-123.5563,71.4078],[-123.5517,71.4054],[-123.5486,71.4042],[-123.5463,71.4029],[-123.5438,71.4016],[-123.5408,71.399],[-123.5402,71.3987],[-123.539,71.3976],[-123.5381,71.3969],[-123.537,71.3953],[-123.5366,71.3943],[-123.5359,71.3933],[-123.5358,71.3933],[-123.5346,71.3921],[-123.534,71.391],[-123.5335,71.3882],[-123.5334,71.3872],[-123.5337,71.3851],[-123.5335,71.3836],[-123.5336,71.3831],[-123.5337,71.3806],[-123.5342,71.3799],[-123.5344,71.3793],[-123.5344,71.3791],[-123.534,71.3787],[-123.5339,71.3784],[-123.5343,71.3775],[-123.5335,71.3766],[-123.5325,71.3762],[-123.5313,71.3757],[-123.5297,71.3752],[-123.5271,71.3747],[-123.5259,71.3744],[-123.5255,71.3742],[-123.525,71.3736],[-123.5247,71.3733],[-123.5247,71.3723],[-123.5242,71.3713],[-123.5239,71.371],[-123.5233,71.3707],[-123.522,71.3685],[-123.5206,71.3677],[-123.5191,71.3663],[-123.5184,71.3658],[-123.5174,71.3649],[-123.5161,71.3643],[-123.5142,71.3637],[-123.5134,71.3633],[-123.512,71.3628],[-123.5113,71.3621],[-123.5103,71.3606],[-123.5084,71.3582],[-123.5081,71.3575],[-123.5064,71.3564],[-123.5063,71.3561],[-123.505,71.3552],[-123.5046,71.3548],[-123.5045,71.3543],[-123.5042,71.3539],[-123.5043,71.3537],[-123.504,71.3528],[-123.5045,71.3516],[-123.5038,71.3491],[-123.503,71.3474],[-123.5025,71.3447],[-123.502,71.3441],[-123.502,71.3436],[-123.5019,71.3428],[-123.5019,71.3427],[-123.5017,71.3419],[-123.5018,71.3409],[-123.5013,71.3391],[-123.5015,71.3383],[-123.5015,71.3379],[-123.5021,71.3361],[-123.5022,71.3345],[-123.5028,71.3335],[-123.5029,71.3333],[-123.5035,71.3323],[-123.504,71.3318],[-123.5042,71.3313],[-123.5042,71.3306],[-123.5041,71.3297],[-123.5038,71.329],[-123.5015,71.3273],[-123.5005,71.3268],[-123.4989,71.3257],[-123.4981,71.3252],[-123.4948,71.3226],[-123.4943,71.3222],[-123.494,71.3215],[-123.494,71.321],[-123.4937,71.3205],[-123.4935,71.32],[-123.4938,71.3191],[-123.4932,71.3188],[-123.4925,71.3176],[-123.4925,71.3171],[-123.4919,71.3165],[-123.4917,71.3159],[-123.4912,71.3152],[-123.4916,71.3136],[-123.4912,71.313],[-123.4913,71.3125],[-123.4918,71.3123],[-123.4919,71.3122],[-123.4916,71.3121],[-123.49,71.3117],[-123.4882,71.3109],[-123.4879,71.3107],[-123.4877,71.3103],[-123.487,71.3098],[-123.4866,71.3086],[-123.4865,71.308],[-123.486,71.3071],[-123.4854,71.3067],[-123.4852,71.3064],[-123.4841,71.3057],[-123.4827,71.3047],[-123.4816,71.3035],[-123.4809,71.3023],[-123.4811,71.302],[-123.48,71.3014],[-123.4791,71.3005],[-123.4792,71.3002],[-123.4788,71.2999],[-123.4787,71.2995],[-123.4789,71.2994],[-123.479,71.299],[-123.4798,71.2988],[-123.4796,71.2984],[-123.4798,71.2983],[-123.4798,71.2981],[-123.4787,71.2973],[-123.4789,71.2963],[-123.4781,71.2951],[-123.4788,71.2947],[-123.4786,71.2945],[-123.4777,71.2942],[-123.4775,71.2936],[-123.4774,71.2935],[-123.4778,71.2933],[-123.4777,71.293],[-123.4779,71.2927],[-123.4777,71.2925],[-123.4777,71.2921],[-123.4774,71.292],[-123.476,71.292],[-123.4754,71.2918],[-123.4756,71.2915],[-123.4767,71.2914],[-123.4771,71.2912],[-123.4764,71.291],[-123.4764,71.2908],[-123.4756,71.2905],[-123.4755,71.2903],[-123.4757,71.2901],[-123.4749,71.2899],[-123.4746,71.2896],[-123.4742,71.2895],[-123.4735,71.2894],[-123.4724,71.2893],[-123.4716,71.2891],[-123.471,71.2886],[-123.471,71.2879],[-123.4719,71.2877],[-123.472,71.2875],[-123.4715,71.2874],[-123.4702,71.2873],[-123.4687,71.2869],[-123.4681,71.287],[-123.4675,71.2869],[-123.4663,71.2864],[-123.4655,71.2858],[-123.4653,71.2855],[-123.4641,71.2842],[-123.4631,71.2825],[-123.4628,71.2813],[-123.4629,71.281],[-123.4636,71.2803],[-123.4635,71.2797],[-123.4628,71.2794],[-123.4611,71.2791],[-123.4598,71.2788],[-123.4596,71.2784],[-123.4597,71.2779],[-123.4609,71.2761],[-123.4615,71.2757],[-123.4626,71.275],[-123.4637,71.2746],[-123.4641,71.2745],[-123.4652,71.2745],[-123.4659,71.2744],[-123.4669,71.2746],[-123.4691,71.2746],[-123.4706,71.274],[-123.4714,71.2735],[-123.4717,71.2731],[-123.4721,71.2729],[-123.4729,71.2728],[-123.4727,71.2726],[-123.4728,71.2724],[-123.472,71.2718],[-123.4713,71.2717],[-123.4716,71.2714],[-123.471,71.2712],[-123.4709,71.271],[-123.4706,71.2709],[-123.4709,71.2708],[-123.4717,71.2707],[-123.4719,71.2706],[-123.4713,71.2704],[-123.4709,71.27],[-123.4711,71.2698],[-123.4708,71.2697],[-123.4708,71.2695],[-123.4702,71.2693],[-123.4702,71.2692],[-123.4701,71.2689],[-123.4702,71.2687],[-123.4696,71.2686],[-123.4693,71.2683],[-123.468,71.2682],[-123.4681,71.2681],[-123.4687,71.268],[-123.4688,71.2679],[-123.468,71.2675],[-123.4676,71.2676],[-123.4667,71.2679],[-123.4653,71.2681],[-123.4642,71.2681],[-123.4637,71.2682],[-123.4636,71.2684],[-123.464,71.2688],[-123.4641,71.2691],[-123.4635,71.2693],[-123.4627,71.2694],[-123.4615,71.2694],[-123.4598,71.2693],[-123.4587,71.2692],[-123.4573,71.269],[-123.455,71.2681],[-123.4534,71.2673],[-123.453,71.2669],[-123.453,71.2663],[-123.4533,71.2657],[-123.4539,71.2651],[-123.455,71.2644],[-123.4554,71.2624],[-123.4548,71.2617],[-123.4548,71.2615],[-123.4552,71.261],[-123.4545,71.2606],[-123.4551,71.2601],[-123.4545,71.2599],[-123.4542,71.2595],[-123.4544,71.2593],[-123.4553,71.259],[-123.4556,71.2586],[-123.4547,71.2581],[-123.4546,71.2578],[-123.4543,71.2576],[-123.4538,71.2575],[-123.4535,71.2574],[-123.4527,71.2573],[-123.4518,71.257],[-123.4513,71.2567],[-123.4511,71.2566],[-123.4511,71.2561],[-123.4518,71.2556],[-123.4516,71.2553],[-123.4522,71.255],[-123.4522,71.2549],[-123.4518,71.2544],[-123.4514,71.2542],[-123.4511,71.2541],[-123.4503,71.254],[-123.4499,71.2537],[-123.4499,71.2535],[-123.4503,71.2533],[-123.4497,71.2531],[-123.4504,71.2529],[-123.4504,71.2527],[-123.4509,71.2525],[-123.4511,71.2523],[-123.4517,71.2521],[-123.4519,71.2518],[-123.4526,71.2517],[-123.4536,71.2517],[-123.4554,71.2511],[-123.4562,71.2503],[-123.4561,71.2502],[-123.4558,71.2501],[-123.4558,71.25],[-123.456,71.2494],[-123.456,71.2488],[-123.4556,71.2486],[-123.4558,71.2484],[-123.4557,71.2483],[-123.4558,71.2481],[-123.4555,71.2479],[-123.456,71.2478],[-123.456,71.2476],[-123.4558,71.2476],[-123.4554,71.2477],[-123.455,71.2477],[-123.4545,71.2474],[-123.4546,71.2471],[-123.4552,71.247],[-123.4554,71.2468],[-123.4552,71.2466],[-123.4554,71.2464],[-123.455,71.246],[-123.4552,71.246],[-123.4551,71.2457],[-123.4546,71.2455],[-123.4546,71.2451],[-123.4539,71.2448],[-123.454,71.2443],[-123.4535,71.244],[-123.4532,71.2432],[-123.452,71.2421],[-123.4514,71.2419],[-123.4512,71.2417],[-123.4511,71.2416],[-123.4503,71.2417],[-123.45,71.2416],[-123.4494,71.2414],[-123.4499,71.2412],[-123.4496,71.2411],[-123.4496,71.2409],[-123.4499,71.2406],[-123.4494,71.2405],[-123.4488,71.2401],[-123.4487,71.2399],[-123.4491,71.2396],[-123.4491,71.2395],[-123.4486,71.2393],[-123.4485,71.2391],[-123.4483,71.239],[-123.4475,71.239],[-123.4473,71.2388],[-123.4472,71.2387],[-123.446,71.2384],[-123.4459,71.2382],[-123.4454,71.2379],[-123.4446,71.238],[-123.4445,71.2381],[-123.4444,71.2381],[-123.4442,71.2381],[-123.4441,71.2381],[-123.4441,71.238],[-123.4438,71.238],[-123.4433,71.238],[-123.443,71.2381],[-123.4423,71.2386],[-123.4413,71.2389],[-123.4405,71.2393],[-123.4395,71.2396],[-123.4387,71.2397],[-123.4372,71.2395],[-123.4361,71.2393],[-123.4344,71.2389],[-123.4334,71.2385],[-123.4326,71.238],[-123.4324,71.2376],[-123.4329,71.2372],[-123.435,71.2364],[-123.4368,71.2351],[-123.4385,71.2345],[-123.4377,71.234],[-123.4375,71.2338],[-123.4378,71.2335],[-123.4364,71.2325],[-123.4363,71.2322],[-123.4358,71.232],[-123.4359,71.2317],[-123.4357,71.2317],[-123.4356,71.2314],[-123.4348,71.2311],[-123.4339,71.2305],[-123.4327,71.2302],[-123.4323,71.2299],[-123.4314,71.2298],[-123.4307,71.2296],[-123.4301,71.2294],[-123.4296,71.2286],[-123.4292,71.2272],[-123.4295,71.2267],[-123.4303,71.2265],[-123.4309,71.226],[-123.4309,71.2259],[-123.4301,71.2258],[-123.4298,71.2256],[-123.4297,71.2253],[-123.43,71.2248],[-123.4308,71.224],[-123.4322,71.223],[-123.4313,71.2223],[-123.4315,71.2215],[-123.4311,71.2212],[-123.4308,71.221],[-123.4304,71.221],[-123.4293,71.2213],[-123.4287,71.2213],[-123.428,71.221],[-123.4267,71.2203],[-123.4263,71.2196],[-123.427,71.2189],[-123.4271,71.2185],[-123.4266,71.2179],[-123.425,71.2169],[-123.4229,71.216],[-123.4228,71.2158],[-123.4226,71.2157],[-123.4211,71.2159],[-123.4202,71.2159],[-123.4195,71.2157],[-123.4195,71.2153],[-123.4193,71.2151],[-123.4182,71.2151],[-123.4179,71.215],[-123.4184,71.2146],[-123.4184,71.2144],[-123.4182,71.2143],[-123.4172,71.214],[-123.4158,71.2141],[-123.4146,71.214],[-123.4123,71.2133],[-123.412,71.2132],[-123.4116,71.2127],[-123.4095,71.2126],[-123.4085,71.2122],[-123.4082,71.212],[-123.408,71.2119],[-123.4081,71.2114],[-123.4086,71.2108],[-123.4083,71.2106],[-123.4083,71.2106],[-123.4078,71.2106],[-123.4065,71.2101],[-123.4064,71.2099],[-123.406,71.2098],[-123.4058,71.2095],[-123.4043,71.2094],[-123.4028,71.2089],[-123.4023,71.2086],[-123.402,71.2082],[-123.4023,71.208],[-123.4018,71.2077],[-123.4019,71.2075],[-123.4016,71.2073],[-123.4008,71.2073],[-123.3998,71.2072],[-123.3988,71.2069],[-123.3984,71.2067],[-123.3978,71.2063],[-123.3976,71.2057],[-123.3952,71.2044],[-123.3948,71.2035],[-123.3941,71.2029],[-123.3935,71.2026],[-123.3928,71.2025],[-123.3925,71.2023],[-123.3919,71.2022],[-123.392,71.202],[-123.3918,71.202],[-123.391,71.2021],[-123.3899,71.2015],[-123.3904,71.201],[-123.3897,71.2009],[-123.3896,71.2008],[-123.3902,71.2007],[-123.3904,71.2004],[-123.39,71.2002],[-123.3899,71.2],[-123.3896,71.1998],[-123.3889,71.1998],[-123.3885,71.1999],[-123.3883,71.1998],[-123.3879,71.1997],[-123.3877,71.1998],[-123.3873,71.1997],[-123.3869,71.1996],[-123.3855,71.1999],[-123.3841,71.2001],[-123.382,71.2003],[-123.3806,71.2003],[-123.3795,71.2003],[-123.3785,71.2002],[-123.3768,71.1998],[-123.3737,71.1986],[-123.373,71.1982],[-123.3719,71.1974],[-123.3712,71.1968],[-123.3697,71.1948],[-123.3691,71.1933],[-123.3691,71.1918],[-123.3692,71.1916],[-123.3693,71.1916],[-123.3691,71.1904],[-123.3684,71.1893],[-123.3669,71.1878],[-123.3632,71.1859],[-123.3631,71.1859],[-123.3602,71.1839],[-123.3586,71.1827],[-123.3553,71.1811],[-123.3542,71.1807],[-123.3513,71.1793],[-123.3498,71.1787],[-123.3461,71.1776],[-123.3414,71.1764],[-123.3383,71.1758],[-123.3377,71.1757],[-123.3368,71.1753],[-123.3354,71.175],[-123.3336,71.1739],[-123.3323,71.1733],[-123.3305,71.1722],[-123.3301,71.1713],[-123.3296,71.169],[-123.3294,71.1684],[-123.3287,71.1667],[-123.3283,71.1664],[-123.328,71.1661],[-123.3276,71.166],[-123.3272,71.1661],[-123.3266,71.1659],[-123.3257,71.1659],[-123.325,71.1657],[-123.3242,71.1658],[-123.3222,71.1649],[-123.3215,71.1644],[-123.321,71.164],[-123.3208,71.164],[-123.3203,71.164],[-123.3192,71.1642],[-123.3181,71.164],[-123.3162,71.1632],[-123.3127,71.1621],[-123.3109,71.1612],[-123.3106,71.1609],[-123.3102,71.1604],[-123.3092,71.1598],[-123.3089,71.1594],[-123.3083,71.1592],[-123.3075,71.1592],[-123.3071,71.1591],[-123.305,71.1581],[-123.3033,71.1574],[-123.2996,71.1563],[-123.2972,71.1555],[-123.2943,71.1546],[-123.2923,71.1535],[-123.2903,71.1526],[-123.2895,71.1521],[-123.2889,71.1515],[-123.2859,71.1504],[-123.2824,71.1486],[-123.2812,71.1482],[-123.2788,71.1477],[-123.2768,71.1471],[-123.2753,71.1464],[-123.2732,71.1456],[-123.2725,71.1452],[-123.2707,71.1443],[-123.2679,71.1435],[-123.2669,71.1431],[-123.2659,71.1427],[-123.2631,71.1424],[-123.2607,71.1419],[-123.2593,71.1415],[-123.2581,71.1409],[-123.2557,71.1392],[-123.2523,71.1379],[-123.2501,71.1371],[-123.2492,71.1366],[-123.2487,71.1359],[-123.2454,71.1344],[-123.2435,71.1327],[-123.2419,71.1318],[-123.2408,71.1308],[-123.2398,71.1295],[-123.2395,71.1291],[-123.239,71.1281],[-123.2382,71.1272],[-123.2373,71.1259],[-123.2373,71.1255],[-123.2367,71.125],[-123.2349,71.124],[-123.2336,71.1231],[-123.2325,71.1225],[-123.2314,71.1213],[-123.2307,71.1204],[-123.2306,71.1185],[-123.2302,71.1163],[-123.2302,71.1162],[-123.2294,71.1151],[-123.2286,71.1145],[-123.2284,71.1141],[-123.2284,71.1131],[-123.2281,71.1127],[-123.2282,71.1118],[-123.2278,71.1113],[-123.2265,71.1107],[-123.2245,71.11],[-123.2238,71.1096],[-123.2222,71.1094],[-123.2205,71.109],[-123.2194,71.1088],[-123.2168,71.1086],[-123.2145,71.1083],[-123.2138,71.1082],[-123.2132,71.1082],[-123.2125,71.1085],[-123.2117,71.1086],[-123.2095,71.1086],[-123.2056,71.1088],[-123.2028,71.1091],[-123.2001,71.1093],[-123.1958,71.1096],[-123.1914,71.1094],[-123.1892,71.1093],[-123.1876,71.109],[-123.1848,71.1079],[-123.1828,71.1072],[-123.1802,71.1059],[-123.1792,71.1056],[-123.1784,71.1052],[-123.1757,71.1044],[-123.174,71.1036],[-123.1732,71.1031],[-123.1717,71.1025],[-123.1705,71.1016],[-123.17,71.1014],[-123.1686,71.1007],[-123.1675,71.1004],[-123.164,71.0996],[-123.1624,71.0994],[-123.1594,71.0987],[-123.1581,71.0985],[-123.1567,71.098],[-123.1535,71.0973],[-123.1528,71.0971],[-123.1523,71.0968],[-123.1512,71.0961],[-123.1507,71.0957],[-123.1497,71.0946],[-123.1492,71.0945],[-123.1483,71.0944],[-123.1477,71.0942],[-123.1474,71.0941],[-123.1468,71.0935],[-123.146,71.0926],[-123.1451,71.0903],[-123.1451,71.0903],[-123.1452,71.0894],[-123.1441,71.0889],[-123.1438,71.088],[-123.1434,71.0867],[-123.1436,71.0845],[-123.1437,71.0827],[-123.1439,71.0816],[-123.1437,71.0808],[-123.1431,71.0804]]},"properties":{}},{"type":"Feature","geometry":{"type":"LineString","coordinates":[[-123.471,71.2742],[-123.4707,71.2742],[-123.4705,71.2744],[-123.4704,71.2745],[-123.4706,71.2746],[-123.4708,71.2746],[-123.471,71.2745],[-123.4711,71.2743],[-123.4711,71.2742],[-123.471,71.2742]]},"properties":{}},{"type":"Feature","geometry":{"type":"LineString","coordinates":[[-123.4718,71.2738],[-123.4716,71.2738],[-123.4714,71.2739],[-123.4713,71.274],[-123.4715,71.2741],[-123.4716,71.2741],[-123.4719,71.274],[-123.4718,71.2738]]},"properties":{}},{"type":"Feature","geometry":{"type":"LineString","coordinates":[[-123.1431,71.0804],[-123.1416,71.0801],[-123.1408,71.08],[-123.1391,71.08],[-123.1377,71.08],[-123.1352,71.0802],[-123.1325,71.0804],[-123.1314,71.0804],[-123.13,71.0804],[-123.1286,71.0805],[-123.1275,71.0802],[-123.1255,71.0799],[-123.124,71.0799],[-123.123,71.0799],[-123.1219,71.0798],[-123.1205,71.08],[-123.1196,71.08],[-123.1184,71.0801],[-123.1179,71.0801],[-123.1162,71.0798],[-123.1141,71.0797],[-123.1133,71.0795],[-123.1123,71.0794],[-123.1105,71.0791],[-123.1084,71.0791],[-123.1079,71.0791],[-123.1063,71.0791],[-123.1047,71.079],[-123.1033,71.0789],[-123.0995,71.0789],[-123.0987,71.079],[-123.0978,71.0791],[-123.0968,71.0792],[-123.0947,71.0796],[-123.0926,71.0801],[-123.0906,71.0808],[-123.0898,71.0807],[-123.0892,71.0807],[-123.0885,71.081],[-123.085,71.0819],[-123.0808,71.083],[-123.0784,71.0833],[-123.0755,71.0836],[-123.0736,71.084],[-123.0717,71.0841],[-123.0709,71.0842],[-123.0663,71.0846],[-123.0624,71.0845],[-123.0593,71.0843],[-123.0569,71.0841],[-123.0553,71.0839],[-123.0532,71.0837],[-123.0465,71.0832],[-123.046,71.0831],[-123.0447,71.0831],[-123.0428,71.0831],[-123.0396,71.0833],[-123.037,71.0838],[-123.0337,71.084],[-123.0307,71.0839],[-123.0293,71.084],[-123.028,71.084],[-123.0248,71.0843],[-123.0229,71.0845],[-123.0207,71.0847],[-123.019,71.085],[-123.0168,71.0851],[-123.0157,71.0853],[-123.0141,71.0856],[-123.0138,71.0857],[-123.0109,71.0862],[-123.007,71.0865],[-123.0056,71.0865],[-123.003,71.0867],[-123.0026,71.0869],[-123.0023,71.087],[-123.0018,71.0871],[-123.0,71.0874],[-122.9972,71.0879],[-122.9949,71.0881],[-122.9939,71.0883],[-122.9922,71.0884],[-122.9872,71.0885],[-122.983,71.0882],[-122.9822,71.0882],[-122.9814,71.0881],[-122.9788,71.0875],[-122.9771,71.0869],[-122.9761,71.0865],[-122.9753,71.0862],[-122.9741,71.0859],[-122.9734,71.0857],[-122.9698,71.0849],[-122.9692,71.0848],[-122.9681,71.0847],[-122.9653,71.0848],[-122.9604,71.0853],[-122.958,71.0855],[-122.9555,71.0855],[-122.9499,71.0854],[-122.948,71.0852],[-122.947,71.0851],[-122.9446,71.0846],[-122.9425,71.0844],[-122.9416,71.0842],[-122.9417,71.084],[-122.9415,71.0839],[-122.939,71.0835],[-122.9382,71.0835],[-122.9349,71.0841],[-122.9334,71.0844],[-122.9317,71.0846],[-122.9285,71.0853],[-122.927,71.0856],[-122.9253,71.0859],[-122.9231,71.0862],[-122.9194,71.0868],[-122.9159,71.0871],[-122.9148,71.0871],[-122.9137,71.0871],[-122.9071,71.0878],[-122.905,71.0881],[-122.9037,71.0883],[-122.9022,71.0885],[-122.8976,71.0889],[-122.8946,71.0891],[-122.8877,71.0892],[-122.8847,71.0893],[-122.8798,71.0893],[-122.8782,71.0893],[-122.8746,71.0889],[-122.8739,71.0888],[-122.8734,71.0886],[-122.8729,71.088],[-122.8717,71.0873],[-122.8693,71.0865],[-122.8673,71.0856],[-122.8658,71.0854],[-122.8637,71.0852],[-122.8621,71.085],[-122.8596,71.0844],[-122.8569,71.0839],[-122.8544,71.0837],[-122.851,71.0837],[-122.8491,71.0836],[-122.848,71.0835],[-122.845,71.0831],[-122.8429,71.083],[-122.8421,71.0829],[-122.8398,71.0831],[-122.8354,71.0829],[-122.8295,71.0829],[-122.8282,71.0831],[-122.8268,71.0833],[-122.8252,71.0835],[-122.8235,71.0838],[-122.8219,71.0839],[-122.8208,71.0842],[-122.8193,71.0842],[-122.8188,71.0844],[-122.8177,71.0845],[-122.8119,71.0848],[-122.8104,71.0848],[-122.8091,71.0848],[-122.8077,71.085],[-122.8042,71.0852],[-122.8019,71.0852],[-122.7996,71.0854],[-122.7971,71.0857],[-122.7952,71.0857],[-122.7946,71.0858],[-122.7883,71.0867],[-122.7872,71.0868],[-122.7828,71.0878],[-122.7807,71.0882],[-122.7758,71.0897],[-122.7709,71.0913],[-122.7677,71.0923],[-122.7658,71.0932],[-122.7643,71.0936],[-122.7633,71.0943],[-122.7611,71.0953],[-122.7583,71.0968],[-122.7576,71.0973],[-122.7571,71.0981],[-122.7571,71.0988],[-122.7574,71.0994],[-122.7579,71.0998],[-122.7589,71.1001],[-122.7589,71.1002],[-122.7575,71.1008],[-122.756,71.1017],[-122.7558,71.1019],[-122.7557,71.102],[-122.7558,71.1027],[-122.7566,71.1032],[-122.7582,71.1041],[-122.7597,71.1052],[-122.76,71.1054],[-122.76,71.1057],[-122.7595,71.1064],[-122.7584,71.1071],[-122.7561,71.1083],[-122.755,71.1089],[-122.7545,71.1092],[-122.7531,71.1098],[-122.752,71.1104],[-122.7498,71.1117],[-122.7496,71.1121],[-122.7477,71.1137],[-122.7459,71.1147],[-122.7454,71.115],[-122.7432,71.1159],[-122.7425,71.1163],[-122.7409,71.117],[-122.7397,71.1176],[-122.737,71.119],[-122.7353,71.12],[-122.7327,71.1215],[-122.7326,71.1216],[-122.7323,71.1217],[-122.7312,71.1224],[-122.729,71.1236],[-122.7263,71.125],[-122.7242,71.126],[-122.7224,71.127],[-122.7198,71.1283],[-122.7181,71.1291],[-122.717,71.1297],[-122.7162,71.13],[-122.7154,71.1306],[-122.7145,71.131],[-122.7131,71.1319],[-122.7118,71.1326],[-122.7093,71.1338],[-122.706,71.1357],[-122.7026,71.1377],[-122.7015,71.1383],[-122.6978,71.1402],[-122.6975,71.1404],[-122.6972,71.1406],[-122.6937,71.1425],[-122.6933,71.1427],[-122.6921,71.1433],[-122.6909,71.144],[-122.6884,71.1452],[-122.6849,71.1471],[-122.684,71.1476],[-122.6811,71.149],[-122.6795,71.1497],[-122.6791,71.15],[-122.6777,71.1505],[-122.6767,71.1512],[-122.6729,71.153],[-122.6729,71.153],[-122.6716,71.1538],[-122.6687,71.1554],[-122.667,71.156],[-122.6654,71.1568],[-122.6645,71.1572],[-122.663,71.1579],[-122.6623,71.1583],[-122.6599,71.1595],[-122.6579,71.1602],[-122.6539,71.1621],[-122.6513,71.1632],[-122.6469,71.1649],[-122.6427,71.1666],[-122.6416,71.1671],[-122.6397,71.1678],[-122.6351,71.1695],[-122.6349,71.1696],[-122.631,71.1713],[-122.6276,71.1725],[-122.6244,71.1738],[-122.6228,71.1744],[-122.6181,71.176],[-122.6173,71.1763],[-122.6153,71.1771],[-122.6132,71.1778],[-122.6108,71.1787],[-122.6079,71.1797],[-122.6061,71.1802],[-122.6044,71.181],[-122.602,71.1819],[-122.5982,71.1831],[-122.5943,71.1845],[-122.5891,71.186],[-122.5886,71.1862],[-122.5872,71.187],[-122.5824,71.1882],[-122.5772,71.1897],[-122.5761,71.1901],[-122.5708,71.1914],[-122.5685,71.1921],[-122.5659,71.1927],[-122.5642,71.1933],[-122.561,71.1942],[-122.5598,71.1945],[-122.5583,71.195],[-122.5577,71.1952],[-122.5555,71.1958],[-122.5535,71.1964],[-122.5515,71.197],[-122.5491,71.1978],[-122.5472,71.1983],[-122.5462,71.1987],[-122.543,71.1995],[-122.5424,71.1997],[-122.5415,71.1999],[-122.5366,71.2015],[-122.5365,71.2015],[-122.5329,71.2024],[-122.5302,71.2032],[-122.5281,71.2037],[-122.5272,71.204],[-122.5261,71.2042],[-122.524,71.2046],[-122.5218,71.2051],[-122.5196,71.2056],[-122.5182,71.2059],[-122.5172,71.2063],[-122.5141,71.2069],[-122.5096,71.208],[-122.5086,71.2081],[-122.5059,71.209],[-122.5007,71.2101],[-122.5002,71.2103],[-122.4974,71.211],[-122.4926,71.2123],[-122.4869,71.2136],[-122.486,71.2138],[-122.4804,71.2149],[-122.478,71.2152],[-122.4763,71.2154],[-122.475,71.2156],[-122.4739,71.2159],[-122.4682,71.2172],[-122.4661,71.2177],[-122.4601,71.2188],[-122.4573,71.2193],[-122.4546,71.2197],[-122.4511,71.2202],[-122.4501,71.2205],[-122.4497,71.2206],[-122.4497,71.2207],[-122.4501,71.2208],[-122.4501,71.221],[-122.4497,71.2211],[-122.4501,71.2213],[-122.4513,71.2216],[-122.4525,71.2217],[-122.4537,71.2217],[-122.4547,71.2216],[-122.4566,71.2213],[-122.4577,71.2212],[-122.4585,71.2208],[-122.4616,71.2201],[-122.4627,71.22],[-122.4646,71.22],[-122.4668,71.2198],[-122.4692,71.219],[-122.4706,71.2188],[-122.4711,71.2187],[-122.4716,71.2184],[-122.4722,71.2181],[-122.4746,71.2174],[-122.4803,71.2165],[-122.483,71.216],[-122.4861,71.2155],[-122.489,71.2148],[-122.4923,71.2141],[-122.4946,71.2135],[-122.4994,71.2124],[-122.5029,71.2114],[-122.5046,71.211],[-122.508,71.2099],[-122.5086,71.2098],[-122.5101,71.2098],[-122.5115,71.2096],[-122.5125,71.2094],[-122.5128,71.2094],[-122.5135,71.2096],[-122.5148,71.21],[-122.5153,71.2103],[-122.5156,71.2107],[-122.5155,71.2108],[-122.5147,71.2112],[-122.5145,71.2114],[-122.5144,71.2118],[-122.5148,71.2121],[-122.5158,71.2124],[-122.5168,71.2129],[-122.5188,71.2135],[-122.5197,71.2141],[-122.521,71.2146],[-122.5215,71.2149],[-122.5222,71.215],[-122.5227,71.215],[-122.5235,71.2151],[-122.5251,71.2155],[-122.5274,71.2158],[-122.5327,71.216],[-122.5375,71.216],[-122.5383,71.216],[-122.5397,71.216],[-122.542,71.2162],[-122.5429,71.2165],[-122.5434,71.2167],[-122.5439,71.2175],[-122.5446,71.2179],[-122.5448,71.2181],[-122.5446,71.2185],[-122.5438,71.2188],[-122.543,71.2188],[-122.5417,71.2186],[-122.5405,71.2185],[-122.5377,71.2181],[-122.537,71.218],[-122.5359,71.2181],[-122.5341,71.2185],[-122.5334,71.2187],[-122.532,71.2193],[-122.5314,71.2197],[-122.531,71.2198],[-122.5306,71.2196],[-122.5301,71.2196],[-122.53,71.2199],[-122.5299,71.2201],[-122.5291,71.2201],[-122.527,71.2204],[-122.5268,71.2207],[-122.5272,71.2209],[-122.5269,71.2211],[-122.5263,71.2212],[-122.5253,71.2212],[-122.5242,71.2215],[-122.5228,71.2215],[-122.5223,71.2217],[-122.521,71.2219],[-122.5172,71.2218],[-122.5151,71.2218],[-122.5121,71.2217],[-122.5063,71.2217],[-122.5047,71.2218],[-122.5036,71.222],[-122.5028,71.2222],[-122.5024,71.2226],[-122.5024,71.2229],[-122.5029,71.2232],[-122.5038,71.2236],[-122.5055,71.2242],[-122.5085,71.2248],[-122.5108,71.2254],[-122.5128,71.2259],[-122.5156,71.2266],[-122.5186,71.2272],[-122.5231,71.2279],[-122.5263,71.2283],[-122.5283,71.2286],[-122.5284,71.2288],[-122.5295,71.2289],[-122.5302,71.229],[-122.5309,71.2294],[-122.5309,71.2296],[-122.5307,71.2299],[-122.5301,71.2301],[-122.5295,71.2301],[-122.5287,71.2301],[-122.5276,71.23],[-122.5266,71.23],[-122.5253,71.2302],[-122.524,71.2306],[-122.5229,71.2308],[-122.5222,71.2309],[-122.5211,71.231],[-122.5204,71.2309],[-122.519,71.2307],[-122.5171,71.2307],[-122.5154,71.2308],[-122.5143,71.2309],[-122.5125,71.2313],[-122.5101,71.2319],[-122.5089,71.2322],[-122.5079,71.2323],[-122.5066,71.2323],[-122.5049,71.2321],[-122.5022,71.2321],[-122.4999,71.2321],[-122.4968,71.2324],[-122.494,71.2325],[-122.4899,71.2324],[-122.4867,71.2324],[-122.4828,71.2325],[-122.4826,71.2325],[-122.4806,71.2325],[-122.4779,71.2323],[-122.4712,71.2316],[-122.4701,71.2315],[-122.4679,71.2311],[-122.4658,71.2307],[-122.4643,71.2303],[-122.4631,71.2297],[-122.4617,71.2292],[-122.4594,71.2287],[-122.4544,71.2271],[-122.4538,71.227],[-122.4508,71.2261],[-122.4483,71.2255],[-122.4466,71.2253],[-122.4422,71.2248],[-122.4408,71.2247],[-122.4402,71.2245],[-122.4396,71.2244],[-122.4395,71.2246],[-122.4392,71.2247],[-122.4378,71.2246],[-122.4366,71.2245],[-122.4365,71.2244],[-122.4366,71.2242],[-122.4369,71.224],[-122.4362,71.2238],[-122.4342,71.2234],[-122.4322,71.2238],[-122.4259,71.2247],[-122.4237,71.225],[-122.42,71.2255],[-122.4176,71.2258],[-122.4158,71.2261],[-122.4138,71.2265],[-122.4085,71.2275],[-122.4064,71.2279],[-122.4045,71.2281],[-122.4041,71.2282],[-122.4021,71.2286],[-122.3982,71.2293],[-122.3931,71.2301],[-122.3889,71.2309],[-122.3875,71.2312],[-122.3812,71.2321],[-122.3811,71.2322],[-122.3762,71.233],[-122.374,71.2332],[-122.3721,71.2335],[-122.3671,71.2343],[-122.3648,71.2346],[-122.3624,71.235],[-122.359,71.2355],[-122.3571,71.2357],[-122.3544,71.2361],[-122.3482,71.2371],[-122.3481,71.2371],[-122.346,71.2374],[-122.3441,71.2376],[-122.3377,71.2385],[-122.336,71.2388],[-122.3348,71.239],[-122.3339,71.2391],[-122.3327,71.2392],[-122.3301,71.2396],[-122.3283,71.2399],[-122.3244,71.2405],[-122.3198,71.241],[-122.317,71.2414],[-122.3123,71.2421],[-122.3113,71.2423],[-122.3097,71.2425],[-122.3076,71.2428],[-122.3053,71.243],[-122.3041,71.2432],[-122.3029,71.2436],[-122.3016,71.2438],[-122.2985,71.2442],[-122.2957,71.2445],[-122.2927,71.2447],[-122.2907,71.2448],[-122.2897,71.2449],[-122.287,71.2452],[-122.2859,71.2454],[-122.2835,71.2459],[-122.2825,71.2459],[-122.2804,71.2461],[-122.2792,71.2462],[-122.2771,71.2466],[-122.272,71.2472],[-122.2706,71.2474],[-122.2691,71.2477],[-122.2679,71.2478],[-122.2664,71.248],[-122.2644,71.2482],[-122.2624,71.2485],[-122.2584,71.2492],[-122.2543,71.2496],[-122.2537,71.2497],[-122.2516,71.25],[-122.2504,71.2502],[-122.249,71.2503],[-122.2484,71.2503],[-122.2477,71.2503],[-122.2469,71.2505],[-122.2449,71.2507],[-122.2383,71.2516],[-122.2348,71.2523],[-122.2253,71.2539],[-122.2204,71.2548],[-122.2164,71.2555],[-122.2132,71.2562],[-122.2054,71.2576],[-122.2046,71.2578],[-122.2018,71.2583],[-122.1988,71.2589],[-122.1969,71.2592],[-122.1885,71.2609],[-122.1851,71.2617],[-122.1823,71.2622],[-122.1811,71.2625],[-122.1779,71.2633],[-122.1734,71.2642],[-122.166,71.2659],[-122.1631,71.2665],[-122.1604,71.2671],[-122.1561,71.268],[-122.1556,71.2681],[-122.1531,71.2687],[-122.1524,71.2688],[-122.1424,71.2712],[-122.1405,71.2716],[-122.1388,71.2719],[-122.1361,71.2726],[-122.1349,71.2729],[-122.1324,71.2735],[-122.1273,71.2745],[-122.1242,71.2752],[-122.1188,71.2765],[-122.1081,71.2789],[-122.1018,71.2804],[-122.0978,71.2813],[-122.0958,71.2818],[-122.0884,71.2835]]},"properties":{}},{"type":"Feature","geometry":{"type":"LineString","coordinates":[[-122.0884,71.2835],[-122.0816,71.2852],[-122.0799,71.2856],[-122.0779,71.2863],[-122.0758,71.2869],[-122.0692,71.2889],[-122.0688,71.289],[-122.0678,71.2894],[-122.0651,71.2904],[-122.0629,71.2911],[-122.0601,71.2921],[-122.0559,71.2935],[-122.0531,71.2945],[-122.048,71.2964],[-122.0443,71.2978],[-122.0425,71.2985],[-122.0353,71.3016],[-122.0303,71.3041],[-122.0287,71.305],[-122.0247,71.3069],[-122.0216,71.3086],[-122.0159,71.3122],[-122.0156,71.3124],[-122.014,71.3136],[-122.0138,71.3137],[-122.0137,71.3139],[-122.0126,71.3147],[-122.0106,71.3168],[-122.0096,71.3176],[-122.008,71.3194],[-122.0068,71.3203],[-122.0062,71.3215],[-122.0052,71.3223],[-122.0048,71.3231],[-122.0037,71.3242],[-122.0032,71.3251],[-122.0023,71.3262],[-122.0021,71.3265],[-122.0015,71.3271],[-122.001,71.3276],[-122.0007,71.3281],[-122.0003,71.3286],[-122.0,71.3289],[-121.9992,71.3297],[-121.9988,71.3298],[-121.9985,71.3302],[-121.9974,71.331],[-121.9971,71.3316],[-121.9948,71.3332],[-121.9945,71.3335],[-121.9935,71.3341],[-121.9928,71.335],[-121.9917,71.3357],[-121.9909,71.3365],[-121.99,71.3369],[-121.9893,71.3374],[-121.9883,71.3385],[-121.9878,71.3388],[-121.9858,71.3403],[-121.9854,71.341],[-121.9846,71.3414],[-121.9836,71.3424],[-121.983,71.3428],[-121.9821,71.3438],[-121.9814,71.3443],[-121.9803,71.3454],[-121.9772,71.3474],[-121.9766,71.3479],[-121.9758,71.3486],[-121.9735,71.3501],[-121.9723,71.3512],[-121.9717,71.3515],[-121.9713,71.3519],[-121.9699,71.353],[-121.9685,71.3537],[-121.9668,71.3551],[-121.9658,71.3558],[-121.9652,71.3564],[-121.9646,71.3567],[-121.9632,71.3575],[-121.9623,71.3583],[-121.9615,71.3588],[-121.9608,71.3595],[-121.9602,71.3599],[-121.9591,71.3605],[-121.9586,71.361],[-121.9572,71.3621],[-121.9564,71.3626],[-121.9558,71.3631],[-121.9552,71.3638],[-121.9544,71.3642],[-121.9537,71.3647],[-121.9528,71.3653],[-121.9522,71.3657],[-121.9516,71.366],[-121.9511,71.3665],[-121.9504,71.3669],[-121.95,71.3671],[-121.948,71.3685],[-121.9471,71.3692],[-121.9458,71.3701],[-121.9452,71.3706],[-121.9435,71.3714],[-121.9406,71.3733],[-121.9391,71.3742],[-121.9378,71.3751],[-121.9366,71.3758],[-121.9365,71.3761],[-121.9368,71.3765],[-121.9353,71.3767],[-121.9345,71.3773],[-121.9343,71.3777],[-121.9338,71.3779],[-121.933,71.3783],[-121.9324,71.3787],[-121.9323,71.379],[-121.932,71.3792],[-121.9312,71.3795],[-121.9307,71.3798],[-121.9305,71.3802],[-121.9296,71.3808],[-121.9287,71.3814],[-121.9281,71.3817],[-121.9277,71.3818],[-121.9266,71.3827],[-121.9251,71.3836],[-121.9237,71.3845],[-121.9216,71.386],[-121.9182,71.3878],[-121.9182,71.388],[-121.9172,71.3888],[-121.9142,71.3904],[-121.9109,71.3924],[-121.909,71.3936],[-121.9082,71.3943],[-121.9058,71.3955],[-121.9023,71.3975],[-121.9014,71.398],[-121.9008,71.3983],[-121.8996,71.399],[-121.899,71.3994],[-121.8973,71.4002],[-121.8968,71.4003],[-121.8951,71.4011],[-121.8938,71.4019],[-121.8921,71.4026],[-121.8901,71.4036],[-121.8858,71.4054],[-121.8851,71.4056],[-121.8841,71.4062],[-121.8832,71.4065],[-121.881,71.4076],[-121.8786,71.4085],[-121.876,71.4097],[-121.8746,71.4104],[-121.8725,71.4109],[-121.871,71.4115],[-121.868,71.4127],[-121.8666,71.4132],[-121.8661,71.4135],[-121.8653,71.4138],[-121.8625,71.4148],[-121.8589,71.4162],[-121.8552,71.4175],[-121.8537,71.4181],[-121.8496,71.4195],[-121.8478,71.4203],[-121.8431,71.4219],[-121.8423,71.4223],[-121.8395,71.4234],[-121.838,71.4239],[-121.8369,71.4244],[-121.832,71.426],[-121.8284,71.4272],[-121.8277,71.4274],[-121.8247,71.4283],[-121.824,71.4286],[-121.8211,71.4295],[-121.8209,71.4295],[-121.8159,71.4311],[-121.8156,71.4312],[-121.8147,71.4313],[-121.8124,71.4322],[-121.8116,71.4324],[-121.8066,71.4339],[-121.8064,71.434],[-121.805,71.4344],[-121.8038,71.4347],[-121.8004,71.4359],[-121.7992,71.4362],[-121.7981,71.4366],[-121.7957,71.4372],[-121.7946,71.4377],[-121.7936,71.438],[-121.7909,71.4388],[-121.7894,71.4393],[-121.7863,71.4404],[-121.7853,71.4407],[-121.7841,71.441],[-121.7803,71.4422],[-121.7776,71.4429],[-121.7764,71.4433],[-121.7712,71.4446],[-121.7701,71.445],[-121.7689,71.4453],[-121.7662,71.4459],[-121.7649,71.4462],[-121.761,71.4471],[-121.7553,71.4485],[-121.7522,71.4492],[-121.7466,71.4505],[-121.7461,71.4506],[-121.7444,71.4511],[-121.7425,71.4516],[-121.7392,71.4525],[-121.7371,71.453],[-121.7335,71.4539],[-121.728,71.4551],[-121.7262,71.4556],[-121.7222,71.4564],[-121.7202,71.4569],[-121.7179,71.4573],[-121.7161,71.4577],[-121.7139,71.4582],[-121.7117,71.4586],[-121.7073,71.4594],[-121.7013,71.4606],[-121.7,71.4608],[-121.6973,71.4613],[-121.693,71.4623],[-121.6882,71.4632],[-121.6873,71.4635],[-121.6823,71.4644],[-121.6782,71.4652],[-121.6761,71.4655],[-121.6727,71.4661],[-121.6714,71.4663],[-121.6694,71.4667],[-121.6664,71.4671],[-121.6639,71.4672],[-121.661,71.4678],[-121.6594,71.468],[-121.654,71.4687],[-121.6529,71.4689],[-121.6485,71.4694],[-121.6439,71.4698],[-121.6382,71.4701],[-121.6335,71.4705],[-121.6306,71.4707],[-121.6273,71.4707],[-121.6231,71.4706],[-121.6216,71.4706],[-121.6175,71.4705],[-121.6161,71.4705],[-121.6137,71.4704],[-121.6092,71.4703],[-121.609,71.4702],[-121.603,71.4696],[-121.6013,71.4695],[-121.6001,71.4693],[-121.5951,71.4686],[-121.5921,71.4682],[-121.5859,71.4671],[-121.5839,71.4668],[-121.5811,71.4662],[-121.5788,71.4657],[-121.5765,71.4652],[-121.5745,71.4647],[-121.5695,71.4633],[-121.5646,71.4617],[-121.5632,71.4614],[-121.5616,71.4611],[-121.561,71.4611],[-121.5608,71.4611],[-121.5607,71.4611],[-121.5585,71.4613],[-121.5579,71.461],[-121.5572,71.4607],[-121.5564,71.4604],[-121.5562,71.4602],[-121.5552,71.4599],[-121.555,71.4598],[-121.5549,71.4597],[-121.5548,71.4588],[-121.5544,71.4582],[-121.5542,71.458],[-121.5535,71.4575],[-121.553,71.4574],[-121.5512,71.4566],[-121.5501,71.4562],[-121.5469,71.4544],[-121.5458,71.4539],[-121.5452,71.4536],[-121.545,71.4534],[-121.5443,71.4525],[-121.5442,71.4523],[-121.5442,71.452],[-121.545,71.4514],[-121.5451,71.4511],[-121.5449,71.4508],[-121.5449,71.4493],[-121.5448,71.4489],[-121.5442,71.4479],[-121.5438,71.4469],[-121.5435,71.4467],[-121.5439,71.4455],[-121.5437,71.4446],[-121.542,71.4424],[-121.5414,71.4415],[-121.5408,71.441],[-121.5405,71.4408],[-121.5373,71.4395],[-121.5362,71.4384],[-121.5354,71.4377],[-121.5349,71.4375],[-121.5342,71.4375],[-121.5339,71.4375],[-121.5337,71.4373],[-121.5327,71.4369],[-121.5304,71.4354],[-121.5293,71.4344],[-121.5285,71.4335],[-121.5275,71.4327],[-121.526,71.4319],[-121.5251,71.4316],[-121.524,71.4313],[-121.5229,71.4309],[-121.5223,71.4304],[-121.5219,71.4298],[-121.5209,71.4289],[-121.5205,71.428],[-121.5201,71.4278],[-121.519,71.4276],[-121.5182,71.4271],[-121.518,71.4271],[-121.5175,71.4271],[-121.5162,71.4273],[-121.5153,71.4273],[-121.5144,71.4271],[-121.5134,71.4267],[-121.5125,71.4261],[-121.5115,71.4252],[-121.5111,71.4247],[-121.5106,71.4242],[-121.5106,71.4237],[-121.5107,71.4231],[-121.5109,71.4228],[-121.5114,71.4222],[-121.5116,71.4213],[-121.512,71.4208],[-121.5125,71.4204],[-121.5135,71.4196],[-121.516,71.4181],[-121.5178,71.4171],[-121.5192,71.4161],[-121.5216,71.4151],[-121.5245,71.414],[-121.5259,71.4132],[-121.5271,71.4128],[-121.5272,71.4125],[-121.5276,71.4121],[-121.5286,71.4118],[-121.5295,71.4114],[-121.5313,71.4109],[-121.5335,71.4103],[-121.5352,71.4099],[-121.5373,71.4093],[-121.5389,71.4089],[-121.5383,71.409],[-121.5363,71.4091],[-121.5355,71.4091],[-121.534,71.4095],[-121.5323,71.4097],[-121.5314,71.4097],[-121.5282,71.4101],[-121.527,71.4104],[-121.5255,71.4107],[-121.5239,71.4112],[-121.5231,71.4115],[-121.5203,71.4125],[-121.5192,71.4128],[-121.5176,71.4131],[-121.5169,71.4133],[-121.516,71.4134],[-121.515,71.4137],[-121.5142,71.4143],[-121.5134,71.4147],[-121.5128,71.4149],[-121.5122,71.415],[-121.5117,71.4151],[-121.5112,71.4153],[-121.511,71.4159],[-121.5095,71.4171],[-121.5065,71.4176],[-121.5042,71.4178],[-121.5028,71.4178],[-121.5001,71.4175],[-121.4982,71.4171],[-121.4965,71.4169],[-121.4956,71.4167],[-121.4946,71.4163],[-121.4928,71.4155],[-121.4885,71.414],[-121.4867,71.4133],[-121.4859,71.4129],[-121.4835,71.4108],[-121.4829,71.4103],[-121.4811,71.409],[-121.4798,71.4086],[-121.4791,71.4082],[-121.4788,71.4081],[-121.4768,71.4068],[-121.4754,71.4062],[-121.4745,71.4056],[-121.473,71.4048],[-121.4731,71.4045],[-121.4737,71.4042],[-121.4753,71.4038],[-121.4761,71.4037],[-121.4764,71.4036],[-121.4778,71.4031],[-121.478,71.4031],[-121.4772,71.4028],[-121.476,71.4027],[-121.4733,71.4024],[-121.4667,71.4017],[-121.4664,71.4017],[-121.4647,71.4013],[-121.463,71.4009],[-121.462,71.4005],[-121.4618,71.4001],[-121.4567,71.3992],[-121.4553,71.399],[-121.4542,71.3987],[-121.4522,71.3983],[-121.4497,71.3978],[-121.4488,71.3976],[-121.447,71.3972],[-121.4461,71.397],[-121.4444,71.3965],[-121.4429,71.3962],[-121.4423,71.396],[-121.4419,71.3959],[-121.4402,71.3954],[-121.4391,71.3951],[-121.437,71.3944],[-121.4365,71.3942],[-121.4345,71.393],[-121.4335,71.3924],[-121.4318,71.3912],[-121.431,71.3908],[-121.4306,71.3905],[-121.4298,71.3902],[-121.4294,71.3899],[-121.4291,71.3897],[-121.4286,71.3894],[-121.4282,71.3891],[-121.4259,71.3881],[-121.4242,71.3876],[-121.4222,71.3869],[-121.4177,71.3855],[-121.4168,71.3851],[-121.416,71.385],[-121.4153,71.3847],[-121.4142,71.3845],[-121.4083,71.3835],[-121.4071,71.3833],[-121.4063,71.3832],[-121.4053,71.3831],[-121.4048,71.383],[-121.4041,71.3829],[-121.4031,71.3827],[-121.4018,71.3825],[-121.4009,71.3823],[-121.3999,71.3822],[-121.3992,71.3822],[-121.3968,71.3819],[-121.396,71.3817],[-121.3948,71.3816],[-121.3926,71.3814],[-121.3905,71.3813],[-121.3901,71.3812],[-121.3867,71.3809],[-121.3858,71.3808],[-121.3812,71.3806],[-121.38,71.3805],[-121.3782,71.3803],[-121.3758,71.3803],[-121.3715,71.3804],[-121.3706,71.3804]]},"properties":{}},{"type":"Feature","geometry":{"type":"LineString","coordinates":[[-121.3706,71.3804],[-121.3677,71.3805],[-121.3655,71.3806],[-121.3622,71.3806],[-121.3598,71.3806],[-121.3535,71.3808],[-121.3521,71.3809],[-121.3509,71.381],[-121.3442,71.3815],[-121.3425,71.3816],[-121.3405,71.3817],[-121.3389,71.3818],[-121.3374,71.3818],[-121.3361,71.3819],[-121.3333,71.382],[-121.3313,71.3821],[-121.33,71.3822],[-121.3284,71.3822],[-121.3269,71.3824],[-121.3244,71.3825],[-121.3215,71.3825],[-121.3205,71.3826],[-121.3191,71.3826],[-121.3147,71.3828],[-121.3122,71.383],[-121.3106,71.3832],[-121.3075,71.3837],[-121.3042,71.3841],[-121.3038,71.3841],[-121.3035,71.3842],[-121.303,71.3842],[-121.2979,71.3851],[-121.2965,71.3855],[-121.2958,71.3855],[-121.2938,71.3857],[-121.2927,71.3859],[-121.2918,71.386],[-121.2908,71.3862],[-121.2888,71.3865],[-121.2876,71.3867],[-121.2865,71.3868],[-121.2827,71.3874],[-121.282,71.3874],[-121.2805,71.3876],[-121.2792,71.3878],[-121.278,71.3878],[-121.2751,71.388],[-121.2709,71.3884],[-121.2701,71.3886],[-121.268,71.3888],[-121.2667,71.3889],[-121.2658,71.3891],[-121.2641,71.3894],[-121.2628,71.3896],[-121.2618,71.3896],[-121.2578,71.3901],[-121.2569,71.3902],[-121.2523,71.391],[-121.251,71.3912],[-121.247,71.3919],[-121.244,71.3923],[-121.2381,71.3936],[-121.2364,71.3939],[-121.2356,71.3941],[-121.2316,71.3948],[-121.2291,71.3953],[-121.2278,71.3956],[-121.2265,71.3958],[-121.2254,71.396],[-121.2244,71.3962],[-121.2234,71.3963],[-121.2223,71.3965],[-121.2164,71.3977],[-121.2161,71.3978],[-121.2136,71.3982],[-121.2104,71.3991],[-121.21,71.3991],[-121.2085,71.3995],[-121.2069,71.3998],[-121.2045,71.4001],[-121.2026,71.4005],[-121.2009,71.4007],[-121.1999,71.4008],[-121.1985,71.4012],[-121.1977,71.4014],[-121.197,71.4015],[-121.196,71.4017],[-121.1932,71.4022],[-121.1914,71.4024],[-121.1895,71.4028],[-121.1863,71.4033],[-121.1845,71.4037],[-121.1839,71.4039],[-121.1821,71.4042],[-121.1812,71.4044],[-121.1804,71.4045],[-121.1789,71.4049],[-121.1758,71.4054],[-121.1737,71.4059],[-121.1713,71.4064],[-121.1675,71.407],[-121.165,71.4074],[-121.1629,71.4079],[-121.1618,71.4081],[-121.161,71.4083],[-121.1596,71.4084],[-121.1586,71.4086],[-121.1566,71.4089],[-121.1545,71.4092],[-121.1523,71.4096],[-121.1473,71.4107],[-121.1423,71.4115],[-121.1411,71.4118],[-121.1382,71.4124],[-121.1365,71.4127],[-121.1326,71.4133],[-121.1282,71.414],[-121.1273,71.4142],[-121.1276,71.4146],[-121.1282,71.4145],[-121.1304,71.4148],[-121.1306,71.4151],[-121.1299,71.4157],[-121.1277,71.4163],[-121.125,71.4167],[-121.1209,71.4174],[-121.1164,71.4186],[-121.1147,71.4195],[-121.1137,71.421],[-121.1118,71.4225],[-121.1115,71.423],[-121.1115,71.4235],[-121.1122,71.4245],[-121.1118,71.425],[-121.1122,71.4257],[-121.1137,71.4262],[-121.1147,71.4268],[-121.1141,71.4275],[-121.1139,71.4283],[-121.1128,71.4289],[-121.1114,71.4294],[-121.1101,71.4294],[-121.1094,71.4291],[-121.1092,71.4295],[-121.1082,71.4298],[-121.1071,71.43],[-121.1051,71.4301],[-121.1048,71.4303],[-121.1043,71.4304],[-121.1038,71.4309],[-121.1031,71.4312],[-121.1026,71.4316],[-121.1025,71.4318],[-121.1031,71.4321],[-121.1049,71.4326],[-121.1058,71.433],[-121.1059,71.4332],[-121.1067,71.4336],[-121.1077,71.435],[-121.1085,71.4363],[-121.1088,71.4372],[-121.1088,71.4378],[-121.1091,71.4386],[-121.1108,71.439],[-121.1114,71.4393],[-121.1117,71.4394],[-121.1124,71.4399],[-121.1125,71.4402],[-121.1123,71.4405],[-121.1115,71.4413],[-121.1112,71.4418],[-121.1119,71.4422],[-121.1146,71.4433],[-121.1147,71.4437],[-121.1144,71.4442],[-121.1148,71.4444],[-121.1156,71.4445],[-121.1146,71.4451],[-121.1143,71.4457],[-121.1139,71.4462],[-121.1132,71.4466],[-121.1128,71.4473],[-121.1126,71.448],[-121.1123,71.4484],[-121.1122,71.4492],[-121.1124,71.4494],[-121.1129,71.4497],[-121.1134,71.4502],[-121.1136,71.4505],[-121.1138,71.4511],[-121.1138,71.4521],[-121.1151,71.4528],[-121.1165,71.4533],[-121.1169,71.4536],[-121.117,71.454],[-121.1173,71.4543],[-121.1175,71.4544],[-121.119,71.4548],[-121.1194,71.4549],[-121.1201,71.4553],[-121.1196,71.4568],[-121.12,71.4574],[-121.12,71.4578],[-121.1205,71.4582],[-121.1202,71.4584],[-121.1194,71.4584],[-121.119,71.4582],[-121.1187,71.458],[-121.1184,71.4578],[-121.1178,71.4577],[-121.1171,71.4578],[-121.1171,71.4579],[-121.1165,71.4582],[-121.1168,71.4586],[-121.1168,71.4589],[-121.1171,71.4602],[-121.1176,71.4608],[-121.1174,71.4621],[-121.1175,71.4622],[-121.1175,71.4626],[-121.1179,71.4629],[-121.1185,71.4628],[-121.119,71.4627],[-121.1197,71.4625],[-121.1199,71.4626],[-121.1208,71.4629],[-121.1217,71.4629],[-121.1221,71.463],[-121.1221,71.4634],[-121.1222,71.4637],[-121.1234,71.4639],[-121.1243,71.4643],[-121.1251,71.4645],[-121.1256,71.4647],[-121.1255,71.465],[-121.1261,71.4653],[-121.1269,71.4664],[-121.1269,71.467],[-121.1274,71.4677],[-121.1278,71.468],[-121.1286,71.4686],[-121.129,71.4687],[-121.1294,71.4687],[-121.1311,71.4693],[-121.1321,71.4701],[-121.133,71.4705],[-121.1332,71.4709],[-121.135,71.4716],[-121.1356,71.4721],[-121.1356,71.4725],[-121.1354,71.473],[-121.1348,71.474],[-121.1345,71.4746],[-121.1348,71.4748],[-121.1354,71.4751],[-121.136,71.4753],[-121.1366,71.4757],[-121.1369,71.4759],[-121.1387,71.4764],[-121.1404,71.477],[-121.1404,71.4774],[-121.1396,71.4775],[-121.1361,71.4766],[-121.1351,71.4767],[-121.1345,71.477],[-121.134,71.4775],[-121.133,71.4784],[-121.1327,71.4787],[-121.1327,71.4791],[-121.1329,71.4792],[-121.1329,71.4795],[-121.133,71.4797],[-121.1334,71.4805],[-121.1334,71.4807],[-121.1335,71.4808],[-121.1339,71.4812],[-121.1338,71.4815],[-121.1333,71.482],[-121.1332,71.4823],[-121.1332,71.4826],[-121.1331,71.4829],[-121.1326,71.4832],[-121.1315,71.4834],[-121.1312,71.4835],[-121.1299,71.4837],[-121.1284,71.4838],[-121.1283,71.4837],[-121.1278,71.4831],[-121.1274,71.4829],[-121.1264,71.482],[-121.1258,71.4815],[-121.1252,71.4814],[-121.1248,71.481],[-121.1237,71.4803],[-121.1232,71.48],[-121.1233,71.4796],[-121.1236,71.4785],[-121.1242,71.4777],[-121.125,71.4774],[-121.1248,71.4771],[-121.1251,71.4769],[-121.1265,71.4761],[-121.1263,71.4758],[-121.1264,71.4754],[-121.1264,71.4748],[-121.126,71.4741],[-121.1263,71.4738],[-121.126,71.4735],[-121.1259,71.4732],[-121.1262,71.4725],[-121.1262,71.4717],[-121.126,71.4715],[-121.1259,71.4709],[-121.1259,71.4705],[-121.1256,71.47],[-121.1256,71.4699],[-121.1252,71.4697],[-121.1246,71.4694],[-121.1242,71.4693],[-121.1249,71.4684],[-121.1232,71.468],[-121.121,71.4673],[-121.1208,71.4669],[-121.1206,71.4669],[-121.1199,71.4667],[-121.12,71.4665],[-121.1201,71.4664],[-121.1203,71.4661],[-121.12,71.4659],[-121.1193,71.4656],[-121.1173,71.4654],[-121.1164,71.4653],[-121.1156,71.4649],[-121.1152,71.4646],[-121.1149,71.4644],[-121.1145,71.4644],[-121.1137,71.464],[-121.1131,71.4639],[-121.1124,71.4637],[-121.112,71.4634],[-121.1121,71.4629],[-121.1132,71.4625],[-121.1135,71.4622],[-121.1126,71.4614],[-121.1123,71.461],[-121.1124,71.4606],[-121.1121,71.4601],[-121.1117,71.4598],[-121.1116,71.4594],[-121.1121,71.4583],[-121.111,71.4582],[-121.1105,71.458],[-121.1102,71.4577],[-121.1103,71.457],[-121.1101,71.4566],[-121.1101,71.4566],[-121.1095,71.4558],[-121.1095,71.4551],[-121.1083,71.4543],[-121.1081,71.4539],[-121.108,71.4536],[-121.1082,71.4531],[-121.1087,71.4528],[-121.1093,71.4526],[-121.1084,71.4526],[-121.1071,71.4523],[-121.1067,71.452],[-121.1056,71.451],[-121.1056,71.4509],[-121.1054,71.4506],[-121.1054,71.4501],[-121.1052,71.4495],[-121.1058,71.4492],[-121.1059,71.4486],[-121.1039,71.4473],[-121.1028,71.4467],[-121.1022,71.4463],[-121.1019,71.4458],[-121.1015,71.445],[-121.1012,71.4449],[-121.1007,71.4444],[-121.1008,71.4441],[-121.1011,71.4438],[-121.1017,71.4436],[-121.1022,71.4433],[-121.1023,71.4428],[-121.1028,71.4426],[-121.1032,71.4422],[-121.1037,71.4419],[-121.1037,71.4417],[-121.1035,71.4415],[-121.1024,71.4412],[-121.1021,71.4407],[-121.1019,71.4404],[-121.1023,71.4399],[-121.1027,71.4396],[-121.1021,71.4395],[-121.1017,71.4393],[-121.101,71.4385],[-121.101,71.4382],[-121.1004,71.4378],[-121.0994,71.4375],[-121.0991,71.4374],[-121.0985,71.4369],[-121.0981,71.4366],[-121.0982,71.4363],[-121.0983,71.436],[-121.0979,71.4356],[-121.0975,71.4349],[-121.0975,71.4348],[-121.097,71.4346],[-121.0959,71.4343],[-121.0949,71.4341],[-121.0945,71.4339],[-121.0942,71.4337],[-121.0942,71.4335],[-121.0935,71.4333],[-121.0932,71.4329],[-121.0925,71.4324],[-121.0915,71.432],[-121.0912,71.4318],[-121.0905,71.4318],[-121.0899,71.4315],[-121.0895,71.4311],[-121.0885,71.4304],[-121.0875,71.4301],[-121.0863,71.4298],[-121.0858,71.4297],[-121.0849,71.4291],[-121.0835,71.4278],[-121.0823,71.4266],[-121.0812,71.4261],[-121.0805,71.4257],[-121.08,71.4255],[-121.0785,71.4251],[-121.0776,71.4248],[-121.0771,71.4247],[-121.0763,71.4241],[-121.0763,71.4239],[-121.0759,71.4236],[-121.0753,71.4235],[-121.0744,71.4231],[-121.0714,71.4236],[-121.0698,71.4238],[-121.0667,71.4245],[-121.0651,71.4246],[-121.0627,71.4252],[-121.0574,71.4259],[-121.0536,71.4266],[-121.0519,71.4268],[-121.0512,71.427],[-121.0499,71.4272],[-121.0494,71.4272],[-121.0473,71.4276],[-121.0464,71.4277],[-121.043,71.4284],[-121.0415,71.4285],[-121.0393,71.4289],[-121.0372,71.4292],[-121.0341,71.4298],[-121.0312,71.4302],[-121.0304,71.4303],[-121.026,71.4309],[-121.0249,71.4311],[-121.0244,71.4311],[-121.0207,71.4317],[-121.0192,71.4319],[-121.0176,71.432],[-121.016,71.4323],[-121.0117,71.4328],[-121.0084,71.4334],[-121.0044,71.4339],[-121.0026,71.4342],[-121.0009,71.4346],[-121.0,71.4348],[-120.9914,71.4359],[-120.9907,71.4361],[-120.9901,71.4362],[-120.9881,71.4363],[-120.9868,71.4365],[-120.9824,71.437],[-120.9815,71.4372],[-120.9802,71.4374],[-120.9787,71.4376],[-120.9774,71.4378],[-120.9757,71.4379],[-120.9711,71.4385],[-120.9689,71.4388],[-120.9668,71.4391],[-120.9625,71.4397],[-120.9578,71.4402],[-120.9562,71.4406],[-120.9546,71.4407],[-120.9534,71.4409],[-120.9528,71.441],[-120.9414,71.4423],[-120.9393,71.4426],[-120.935,71.4431],[-120.932,71.4436],[-120.9297,71.4438],[-120.9272,71.4441],[-120.925,71.4443],[-120.9231,71.4446],[-120.9204,71.4448],[-120.9186,71.4451],[-120.915,71.4454],[-120.9126,71.4458],[-120.9055,71.4466],[-120.8948,71.448],[-120.8911,71.4485],[-120.8885,71.4488],[-120.8866,71.4491],[-120.8856,71.4493],[-120.8847,71.4493],[-120.8799,71.4498],[-120.8764,71.4503],[-120.8752,71.4505],[-120.8725,71.4508],[-120.869,71.4514],[-120.8657,71.4517],[-120.8634,71.452],[-120.8598,71.4525],[-120.8588,71.4526],[-120.8555,71.4531],[-120.8536,71.4533],[-120.8488,71.4541],[-120.8403,71.4552],[-120.8374,71.4557],[-120.8331,71.4562],[-120.8274,71.457],[-120.8216,71.4576],[-120.8181,71.458],[-120.8132,71.4585],[-120.809,71.459],[-120.8041,71.4598],[-120.8002,71.4603],[-120.7984,71.4604],[-120.7963,71.4608],[-120.7932,71.4612],[-120.7873,71.4621],[-120.7844,71.4626],[-120.7823,71.4628],[-120.7708,71.4647],[-120.766,71.4654],[-120.7645,71.4657],[-120.7619,71.4661],[-120.7589,71.4665],[-120.7577,71.4667],[-120.7464,71.4687],[-120.745,71.4689],[-120.7443,71.469],[-120.7357,71.4707],[-120.7316,71.4715],[-120.7284,71.4721],[-120.7247,71.4728],[-120.7223,71.4733],[-120.7206,71.4737],[-120.7191,71.4741],[-120.7173,71.4744],[-120.7149,71.475],[-120.7121,71.4754],[-120.7082,71.4762],[-120.7063,71.4766],[-120.7036,71.4773],[-120.7014,71.4777],[-120.6993,71.478],[-120.6975,71.4783],[-120.697,71.4785],[-120.6941,71.4793],[-120.6904,71.4803],[-120.6902,71.4804],[-120.6892,71.4805],[-120.6864,71.4812],[-120.6835,71.482],[-120.6805,71.4827],[-120.6794,71.4831],[-120.677,71.4837],[-120.6726,71.4848],[-120.6683,71.4859],[-120.6647,71.4868],[-120.6599,71.4882],[-120.6575,71.4888],[-120.655,71.4893],[-120.6516,71.4903],[-120.6489,71.491],[-120.6454,71.4922],[-120.6392,71.4939],[-120.6382,71.4942],[-120.6381,71.4944],[-120.6369,71.4952],[-120.6363,71.4954],[-120.6338,71.496],[-120.633,71.4963],[-120.6316,71.4967],[-120.6301,71.4974],[-120.629,71.4977],[-120.6279,71.4984],[-120.6265,71.4989],[-120.626,71.4992],[-120.6252,71.4994],[-120.6238,71.5],[-120.6221,71.5004],[-120.6152,71.5027],[-120.6135,71.5032],[-120.6091,71.5045],[-120.6063,71.5056],[-120.6035,71.5065],[-120.601,71.5073],[-120.5999,71.5078],[-120.5959,71.509],[-120.5951,71.5093],[-120.5906,71.5108],[-120.5882,71.5117],[-120.5875,71.5118],[-120.5874,71.512],[-120.5809,71.5141],[-120.5779,71.515],[-120.5746,71.5159],[-120.5738,71.5161],[-120.5732,71.5164],[-120.5727,71.5168],[-120.572,71.5171],[-120.5712,71.5174],[-120.5691,71.5184],[-120.5682,71.5189],[-120.5656,71.5198],[-120.5642,71.5204],[-120.5617,71.5214],[-120.5575,71.5229],[-120.5533,71.5245],[-120.5466,71.5267],[-120.5449,71.5274],[-120.5412,71.5285],[-120.5393,71.5291],[-120.5376,71.5298],[-120.5367,71.5301],[-120.5316,71.5317],[-120.529,71.5326],[-120.5211,71.536],[-120.5184,71.5377],[-120.5178,71.5382],[-120.5173,71.5385],[-120.5164,71.5388],[-120.5132,71.5404],[-120.5119,71.541],[-120.5108,71.5416],[-120.5062,71.5434],[-120.5044,71.5445],[-120.502,71.5457],[-120.5005,71.5466],[-120.5,71.5466],[-120.4982,71.5478],[-120.4976,71.5483],[-120.4941,71.5502],[-120.4937,71.5505]]},"properties":{}},{"type":"Feature","geometry":{"type":"LineString","coordinates":[[-121.6179,71.4137],[-121.6163,71.4127],[-121.6152,71.4121],[-121.6133,71.4114],[-121.6105,71.4108],[-121.6078,71.41],[-121.6048,71.4095],[-121.6018,71.4088],[-121.5989,71.4083],[-121.5952,71.4079],[-121.5932,71.408],[-121.5922,71.4082],[-121.5909,71.4084],[-121.5886,71.4081],[-121.586,71.4075],[-121.584,71.4074],[-121.5811,71.407],[-121.5793,71.4068],[-121.5793,71.4073],[-121.5801,71.4079],[-121.5812,71.4085],[-121.5826,71.4091],[-121.5842,71.4094],[-121.5858,71.4092],[-121.587,71.4091],[-121.5877,71.4094],[-121.5878,71.4098],[-121.589,71.4103],[-121.5908,71.4106],[-121.593,71.4112],[-121.5942,71.4116],[-121.5947,71.4123],[-121.5968,71.4125],[-121.5972,71.4126],[-121.6035,71.4136],[-121.6048,71.4137],[-121.608,71.4144],[-121.612,71.4151],[-121.613,71.4152],[-121.614,71.4151],[-121.616,71.4148],[-121.617,71.4147],[-121.6177,71.4144],[-121.618,71.4141],[-121.6179,71.4137]]},"properties":{}},{"type":"Feature","geometry":{"type":"LineString","coordinates":[[-121.5158,71.4074],[-121.5158,71.4077],[-121.5155,71.408],[-121.5155,71.4082],[-121.5167,71.4084],[-121.5176,71.4084],[-121.5184,71.408],[-121.5194,71.4075],[-121.5204,71.4073],[-121.5222,71.4072],[-121.5226,71.4071],[-121.5235,71.4065],[-121.5254,71.4061],[-121.5238,71.4059],[-121.5222,71.4058],[-121.5196,71.4055],[-121.5172,71.4053],[-121.5151,71.4052],[-121.5132,71.4053],[-121.5116,71.4053],[-121.5094,71.4051],[-121.507,71.405],[-121.5058,71.4052],[-121.5046,71.4055],[-121.5064,71.4054],[-121.5078,71.4056],[-121.5086,71.4058],[-121.5095,71.4062],[-121.511,71.4065],[-121.5118,71.4066],[-121.5134,71.4064],[-121.5141,71.4065],[-121.5154,71.407],[-121.5158,71.4074]]},"properties":{}},{"type":"Feature","geometry":{"type":"LineString","coordinates":[[-124.363,73.45],[-124.3615,73.4503],[-124.3606,73.4504],[-124.3597,73.4504],[-124.3601,73.4506],[-124.3607,73.4507],[-124.3621,73.4507],[-124.3646,73.4505],[-124.3649,73.4504],[-124.3648,73.4503],[-124.3643,73.4502],[-124.3636,73.4501],[-124.363,73.45]]},"properties":{}},{"type":"Feature","geometry":{"type":"LineString","coordinates":[[-124.089,73.5728],[-124.0878,73.5733],[-124.0869,73.5741],[-124.0867,73.5744],[-124.0868,73.5744],[-124.0873,73.5746],[-124.0876,73.5746],[-124.0884,73.5753],[-124.0887,73.5773],[-124.088,73.5779],[-124.088,73.5781],[-124.0883,73.5783],[-124.0891,73.5786],[-124.0899,73.5788],[-124.0904,73.5792],[-124.0908,73.5795],[-124.0916,73.5798],[-124.0922,73.5803],[-124.0931,73.5806],[-124.0936,73.5808],[-124.0937,73.581],[-124.094,73.582],[-124.0942,73.5823],[-124.0954,73.5826],[-124.0965,73.5829],[-124.0974,73.5834],[-124.0983,73.5842],[-124.0999,73.585],[-124.1003,73.5854],[-124.1004,73.5858],[-124.1007,73.5861],[-124.1012,73.5863],[-124.1023,73.5865],[-124.103,73.5868],[-124.1034,73.5872],[-124.1047,73.5878],[-124.1057,73.5882],[-124.1066,73.5886],[-124.1067,73.5892],[-124.1064,73.5894],[-124.1064,73.5895],[-124.1059,73.5902],[-124.1067,73.5906],[-124.1079,73.5911],[-124.1092,73.5915],[-124.1108,73.5922],[-124.1113,73.5927],[-124.1119,73.5929],[-124.1126,73.5931],[-124.115,73.5939],[-124.1158,73.5943],[-124.1179,73.5951],[-124.1197,73.5951],[-124.1209,73.5953],[-124.1237,73.5962],[-124.1252,73.597],[-124.1259,73.5972],[-124.127,73.5972],[-124.1287,73.5972],[-124.1298,73.5973],[-124.1313,73.5975],[-124.1334,73.5978],[-124.1356,73.5982],[-124.1381,73.5986],[-124.1402,73.599],[-124.1426,73.5996],[-124.1439,73.6],[-124.1448,73.6004],[-124.1456,73.6011],[-124.1468,73.6017],[-124.1483,73.6019],[-124.1521,73.6027],[-124.1528,73.6028],[-124.1542,73.6031],[-124.1548,73.6033],[-124.157,73.6038],[-124.1583,73.6043],[-124.1593,73.6047],[-124.1593,73.605],[-124.1588,73.6054],[-124.1582,73.6057],[-124.1571,73.6058],[-124.1565,73.6058],[-124.1564,73.6056],[-124.1566,73.6054],[-124.1565,73.6051],[-124.1556,73.6051],[-124.1541,73.6052],[-124.1531,73.6051],[-124.1522,73.6052],[-124.1519,73.6055],[-124.1523,73.6056],[-124.1534,73.6056],[-124.1542,73.6058],[-124.1549,73.606],[-124.1564,73.6063],[-124.1603,73.6066],[-124.1607,73.6068],[-124.1614,73.6068],[-124.1623,73.6069],[-124.1645,73.607],[-124.1665,73.6072],[-124.1674,73.6074],[-124.1697,73.6077],[-124.1742,73.6082],[-124.1777,73.6086],[-124.1802,73.6089],[-124.1859,73.6093],[-124.1893,73.6095],[-124.1928,73.6098],[-124.1944,73.61],[-124.1975,73.6102],[-124.1996,73.6104],[-124.2008,73.6105],[-124.2031,73.6109],[-124.2059,73.6111],[-124.2062,73.6111],[-124.2083,73.6112],[-124.2106,73.6115],[-124.2167,73.6123],[-124.2191,73.6126],[-124.2216,73.613],[-124.2241,73.6132],[-124.226,73.6134],[-124.2283,73.6138],[-124.2337,73.6144],[-124.2369,73.615],[-124.2376,73.615],[-124.2385,73.6151],[-124.2392,73.6153],[-124.2402,73.6156],[-124.2409,73.6156],[-124.2408,73.6156],[-124.2404,73.6154],[-124.2404,73.6153],[-124.2401,73.6151],[-124.2401,73.6151],[-124.2403,73.615],[-124.2414,73.6149],[-124.2424,73.6147],[-124.2433,73.6146],[-124.2438,73.6146],[-124.2445,73.6147],[-124.2449,73.6148],[-124.2452,73.6149],[-124.2464,73.6152],[-124.2472,73.6155],[-124.2477,73.6158],[-124.2489,73.6165],[-124.2493,73.6169],[-124.2504,73.6176],[-124.2505,73.6179],[-124.2508,73.618],[-124.251,73.6181],[-124.2516,73.6181],[-124.2519,73.618],[-124.2533,73.6179],[-124.2537,73.618],[-124.2537,73.6181],[-124.253,73.6187],[-124.2527,73.6188],[-124.2522,73.6189],[-124.2515,73.619],[-124.2503,73.619],[-124.2497,73.6188],[-124.2495,73.6187],[-124.2493,73.6187],[-124.2486,73.6187],[-124.2482,73.6186],[-124.2449,73.6176],[-124.2425,73.6166],[-124.2422,73.6166],[-124.2425,73.617],[-124.2447,73.6178],[-124.2462,73.6184],[-124.2477,73.6189],[-124.2493,73.6193],[-124.2517,73.6199],[-124.2539,73.6203],[-124.2557,73.6209],[-124.2565,73.6211],[-124.259,73.6219],[-124.2615,73.6226],[-124.2636,73.6231],[-124.266,73.6236],[-124.2675,73.6238],[-124.2686,73.6239],[-124.2697,73.624],[-124.2713,73.624],[-124.2763,73.624],[-124.2784,73.6238],[-124.2786,73.6233],[-124.2794,73.6229],[-124.2823,73.6223],[-124.2837,73.6219],[-124.2841,73.6215],[-124.284,73.6208],[-124.2841,73.6204],[-124.2839,73.62],[-124.2839,73.6198],[-124.2841,73.6196],[-124.2844,73.6195],[-124.2852,73.6194],[-124.2855,73.6192],[-124.2857,73.6189],[-124.2855,73.6185],[-124.2837,73.6172],[-124.2831,73.6168],[-124.2826,73.6164],[-124.2824,73.6159],[-124.2822,73.615],[-124.2824,73.6147],[-124.283,73.6148],[-124.2839,73.6162],[-124.2841,73.6166],[-124.2847,73.6171],[-124.2852,73.6175],[-124.286,73.6178],[-124.287,73.6191],[-124.2871,73.6195],[-124.287,73.6198],[-124.287,73.62],[-124.2871,73.6202],[-124.2875,73.6204],[-124.2879,73.6206],[-124.2882,73.621],[-124.289,73.6214],[-124.2893,73.6215],[-124.2892,73.6217],[-124.2896,73.6225],[-124.2901,73.6232],[-124.2905,73.6235],[-124.2909,73.6237],[-124.2913,73.6238],[-124.292,73.6243],[-124.2922,73.6245],[-124.2923,73.6249],[-124.2923,73.6252],[-124.2914,73.6252],[-124.2905,73.625],[-124.2881,73.6246],[-124.2858,73.6241],[-124.2854,73.6241],[-124.2853,73.6244],[-124.2881,73.6249],[-124.2894,73.6251],[-124.2912,73.6254],[-124.2916,73.6256],[-124.2921,73.6257],[-124.2948,73.6262],[-124.297,73.6267],[-124.2987,73.6271],[-124.3038,73.6283],[-124.3055,73.6288],[-124.3086,73.6294],[-124.3112,73.6299],[-124.313,73.6302],[-124.3149,73.6307],[-124.317,73.631],[-124.3217,73.6319],[-124.3218,73.6319],[-124.3224,73.632],[-124.3238,73.6323],[-124.3259,73.6329],[-124.3263,73.6333],[-124.3258,73.634],[-124.3253,73.6343],[-124.3249,73.6348],[-124.3247,73.6352],[-124.3249,73.6357],[-124.3252,73.6361],[-124.3258,73.6366],[-124.3274,73.6375],[-124.3278,73.6378],[-124.3279,73.6381],[-124.3281,73.6384],[-124.3283,73.6388],[-124.3284,73.6393],[-124.3281,73.6398],[-124.3276,73.6403],[-124.3257,73.6416],[-124.3245,73.6421],[-124.3242,73.6424],[-124.3241,73.6426],[-124.3201,73.6453],[-124.3187,73.6461],[-124.3174,73.6467],[-124.3162,73.6471],[-124.3145,73.6474],[-124.3128,73.6476],[-124.3112,73.6478],[-124.3108,73.6482],[-124.3107,73.6486],[-124.311,73.649],[-124.3121,73.6493],[-124.3133,73.6496],[-124.3142,73.6499],[-124.315,73.6506],[-124.3173,73.6512],[-124.3182,73.6518],[-124.3193,73.6523],[-124.3216,73.6527],[-124.3231,73.6528]]},"properties":{}},{"type":"Feature","geometry":{"type":"LineString","coordinates":[[-124.3231,73.6528],[-124.3261,73.6529],[-124.3289,73.6528],[-124.331,73.6526],[-124.3339,73.6523],[-124.3355,73.6521],[-124.3391,73.6511],[-124.3414,73.6496],[-124.3425,73.6484],[-124.3425,73.646],[-124.3423,73.645],[-124.3406,73.6431],[-124.3399,73.6426],[-124.3394,73.6423],[-124.3389,73.6419],[-124.3376,73.6414],[-124.336,73.6407],[-124.3347,73.6403],[-124.3332,73.6396],[-124.3323,73.6392],[-124.3314,73.6385],[-124.3298,73.6371],[-124.3295,73.6364],[-124.3299,73.6353],[-124.3302,73.6348],[-124.3314,73.6342],[-124.3336,73.6335],[-124.3362,73.6327],[-124.3397,73.6318],[-124.3424,73.631],[-124.3427,73.631],[-124.3449,73.6303],[-124.3458,73.6298],[-124.3476,73.6286],[-124.3493,73.6279],[-124.3511,73.6268],[-124.3524,73.6259],[-124.3528,73.6251],[-124.3532,73.6247],[-124.3539,73.6242],[-124.3551,73.6222],[-124.3558,73.6219],[-124.356,73.6214],[-124.3564,73.6211],[-124.3568,73.6206],[-124.357,73.6203],[-124.357,73.6188],[-124.3566,73.6177],[-124.3557,73.6162],[-124.3558,73.6156],[-124.3544,73.6149],[-124.3537,73.6145],[-124.3533,73.6136],[-124.3541,73.6128],[-124.3535,73.6124],[-124.3524,73.6112],[-124.3511,73.6101],[-124.3498,73.6099],[-124.3499,73.6094],[-124.3498,73.6089],[-124.35,73.6083],[-124.3505,73.6071],[-124.3502,73.6062],[-124.3503,73.6059],[-124.3511,73.6058],[-124.351,73.6053],[-124.3503,73.6046],[-124.35,73.6035],[-124.3494,73.6025],[-124.3486,73.6014],[-124.3479,73.6001],[-124.3473,73.5992],[-124.3467,73.5978],[-124.3463,73.5973],[-124.3463,73.597],[-124.3461,73.5967],[-124.3458,73.5964],[-124.3456,73.5959],[-124.3452,73.5953],[-124.3451,73.5949],[-124.345,73.5947],[-124.3451,73.5945],[-124.3451,73.5942],[-124.3449,73.5938],[-124.3448,73.5933],[-124.3446,73.5924],[-124.3446,73.5921],[-124.3443,73.5918],[-124.3443,73.5914],[-124.3444,73.5913],[-124.3444,73.591],[-124.3445,73.5909],[-124.3449,73.5904],[-124.3455,73.5899],[-124.3455,73.5895],[-124.3461,73.5889],[-124.3461,73.5881],[-124.3467,73.5873],[-124.3477,73.5865],[-124.3479,73.5862],[-124.3479,73.5857],[-124.3481,73.5855],[-124.3484,73.585],[-124.3484,73.5846],[-124.3486,73.5843],[-124.3486,73.5841],[-124.3488,73.5836],[-124.3492,73.5832],[-124.3498,73.5823],[-124.3499,73.5821],[-124.3498,73.5817],[-124.35,73.5812],[-124.3499,73.5804],[-124.3497,73.5802],[-124.3497,73.5795],[-124.3492,73.5789],[-124.349,73.5779],[-124.3488,73.5775],[-124.3486,73.5773],[-124.3485,73.577],[-124.3482,73.5767],[-124.3482,73.5764],[-124.348,73.576],[-124.3472,73.5749],[-124.3465,73.5742],[-124.3463,73.5741],[-124.3458,73.5737],[-124.3453,73.5728],[-124.3444,73.5721],[-124.3441,73.5719],[-124.3436,73.5714],[-124.3435,73.5712],[-124.3426,73.5706],[-124.3417,73.5699],[-124.3412,73.5693],[-124.3407,73.5692],[-124.3403,73.569],[-124.3399,73.5687],[-124.3371,73.5672],[-124.3354,73.5665],[-124.3343,73.5661],[-124.3336,73.5659],[-124.3332,73.5656],[-124.3325,73.5654],[-124.3311,73.5651],[-124.3285,73.5642],[-124.327,73.5638],[-124.326,73.5635],[-124.3252,73.5633],[-124.3244,73.563],[-124.3207,73.5622],[-124.3196,73.5619],[-124.3185,73.5617],[-124.3153,73.5611],[-124.3127,73.5608],[-124.3094,73.5604],[-124.3066,73.5601],[-124.3054,73.56],[-124.3026,73.5598],[-124.3022,73.5598],[-124.2996,73.5595],[-124.2964,73.5593],[-124.2932,73.5592],[-124.289,73.5593],[-124.2842,73.5594],[-124.2803,73.5597],[-124.2771,73.56],[-124.2756,73.5602],[-124.2745,73.5604],[-124.2744,73.5607],[-124.2738,73.5611],[-124.2725,73.5614],[-124.2706,73.5617],[-124.2699,73.5619],[-124.2695,73.5621],[-124.2699,73.5622],[-124.2706,73.5622],[-124.271,73.5621],[-124.2718,73.5621],[-124.2726,73.5625],[-124.273,73.5626],[-124.2735,73.5625],[-124.2735,73.562],[-124.274,73.5615],[-124.2747,73.5612],[-124.2753,73.5609],[-124.2765,73.5607],[-124.2775,73.5606],[-124.2779,73.5605],[-124.2783,73.5604],[-124.2789,73.5604],[-124.2788,73.5605],[-124.2777,73.5607],[-124.2776,73.5608],[-124.2777,73.5608],[-124.2782,73.5608],[-124.2788,73.5607],[-124.2815,73.5604],[-124.2828,73.5603],[-124.2845,73.5603],[-124.285,73.5602],[-124.2861,73.5602],[-124.2876,73.5601],[-124.2877,73.5601],[-124.2875,73.56],[-124.2859,73.56],[-124.2853,73.5601],[-124.2851,73.5601],[-124.285,73.5601],[-124.2851,73.56],[-124.2853,73.5599],[-124.2878,73.5599],[-124.2914,73.5598],[-124.2947,73.5598],[-124.297,73.5598],[-124.3004,73.56],[-124.3035,73.5604],[-124.3064,73.5606],[-124.3092,73.5609],[-124.3124,73.5613],[-124.3128,73.5615],[-124.3129,73.5617],[-124.3126,73.562],[-124.3122,73.5621],[-124.3097,73.5621],[-124.3086,73.5621],[-124.3081,73.5622],[-124.3077,73.5622],[-124.3064,73.562],[-124.3048,73.5621],[-124.301,73.5623],[-124.2974,73.5627],[-124.2959,73.5628],[-124.2948,73.5628],[-124.2943,73.5628],[-124.2935,73.5629],[-124.2929,73.563],[-124.2914,73.5631],[-124.2898,73.5633],[-124.2885,73.5633],[-124.2876,73.5634],[-124.2854,73.5637],[-124.2847,73.5637],[-124.2845,73.5637],[-124.2842,73.5636],[-124.2839,73.5635],[-124.2834,73.5635],[-124.2822,73.5636],[-124.2784,73.5641],[-124.2774,73.5643],[-124.2766,73.5643],[-124.2758,73.5644],[-124.2727,73.5649],[-124.2696,73.5655],[-124.2662,73.5662],[-124.2637,73.5666],[-124.2631,73.5667],[-124.2599,73.5673],[-124.2571,73.5676],[-124.2556,73.5678],[-124.2535,73.5681],[-124.2522,73.5683],[-124.2512,73.5685],[-124.2481,73.5689],[-124.2454,73.5692],[-124.2422,73.5695],[-124.2403,73.5696],[-124.2382,73.5697],[-124.2366,73.57],[-124.236,73.5703],[-124.2354,73.5707],[-124.2352,73.5711],[-124.2347,73.5715],[-124.2337,73.5719],[-124.2328,73.5722],[-124.2308,73.5727],[-124.2296,73.5729],[-124.2284,73.5731],[-124.2269,73.5732],[-124.2252,73.5732],[-124.2217,73.5729],[-124.2183,73.5724],[-124.2147,73.5718],[-124.2107,73.5711],[-124.2081,73.5706],[-124.2042,73.5702],[-124.2005,73.57],[-124.1977,73.5699],[-124.1945,73.57],[-124.1925,73.5701],[-124.1908,73.5702],[-124.1875,73.5706],[-124.186,73.5708],[-124.184,73.571],[-124.1824,73.5712],[-124.1815,73.5712],[-124.1791,73.5712],[-124.1769,73.5709],[-124.1749,73.5705],[-124.1731,73.5702],[-124.1702,73.5697],[-124.1682,73.5693],[-124.1647,73.5687],[-124.1623,73.5684],[-124.1597,73.5682],[-124.1582,73.5682],[-124.1569,73.5682],[-124.1554,73.5685],[-124.1547,73.5687],[-124.1542,73.5691],[-124.1536,73.5694],[-124.1517,73.5699],[-124.1504,73.5702],[-124.1487,73.5704],[-124.146,73.5705],[-124.1436,73.5705],[-124.1429,73.5705],[-124.1401,73.5705],[-124.1373,73.5704],[-124.1366,73.5703],[-124.1357,73.5702],[-124.1351,73.5699],[-124.1342,73.5696],[-124.1335,73.5696],[-124.133,73.5696],[-124.133,73.5698],[-124.1335,73.57],[-124.1335,73.5703],[-124.1332,73.5708],[-124.1317,73.5712],[-124.1288,73.5716],[-124.1263,73.5718],[-124.1231,73.572],[-124.1213,73.5719],[-124.1173,73.572],[-124.1161,73.5722],[-124.1149,73.5722],[-124.1137,73.5722],[-124.1134,73.5721],[-124.1119,73.5721],[-124.109,73.5719],[-124.1051,73.5715],[-124.1036,73.5715],[-124.1009,73.5713],[-124.0998,73.5713],[-124.0992,73.5713],[-124.098,73.5717],[-124.0975,73.5719],[-124.0968,73.5721],[-124.0946,73.5723],[-124.0919,73.5723],[-124.0905,73.5724],[-124.089,73.5728]]},"properties":{}},{"type":"Feature","geometry":{"type":"LineString","coordinates":[[-124.3098,73.4652],[-124.3098,73.4658],[-124.3107,73.4661],[-124.3124,73.4661],[-124.3134,73.4661],[-124.3135,73.4661],[-124.3145,73.4661],[-124.3159,73.4662],[-124.3181,73.4666],[-124.3197,73.4668],[-124.3215,73.4671],[-124.3228,73.4674],[-124.3236,73.4671],[-124.3232,73.4667],[-124.3192,73.4661],[-124.3183,73.4658],[-124.3174,73.4658],[-124.3164,73.4656],[-124.3148,73.4655],[-124.3133,73.4655],[-124.3125,73.4657],[-124.3117,73.4658],[-124.3111,73.4657],[-124.3098,73.4652]]},"properties":{}},{"type":"Feature","geometry":{"type":"LineString","coordinates":[[-124.2622,73.4678],[-124.2572,73.4679],[-124.2547,73.4681],[-124.253,73.4684],[-124.2514,73.4689],[-124.2501,73.4697],[-124.2494,73.4703],[-124.249,73.4706],[-124.2487,73.4709],[-124.2489,73.471],[-124.2494,73.471],[-124.2507,73.4708],[-124.2516,73.4707],[-124.2526,73.4707],[-124.2534,73.4709],[-124.254,73.471],[-124.2544,73.4709],[-124.257,73.4707],[-124.2576,73.4706],[-124.2585,73.4704],[-124.2603,73.4698],[-124.2616,73.4692],[-124.2621,73.4687],[-124.2623,73.4685],[-124.2623,73.468],[-124.2622,73.4678]]},"properties":{}},{"type":"Feature","geometry":{"type":"LineString","coordinates":[[-124.1705,73.5147],[-124.1688,73.5142],[-124.1664,73.5143],[-124.1662,73.5144],[-124.1667,73.5147],[-124.1679,73.5147],[-124.1685,73.5149],[-124.1687,73.515],[-124.1691,73.5152],[-124.17,73.5154],[-124.1703,73.516],[-124.17,73.5167],[-124.1688,73.5169],[-124.1644,73.5172],[-124.1615,73.5172],[-124.1591,73.5172],[-124.158,73.5173],[-124.1559,73.5174],[-124.1542,73.5175],[-124.1516,73.5175],[-124.15,73.5174],[-124.1493,73.5172],[-124.1487,73.5171],[-124.1478,73.517],[-124.1461,73.517],[-124.1451,73.5171],[-124.1434,73.5173],[-124.1423,73.5175],[-124.1413,73.5177],[-124.1415,73.5178],[-124.1427,73.5177],[-124.1448,73.5173],[-124.1461,73.5173],[-124.1484,73.5173],[-124.1497,73.5177],[-124.1508,73.5177],[-124.1518,73.5176],[-124.1561,73.5176],[-124.1569,73.5175],[-124.1581,73.5174],[-124.161,73.5174],[-124.1653,73.5174],[-124.1668,73.5173],[-124.1686,73.5172],[-124.1698,73.5172],[-124.1699,73.5172],[-124.1702,73.5177],[-124.17,73.5184],[-124.1698,73.5184],[-124.1693,73.5182],[-124.1686,73.5181],[-124.1674,73.5181],[-124.1657,73.5182],[-124.1647,73.5185],[-124.1632,73.5186],[-124.1616,73.5192],[-124.16,73.5196],[-124.1592,73.52],[-124.1583,73.5206],[-124.1584,73.5211],[-124.1589,73.5213],[-124.1614,73.522],[-124.1619,73.5221],[-124.1622,73.5222],[-124.1625,73.5224],[-124.1632,73.5226],[-124.1634,73.5227],[-124.1636,73.5232],[-124.1635,73.5235],[-124.1627,73.5238],[-124.1609,73.5241],[-124.1597,73.5242],[-124.1585,73.5242],[-124.1578,73.5241],[-124.1571,73.5243],[-124.157,73.5246],[-124.156,73.5248],[-124.1552,73.5251],[-124.1545,73.5256],[-124.1552,73.5258],[-124.1563,73.5258],[-124.1584,73.5256],[-124.1595,73.5254],[-124.1627,73.5247],[-124.164,73.5242],[-124.1653,73.5235],[-124.1667,73.5226],[-124.1682,73.5217],[-124.1704,73.5204],[-124.1712,73.5198],[-124.1717,73.5191],[-124.172,73.5183],[-124.172,73.5177],[-124.1717,73.5169],[-124.1717,73.5162],[-124.1715,73.5156],[-124.1705,73.5147]]},"properties":{}},{"type":"Feature","geometry":{"type":"LineString","coordinates":[[-124.0598,73.6639],[-124.0601,73.6631],[-124.0601,73.6623],[-124.0597,73.6617],[-124.0594,73.6609],[-124.0584,73.6599],[-124.0579,73.6591],[-124.0576,73.6585],[-124.0567,73.658],[-124.0558,73.6573],[-124.0558,73.6563],[-124.0554,73.6555],[-124.0538,73.6546],[-124.0534,73.654],[-124.0526,73.6534],[-124.0512,73.6525],[-124.0503,73.6517],[-124.0492,73.6508],[-124.0487,73.6502],[-124.0488,73.6481],[-124.0491,73.6472],[-124.0492,73.6461],[-124.0494,73.6456],[-124.0492,73.6451],[-124.0505,73.6444],[-124.0509,73.6439],[-124.0513,73.6435],[-124.0515,73.6429],[-124.0514,73.6425],[-124.0511,73.6419],[-124.0512,73.6408],[-124.0507,73.6395],[-124.0502,73.6392],[-124.0496,73.6389],[-124.0495,73.6387],[-124.0495,73.6382],[-124.0497,73.6373],[-124.0496,73.6361],[-124.0494,73.636],[-124.0492,73.6355],[-124.0491,73.6341],[-124.0503,73.6328],[-124.0515,73.6317],[-124.052,73.6309],[-124.0528,73.6301],[-124.0534,73.6297],[-124.0542,73.6291],[-124.0551,73.6286],[-124.0553,73.6283],[-124.0553,73.6281],[-124.0546,73.6279],[-124.0544,73.6278],[-124.0554,73.6271],[-124.0558,73.6263],[-124.0559,73.6254],[-124.0561,73.624],[-124.056,73.6233],[-124.0557,73.6229],[-124.0552,73.6227],[-124.0542,73.6224],[-124.0538,73.6221],[-124.0535,73.6217],[-124.0534,73.6214],[-124.0526,73.6205],[-124.0513,73.62],[-124.051,73.6196],[-124.0503,73.6195],[-124.0499,73.6193],[-124.0495,73.6192],[-124.0494,73.619],[-124.0479,73.6182],[-124.0459,73.6179],[-124.0449,73.6176],[-124.0436,73.6172],[-124.0427,73.6168],[-124.0416,73.6164],[-124.0403,73.6161],[-124.0395,73.6161],[-124.0379,73.6163],[-124.0381,73.6164],[-124.0389,73.6165],[-124.0405,73.6166],[-124.0414,73.6167],[-124.0415,73.6168],[-124.0383,73.617],[-124.0358,73.6174],[-124.0353,73.6174],[-124.0347,73.6172],[-124.0345,73.6172],[-124.0329,73.6173],[-124.0321,73.6173],[-124.0314,73.6172],[-124.0308,73.6171],[-124.0295,73.617],[-124.029,73.6171],[-124.0282,73.6173],[-124.0277,73.6174],[-124.0273,73.6173],[-124.0266,73.6172],[-124.0266,73.6172],[-124.026,73.6171],[-124.0256,73.6172],[-124.0254,73.6173],[-124.0242,73.6175],[-124.0234,73.6176],[-124.0224,73.6176],[-124.0217,73.6176],[-124.0205,73.6173],[-124.0199,73.6171],[-124.0187,73.617],[-124.0185,73.6169],[-124.0184,73.6168],[-124.0172,73.6166],[-124.0153,73.6164],[-124.0139,73.6165],[-124.0115,73.6169],[-124.0102,73.6169],[-124.0091,73.6168],[-124.0076,73.6166],[-124.0068,73.6165],[-124.0044,73.6164],[-124.0033,73.6163],[-124.0043,73.6161],[-124.0053,73.6161],[-124.0079,73.6161],[-124.0092,73.616],[-124.012,73.6155],[-124.014,73.6154],[-124.0168,73.6154],[-124.0189,73.6155],[-124.0224,73.6155],[-124.0249,73.6153],[-124.0279,73.615],[-124.0304,73.6144],[-124.032,73.6142],[-124.0326,73.6139],[-124.0331,73.6137],[-124.0338,73.6139],[-124.0339,73.615],[-124.0342,73.6156],[-124.0341,73.6158],[-124.0342,73.616],[-124.0344,73.6161],[-124.0346,73.6164],[-124.0346,73.6165],[-124.0347,73.6166],[-124.0354,73.6167],[-124.0355,73.6166],[-124.0355,73.6163],[-124.0359,73.6161],[-124.0373,73.616],[-124.0379,73.616],[-124.0385,73.616],[-124.0387,73.6158],[-124.0383,73.6156],[-124.0374,73.6154],[-124.0363,73.6152],[-124.0354,73.615],[-124.0352,73.615],[-124.0351,73.6144],[-124.0352,73.6139],[-124.0353,73.6137],[-124.0358,73.6133],[-124.0362,73.6127],[-124.0374,73.6121],[-124.0387,73.6117],[-124.0399,73.6114],[-124.0414,73.6111],[-124.0416,73.6108],[-124.0414,73.6105],[-124.0416,73.6101],[-124.0415,73.6097],[-124.0407,73.6093],[-124.039,73.608],[-124.0385,73.6077],[-124.0378,73.6076],[-124.0376,73.6075],[-124.036,73.6075],[-124.0338,73.6075],[-124.0332,73.6076],[-124.0333,73.6077],[-124.0342,73.6079],[-124.035,73.608],[-124.0355,73.608],[-124.0361,73.6079],[-124.0372,73.6078],[-124.0377,73.6079],[-124.0378,73.6081],[-124.0374,73.6083],[-124.0367,73.6085],[-124.0359,73.6086],[-124.0351,73.6085],[-124.034,73.6084],[-124.0331,73.6082],[-124.0321,73.6078],[-124.0318,73.6077],[-124.0318,73.6075],[-124.0322,73.6074],[-124.0326,73.6072],[-124.0326,73.607],[-124.0319,73.6063],[-124.032,73.6059],[-124.0322,73.6053],[-124.0323,73.6046],[-124.0321,73.604],[-124.0319,73.6038],[-124.0315,73.6036],[-124.0307,73.6035],[-124.0298,73.6034],[-124.0294,73.6031],[-124.0288,73.6029],[-124.0279,73.6027],[-124.0274,73.6025],[-124.0253,73.6014],[-124.0249,73.6013],[-124.0238,73.6011],[-124.0229,73.6008],[-124.0223,73.6007],[-124.0218,73.6006],[-124.0213,73.6006],[-124.0203,73.6003],[-124.0201,73.6002],[-124.0184,73.5994],[-124.0174,73.5992],[-124.0163,73.5988],[-124.0146,73.5979],[-124.0134,73.5976],[-124.0113,73.5971],[-124.0088,73.5967],[-124.0081,73.5964],[-124.0075,73.5962],[-124.0068,73.596],[-124.005,73.5958],[-124.0034,73.5955],[-124.0015,73.5951],[-124.0,73.5948],[-124.0,73.5925],[-124.0003,73.5927],[-124.0011,73.5929],[-124.0017,73.5933],[-124.0022,73.5935],[-124.0034,73.5941],[-124.0043,73.5944],[-124.0051,73.5945],[-124.0056,73.5945],[-124.0051,73.5942],[-124.0046,73.5937],[-124.0049,73.5937],[-124.0078,73.5943],[-124.0083,73.5945],[-124.0091,73.5949],[-124.0095,73.595],[-124.0098,73.5951],[-124.0101,73.5954],[-124.0106,73.5954],[-124.0111,73.5953],[-124.0113,73.595],[-124.0115,73.5943],[-124.0113,73.5939],[-124.0111,73.5933],[-124.0106,73.5929],[-124.0109,73.5927],[-124.0112,73.5927],[-124.0129,73.5942],[-124.0131,73.5943],[-124.0134,73.5944],[-124.0136,73.5944],[-124.0139,73.5943],[-124.0142,73.594],[-124.0141,73.5937],[-124.0151,73.5935],[-124.0166,73.5934],[-124.0172,73.5937],[-124.0184,73.5939],[-124.0201,73.5944],[-124.0202,73.5945],[-124.02,73.5947],[-124.0198,73.5947],[-124.0195,73.595],[-124.0199,73.5955],[-124.0206,73.5959],[-124.0217,73.5961],[-124.023,73.5962],[-124.0244,73.596],[-124.0247,73.5958],[-124.0247,73.5957],[-124.0258,73.5955],[-124.0267,73.5954],[-124.0286,73.5953],[-124.029,73.5951],[-124.029,73.5949],[-124.0287,73.5948],[-124.028,73.5946],[-124.0271,73.5943],[-124.0269,73.5939],[-124.0274,73.5937],[-124.0294,73.5937],[-124.0311,73.5938],[-124.0312,73.594],[-124.0322,73.5942],[-124.0328,73.5941],[-124.0327,73.5936],[-124.0329,73.5934],[-124.0337,73.5932],[-124.0338,73.5931],[-124.0322,73.5926],[-124.0319,73.5921],[-124.0328,73.592],[-124.0337,73.5919],[-124.0345,73.5917],[-124.0345,73.5915],[-124.0332,73.5911],[-124.0331,73.591],[-124.0318,73.5908],[-124.0287,73.5901],[-124.0296,73.59],[-124.0301,73.59],[-124.0312,73.5901],[-124.0327,73.5904],[-124.0339,73.5905],[-124.0351,73.5908],[-124.0361,73.5909],[-124.0377,73.591],[-124.0386,73.591],[-124.0412,73.5912],[-124.042,73.5912],[-124.043,73.5911],[-124.0431,73.5909],[-124.0435,73.5907],[-124.0446,73.5902],[-124.0448,73.59],[-124.0442,73.5897],[-124.043,73.5896],[-124.0425,73.5894],[-124.0422,73.5891],[-124.0423,73.5888],[-124.044,73.5887],[-124.0449,73.5887],[-124.0456,73.5888],[-124.048,73.5891],[-124.0488,73.5891],[-124.0493,73.5891],[-124.0494,73.5891],[-124.0504,73.5891],[-124.0524,73.5892],[-124.0547,73.5893],[-124.0556,73.5891],[-124.0562,73.5888],[-124.0571,73.5886],[-124.057,73.5882],[-124.0563,73.5879],[-124.0545,73.5878],[-124.0532,73.588],[-124.0519,73.5882],[-124.051,73.5882],[-124.0507,73.5881],[-124.0502,73.5878],[-124.0502,73.5874],[-124.0516,73.587],[-124.0529,73.5866],[-124.0542,73.5864],[-124.0549,73.5864],[-124.0557,73.5862],[-124.0564,73.586],[-124.0571,73.5858],[-124.058,73.5856],[-124.0586,73.5854],[-124.059,73.585],[-124.0588,73.5847],[-124.0585,73.5845],[-124.0584,73.5844],[-124.0581,73.5842],[-124.0585,73.584],[-124.0598,73.5838],[-124.0613,73.5838],[-124.0618,73.5837],[-124.0618,73.5834],[-124.0621,73.583],[-124.0626,73.5827],[-124.0636,73.5824],[-124.0651,73.5824],[-124.0665,73.5823],[-124.0677,73.5822],[-124.0697,73.5821],[-124.0705,73.582],[-124.0708,73.5818],[-124.0708,73.5816],[-124.07,73.5811],[-124.0688,73.5808],[-124.0679,73.5807],[-124.0665,73.5806],[-124.0659,73.5801],[-124.0662,73.5799],[-124.066,73.5796],[-124.0653,73.5794],[-124.0639,73.5791],[-124.0642,73.5789],[-124.0645,73.5788],[-124.066,73.5787],[-124.0661,73.5785],[-124.0649,73.5783],[-124.0636,73.5782],[-124.0616,73.578],[-124.0604,73.5778],[-124.0602,73.5776],[-124.0618,73.5775],[-124.0659,73.5776],[-124.0683,73.5776],[-124.0705,73.5773],[-124.0724,73.577],[-124.0742,73.5765],[-124.074,73.5762],[-124.0734,73.5761],[-124.0727,73.5758],[-124.0719,73.5752],[-124.0709,73.5739],[-124.0704,73.5738],[-124.0697,73.5737],[-124.0685,73.5736],[-124.067,73.5734],[-124.0663,73.5732],[-124.0658,73.5729],[-124.0658,73.5725]]},"properties":{}},{"type":"Feature","geometry":{"type":"LineString","coordinates":[[-124.1254,73.5],[-124.1243,73.5],[-124.1238,73.5005],[-124.1225,73.5012],[-124.1221,73.5014],[-124.1223,73.502],[-124.1235,73.5023],[-124.1242,73.5025],[-124.1248,73.5026],[-124.1257,73.5028],[-124.126,73.503],[-124.1262,73.5033],[-124.1265,73.5036],[-124.1266,73.5038],[-124.1269,73.5039],[-124.1271,73.5046],[-124.1277,73.5052],[-124.128,73.5053],[-124.1284,73.5056],[-124.1286,73.506],[-124.1286,73.5063],[-124.1281,73.5066],[-124.1272,73.5069],[-124.126,73.5072],[-124.1254,73.5072],[-124.1248,73.5073],[-124.1239,73.5075],[-124.1234,73.5076],[-124.1223,73.5077],[-124.1213,73.508],[-124.1209,73.5082],[-124.1207,73.5084],[-124.1216,73.5084],[-124.1223,73.508],[-124.1228,73.5079],[-124.1237,73.5079],[-124.1251,73.5079],[-124.1261,73.5077],[-124.1274,73.5073],[-124.1281,73.5071],[-124.129,73.5068],[-124.13,73.5064],[-124.1301,73.506],[-124.1299,73.5058],[-124.1294,73.5057],[-124.129,73.5054],[-124.1284,73.5049],[-124.1283,73.5042],[-124.1279,73.5037],[-124.1272,73.5034],[-124.1269,73.5032],[-124.1269,73.5029],[-124.1268,73.5026],[-124.1262,73.5025],[-124.1239,73.5021],[-124.1234,73.502],[-124.1231,73.5018],[-124.1231,73.5015],[-124.1235,73.5012],[-124.1242,73.5009],[-124.1245,73.5007],[-124.1254,73.5]]},"properties":{}},{"type":"Feature","geometry":{"type":"LineString","coordinates":[[-120.4937,71.5505],[-120.4933,71.5508],[-120.4923,71.5519],[-120.4922,71.5524],[-120.4923,71.5529],[-120.4919,71.554],[-120.4914,71.5545],[-120.4904,71.5552],[-120.4898,71.5555],[-120.4882,71.5567],[-120.4852,71.5587],[-120.4823,71.5603],[-120.4813,71.5607],[-120.4801,71.5614],[-120.4758,71.5632],[-120.4748,71.5638],[-120.4739,71.5642],[-120.4703,71.566],[-120.4684,71.5669],[-120.4673,71.5676],[-120.4661,71.5698],[-120.4655,71.5717],[-120.4642,71.5738],[-120.463,71.575],[-120.4606,71.5779],[-120.4595,71.5796],[-120.4592,71.5801],[-120.4582,71.5819],[-120.4574,71.5831],[-120.456,71.5848],[-120.4545,71.5862],[-120.4523,71.5881],[-120.4508,71.5896],[-120.45,71.5901],[-120.4494,71.5909],[-120.4485,71.5915],[-120.4477,71.5923],[-120.4477,71.5932],[-120.4474,71.5938],[-120.4465,71.5948],[-120.4453,71.5957],[-120.444,71.5972],[-120.4434,71.5975],[-120.4433,71.5978],[-120.4422,71.5991],[-120.4415,71.5996],[-120.439,71.6022],[-120.4362,71.6056],[-120.4351,71.6066],[-120.4329,71.609],[-120.4308,71.6107],[-120.4304,71.6116],[-120.429,71.6127],[-120.4282,71.6136],[-120.4276,71.614],[-120.4276,71.6143],[-120.4281,71.616],[-120.4279,71.6165],[-120.4266,71.6174],[-120.4254,71.6187],[-120.4238,71.6198],[-120.4235,71.6206],[-120.4228,71.6215],[-120.422,71.623],[-120.422,71.6249],[-120.4215,71.6258],[-120.4199,71.6275],[-120.4187,71.6311],[-120.4176,71.6333],[-120.4171,71.635],[-120.4168,71.6353],[-120.4165,71.6363],[-120.4161,71.6387],[-120.4163,71.6402],[-120.4162,71.6416],[-120.4151,71.6433],[-120.4148,71.6442],[-120.4147,71.6456],[-120.4132,71.6482],[-120.4131,71.6494],[-120.4133,71.6503],[-120.4135,71.6516],[-120.4144,71.6532],[-120.4149,71.6543],[-120.4149,71.6547],[-120.4146,71.6555],[-120.4137,71.6565],[-120.4133,71.6583],[-120.4126,71.66],[-120.4113,71.6621],[-120.4106,71.6635],[-120.4099,71.6641],[-120.4097,71.6646],[-120.4092,71.6654],[-120.4089,71.6657],[-120.4087,71.6661],[-120.4085,71.667],[-120.408,71.6675],[-120.4069,71.6687],[-120.4048,71.6703],[-120.4024,71.6719],[-120.4018,71.6726],[-120.4013,71.6738],[-120.4003,71.6749],[-120.3987,71.6759],[-120.3965,71.6778],[-120.3947,71.679],[-120.3943,71.6794],[-120.3938,71.6798],[-120.3925,71.6806],[-120.392,71.6811],[-120.3904,71.6822],[-120.3896,71.683],[-120.3866,71.6849],[-120.3844,71.6866],[-120.3827,71.6877],[-120.3816,71.6882],[-120.3811,71.6886],[-120.3793,71.69],[-120.3783,71.6905],[-120.3774,71.6912],[-120.3755,71.6923],[-120.3737,71.6931],[-120.373,71.6937],[-120.3718,71.6943],[-120.3713,71.6947],[-120.3713,71.695],[-120.3707,71.6958],[-120.3705,71.6968],[-120.3701,71.6974],[-120.3696,71.6994],[-120.3698,71.7009],[-120.3707,71.7024],[-120.3723,71.7033],[-120.3732,71.7045],[-120.3738,71.705],[-120.3746,71.7064],[-120.3758,71.7077],[-120.3766,71.7089],[-120.3784,71.7108],[-120.3809,71.7128],[-120.383,71.7142],[-120.3842,71.7148],[-120.385,71.7156],[-120.3858,71.7159],[-120.3864,71.7165],[-120.3871,71.7168],[-120.3894,71.7176],[-120.3914,71.7184],[-120.3948,71.7196],[-120.3969,71.7204],[-120.3997,71.7214],[-120.4012,71.7217],[-120.4027,71.7223],[-120.4082,71.7242],[-120.4105,71.7249],[-120.4171,71.7265],[-120.4203,71.7275],[-120.4237,71.7283],[-120.427,71.7295],[-120.4299,71.7304],[-120.4345,71.732],[-120.4352,71.7325],[-120.437,71.7332],[-120.438,71.7337],[-120.4392,71.7346],[-120.4407,71.7354],[-120.4425,71.7367],[-120.4439,71.738],[-120.4444,71.7405],[-120.4447,71.7411],[-120.4452,71.743],[-120.445,71.7447],[-120.444,71.7474],[-120.4436,71.7478],[-120.4425,71.749],[-120.4421,71.75],[-120.4426,71.7514],[-120.4424,71.7523],[-120.4423,71.7533],[-120.4421,71.754],[-120.4411,71.7546],[-120.4405,71.7554],[-120.4393,71.7558],[-120.4389,71.7561],[-120.4389,71.7566],[-120.4394,71.7573],[-120.4394,71.7581],[-120.4402,71.7592],[-120.4405,71.76],[-120.4401,71.7613],[-120.4398,71.7619],[-120.4382,71.7632],[-120.4375,71.7639],[-120.4357,71.7651],[-120.435,71.7658],[-120.4344,71.7662],[-120.4332,71.7674],[-120.4332,71.7676],[-120.4333,71.7678],[-120.4334,71.7679],[-120.4335,71.7685],[-120.4346,71.7694],[-120.4349,71.7701],[-120.4355,71.7717],[-120.4361,71.7725],[-120.4365,71.7729],[-120.4368,71.7739],[-120.4363,71.7755],[-120.4359,71.7792],[-120.4356,71.7797],[-120.4345,71.7808],[-120.4342,71.7821],[-120.4338,71.7826],[-120.4331,71.7838],[-120.4328,71.784],[-120.4324,71.7848],[-120.4318,71.7856],[-120.4311,71.7868],[-120.4305,71.7877],[-120.4293,71.7892],[-120.4292,71.7897],[-120.4286,71.7907],[-120.4274,71.792],[-120.4268,71.7932],[-120.4257,71.7944],[-120.4251,71.7955],[-120.4241,71.7964],[-120.4238,71.797],[-120.4232,71.7978],[-120.4221,71.799],[-120.4219,71.7995],[-120.4214,71.8001],[-120.4208,71.8023],[-120.4201,71.8031],[-120.4197,71.8038],[-120.4186,71.8048],[-120.4181,71.8056],[-120.418,71.8063],[-120.4178,71.8065],[-120.4176,71.8066],[-120.4166,71.8074],[-120.4163,71.8086],[-120.4153,71.8099],[-120.4151,71.8101],[-120.415,71.8104],[-120.4151,71.811],[-120.4157,71.8116],[-120.4155,71.8135],[-120.4152,71.8148],[-120.415,71.8164],[-120.4152,71.8189],[-120.4149,71.8213],[-120.4143,71.823],[-120.4143,71.8237],[-120.414,71.8248],[-120.4132,71.8261],[-120.4134,71.8272],[-120.4126,71.828],[-120.4123,71.8287],[-120.4121,71.8296],[-120.4124,71.8313],[-120.4121,71.832],[-120.4115,71.8327],[-120.4113,71.8332],[-120.4111,71.8341],[-120.4096,71.8365],[-120.4088,71.8401],[-120.408,71.8416],[-120.4075,71.8424],[-120.4074,71.8429],[-120.4046,71.8463],[-120.4035,71.8473],[-120.4024,71.8485],[-120.4002,71.8499],[-120.4,71.8503],[-120.4027,71.8508],[-120.4092,71.8516],[-120.4131,71.8522],[-120.4147,71.8525],[-120.4176,71.8528],[-120.4206,71.853],[-120.4245,71.8531],[-120.4274,71.8531],[-120.4338,71.8536],[-120.436,71.8538],[-120.438,71.8542],[-120.4373,71.8543],[-120.4369,71.8543],[-120.4358,71.8542],[-120.4355,71.8542],[-120.4353,71.8542],[-120.4353,71.8542],[-120.4353,71.8543],[-120.436,71.8545],[-120.4361,71.8546],[-120.4358,71.8547],[-120.4351,71.8549],[-120.4341,71.8551],[-120.4328,71.8553],[-120.4306,71.8553],[-120.4284,71.8552],[-120.4249,71.8551],[-120.4228,71.8549],[-120.4189,71.8542],[-120.4183,71.854],[-120.4178,71.8537],[-120.4175,71.8535],[-120.4166,71.8533],[-120.4143,71.853],[-120.4131,71.8529],[-120.412,71.8528],[-120.4098,71.8528],[-120.4087,71.8528],[-120.4064,71.853],[-120.402,71.8529],[-120.398,71.8527],[-120.3971,71.8527],[-120.3964,71.8536],[-120.3955,71.8543],[-120.3947,71.8552],[-120.3943,71.8555],[-120.3917,71.8582],[-120.3906,71.8591],[-120.39,71.8599],[-120.3896,71.8607],[-120.3892,71.8608],[-120.3886,71.8614],[-120.3885,71.8619],[-120.3889,71.8628],[-120.3888,71.8632],[-120.3884,71.8636],[-120.3878,71.8652],[-120.3876,71.8666],[-120.3868,71.8682],[-120.3864,71.8692],[-120.386,71.87],[-120.3856,71.8714],[-120.3849,71.8727],[-120.3842,71.8743],[-120.384,71.8747],[-120.384,71.8756],[-120.3829,71.877],[-120.3827,71.8776],[-120.383,71.878],[-120.3829,71.8791],[-120.3831,71.8797],[-120.3831,71.8803],[-120.3833,71.8819],[-120.383,71.8833],[-120.3831,71.884],[-120.383,71.8855],[-120.3841,71.8866],[-120.3849,71.8894],[-120.3852,71.8899],[-120.3852,71.8902],[-120.3861,71.8914],[-120.3869,71.8919],[-120.3871,71.8924],[-120.3878,71.893],[-120.39,71.8946],[-120.3936,71.8975],[-120.3957,71.8988],[-120.4001,71.902],[-120.4014,71.9028],[-120.4026,71.9036],[-120.4028,71.9039],[-120.4037,71.9044],[-120.4042,71.9045],[-120.4069,71.906],[-120.4085,71.9066],[-120.4104,71.9077],[-120.4144,71.9097],[-120.4155,71.9103],[-120.417,71.911],[-120.4194,71.9124],[-120.4207,71.913],[-120.4216,71.9136],[-120.4235,71.9151],[-120.4242,71.9155],[-120.4254,71.9167],[-120.4272,71.918],[-120.4275,71.9184],[-120.4287,71.9202],[-120.4294,71.9209],[-120.4297,71.922],[-120.43,71.9223],[-120.4302,71.9225],[-120.4305,71.9228],[-120.4308,71.9234],[-120.4315,71.9242],[-120.432,71.9246],[-120.4328,71.9256],[-120.4338,71.9268],[-120.4349,71.9276],[-120.4367,71.9293],[-120.4387,71.9311],[-120.4392,71.9313],[-120.4396,71.9314],[-120.4404,71.9315],[-120.441,71.9317],[-120.4416,71.9325],[-120.4424,71.9332],[-120.4433,71.9336],[-120.4447,71.934],[-120.4446,71.9342],[-120.444,71.9344],[-120.444,71.9346],[-120.4468,71.9354],[-120.4477,71.936],[-120.4483,71.9361],[-120.4505,71.9359],[-120.4532,71.9359],[-120.456,71.9359],[-120.4583,71.9362],[-120.4599,71.9365],[-120.4606,71.9369],[-120.4615,71.9372],[-120.4622,71.9373],[-120.4639,71.9378],[-120.4651,71.9382],[-120.4657,71.9383],[-120.466,71.9383],[-120.4665,71.9382],[-120.4667,71.9379],[-120.467,71.9378],[-120.4673,71.9378],[-120.469,71.9377],[-120.4702,71.9377],[-120.4711,71.9378],[-120.4716,71.9379],[-120.4729,71.9386],[-120.4741,71.939],[-120.4773,71.9394],[-120.4781,71.9397],[-120.4785,71.9401],[-120.4784,71.9402],[-120.4768,71.9407],[-120.4766,71.9411],[-120.4755,71.9415],[-120.4742,71.9419],[-120.4721,71.9421],[-120.4693,71.9427],[-120.4681,71.9427],[-120.4661,71.9428],[-120.4647,71.9428],[-120.4611,71.943],[-120.4583,71.9433],[-120.4573,71.9437],[-120.4569,71.9438],[-120.4565,71.9443],[-120.456,71.9445],[-120.447,71.9451],[-120.4457,71.9452],[-120.445,71.9455],[-120.4446,71.9457],[-120.4443,71.9462],[-120.4444,71.9463],[-120.4435,71.9481],[-120.4435,71.9486],[-120.4422,71.9496],[-120.4416,71.9504],[-120.4417,71.9507],[-120.4412,71.9512],[-120.4405,71.9514],[-120.4394,71.9517],[-120.4388,71.9519],[-120.4385,71.9523],[-120.4376,71.9526],[-120.4373,71.9528],[-120.4357,71.9539],[-120.4356,71.9541],[-120.4346,71.955],[-120.4332,71.9559],[-120.4321,71.9566],[-120.4312,71.9571],[-120.4298,71.9578],[-120.4291,71.9583],[-120.4275,71.9592],[-120.4269,71.9593],[-120.4262,71.9599],[-120.425,71.9617],[-120.4246,71.9619],[-120.4235,71.9622],[-120.4234,71.9623],[-120.4245,71.9627],[-120.4247,71.9629],[-120.4245,71.9633],[-120.4239,71.9635],[-120.4207,71.9641],[-120.4197,71.9644],[-120.4197,71.9646],[-120.4201,71.9646],[-120.4214,71.9646],[-120.4227,71.9644],[-120.4234,71.9643],[-120.4237,71.9643],[-120.4239,71.9643],[-120.4239,71.9646],[-120.4231,71.965],[-120.4224,71.9657],[-120.4209,71.9665],[-120.4206,71.9669],[-120.4177,71.9691],[-120.4163,71.9699],[-120.4136,71.9713],[-120.4086,71.9732],[-120.4066,71.9744],[-120.4056,71.9749],[-120.4045,71.9754],[-120.4023,71.9762],[-120.401,71.9769],[-120.3987,71.9778],[-120.3971,71.9787],[-120.3968,71.979],[-120.3955,71.9796],[-120.3929,71.9807],[-120.3921,71.981],[-120.3892,71.9822],[-120.3885,71.9825],[-120.3862,71.9835],[-120.3843,71.984],[-120.3836,71.9844],[-120.3824,71.9849],[-120.382,71.9852],[-120.3813,71.9855],[-120.38,71.986],[-120.3782,71.987],[-120.3766,71.9875],[-120.3749,71.9879],[-120.3744,71.9882],[-120.3717,71.9892],[-120.3652,71.9913],[-120.363,71.9922],[-120.3609,71.9929],[-120.3588,71.9936],[-120.3579,71.994],[-120.355,71.9947],[-120.3462,71.9974],[-120.3442,71.9983],[-120.3423,71.9991],[-120.3393,72.0],[-120.3384,72.0002],[-120.3338,72.0016],[-120.3334,72.0019],[-120.3329,72.0029],[-120.3327,72.0031],[-120.3277,72.0055],[-120.3246,72.0074],[-120.3166,72.0109],[-120.3158,72.0112],[-120.3146,72.0115],[-120.3143,72.0117],[-120.3142,72.0119],[-120.3147,72.0123],[-120.3162,72.0131],[-120.3173,72.0139],[-120.3175,72.0148],[-120.3169,72.0155],[-120.3156,72.0164],[-120.3122,72.0182],[-120.3086,72.0196],[-120.3047,72.0209],[-120.3026,72.0219],[-120.3002,72.0228],[-120.2986,72.0234],[-120.2965,72.0243],[-120.2924,72.0261],[-120.2885,72.0275],[-120.2852,72.0284],[-120.2823,72.0296],[-120.2808,72.0303],[-120.2776,72.0315],[-120.2742,72.0326],[-120.2683,72.0343],[-120.262,72.0367],[-120.2568,72.0384],[-120.2523,72.0402],[-120.2492,72.0413],[-120.246,72.0427],[-120.2413,72.0444],[-120.2399,72.0453],[-120.2397,72.0454],[-120.2391,72.0458],[-120.2384,72.0464],[-120.2382,72.0467],[-120.238,72.0478],[-120.2382,72.0488],[-120.2395,72.0503],[-120.2395,72.0511],[-120.2387,72.0522],[-120.2387,72.0539],[-120.2384,72.0548],[-120.2371,72.0567],[-120.236,72.0591],[-120.2343,72.0606],[-120.2333,72.0619],[-120.233,72.0627],[-120.232,72.0635],[-120.2313,72.0644],[-120.2304,72.0651],[-120.2268,72.0676],[-120.22,72.0715],[-120.2172,72.0728],[-120.2134,72.0745],[-120.2088,72.0762],[-120.2021,72.0783],[-120.1998,72.0793],[-120.1972,72.0805],[-120.1921,72.0821],[-120.1896,72.0829],[-120.1843,72.0846],[-120.1798,72.0863],[-120.1726,72.089],[-120.1695,72.0905],[-120.1683,72.0912],[-120.1674,72.0924],[-120.1668,72.0929],[-120.1645,72.0948],[-120.1639,72.0953],[-120.1639,72.0956],[-120.1642,72.0961],[-120.1641,72.0967],[-120.1631,72.0979],[-120.1622,72.0988],[-120.1609,72.0998],[-120.1606,72.1007],[-120.1595,72.1016],[-120.1594,72.1021],[-120.1584,72.1033],[-120.1585,72.1036],[-120.159,72.104],[-120.1589,72.1043],[-120.1577,72.1054],[-120.1575,72.1063],[-120.156,72.1078],[-120.1557,72.1087],[-120.1566,72.1096],[-120.1569,72.1101],[-120.1563,72.111],[-120.16,72.1111],[-120.1634,72.1114],[-120.1656,72.1114],[-120.1786,72.1123],[-120.1877,72.1121],[-120.1924,72.1122],[-120.1953,72.1123],[-120.2006,72.1128],[-120.2035,72.1131],[-120.2043,72.1128],[-120.2054,72.1123],[-120.2058,72.1113],[-120.2066,72.1108],[-120.2081,72.1104],[-120.2141,72.1094],[-120.2166,72.1091],[-120.2201,72.1088],[-120.2223,72.1085],[-120.2255,72.1084],[-120.2272,72.1085],[-120.2302,72.109],[-120.2305,72.109],[-120.2309,72.1095],[-120.231,72.1095],[-120.2332,72.1096],[-120.2363,72.1099],[-120.237,72.1101],[-120.2395,72.1106],[-120.2399,72.1107],[-120.2456,72.1118],[-120.2489,72.1127],[-120.2514,72.1135],[-120.2527,72.114],[-120.2532,72.1144],[-120.2543,72.1153],[-120.2534,72.1154],[-120.2524,72.1155],[-120.2525,72.1158],[-120.2524,72.1161],[-120.2516,72.1167],[-120.251,72.1164],[-120.2505,72.116],[-120.2487,72.115],[-120.2479,72.1144],[-120.2478,72.1143],[-120.2466,72.1141],[-120.2458,72.1139],[-120.2453,72.1134],[-120.2447,72.1131],[-120.2423,72.113],[-120.2412,72.1129],[-120.2362,72.1122],[-120.2324,72.1116],[-120.2309,72.1112],[-120.2268,72.1104],[-120.2248,72.1103],[-120.2236,72.1103],[-120.2207,72.1105],[-120.215,72.1113],[-120.2135,72.1118],[-120.2128,72.1119],[-120.2117,72.112],[-120.2104,72.1122],[-120.2094,72.1129],[-120.2069,72.1137],[-120.2063,72.1138],[-120.2048,72.1144],[-120.2026,72.115],[-120.2016,72.1152],[-120.1998,72.1157],[-120.1972,72.1162],[-120.1947,72.1162],[-120.1917,72.1161],[-120.1911,72.1161],[-120.1877,72.1158],[-120.1817,72.1158],[-120.1795,72.1157],[-120.1788,72.1156],[-120.1779,72.1153],[-120.1769,72.1147],[-120.1764,72.1146],[-120.1758,72.1146],[-120.1745,72.1147],[-120.1739,72.1147],[-120.1721,72.1143],[-120.1698,72.1143],[-120.1689,72.1143],[-120.1683,72.1145],[-120.1664,72.1148],[-120.1634,72.1152],[-120.1606,72.1156],[-120.1557,72.1153],[-120.1555,72.1157],[-120.1551,72.1159],[-120.1547,72.1164],[-120.1548,72.117],[-120.1546,72.1175],[-120.1552,72.1179],[-120.1555,72.1182],[-120.1558,72.1191],[-120.1556,72.1197],[-120.1561,72.1204],[-120.1557,72.1215],[-120.1559,72.1224],[-120.1554,72.123],[-120.1559,72.1238],[-120.1553,72.125],[-120.1551,72.1255],[-120.1545,72.1261],[-120.1541,72.1273],[-120.1535,72.1277],[-120.1524,72.1283],[-120.1522,72.1287],[-120.1517,72.1294],[-120.1501,72.1309],[-120.1481,72.1322],[-120.1464,72.1337],[-120.1456,72.1342],[-120.145,72.1349],[-120.1434,72.1366],[-120.1435,72.1369],[-120.1434,72.1378],[-120.1431,72.1383],[-120.1397,72.1416],[-120.1381,72.1428],[-120.136,72.1447],[-120.1356,72.1454],[-120.1356,72.146],[-120.1354,72.1467],[-120.1348,72.1471],[-120.1334,72.1483],[-120.133,72.1494],[-120.1331,72.1506],[-120.133,72.151],[-120.1325,72.152],[-120.1309,72.1539],[-120.1303,72.1545],[-120.1296,72.1559],[-120.128,72.1596],[-120.1272,72.161],[-120.1259,72.1623],[-120.1264,72.1635],[-120.1263,72.1667],[-120.1267,72.1685],[-120.128,72.1699],[-120.1295,72.1712],[-120.1305,72.1718]]},"properties":{}},{"type":"Feature","geometry":{"type":"LineString","coordinates":[[-120.1305,72.1718],[-120.1316,72.1725],[-120.1338,72.1732],[-120.1379,72.1738],[-120.1426,72.175],[-120.1462,72.1759],[-120.1485,72.1767],[-120.1518,72.1784],[-120.1527,72.1788],[-120.1532,72.1792],[-120.1544,72.1807],[-120.1578,72.1844],[-120.1597,72.1882],[-120.1611,72.191],[-120.1616,72.193],[-120.1617,72.1936],[-120.1622,72.1943],[-120.166,72.1973],[-120.1676,72.1988],[-120.1688,72.2002],[-120.1702,72.2012],[-120.1724,72.2037],[-120.1744,72.2064],[-120.1756,72.2078],[-120.1765,72.2096],[-120.1785,72.2124],[-120.1802,72.2155],[-120.1804,72.2159],[-120.1804,72.217],[-120.1805,72.2176],[-120.1809,72.2181],[-120.1848,72.2214],[-120.1871,72.2228],[-120.1879,72.2237],[-120.1883,72.2245],[-120.1898,72.227],[-120.1902,72.2275],[-120.1914,72.2281],[-120.1926,72.2286],[-120.1934,72.2288],[-120.1942,72.2288],[-120.195,72.2286],[-120.197,72.2275],[-120.1979,72.2273],[-120.1996,72.227],[-120.203,72.2269],[-120.2036,72.2269],[-120.2053,72.227],[-120.2064,72.2272],[-120.2082,72.2279],[-120.2128,72.229],[-120.213,72.2291],[-120.2181,72.2307],[-120.2225,72.2317],[-120.2243,72.2322],[-120.2255,72.2326],[-120.2265,72.2331],[-120.2274,72.2332],[-120.2283,72.2333],[-120.2298,72.2337],[-120.2307,72.234],[-120.2327,72.2351],[-120.2344,72.2355],[-120.2361,72.2362],[-120.2383,72.2366],[-120.2455,72.2384],[-120.2487,72.2393],[-120.2519,72.2405],[-120.2532,72.2413],[-120.254,72.2425],[-120.2537,72.2428],[-120.2541,72.2435],[-120.2529,72.245],[-120.2518,72.246],[-120.2501,72.2474],[-120.2493,72.2479],[-120.2476,72.2487],[-120.2451,72.2493],[-120.2453,72.2495],[-120.2476,72.25],[-120.2495,72.2504],[-120.25,72.2507],[-120.2506,72.251],[-120.2514,72.251],[-120.252,72.2508],[-120.2528,72.2504],[-120.253,72.2502],[-120.2532,72.25],[-120.2548,72.2493],[-120.2559,72.2483],[-120.2565,72.2479],[-120.2572,72.2477],[-120.2577,72.2476],[-120.2583,72.2478],[-120.2588,72.2479],[-120.2588,72.2484],[-120.258,72.2492],[-120.2576,72.2494],[-120.2559,72.25],[-120.2544,72.2504],[-120.2542,72.2508],[-120.2546,72.2511],[-120.2555,72.2514],[-120.258,72.2519],[-120.2587,72.2519],[-120.2618,72.2526],[-120.2636,72.2528],[-120.266,72.2531],[-120.2723,72.2541],[-120.274,72.2543],[-120.275,72.2543],[-120.2769,72.2543],[-120.2829,72.2543],[-120.2856,72.2542],[-120.2884,72.254],[-120.2956,72.2534],[-120.3048,72.2525],[-120.3048,72.2525],[-120.3058,72.2523],[-120.3061,72.2522],[-120.307,72.252],[-120.3093,72.2515],[-120.3115,72.2509],[-120.3121,72.2508],[-120.3122,72.2508],[-120.3128,72.2506],[-120.3138,72.2506],[-120.3161,72.2506],[-120.3187,72.2507],[-120.3194,72.2507],[-120.3207,72.2505],[-120.3214,72.2505],[-120.3229,72.2506],[-120.3258,72.2508],[-120.3293,72.2507],[-120.3295,72.2507],[-120.3311,72.2507],[-120.3309,72.2507],[-120.3301,72.2509],[-120.3291,72.2509],[-120.3273,72.2511],[-120.3216,72.2513],[-120.3192,72.2514],[-120.3158,72.2517],[-120.3131,72.2519],[-120.3105,72.2522],[-120.3079,72.2526],[-120.303,72.2536],[-120.3018,72.2539],[-120.2974,72.2544],[-120.2932,72.255],[-120.2888,72.2556],[-120.2859,72.256],[-120.2813,72.2564],[-120.2769,72.2568],[-120.2743,72.2569],[-120.2716,72.2569],[-120.271,72.2568],[-120.2701,72.2569],[-120.2678,72.2569],[-120.2641,72.257],[-120.2638,72.257],[-120.2636,72.2571],[-120.2628,72.2571],[-120.2606,72.2576],[-120.2595,72.2576],[-120.2585,72.2574],[-120.2584,72.2574],[-120.2581,72.2574],[-120.2556,72.2569],[-120.2549,72.2568],[-120.2499,72.2568],[-120.2499,72.2568],[-120.2498,72.2568],[-120.2498,72.2568],[-120.2496,72.2568],[-120.2479,72.2565],[-120.2477,72.2565],[-120.2473,72.2565],[-120.246,72.2565],[-120.2451,72.2566],[-120.2439,72.2568],[-120.2433,72.2569],[-120.2434,72.2571],[-120.2438,72.2575],[-120.2445,72.2578],[-120.2456,72.2588],[-120.2461,72.2602],[-120.2466,72.2607],[-120.2469,72.2614],[-120.2465,72.2614],[-120.2454,72.2615],[-120.245,72.2617],[-120.2448,72.2618],[-120.2448,72.2625],[-120.245,72.2628],[-120.2454,72.263],[-120.2473,72.2634],[-120.2478,72.2636],[-120.2476,72.2638],[-120.2454,72.2641],[-120.2447,72.2643],[-120.2444,72.2645],[-120.2443,72.2648],[-120.2447,72.2651],[-120.2453,72.2654],[-120.2465,72.2656],[-120.2473,72.2657],[-120.2476,72.2658],[-120.2476,72.2664],[-120.2481,72.2666],[-120.2491,72.2667],[-120.254,72.2663],[-120.255,72.2664],[-120.2563,72.2665],[-120.2583,72.2664],[-120.2593,72.2664],[-120.2612,72.2662],[-120.2616,72.2662],[-120.2622,72.2664],[-120.2624,72.2667],[-120.2623,72.267],[-120.2618,72.2673],[-120.2601,72.2679],[-120.26,72.268],[-120.2603,72.2682],[-120.2613,72.2689],[-120.2616,72.2692],[-120.2627,72.2696],[-120.2613,72.2696],[-120.2602,72.2697],[-120.2593,72.2698],[-120.2588,72.27],[-120.2588,72.2702],[-120.2582,72.2705],[-120.2574,72.2706],[-120.2558,72.2707],[-120.2542,72.2708],[-120.2534,72.2709],[-120.2525,72.2711],[-120.2509,72.2716],[-120.2501,72.272],[-120.2502,72.272],[-120.2501,72.2727],[-120.2498,72.273],[-120.2485,72.2734],[-120.2473,72.2734],[-120.2456,72.2731],[-120.2446,72.2729],[-120.244,72.2729],[-120.2436,72.273],[-120.2433,72.2731],[-120.2434,72.2738],[-120.2433,72.2744],[-120.2428,72.2746],[-120.2406,72.2752],[-120.2401,72.2754],[-120.2391,72.2756],[-120.2372,72.2758],[-120.2308,72.2765],[-120.2289,72.2768],[-120.2276,72.277],[-120.2262,72.2773],[-120.2255,72.2777],[-120.2251,72.2782],[-120.2245,72.2787],[-120.2238,72.2791],[-120.2229,72.2795],[-120.2169,72.2816],[-120.2144,72.2821],[-120.2135,72.2823],[-120.213,72.2827],[-120.2138,72.2835],[-120.2145,72.2839],[-120.216,72.2843],[-120.2177,72.2847],[-120.2183,72.285],[-120.2182,72.2872],[-120.2178,72.2876],[-120.2165,72.2881],[-120.2163,72.2886],[-120.2162,72.2888],[-120.2168,72.289],[-120.2178,72.2893],[-120.2181,72.2896],[-120.2174,72.2899],[-120.2167,72.2902],[-120.2159,72.2903],[-120.215,72.2904],[-120.2142,72.2904],[-120.2115,72.2908],[-120.2103,72.2907],[-120.2093,72.2905],[-120.2087,72.2902],[-120.2081,72.2895],[-120.2073,72.2892],[-120.2063,72.289],[-120.2058,72.2888],[-120.2057,72.2882],[-120.205,72.2879],[-120.2041,72.2877],[-120.2033,72.2875],[-120.2028,72.2868],[-120.2025,72.2859],[-120.2019,72.2858],[-120.2015,72.2858],[-120.2009,72.2861],[-120.2002,72.2864],[-120.2002,72.2866],[-120.1997,72.2869],[-120.1988,72.287],[-120.1975,72.2872],[-120.195,72.2874],[-120.194,72.2874],[-120.1933,72.2872],[-120.1928,72.2868],[-120.1927,72.2865],[-120.193,72.2863],[-120.1944,72.2862],[-120.1958,72.2861],[-120.1972,72.2861],[-120.1993,72.286],[-120.2008,72.2856],[-120.2013,72.2854],[-120.2011,72.2853],[-120.2003,72.2851],[-120.2004,72.285],[-120.2009,72.2849],[-120.2016,72.2848],[-120.2013,72.2846],[-120.1997,72.2845],[-120.1989,72.2843],[-120.1984,72.2841],[-120.1989,72.2838],[-120.1991,72.2834],[-120.1982,72.2831],[-120.1972,72.2827],[-120.1974,72.2821],[-120.1984,72.2817],[-120.1984,72.2813],[-120.1976,72.2809],[-120.1966,72.281],[-120.1956,72.281],[-120.1948,72.2809],[-120.1944,72.2806],[-120.1949,72.2801],[-120.1949,72.2797],[-120.194,72.2798],[-120.193,72.2802],[-120.1916,72.2803],[-120.1907,72.2803],[-120.1907,72.28],[-120.1908,72.2795],[-120.1901,72.2791],[-120.1887,72.2784],[-120.1856,72.2803],[-120.1852,72.2808],[-120.1852,72.2825],[-120.1857,72.2844],[-120.1867,72.286],[-120.184,72.2862],[-120.1836,72.2851],[-120.1822,72.284],[-120.1819,72.2836],[-120.1816,72.2834],[-120.1814,72.2833],[-120.1807,72.2838],[-120.1805,72.284],[-120.1803,72.2842],[-120.1802,72.2842],[-120.1799,72.2844],[-120.1794,72.2847],[-120.1794,72.2847],[-120.1785,72.2844],[-120.1773,72.284],[-120.1758,72.2834],[-120.1729,72.282],[-120.1706,72.2809],[-120.1691,72.2804],[-120.1682,72.2801],[-120.1669,72.2799],[-120.1655,72.2797],[-120.1633,72.2793],[-120.1602,72.2787],[-120.1591,72.2784],[-120.159,72.2784],[-120.1591,72.2787],[-120.1596,72.2791],[-120.1597,72.2798],[-120.1595,72.2802],[-120.1589,72.2807],[-120.1583,72.2808],[-120.1572,72.2808],[-120.1562,72.2806],[-120.1554,72.2804],[-120.1549,72.2802],[-120.1528,72.28],[-120.1528,72.2802],[-120.1525,72.2803],[-120.1516,72.2811],[-120.1509,72.2822],[-120.1508,72.283],[-120.1502,72.2831],[-120.1489,72.2834],[-120.1459,72.2838],[-120.1446,72.284],[-120.1438,72.2842],[-120.1431,72.2848],[-120.142,72.2855],[-120.1416,72.2857],[-120.1415,72.2857],[-120.1413,72.2858],[-120.1402,72.2863],[-120.1398,72.2864],[-120.1395,72.2866],[-120.1392,72.2867],[-120.1391,72.2867],[-120.1389,72.2868],[-120.1383,72.2869],[-120.1369,72.2873],[-120.136,72.2874],[-120.1334,72.2879],[-120.1331,72.2879],[-120.1315,72.2881],[-120.1294,72.2884],[-120.1298,72.2882],[-120.1317,72.2877],[-120.1322,72.2873],[-120.1332,72.2866],[-120.1326,72.2864],[-120.1323,72.2862],[-120.1322,72.2861],[-120.1326,72.286],[-120.1332,72.2861],[-120.1337,72.2862],[-120.134,72.286],[-120.1344,72.2855],[-120.135,72.2848],[-120.1354,72.2841],[-120.1369,72.283],[-120.1374,72.2825],[-120.1375,72.282],[-120.1376,72.2815],[-120.1374,72.2809],[-120.1369,72.2802],[-120.1361,72.2797],[-120.1359,72.2795],[-120.135,72.2794],[-120.134,72.2792],[-120.1332,72.2791],[-120.132,72.2791],[-120.1315,72.2792],[-120.1302,72.2792],[-120.1283,72.279],[-120.1268,72.2788],[-120.1255,72.2785],[-120.1246,72.2783],[-120.1241,72.2781],[-120.1236,72.2777],[-120.1231,72.2776],[-120.1221,72.2775],[-120.1209,72.2775],[-120.1198,72.2773],[-120.1178,72.2768],[-120.1161,72.2761],[-120.1149,72.2752],[-120.1134,72.2744],[-120.1128,72.274],[-120.1112,72.2734],[-120.1098,72.2724],[-120.1076,72.2719],[-120.1061,72.2715],[-120.1053,72.2709],[-120.1038,72.2706],[-120.1016,72.2698],[-120.1011,72.2696],[-120.1009,72.2691],[-120.1004,72.2689],[-120.1001,72.2685],[-120.1,72.268],[-120.1002,72.2674],[-120.101,72.267],[-120.1013,72.2664],[-120.1021,72.2657],[-120.1028,72.2655],[-120.1035,72.2654],[-120.1041,72.2652],[-120.1047,72.2649],[-120.1049,72.2647],[-120.1058,72.2643],[-120.1067,72.2641],[-120.1075,72.264],[-120.1081,72.2639],[-120.1104,72.2639],[-120.1116,72.264],[-120.1149,72.2641],[-120.1198,72.2637],[-120.1235,72.2633],[-120.1278,72.2632],[-120.1289,72.2631],[-120.1297,72.2629],[-120.1303,72.2624],[-120.1313,72.262],[-120.1325,72.2616],[-120.1368,72.2609],[-120.1387,72.2604],[-120.1408,72.2603],[-120.1423,72.2603],[-120.1429,72.2603],[-120.1458,72.2609],[-120.1466,72.2611],[-120.1477,72.2617],[-120.1495,72.2622],[-120.1505,72.2623],[-120.1515,72.2624],[-120.153,72.2622],[-120.1549,72.2618],[-120.1565,72.2613],[-120.1584,72.2606],[-120.1596,72.26],[-120.1596,72.2599],[-120.1605,72.2594],[-120.1611,72.2589],[-120.162,72.2583],[-120.1622,72.2578],[-120.162,72.2574],[-120.1613,72.2569],[-120.1606,72.2567],[-120.1596,72.256],[-120.1587,72.2549],[-120.1564,72.254],[-120.1562,72.2536],[-120.1564,72.2531],[-120.1555,72.2529],[-120.1537,72.2525],[-120.1531,72.2518],[-120.1519,72.2512],[-120.1513,72.2507],[-120.1512,72.2504],[-120.1506,72.2502],[-120.1504,72.25],[-120.1496,72.2493],[-120.149,72.2485],[-120.1492,72.2475],[-120.1504,72.2466],[-120.1536,72.2451],[-120.1622,72.242],[-120.166,72.2409],[-120.168,72.2403],[-120.1699,72.2398],[-120.1726,72.2393],[-120.1756,72.2386],[-120.1778,72.2383],[-120.1821,72.2379],[-120.1844,72.2378],[-120.1874,72.2377],[-120.1878,72.2376],[-120.188,72.2374],[-120.1876,72.2373],[-120.1857,72.237],[-120.1828,72.2366],[-120.1822,72.2365],[-120.1807,72.2362],[-120.1792,72.2355],[-120.1782,72.2353],[-120.1749,72.2347],[-120.1726,72.2347],[-120.1713,72.2348],[-120.1628,72.2358],[-120.1562,72.2364],[-120.151,72.2368],[-120.1447,72.2373],[-120.1419,72.2376],[-120.1239,72.2387],[-120.1183,72.239],[-120.1135,72.2392],[-120.1027,72.2391],[-120.0942,72.2388],[-120.0891,72.2386],[-120.086,72.2383],[-120.0766,72.2373],[-120.0732,72.237],[-120.0686,72.2366],[-120.0626,72.2362],[-120.0595,72.2359],[-120.0557,72.2356],[-120.0524,72.2355],[-120.0416,72.2351],[-120.036,72.2347],[-120.0333,72.2346],[-120.0266,72.234],[-120.0231,72.2338],[-120.0202,72.2336],[-120.0075,72.2328],[-120.0029,72.2325],[-120.0,72.2326],[-119.9989,72.2326],[-119.9955,72.2324],[-119.9911,72.2324],[-119.9895,72.2323],[-119.9883,72.2323],[-119.986,72.2323],[-119.9828,72.2323],[-119.9804,72.2323],[-119.9793,72.2324],[-119.9788,72.2324],[-119.9783,72.2324],[-119.9773,72.2324],[-119.9725,72.2325],[-119.9652,72.2326],[-119.9615,72.2323],[-119.9562,72.2324],[-119.9524,72.2323],[-119.9487,72.2325],[-119.9449,72.2325],[-119.9444,72.2325],[-119.9442,72.2325],[-119.9438,72.2325],[-119.9314,72.2324],[-119.93,72.2324],[-119.9192,72.2324],[-119.9151,72.2324],[-119.9057,72.2322],[-119.9051,72.2322],[-119.9015,72.2321],[-119.8987,72.2321],[-119.8959,72.232],[-119.8948,72.232],[-119.8942,72.232],[-119.8927,72.232],[-119.8883,72.2318],[-119.8859,72.2316],[-119.8853,72.2316],[-119.8808,72.2312],[-119.8754,72.2305],[-119.874,72.2302],[-119.8731,72.2301],[-119.8658,72.2292],[-119.8623,72.2289],[-119.8614,72.2289],[-119.8583,72.2286],[-119.8556,72.2283],[-119.8493,72.228],[-119.8449,72.2276],[-119.8404,72.2269],[-119.8361,72.2266],[-119.8317,72.2265],[-119.8268,72.2262],[-119.8172,72.2259],[-119.8125,72.2257],[-119.8076,72.2255],[-119.8027,72.2256],[-119.7954,72.2259]]},"properties":{}}]}